{
    "schema_version": 2,
    "oldId": "-aioiOWiZ1tuy0ALA2g8",
    "name": "Гомункул (Homunculus)",
    "avatar": "https://tentaculus.ru/monsters/img/cute_monsters/HOMUNCULUS.jpg",
    "bio": "",
    "gmnotes": "",
    "defaulttoken": "",
    "tags": "[]",
    "controlledby": "",
    "inplayerjournals": "",
    "attribs": [
        {
            "name": "hitdieroll",
            "current": "4",
            "max": "",
            "id": "-8Yp7ndHBQPd4PurMfQP"
        },
        {
            "name": "showleveler",
            "current": 0,
            "max": "",
            "id": "-jLeoXJk3Dvrm21jjugn"
        },
        {
            "name": "invalidXP",
            "current": 0,
            "max": "",
            "id": "-Yv3PplEpJok3Q9l8BKY"
        },
        {
            "name": "version",
            "current": 4.21,
            "max": "",
            "id": "-xNoCSIwnRoYh2VdG1Ou"
        },
        {
            "name": "mancer_confirm_flag",
            "current": "",
            "max": "",
            "id": "-Ou1WiLyyq5zNzg0pI0g"
        },
        {
            "name": "mancer_npc",
            "current": "on",
            "max": "",
            "id": "-k6C7lrgtO3WgK0w1Lcy"
        },
        {
            "name": "l1mancer_status",
            "current": "completed",
            "max": "",
            "id": "-8qaetYTPLN9DljQeKrH"
        },
        {
            "name": "rtype",
            "current": "@{advantagetoggle}",
            "max": "",
            "id": "-j8MmbpZg0bm77I6EBUN"
        },
        {
            "name": "dtype",
            "current": "full",
            "max": "",
            "id": "-uyfBOs2YzAgzJImyFua"
        },
        {
            "name": "appliedUpdates",
            "current": "upgrade_to_4_2_1",
            "max": "",
            "id": "-YNfL4cMRQr2kmXMH772"
        },
        {
            "name": "npc",
            "current": "1",
            "max": "",
            "id": "-djagNcRpYSuf0Mtmb3l"
        },
        {
            "name": "npc_options-flag",
            "current": "0",
            "max": "",
            "id": "-3ORvhTQp2eR3OatEc4L"
        },
        {
            "name": "ui_flags",
            "current": "",
            "max": "",
            "id": "-NkkrVd8nyfCJUWHLANe"
        },
        {
            "name": "npc_name",
            "current": "Гомункул (Homunculus)",
            "max": "",
            "id": "-BHh9YFYfCOVPNbP2Jcs"
        },
        {
            "name": "npc_type",
            "current": "конструкт нейтральное",
            "max": "",
            "id": "-JyUA4QG8vm3cBTywVYf"
        },
        {
            "name": "npc_speed",
            "current": "4 клетки, полет 8 клеток",
            "max": "",
            "id": "-kR6zMR2KTXCSj5ICEZc"
        },
        {
            "name": "hp",
            "current": "",
            "max": "5",
            "id": "-RmOi6jQYOQHjHs49lin"
        },
        {
            "name": "npc_ac",
            "current": "13 (естественная броня)",
            "max": "",
            "id": "-VzgY40Jao5loD7lxsNE"
        },
        {
            "name": "ac",
            "current": "13 (естественная броня)",
            "max": "",
            "id": "-WZzYDKyGYfadYYpzdz6"
        },
        {
            "name": "npc_languages",
            "current": "понимает все языки известные его создателю, но не может разговаривать",
            "max": "",
            "id": "-qZqAzm2mwlSP4M19daO"
        },
        {
            "name": "npc_challenge",
            "current": "0",
            "max": "",
            "id": "-gBrv4b6sybFZLH6CqLn"
        },
        {
            "name": "passive_wisdom",
            "current": "0",
            "max": "",
            "id": "-e7GKoYVAmeSRMfgITuj"
        },
        {
            "name": "initiative_bonus",
            "current": 2,
            "max": "",
            "id": "-djW2iospoBIhNLY2eqz"
        },
        {
            "name": "npc_hpformula",
            "current": "2d4",
            "max": "",
            "id": "-A5ASOrqCQcPQvYTF1ml"
        },
        {
            "name": "strength_base",
            "current": "4",
            "max": "",
            "id": "-1CI1Rb0Me4ZHph31xmr"
        },
        {
            "name": "strength_flag",
            "current": "0",
            "max": "",
            "id": "-nMbpevdaJBNYF8CwuKT"
        },
        {
            "name": "strength",
            "current": 4,
            "max": "",
            "id": "-PpWZuuLyuNcCpT4hBRE"
        },
        {
            "name": "strength_mod",
            "current": -3,
            "max": "",
            "id": "-qJJM8mCEaM0ILKYiIeM"
        },
        {
            "name": "npc_str_negative",
            "current": 1,
            "max": "",
            "id": "-RT3h6OS0ThEKUPZdTL3"
        },
        {
            "name": "dexterity_base",
            "current": "15",
            "max": "",
            "id": "-WCxelKMmBWkVRo23CIW"
        },
        {
            "name": "dexterity_flag",
            "current": "0",
            "max": "",
            "id": "-TrXy1JMIczYe73rCcKF"
        },
        {
            "name": "dexterity",
            "current": 15,
            "max": "",
            "id": "-wlZ2W7WkRqSRNeYmu0x"
        },
        {
            "name": "dexterity_mod",
            "current": 2,
            "max": "",
            "id": "-IOt4NbCeXFCJN9BlKeI"
        },
        {
            "name": "npc_dex_negative",
            "current": 0,
            "max": "",
            "id": "-a9WigySh2WpsXBNQ8Gg"
        },
        {
            "name": "constitution_base",
            "current": "11",
            "max": "",
            "id": "-Hep9MaeLrQiOdeclzLC"
        },
        {
            "name": "constitution_flag",
            "current": "0",
            "max": "",
            "id": "-Si95WmdHqwnuHGdKxAQ"
        },
        {
            "name": "constitution",
            "current": 11,
            "max": "",
            "id": "-UeFDnnnfyPNEKeluncV"
        },
        {
            "name": "constitution_mod",
            "current": 0,
            "max": "",
            "id": "-6v9JXrxMwa0b8T9ew97"
        },
        {
            "name": "npc_con_negative",
            "current": 0,
            "max": "",
            "id": "-gSCoK1n2iDkNV6R7h83"
        },
        {
            "name": "intelligence_base",
            "current": "10",
            "max": "",
            "id": "-thxGwoY26MhWJXf6474"
        },
        {
            "name": "intelligence_flag",
            "current": "0",
            "max": "",
            "id": "-atIzb2VmKHATsUhhrJf"
        },
        {
            "name": "intelligence",
            "current": 10,
            "max": "",
            "id": "-fhBmDT7gWWdIWxowzUT"
        },
        {
            "name": "intelligence_mod",
            "current": 0,
            "max": "",
            "id": "-4obQPHMrsnwj4RBHrG3"
        },
        {
            "name": "npc_int_negative",
            "current": 0,
            "max": "",
            "id": "-Zv2SzPZWBChicflDT4n"
        },
        {
            "name": "wisdom_base",
            "current": "10",
            "max": "",
            "id": "-kC7usLaBwJpFb4IYOfn"
        },
        {
            "name": "wisdom_flag",
            "current": "0",
            "max": "",
            "id": "-D0nqdOpEYsRNcrwzVvH"
        },
        {
            "name": "wisdom",
            "current": 10,
            "max": "",
            "id": "-rE7C9LUQUsakbw2vjeq"
        },
        {
            "name": "wisdom_mod",
            "current": 0,
            "max": "",
            "id": "-guwfNq9CgBa27Lfy64w"
        },
        {
            "name": "npc_wis_negative",
            "current": 0,
            "max": "",
            "id": "-NdrUPEpqo00DpT1H5HG"
        },
        {
            "name": "charisma_base",
            "current": "7",
            "max": "",
            "id": "-UE7Iv4MI38VBWEt7vJt"
        },
        {
            "name": "charisma_flag",
            "current": "0",
            "max": "",
            "id": "-mAS3LJWAgst93o4JiWD"
        },
        {
            "name": "charisma",
            "current": 7,
            "max": "",
            "id": "-GLZNmrcGCroooF34smk"
        },
        {
            "name": "charisma_mod",
            "current": -2,
            "max": "",
            "id": "-c9dqrdgyrDqMNIgprLm"
        },
        {
            "name": "npc_cha_negative",
            "current": 1,
            "max": "",
            "id": "-7yabdniRlFHQwZcky1Y"
        },
        {
            "name": "npc_immunities",
            "current": "яд",
            "max": "",
            "id": "-P6eclRjC5sxm1z9oy5H"
        },
        {
            "name": "npc_condition_immunities",
            "current": "очарование, отравление",
            "max": "",
            "id": "-YKlGYiL3BMbLI7a7zxv"
        },
        {
            "name": "npc_senses",
            "current": "темнозрение 12 клеток",
            "max": "",
            "id": "-zWMHaenaCwlAPN6x4hv"
        },
        {
            "name": "repeating_npcaction_-9xDi23YqP23Uy9nDXXo_name",
            "current": "Укус",
            "max": "",
            "id": "-F0O6H20KvKhpicnslbg"
        },
        {
            "name": "repeating_npcaction_-9xDi23YqP23Uy9nDXXo_description",
            "current": "Рукопашное Оружие: +4 к атаке, досягаемость: 1 клетка, одно существо. Попадание: 1 колющего урона, и цель должна бросить спасбросок со сложностью 10 по Телосложению или стать отравленным на 1 минуту. Если спасбросок провален на 5 или больше, цель вместо отравления теряет сознание на 5 (1d10) минут.",
            "max": "",
            "id": "-EAu0uL19oKtJsKHv6q8"
        },
        {
            "name": "repeating_npcaction_-9xDi23YqP23Uy9nDXXo_attack_flag",
            "current": "on",
            "max": "",
            "id": "-wzHc2BrbOocFKYDZHW1"
        },
        {
            "name": "repeating_npcaction_-9xDi23YqP23Uy9nDXXo_attack_tohitrange",
            "current": "+4",
            "max": "",
            "id": "-jvSB04BNy7FggB4TOU5"
        },
        {
            "name": "repeating_npcaction_-9xDi23YqP23Uy9nDXXo_attack_onhit",
            "current": "",
            "max": "",
            "id": "-cLtbWGc78jUI2oyMMst"
        },
        {
            "name": "repeating_npcaction_-9xDi23YqP23Uy9nDXXo_attack_tohit",
            "current": "4",
            "max": "",
            "id": "-dzeGGLVMHKKoNQMHlBE"
        },
        {
            "name": "repeating_npcaction_-9xDi23YqP23Uy9nDXXo_attack_damage",
            "current": "1",
            "max": "",
            "id": "-UNQgQFN4N1UVdN3KztX"
        },
        {
            "name": "repeating_npcaction_-9xDi23YqP23Uy9nDXXo_damage_flag",
            "current": "{{damage=1}} {{dmg1flag=1}}",
            "max": "",
            "id": "-Kc18RZ8mQuIomvMYQje"
        },
        {
            "name": "repeating_npcaction_-9xDi23YqP23Uy9nDXXo_rollbase",
            "current": "@{wtype}&{template:npcaction} {{attack=1}} @{damage_flag} @{npc_name_flag} {{rname=@{name}}} {{r1=[[@{d20}+(@{attack_tohit})]]}} @{rtype}+(@{attack_tohit})]]}} {{dmg1=[[@{attack_damage}]]}} {{dmg1type=@{attack_damagetype}}} {{dmg2=[[@{attack_damage2}+0]]}} {{dmg2type=@{attack_damagetype2}}} {{crit1=[[@{attack_crit}+0]]}} {{crit2=[[@{attack_crit2}+0]]}} {{description=@{show_desc}}} @{charname_output}",
            "max": "",
            "id": "-vIs5s6cN1IIoWWmqfFJ"
        },
        {
            "name": "repeating_npcaction_-9xDi23YqP23Uy9nDXXo_attack_crit",
            "current": "1",
            "max": "",
            "id": "-KMMgGjn32JT9e1o0jgy"
        },
        {
            "name": "repeating_npcaction_-9xDi23YqP23Uy9nDXXo_attack_crit2",
            "current": "",
            "max": "",
            "id": "-yCioqn8pCWS4OW7DMTx"
        },
        {
            "name": "repeating_npctrait_-C4iCTq0tf4lbMSXfKnw_name",
            "current": "Телепатическая связь",
            "max": "",
            "id": "-GRTQsBA234IIvJ9L0w4"
        },
        {
            "name": "repeating_npctrait_-C4iCTq0tf4lbMSXfKnw_description",
            "current": "Пока гомункул и его создатель находятся на одном плане, гомункул может магически может магически передавать все свои ощущения хозяину, и они могут телепатически общаться.",
            "max": "",
            "id": "-vzPJstzQtA9OTreo8na"
        },
        {
            "name": "npcspellcastingflag",
            "current": "0",
            "max": "",
            "id": "-xZvO1hJaJNPj2w1X04M"
        }
    ],
    "abilities": []
}