{
    "schema_version": 2,
    "oldId": "-DQFtXMmvsik5JGg00A8",
    "name": "Гигантская ящерица (Giant Lizard)",
    "avatar": "https://tentaculus.ru/monsters/img/cute_monsters/GIANT_LIZARD.jpg",
    "bio": "",
    "gmnotes": "",
    "defaulttoken": "",
    "tags": "[]",
    "controlledby": "",
    "inplayerjournals": "",
    "attribs": [
        {
            "name": "hitdieroll",
            "current": "4",
            "max": "",
            "id": "-5ubLNkrcWBj6ve9SpX2"
        },
        {
            "name": "showleveler",
            "current": 0,
            "max": "",
            "id": "-2SnFqhZDr1LwpsusKZ4"
        },
        {
            "name": "invalidXP",
            "current": 0,
            "max": "",
            "id": "-RDbwvMIcKLQxkQNlrjR"
        },
        {
            "name": "version",
            "current": 4.21,
            "max": "",
            "id": "-BzXwXvEFnWFNBls0GoV"
        },
        {
            "name": "mancer_confirm_flag",
            "current": "",
            "max": "",
            "id": "-rdp89hjw3L3kJ1pt64v"
        },
        {
            "name": "mancer_npc",
            "current": "on",
            "max": "",
            "id": "-NOpBcZ1jxDI7y0eMHwP"
        },
        {
            "name": "l1mancer_status",
            "current": "completed",
            "max": "",
            "id": "-Yzc1xx1pItVYBQmSnl8"
        },
        {
            "name": "rtype",
            "current": "@{advantagetoggle}",
            "max": "",
            "id": "-tSZuAzQDCFUB73lZl6Q"
        },
        {
            "name": "dtype",
            "current": "full",
            "max": "",
            "id": "-YArhO0GCIdy1fVYjcb6"
        },
        {
            "name": "appliedUpdates",
            "current": "upgrade_to_4_2_1",
            "max": "",
            "id": "-oOV7ZeoUtjjxZs6mQVm"
        },
        {
            "name": "npc",
            "current": "1",
            "max": "",
            "id": "-l7Cxo0J6KalSt5sMXus"
        },
        {
            "name": "npc_options-flag",
            "current": "0",
            "max": "",
            "id": "-OkMO012n3D5mJMhPkeO"
        },
        {
            "name": "ui_flags",
            "current": "",
            "max": "",
            "id": "-1IEuUhjb2d5UC9f8KXL"
        },
        {
            "name": "npc_name",
            "current": "Гигантская ящерица (Giant Lizard)",
            "max": "",
            "id": "-f5au7TBrm5Qahf4SPCu"
        },
        {
            "name": "npc_type",
            "current": "зверь без мировоззрения",
            "max": "",
            "id": "-nmpzGUGh6aIHb0xDFDK"
        },
        {
            "name": "npc_speed",
            "current": "6 клеток, лазание 6 клеток",
            "max": "",
            "id": "-a6w28dUxiPUHsL6EETC"
        },
        {
            "name": "hp",
            "current": "",
            "max": "19",
            "id": "-zzimwbTHN11emklun4z"
        },
        {
            "name": "npc_ac",
            "current": "12 (естественная броня)",
            "max": "",
            "id": "-y2XJ9mP2At1o3tPOnp6"
        },
        {
            "name": "ac",
            "current": "12 (естественная броня)",
            "max": "",
            "id": "-kr7VK0lgnPBztNLJbVw"
        },
        {
            "name": "npc_languages",
            "current": "",
            "max": "",
            "id": "-IkCSzEvyqzJq77Krn9R"
        },
        {
            "name": "npc_challenge",
            "current": "1/4",
            "max": "",
            "id": "-oWscL4xRDPzn2WXYNvY"
        },
        {
            "name": "passive_wisdom",
            "current": "1/4",
            "max": "",
            "id": "-mWF40ZAzxRDpwL3pEi4"
        },
        {
            "name": "initiative_bonus",
            "current": 1,
            "max": "",
            "id": "-eUXQhQzGFMePfyBIjJd"
        },
        {
            "name": "npc_hpformula",
            "current": "3d10 + 3",
            "max": "",
            "id": "-LejnQvPjB8LWQcxNZ6D"
        },
        {
            "name": "strength_base",
            "current": "15",
            "max": "",
            "id": "-RD7yWbnlxdFh8jDWdkp"
        },
        {
            "name": "strength_flag",
            "current": "0",
            "max": "",
            "id": "-xFTMRSwH73QS9GP3AIJ"
        },
        {
            "name": "strength",
            "current": 15,
            "max": "",
            "id": "-qM1AAsugrK1WbtBTQ8L"
        },
        {
            "name": "strength_mod",
            "current": 2,
            "max": "",
            "id": "-PXNlKz6cF97iZjfLvJk"
        },
        {
            "name": "npc_str_negative",
            "current": 0,
            "max": "",
            "id": "-jiPZVs2D0JfMNrwATJW"
        },
        {
            "name": "dexterity_base",
            "current": "12",
            "max": "",
            "id": "-Cj5YX6I91a1PI86TflF"
        },
        {
            "name": "dexterity_flag",
            "current": "0",
            "max": "",
            "id": "-Z6O8WdzMvRoV5IUOTjy"
        },
        {
            "name": "dexterity",
            "current": 12,
            "max": "",
            "id": "-tkOd6xCgcxL0FnmfsPe"
        },
        {
            "name": "dexterity_mod",
            "current": 1,
            "max": "",
            "id": "-LkAZ6TgpzJni7NWi4tp"
        },
        {
            "name": "npc_dex_negative",
            "current": 0,
            "max": "",
            "id": "-DnR6kf938MW5a6p7Epo"
        },
        {
            "name": "constitution_base",
            "current": "13",
            "max": "",
            "id": "-8jOu8a66nqHW4KW1XlW"
        },
        {
            "name": "constitution_flag",
            "current": "0",
            "max": "",
            "id": "-oJG5UzhwEj3AX6PsayK"
        },
        {
            "name": "constitution",
            "current": 13,
            "max": "",
            "id": "-Z5ksLGEKH74dt3ny7Jf"
        },
        {
            "name": "constitution_mod",
            "current": 1,
            "max": "",
            "id": "-cUctRPikEA8arEpoidV"
        },
        {
            "name": "npc_con_negative",
            "current": 0,
            "max": "",
            "id": "-b79rtqMS8JtPFslsb36"
        },
        {
            "name": "intelligence_base",
            "current": "2",
            "max": "",
            "id": "-wctm43nZVZf8CUhrBN5"
        },
        {
            "name": "intelligence_flag",
            "current": "0",
            "max": "",
            "id": "-q2FNG7CjDeh5Z9CWg9L"
        },
        {
            "name": "intelligence",
            "current": 2,
            "max": "",
            "id": "-kfMicvuiGdZIDJRVvmY"
        },
        {
            "name": "intelligence_mod",
            "current": -4,
            "max": "",
            "id": "-JWcuJIjxw8U01Z778Na"
        },
        {
            "name": "npc_int_negative",
            "current": 1,
            "max": "",
            "id": "-VZhcPJ6pyJgYjDRRjDZ"
        },
        {
            "name": "wisdom_base",
            "current": "10",
            "max": "",
            "id": "-T9g4ZlOLjj0INyKkXy9"
        },
        {
            "name": "wisdom_flag",
            "current": "0",
            "max": "",
            "id": "-cBVWiHXmKeEclQlpzbd"
        },
        {
            "name": "wisdom",
            "current": 10,
            "max": "",
            "id": "-nIgWKFH8skIQJjHpPXb"
        },
        {
            "name": "wisdom_mod",
            "current": 0,
            "max": "",
            "id": "-pdyds6mD4eWck4eRicI"
        },
        {
            "name": "npc_wis_negative",
            "current": 0,
            "max": "",
            "id": "-QY0AeFw9ugLVQfiTzYN"
        },
        {
            "name": "charisma_base",
            "current": "5",
            "max": "",
            "id": "-CF2us51s7Ud2Ikq3AjN"
        },
        {
            "name": "charisma_flag",
            "current": "0",
            "max": "",
            "id": "-fFsDK0nriaQI1ONfJdB"
        },
        {
            "name": "charisma",
            "current": 5,
            "max": "",
            "id": "-YiPiZp4yCbuQoaBHPmj"
        },
        {
            "name": "charisma_mod",
            "current": -3,
            "max": "",
            "id": "-kKm9bW9B3l5aoGtEgO7"
        },
        {
            "name": "npc_cha_negative",
            "current": 1,
            "max": "",
            "id": "-L1yg3BOyCHXK5GOzbOw"
        },
        {
            "name": "npc_senses",
            "current": "темнозрение 6 клеток",
            "max": "",
            "id": "-ijeuhwyhslMmK7gsY8I"
        },
        {
            "name": "repeating_npcaction_-XStT2bqeYkNLZP1xtM9_name",
            "current": "Укус",
            "max": "",
            "id": "-Ko0oWTbTIKw2TJ5KQ3z"
        },
        {
            "name": "repeating_npcaction_-XStT2bqeYkNLZP1xtM9_description",
            "current": "Рукопашное Оружие: +4 к атаке, досягаемость: 1 клетка, одна цель. Попадание: 6 (1d8 + 2) колющего урона.",
            "max": "",
            "id": "-aK6OwzKYnAsoXFkfDrS"
        },
        {
            "name": "repeating_npcaction_-XStT2bqeYkNLZP1xtM9_attack_flag",
            "current": "on",
            "max": "",
            "id": "-ugpmefpzEy9toWOg2cx"
        },
        {
            "name": "repeating_npcaction_-XStT2bqeYkNLZP1xtM9_attack_tohitrange",
            "current": "+4",
            "max": "",
            "id": "-xxhXWmwWSwbCtr733Jn"
        },
        {
            "name": "repeating_npcaction_-XStT2bqeYkNLZP1xtM9_attack_onhit",
            "current": "",
            "max": "",
            "id": "-xK2Ld49zHgG0cMDD0Bk"
        },
        {
            "name": "repeating_npcaction_-XStT2bqeYkNLZP1xtM9_attack_tohit",
            "current": "4",
            "max": "",
            "id": "-KCZSG5L7ixVFktMjfRc"
        },
        {
            "name": "repeating_npcaction_-XStT2bqeYkNLZP1xtM9_attack_damage",
            "current": "1d8+2",
            "max": "",
            "id": "-53F9j3tEXWkiKgoBrzY"
        },
        {
            "name": "repeating_npcaction_-XStT2bqeYkNLZP1xtM9_damage_flag",
            "current": "{{damage=1}} {{dmg1flag=1}}",
            "max": "",
            "id": "-tMD3b9B6TTkifzIogx9"
        },
        {
            "name": "repeating_npcaction_-XStT2bqeYkNLZP1xtM9_rollbase",
            "current": "@{wtype}&{template:npcaction} {{attack=1}} @{damage_flag} @{npc_name_flag} {{rname=@{name}}} {{r1=[[@{d20}+(@{attack_tohit})]]}} @{rtype}+(@{attack_tohit})]]}} {{dmg1=[[@{attack_damage}]]}} {{dmg1type=@{attack_damagetype}}} {{dmg2=[[@{attack_damage2}+0]]}} {{dmg2type=@{attack_damagetype2}}} {{crit1=[[@{attack_crit}+0]]}} {{crit2=[[@{attack_crit2}+0]]}} {{description=@{show_desc}}} @{charname_output}",
            "max": "",
            "id": "-xG3iwDfZr2W2OamJeg9"
        },
        {
            "name": "repeating_npcaction_-XStT2bqeYkNLZP1xtM9_attack_crit",
            "current": "1d8+2",
            "max": "",
            "id": "-AOQ6EBozJGdXnp7azlX"
        },
        {
            "name": "repeating_npcaction_-XStT2bqeYkNLZP1xtM9_attack_crit2",
            "current": "",
            "max": "",
            "id": "-pjlveRJfJsjcQDur78J"
        },
        {
            "name": "repeating_npctrait_-HGRH9uqrwJnoIqPewAH_name",
            "current": "Опционально: Задержать Дыхание",
            "max": "",
            "id": "-3tL9Vn95OJchLguK2Up"
        },
        {
            "name": "repeating_npctrait_-HGRH9uqrwJnoIqPewAH_description",
            "current": "Ящерица может задержать дыхание на 15 минут. (У ящерицы с таким свойством также есть скорость плавания 6 клеток.)",
            "max": "",
            "id": "-t4k6i7UNx2Adq1a4t7c"
        },
        {
            "name": "repeating_npctrait_-HDD3oEkX6sMI7C23Geu_name",
            "current": "Опционально: Паучье Лазание",
            "max": "",
            "id": "-mb8vAhZMDvp6FdHtsnF"
        },
        {
            "name": "repeating_npctrait_-HDD3oEkX6sMI7C23Geu_description",
            "current": "Ящерица может карабкаться по труднопроходимой местности, в том числе и по потолку, без каких-либо проверок.",
            "max": "",
            "id": "-cAMPAgiOPyuBluwWjKM"
        },
        {
            "name": "npcspellcastingflag",
            "current": "0",
            "max": "",
            "id": "-67T3XFqho4cBECOZZu6"
        }
    ],
    "abilities": []
}