{
    "schema_version": 2,
    "oldId": "-foFbZ2VMJfw72IpcVpY",
    "name": "Гигантский морской конек (Giant Sea Horse)",
    "avatar": "https://tentaculus.ru/monsters/img/cute_monsters/GIANT_SEA_HORSE.jpg",
    "bio": "",
    "gmnotes": "",
    "defaulttoken": "",
    "tags": "[]",
    "controlledby": "",
    "inplayerjournals": "",
    "attribs": [
        {
            "name": "hitdieroll",
            "current": "4",
            "max": "",
            "id": "-bJR47jR8htSZy0QhYuy"
        },
        {
            "name": "showleveler",
            "current": 0,
            "max": "",
            "id": "-aY66HBQu5v3WA4clXrc"
        },
        {
            "name": "invalidXP",
            "current": 0,
            "max": "",
            "id": "-ngrTm7SNoMMkKBu3h4o"
        },
        {
            "name": "version",
            "current": 4.21,
            "max": "",
            "id": "-FcR4e8uM76y0yQThY6x"
        },
        {
            "name": "mancer_confirm_flag",
            "current": "",
            "max": "",
            "id": "-fDRYykMcIgTyI57Pvul"
        },
        {
            "name": "mancer_npc",
            "current": "on",
            "max": "",
            "id": "-jIWrbeRSxx3FT7vXZzx"
        },
        {
            "name": "l1mancer_status",
            "current": "completed",
            "max": "",
            "id": "-Sqf8kM15n8N1PIgBszf"
        },
        {
            "name": "rtype",
            "current": "@{advantagetoggle}",
            "max": "",
            "id": "-lLC4CltKHyd0BdG58E1"
        },
        {
            "name": "dtype",
            "current": "full",
            "max": "",
            "id": "-CWjOrWKauWtTrMMGMtV"
        },
        {
            "name": "appliedUpdates",
            "current": "upgrade_to_4_2_1",
            "max": "",
            "id": "-nhWle5iwukj8D2UFtLj"
        },
        {
            "name": "npc",
            "current": "1",
            "max": "",
            "id": "-5ndvTbaOYBdIP6Rop8n"
        },
        {
            "name": "npc_options-flag",
            "current": "0",
            "max": "",
            "id": "-iOV5ubkJgqoIrdVldSy"
        },
        {
            "name": "ui_flags",
            "current": "",
            "max": "",
            "id": "-j6NKevZWsrUIlfW6NAV"
        },
        {
            "name": "npc_name",
            "current": "Гигантский морской конек (Giant Sea Horse)",
            "max": "",
            "id": "-4vzY09e9g0EeU2CQuUE"
        },
        {
            "name": "npc_type",
            "current": "зверь без мировоззрения",
            "max": "",
            "id": "-AZiPSitFlcOTyhWdvwk"
        },
        {
            "name": "npc_speed",
            "current": "0 клеток, плавая 40 клеток",
            "max": "",
            "id": "-8xVp4qBjg6tVQrH3z7P"
        },
        {
            "name": "hp",
            "current": "",
            "max": "16",
            "id": "-B6dMEDsxXXhLqJbyAok"
        },
        {
            "name": "npc_ac",
            "current": "13 (естественная броня)",
            "max": "",
            "id": "-uSwhqco5eNtoqmLPDTy"
        },
        {
            "name": "ac",
            "current": "13 (естественная броня)",
            "max": "",
            "id": "-vBt8HS9k9zQlgUqS7if"
        },
        {
            "name": "npc_languages",
            "current": "",
            "max": "",
            "id": "-fci93dof7SFnpaVpXgQ"
        },
        {
            "name": "npc_challenge",
            "current": "1/2",
            "max": "",
            "id": "-FVHSuxT7k4P5cDgLFEU"
        },
        {
            "name": "passive_wisdom",
            "current": "1/2",
            "max": "",
            "id": "-PhkRJJeFnT381JGfGKG"
        },
        {
            "name": "initiative_bonus",
            "current": 2,
            "max": "",
            "id": "-SGtbJRDtqu3B2pouoYM"
        },
        {
            "name": "npc_hpformula",
            "current": "3d10",
            "max": "",
            "id": "-iaqpDfCVeZizZZ92NDh"
        },
        {
            "name": "strength_base",
            "current": "12",
            "max": "",
            "id": "-JJzsli9DgZH65qaG46r"
        },
        {
            "name": "strength_flag",
            "current": "0",
            "max": "",
            "id": "-MbeTIBg2jHo2CCwvhUk"
        },
        {
            "name": "strength",
            "current": 12,
            "max": "",
            "id": "-gyr6PlBUyYkuS443QHL"
        },
        {
            "name": "strength_mod",
            "current": 1,
            "max": "",
            "id": "-1IDIIdiDpQ8LlSqvHAd"
        },
        {
            "name": "npc_str_negative",
            "current": 0,
            "max": "",
            "id": "-ulrNiTPHgq9lzyt3ugh"
        },
        {
            "name": "dexterity_base",
            "current": "15",
            "max": "",
            "id": "-tyxC6zq9hFwucC6XYPW"
        },
        {
            "name": "dexterity_flag",
            "current": "0",
            "max": "",
            "id": "-GodlU6LqtctmDCAhJ6A"
        },
        {
            "name": "dexterity",
            "current": 15,
            "max": "",
            "id": "-FxJSkRrmxSArAO3fmig"
        },
        {
            "name": "dexterity_mod",
            "current": 2,
            "max": "",
            "id": "-ngLaSoroKimlUvbVvOJ"
        },
        {
            "name": "npc_dex_negative",
            "current": 0,
            "max": "",
            "id": "-WaGcoBwp8oZFbKXlcXi"
        },
        {
            "name": "constitution_base",
            "current": "11",
            "max": "",
            "id": "-y1OWy7u5ALrMsUaXOep"
        },
        {
            "name": "constitution_flag",
            "current": "0",
            "max": "",
            "id": "-FOsodQK7C8GwTIPwgXP"
        },
        {
            "name": "constitution",
            "current": 11,
            "max": "",
            "id": "-g6Uxe1ZbgMwKvfEUPzb"
        },
        {
            "name": "constitution_mod",
            "current": 0,
            "max": "",
            "id": "-E40nerELXl04mZAEULD"
        },
        {
            "name": "npc_con_negative",
            "current": 0,
            "max": "",
            "id": "-vsHiY00T3taJ9I39TVL"
        },
        {
            "name": "intelligence_base",
            "current": "2",
            "max": "",
            "id": "-QLKQJlUlGy5KfLh095H"
        },
        {
            "name": "intelligence_flag",
            "current": "0",
            "max": "",
            "id": "-bCGqXMOkCqD8QanLq9u"
        },
        {
            "name": "intelligence",
            "current": 2,
            "max": "",
            "id": "-pBe3JCEDHUcSlTxmfRC"
        },
        {
            "name": "intelligence_mod",
            "current": -4,
            "max": "",
            "id": "-5dJIik8aBMPMhInarhz"
        },
        {
            "name": "npc_int_negative",
            "current": 1,
            "max": "",
            "id": "-ohovtlls03chcVFHysC"
        },
        {
            "name": "wisdom_base",
            "current": "12",
            "max": "",
            "id": "-A8F6GWqmXQABG2GcTjE"
        },
        {
            "name": "wisdom_flag",
            "current": "0",
            "max": "",
            "id": "-XIwTkertSbKWYr8GOIn"
        },
        {
            "name": "wisdom",
            "current": 12,
            "max": "",
            "id": "-V4NpuTqrCxfgt883YfG"
        },
        {
            "name": "wisdom_mod",
            "current": 1,
            "max": "",
            "id": "-1cE3cQg6kSKMAlnkl3C"
        },
        {
            "name": "npc_wis_negative",
            "current": 0,
            "max": "",
            "id": "-nFL06v6JThZMgpHMoE3"
        },
        {
            "name": "charisma_base",
            "current": "5",
            "max": "",
            "id": "-UnMtBDCjXdXQEmVWa3v"
        },
        {
            "name": "charisma_flag",
            "current": "0",
            "max": "",
            "id": "-CbJuZRK4ra6Aiiya2Fa"
        },
        {
            "name": "charisma",
            "current": 5,
            "max": "",
            "id": "-rkSy0Z03dqaGV4gsEGF"
        },
        {
            "name": "charisma_mod",
            "current": -3,
            "max": "",
            "id": "-bgaHBT5wNVMf0c3b30r"
        },
        {
            "name": "npc_cha_negative",
            "current": 1,
            "max": "",
            "id": "-UdZjs5d3N1HO9QiPqvd"
        },
        {
            "name": "repeating_npcaction_-nkMXPrqdMicV1wHhgPW_name",
            "current": "Таран",
            "max": "",
            "id": "-u6MGtOL2GGvUBYnIgml"
        },
        {
            "name": "repeating_npcaction_-nkMXPrqdMicV1wHhgPW_description",
            "current": "Рукопашное Оружие: +3 к атаке, досягаемость: 1 клетка, одна цель. Попадание: 4 (1d6 + 1) дробящего урона.",
            "max": "",
            "id": "-pl7fVd16LUz77lmLRD8"
        },
        {
            "name": "repeating_npcaction_-nkMXPrqdMicV1wHhgPW_attack_flag",
            "current": "on",
            "max": "",
            "id": "-Du9XYyhwBiHRR1d2W3n"
        },
        {
            "name": "repeating_npcaction_-nkMXPrqdMicV1wHhgPW_attack_tohitrange",
            "current": "+3",
            "max": "",
            "id": "-r8hJw51miJAkq0JlH96"
        },
        {
            "name": "repeating_npcaction_-nkMXPrqdMicV1wHhgPW_attack_onhit",
            "current": "",
            "max": "",
            "id": "-zEsLQ1RP4Yj3eVQMBkG"
        },
        {
            "name": "repeating_npcaction_-nkMXPrqdMicV1wHhgPW_attack_tohit",
            "current": "3",
            "max": "",
            "id": "-I0jUYxU5gm5Jc5wZn3r"
        },
        {
            "name": "repeating_npcaction_-nkMXPrqdMicV1wHhgPW_attack_damage",
            "current": "1d6+1",
            "max": "",
            "id": "-8inHbABWojUMK4yu8MC"
        },
        {
            "name": "repeating_npcaction_-nkMXPrqdMicV1wHhgPW_damage_flag",
            "current": "{{damage=1}} {{dmg1flag=1}}",
            "max": "",
            "id": "-VU4NTpSBGF21pW9iPqE"
        },
        {
            "name": "repeating_npcaction_-nkMXPrqdMicV1wHhgPW_rollbase",
            "current": "@{wtype}&{template:npcaction} {{attack=1}} @{damage_flag} @{npc_name_flag} {{rname=@{name}}} {{r1=[[@{d20}+(@{attack_tohit})]]}} @{rtype}+(@{attack_tohit})]]}} {{dmg1=[[@{attack_damage}]]}} {{dmg1type=@{attack_damagetype}}} {{dmg2=[[@{attack_damage2}+0]]}} {{dmg2type=@{attack_damagetype2}}} {{crit1=[[@{attack_crit}+0]]}} {{crit2=[[@{attack_crit2}+0]]}} {{description=@{show_desc}}} @{charname_output}",
            "max": "",
            "id": "-pmijl3f87sr3HMtxZ1M"
        },
        {
            "name": "repeating_npcaction_-nkMXPrqdMicV1wHhgPW_attack_crit",
            "current": "1d6+1",
            "max": "",
            "id": "-U6Y1K66mOtbm9jKLIgt"
        },
        {
            "name": "repeating_npcaction_-nkMXPrqdMicV1wHhgPW_attack_crit2",
            "current": "",
            "max": "",
            "id": "-sknqKYNY9wJbjERaKIn"
        },
        {
            "name": "repeating_npctrait_-egNkIJ23AY5hxrCcM2S_name",
            "current": "Рывок",
            "max": "",
            "id": "-J9pv61LhcoQWCsWc1Tc"
        },
        {
            "name": "repeating_npctrait_-egNkIJ23AY5hxrCcM2S_description",
            "current": "Если морской конь передвигается как минимум на 4 клетки в направлении к цели, а затем поражает цель атакой Таран в тот же ход, цель получает дополнительно 7 (2d6) дробящего урона. Если цель - существо, оно должно бросить спасбросок сложностью 11 по Силе или будет сбито с ног.",
            "max": "",
            "id": "-rfcu7EMM0RXCspWzS1J"
        },
        {
            "name": "repeating_npctrait_-0HxhY58CuPKbGYR7MPH_name",
            "current": "Подводное Дыхание",
            "max": "",
            "id": "-RGoyCzZjkPDIp8YV7m6"
        },
        {
            "name": "repeating_npctrait_-0HxhY58CuPKbGYR7MPH_description",
            "current": "Морской конь может дышать только под водой.",
            "max": "",
            "id": "-uRz3OJOSPu4e3NPM7ee"
        },
        {
            "name": "npcspellcastingflag",
            "current": "0",
            "max": "",
            "id": "-hvhbnSWC0a38mnMqDbZ"
        }
    ],
    "abilities": []
}