{
    "schema_version": 2,
    "oldId": "-XtHxgCE74n92oWwMi6Y",
    "name": "Гигантский паук (Giant Spider)",
    "avatar": "https://tentaculus.ru/monsters/img/cute_monsters/GIANT_SPIDER.jpg",
    "bio": "",
    "gmnotes": "",
    "defaulttoken": "",
    "tags": "[]",
    "controlledby": "",
    "inplayerjournals": "",
    "attribs": [
        {
            "name": "hitdieroll",
            "current": "4",
            "max": "",
            "id": "-WRunpve7V073R7oI2Wu"
        },
        {
            "name": "showleveler",
            "current": 0,
            "max": "",
            "id": "-muAvBuW8CSLspFGqb8r"
        },
        {
            "name": "invalidXP",
            "current": 0,
            "max": "",
            "id": "-E3U72XYQHCDmgBJg4TL"
        },
        {
            "name": "version",
            "current": 4.21,
            "max": "",
            "id": "-jxDEfl17sL3zBtwZyWm"
        },
        {
            "name": "mancer_confirm_flag",
            "current": "",
            "max": "",
            "id": "-xTpsjcBkHa2pE7iVb1c"
        },
        {
            "name": "mancer_npc",
            "current": "on",
            "max": "",
            "id": "-JTZSLeroHSp4RqW2i4Y"
        },
        {
            "name": "l1mancer_status",
            "current": "completed",
            "max": "",
            "id": "-NjRmJHuSHydCQe8Lp8V"
        },
        {
            "name": "rtype",
            "current": "@{advantagetoggle}",
            "max": "",
            "id": "-SbP6rA1G9yPOfMDgHYo"
        },
        {
            "name": "dtype",
            "current": "full",
            "max": "",
            "id": "-2IVlb1NLVC0boXr7T9x"
        },
        {
            "name": "appliedUpdates",
            "current": "upgrade_to_4_2_1",
            "max": "",
            "id": "-S6ivGl1MEbVLv7r3e6l"
        },
        {
            "name": "npc",
            "current": "1",
            "max": "",
            "id": "-Vq1JfjiKkZbZszex2Fm"
        },
        {
            "name": "npc_options-flag",
            "current": "0",
            "max": "",
            "id": "-vGORKhYYGKTgkeodaHh"
        },
        {
            "name": "ui_flags",
            "current": "",
            "max": "",
            "id": "-q3y3LfGwAEocQgOfR4r"
        },
        {
            "name": "npc_name",
            "current": "Гигантский паук (Giant Spider)",
            "max": "",
            "id": "-ODQzioqXV26GbGGM5Fc"
        },
        {
            "name": "npc_type",
            "current": "зверь без мировоззрения",
            "max": "",
            "id": "-4xhQRZ7yxPD71dgzg8x"
        },
        {
            "name": "npc_speed",
            "current": "6 клеток, лазание 6 клеток",
            "max": "",
            "id": "-3hXn4Ir1gl8byOZrCSE"
        },
        {
            "name": "hp",
            "current": "",
            "max": "26",
            "id": "-tMFIVHkvvomGk6uJKpY"
        },
        {
            "name": "npc_ac",
            "current": "14 (естественная броня)",
            "max": "",
            "id": "-evqGV2jMGZCnOwaDm1v"
        },
        {
            "name": "ac",
            "current": "14 (естественная броня)",
            "max": "",
            "id": "-vl2JjOUZWSZLRkN7ioj"
        },
        {
            "name": "npc_languages",
            "current": "",
            "max": "",
            "id": "-Wo3rq1wifTRCaYpKPB6"
        },
        {
            "name": "npc_challenge",
            "current": "1",
            "max": "",
            "id": "-sFb57riF7DY44xUWssJ"
        },
        {
            "name": "passive_wisdom",
            "current": "1",
            "max": "",
            "id": "-Xgf2nQzwbjvHgFVqYSw"
        },
        {
            "name": "initiative_bonus",
            "current": 3,
            "max": "",
            "id": "-udGzlc8NFp6Mjn6l7ky"
        },
        {
            "name": "npc_hpformula",
            "current": "4d10 + 4",
            "max": "",
            "id": "-ggzCLnkbQDRm1W81XRk"
        },
        {
            "name": "strength_base",
            "current": "14",
            "max": "",
            "id": "-WQUKxcMlaMoOsKRwpnJ"
        },
        {
            "name": "strength_flag",
            "current": "0",
            "max": "",
            "id": "-R9gQGA7StepZgvrnqgu"
        },
        {
            "name": "strength",
            "current": 14,
            "max": "",
            "id": "-dVp0PthuXxgjDeDAkI6"
        },
        {
            "name": "strength_mod",
            "current": 2,
            "max": "",
            "id": "-WffwaORXrKPGgM099WB"
        },
        {
            "name": "npc_str_negative",
            "current": 0,
            "max": "",
            "id": "-GrIM1YzKR7TTZWvIwCB"
        },
        {
            "name": "dexterity_base",
            "current": "16",
            "max": "",
            "id": "-NUw3qI3uHeHfYZfM1WT"
        },
        {
            "name": "dexterity_flag",
            "current": "0",
            "max": "",
            "id": "-bNY51Ft8KYQQvxZNHHN"
        },
        {
            "name": "dexterity",
            "current": 16,
            "max": "",
            "id": "-aAy0quqxdiqd4Owt7YD"
        },
        {
            "name": "dexterity_mod",
            "current": 3,
            "max": "",
            "id": "-BThPBHM25ENHFOPfUdt"
        },
        {
            "name": "npc_dex_negative",
            "current": 0,
            "max": "",
            "id": "-mYHaR7MfR1Tt0ozs7gB"
        },
        {
            "name": "constitution_base",
            "current": "12",
            "max": "",
            "id": "-FvofgGpepZYZ5TvbkOb"
        },
        {
            "name": "constitution_flag",
            "current": "0",
            "max": "",
            "id": "-OpZpdxBT3AyOwTT5mfk"
        },
        {
            "name": "constitution",
            "current": 12,
            "max": "",
            "id": "-AGqGynuFPozl0F6nQ3d"
        },
        {
            "name": "constitution_mod",
            "current": 1,
            "max": "",
            "id": "-RTezMiaABG6dLXp4WJu"
        },
        {
            "name": "npc_con_negative",
            "current": 0,
            "max": "",
            "id": "-odPu8y056H8QxL00EtC"
        },
        {
            "name": "intelligence_base",
            "current": "2",
            "max": "",
            "id": "-HEjtf2bufLF3Bbc2zYg"
        },
        {
            "name": "intelligence_flag",
            "current": "0",
            "max": "",
            "id": "-GrUSZYy7Ea73JmIIRaV"
        },
        {
            "name": "intelligence",
            "current": 2,
            "max": "",
            "id": "-vFJtkihIpG4o5SYlZKQ"
        },
        {
            "name": "intelligence_mod",
            "current": -4,
            "max": "",
            "id": "-sWLHXwSa2mSvf8Bm3XI"
        },
        {
            "name": "npc_int_negative",
            "current": 1,
            "max": "",
            "id": "-wmiXPi7v6nnXGIv8vcs"
        },
        {
            "name": "wisdom_base",
            "current": "11",
            "max": "",
            "id": "-7qYIK7Lo5sepdCwdXF2"
        },
        {
            "name": "wisdom_flag",
            "current": "0",
            "max": "",
            "id": "-LHcnR1wrw35r9CCgGBV"
        },
        {
            "name": "wisdom",
            "current": 11,
            "max": "",
            "id": "-Hw2KWC8ekvuAIyFTAEv"
        },
        {
            "name": "wisdom_mod",
            "current": 0,
            "max": "",
            "id": "-9ysDTG49cvXiPsuFerF"
        },
        {
            "name": "npc_wis_negative",
            "current": 0,
            "max": "",
            "id": "-cnPBYkAdUvFNAD8eHUj"
        },
        {
            "name": "charisma_base",
            "current": "4",
            "max": "",
            "id": "-sx6KXyWuDqAxklK5t0v"
        },
        {
            "name": "charisma_flag",
            "current": "0",
            "max": "",
            "id": "-96IEFNRhEvUxGKNxcMB"
        },
        {
            "name": "charisma",
            "current": 4,
            "max": "",
            "id": "-GbyljhGMjlKT0xJ9qws"
        },
        {
            "name": "charisma_mod",
            "current": -3,
            "max": "",
            "id": "-O4NAllWn0ZVG5wgYSjS"
        },
        {
            "name": "npc_cha_negative",
            "current": 1,
            "max": "",
            "id": "-mA2NEQkHirmLvbJBT9d"
        },
        {
            "name": "npc_skills_flag",
            "current": 3,
            "max": "",
            "id": "-hmcPHj5wmLivSpP6CWr"
        },
        {
            "name": "npc_stealth_base",
            "current": "7",
            "max": "",
            "id": "-vq0R0TD8oe3ISmvlj09"
        },
        {
            "name": "npc_stealth_flag",
            "current": "1",
            "max": "",
            "id": "-dYgbTfEV6LP9lm6UowP"
        },
        {
            "name": "npc_stealth",
            "current": 7,
            "max": "",
            "id": "-32uYPOhNpsrtpQ5L1WZ"
        },
        {
            "name": "npc_senses",
            "current": "слепозрение 2 клетки, темнозрение 12 клетки",
            "max": "",
            "id": "-AYbabcoh0hCcfhU4Zcf"
        },
        {
            "name": "repeating_npcaction_-rkpQni5rsWWHNaqgZDg_name",
            "current": "Укус",
            "max": "",
            "id": "-4swFU5w66ea7GhyIXPF"
        },
        {
            "name": "repeating_npcaction_-rkpQni5rsWWHNaqgZDg_description",
            "current": "Рукопашное Оружие: +5 к атаке, досягаемость: 1 клетка, одно существо. Попадание: 7 (1d8 + 3) колющего урона. Цель должна бросить спасбросок со сложностью со сложностью 11 по Телосложению. В случае неудачи существо получает 9 (2d8) урона ядом, и половину урона в случае успеха. Если урон ядом опускает очки здоровья цели до 0, цель остается стабилизированной, но она все еще отравлена и парализована, даже если очки здоровья будут восстановлены, длительность эффекта - 1 час.",
            "max": "",
            "id": "-0wtYsaFloQID8zbtGQd"
        },
        {
            "name": "repeating_npcaction_-rkpQni5rsWWHNaqgZDg_attack_flag",
            "current": "on",
            "max": "",
            "id": "-vhTlFFHwWPjDXA6S0xu"
        },
        {
            "name": "repeating_npcaction_-rkpQni5rsWWHNaqgZDg_attack_tohitrange",
            "current": "+5",
            "max": "",
            "id": "-7vt4CMmjHUil6agwzW8"
        },
        {
            "name": "repeating_npcaction_-rkpQni5rsWWHNaqgZDg_attack_onhit",
            "current": "",
            "max": "",
            "id": "-bWW0oHu0LJs1EUB3Gwk"
        },
        {
            "name": "repeating_npcaction_-rkpQni5rsWWHNaqgZDg_attack_tohit",
            "current": "5",
            "max": "",
            "id": "-ntRNmuONzW5SmXa1jc7"
        },
        {
            "name": "repeating_npcaction_-rkpQni5rsWWHNaqgZDg_attack_damage",
            "current": "1d8+3",
            "max": "",
            "id": "-I3hG9KrFe2oiKgVvoSF"
        },
        {
            "name": "repeating_npcaction_-rkpQni5rsWWHNaqgZDg_damage_flag",
            "current": "{{damage=1}} {{dmg1flag=1}}",
            "max": "",
            "id": "-tlQ21UssSWhkFmOoTY1"
        },
        {
            "name": "repeating_npcaction_-rkpQni5rsWWHNaqgZDg_rollbase",
            "current": "@{wtype}&{template:npcaction} {{attack=1}} @{damage_flag} @{npc_name_flag} {{rname=@{name}}} {{r1=[[@{d20}+(@{attack_tohit})]]}} @{rtype}+(@{attack_tohit})]]}} {{dmg1=[[@{attack_damage}]]}} {{dmg1type=@{attack_damagetype}}} {{dmg2=[[@{attack_damage2}+0]]}} {{dmg2type=@{attack_damagetype2}}} {{crit1=[[@{attack_crit}+0]]}} {{crit2=[[@{attack_crit2}+0]]}} {{description=@{show_desc}}} @{charname_output}",
            "max": "",
            "id": "-ZDHQ1Cdzm9DaIM91vhC"
        },
        {
            "name": "repeating_npcaction_-rkpQni5rsWWHNaqgZDg_attack_crit",
            "current": "1d8+3",
            "max": "",
            "id": "-SZIfPkCcOxMv38a6GLv"
        },
        {
            "name": "repeating_npcaction_-rkpQni5rsWWHNaqgZDg_attack_crit2",
            "current": "",
            "max": "",
            "id": "-FHCTgTbt4QihtFuUgpz"
        },
        {
            "name": "repeating_npcaction_-H8zlI8PhADu0Oo5c000_name",
            "current": "Паутина (Перезарядка 5-6)",
            "max": "",
            "id": "-gQbhHv329AzFBgUtPzS"
        },
        {
            "name": "repeating_npcaction_-H8zlI8PhADu0Oo5c000_description",
            "current": "Дальнобойное оружие: +5 к атаке, досягаемость 6/12 клетки, одно существо. Попадание: цель становится удерживаемой паутиной. В качестве основного действия удерживаемая цель может только сделать спасбросок со сложностью 12 по Силе, в случае успеха разрывая паутину. Паутина также может быть уничтожена атакой (КБ 10; ОЗ 5; уязвима к урону огнем; имунна к дробящему, яду, и физическому урону).",
            "max": "",
            "id": "-hJPECNX0Jw4rHzOS3kx"
        },
        {
            "name": "repeating_npcaction_-H8zlI8PhADu0Oo5c000_attack_flag",
            "current": "on",
            "max": "",
            "id": "-l6bKbLaY80AAGkqUMWK"
        },
        {
            "name": "repeating_npcaction_-H8zlI8PhADu0Oo5c000_attack_tohitrange",
            "current": "+5",
            "max": "",
            "id": "-zKzlwReoHTSCfTyMKKX"
        },
        {
            "name": "repeating_npcaction_-H8zlI8PhADu0Oo5c000_attack_onhit",
            "current": "",
            "max": "",
            "id": "-AVvjrvYIjI6IsR6CUVk"
        },
        {
            "name": "repeating_npcaction_-H8zlI8PhADu0Oo5c000_attack_tohit",
            "current": "5",
            "max": "",
            "id": "-8axQHhYJIOPiHMLoaGj"
        },
        {
            "name": "repeating_npcaction_-H8zlI8PhADu0Oo5c000_attack_damage",
            "current": "0",
            "max": "",
            "id": "-7Vnx7xmQcDgGQvOvYVG"
        },
        {
            "name": "repeating_npcaction_-H8zlI8PhADu0Oo5c000_damage_flag",
            "current": "{{damage=1}} {{dmg1flag=1}}",
            "max": "",
            "id": "-PbOB6MjWWI4vwEmg8c5"
        },
        {
            "name": "repeating_npcaction_-H8zlI8PhADu0Oo5c000_rollbase",
            "current": "@{wtype}&{template:npcaction} {{attack=1}} @{damage_flag} @{npc_name_flag} {{rname=@{name}}} {{r1=[[@{d20}+(@{attack_tohit})]]}} @{rtype}+(@{attack_tohit})]]}} {{dmg1=[[@{attack_damage}]]}} {{dmg1type=@{attack_damagetype}}} {{dmg2=[[@{attack_damage2}+0]]}} {{dmg2type=@{attack_damagetype2}}} {{crit1=[[@{attack_crit}+0]]}} {{crit2=[[@{attack_crit2}+0]]}} {{description=@{show_desc}}} @{charname_output}",
            "max": "",
            "id": "-OgM6ILeUvCWWxyhCQSF"
        },
        {
            "name": "repeating_npcaction_-H8zlI8PhADu0Oo5c000_attack_crit",
            "current": "0",
            "max": "",
            "id": "-BTs6wLwsb33HZczP7ww"
        },
        {
            "name": "repeating_npcaction_-H8zlI8PhADu0Oo5c000_attack_crit2",
            "current": "",
            "max": "",
            "id": "-3WPjbbKygrbqEt8YU12"
        },
        {
            "name": "repeating_npctrait_-gIHjJjarn7ANIsvHvVT_name",
            "current": "Паучье Лазание",
            "max": "",
            "id": "-puPT6Lg8RtH452Bp3vD"
        },
        {
            "name": "repeating_npctrait_-gIHjJjarn7ANIsvHvVT_description",
            "current": "Паук может карабкаться по труднопроходимой местности, в том числе и по потолку, без каких-либо проверок.",
            "max": "",
            "id": "-94A4Hd2Rvfq7yfVDYEZ"
        },
        {
            "name": "repeating_npctrait_-R4MdFRq87gYiKJuWhj6_name",
            "current": "Чувство паутины",
            "max": "",
            "id": "-Fu4SHnJC73Z4sGUgcZl"
        },
        {
            "name": "repeating_npctrait_-R4MdFRq87gYiKJuWhj6_description",
            "current": "Если паук соприкасается с паутиной, он всегда может определить точное местоположение другого существа, касающегося той же паутины.",
            "max": "",
            "id": "-NA4JPmEm4viqTlPRlFT"
        },
        {
            "name": "repeating_npctrait_-XwrLn4BivsU9byKf4Sj_name",
            "current": "Хождение по паутине",
            "max": "",
            "id": "-JIEdXjs9WJQfVCnpUMt"
        },
        {
            "name": "repeating_npctrait_-XwrLn4BivsU9byKf4Sj_description",
            "current": "Паук игнорирует ограничения движения по паутине.",
            "max": "",
            "id": "-1TEi9TBSCY9Emq4tMft"
        },
        {
            "name": "npcspellcastingflag",
            "current": "0",
            "max": "",
            "id": "-PKUwoMl9IJityLpysjw"
        }
    ],
    "abilities": []
}