{
    "schema_version": 2,
    "oldId": "-A5EbLdpOynez6f6pKAf",
    "name": "Гитиянки рыцарь (Githyanki Knight)",
    "avatar": "https://tentaculus.ru/monsters/img/cute_monsters/GITHYANKI_KNIGHT.jpg",
    "bio": "",
    "gmnotes": "",
    "defaulttoken": "",
    "tags": "[]",
    "controlledby": "",
    "inplayerjournals": "",
    "attribs": [
        {
            "name": "hitdieroll",
            "current": "4",
            "max": "",
            "id": "-49niV4A7DJctLVdRajg"
        },
        {
            "name": "showleveler",
            "current": 0,
            "max": "",
            "id": "-mi9qc9RNvpGcvmzLkRj"
        },
        {
            "name": "invalidXP",
            "current": 0,
            "max": "",
            "id": "-R5E45czbcbNtm6uItsE"
        },
        {
            "name": "version",
            "current": 4.21,
            "max": "",
            "id": "-AFBi07VS6DufBf56Fom"
        },
        {
            "name": "mancer_confirm_flag",
            "current": "",
            "max": "",
            "id": "-qZ9ifGJeRiOJFhaNK0P"
        },
        {
            "name": "mancer_npc",
            "current": "on",
            "max": "",
            "id": "-JvHUkFyHxMPGhZl2mvl"
        },
        {
            "name": "l1mancer_status",
            "current": "completed",
            "max": "",
            "id": "-uf9rJ35JT3fySLTJyM8"
        },
        {
            "name": "rtype",
            "current": "@{advantagetoggle}",
            "max": "",
            "id": "-U7bE3GOXW238PgqAu1M"
        },
        {
            "name": "dtype",
            "current": "full",
            "max": "",
            "id": "-jLqAEBTeFAVAS2rxHdU"
        },
        {
            "name": "appliedUpdates",
            "current": "upgrade_to_4_2_1",
            "max": "",
            "id": "-A7syugl0KHYrmjyz5KW"
        },
        {
            "name": "npc",
            "current": "1",
            "max": "",
            "id": "-BKUCWu5MqtOwaM3fFtX"
        },
        {
            "name": "npc_options-flag",
            "current": "0",
            "max": "",
            "id": "-8BYFvkmtCsDfoV3lRMf"
        },
        {
            "name": "ui_flags",
            "current": "",
            "max": "",
            "id": "-Z1GsG015VDCadNtOlr9"
        },
        {
            "name": "npc_name",
            "current": "Гитиянки рыцарь (Githyanki Knight)",
            "max": "",
            "id": "-CeH3eVlf4xAkVFrMaIn"
        },
        {
            "name": "npc_type",
            "current": "гуманоид (гит) законно-злое",
            "max": "",
            "id": "-DOurAFwediVCbUaY0oy"
        },
        {
            "name": "npc_speed",
            "current": "6 клеток",
            "max": "",
            "id": "-CxQiS0xFnXaCOSELVYh"
        },
        {
            "name": "hp",
            "current": "",
            "max": "91",
            "id": "-HdzN7C54hCqXXO49rAP"
        },
        {
            "name": "npc_ac",
            "current": "18 (полный доспех)",
            "max": "",
            "id": "-p0Jjk6zmbrBUirnaTY6"
        },
        {
            "name": "ac",
            "current": "18 (полный доспех)",
            "max": "",
            "id": "-JgTseK3xMCyIdoLOsMK"
        },
        {
            "name": "npc_languages",
            "current": "Гитиянский",
            "max": "",
            "id": "-cIcU5yqy8LulA1JD0gY"
        },
        {
            "name": "npc_challenge",
            "current": "8",
            "max": "",
            "id": "-64cIEHadhr0KlriN888"
        },
        {
            "name": "passive_wisdom",
            "current": "8",
            "max": "",
            "id": "-rcHq7Rf7mkntccmnnWu"
        },
        {
            "name": "initiative_bonus",
            "current": 2,
            "max": "",
            "id": "-htYb8DzBnwd8uqAulFN"
        },
        {
            "name": "npc_hpformula",
            "current": "14d8 + 28",
            "max": "",
            "id": "-qAxWm9uTw0RgqfEus53"
        },
        {
            "name": "strength_base",
            "current": "16",
            "max": "",
            "id": "-iKi4yqhQRK961NmE4vp"
        },
        {
            "name": "strength_flag",
            "current": "0",
            "max": "",
            "id": "-Bx2GhyiV1NTUvtTGWx8"
        },
        {
            "name": "strength",
            "current": 16,
            "max": "",
            "id": "-FP1Z4eREZp1Xf84Y7eJ"
        },
        {
            "name": "strength_mod",
            "current": 3,
            "max": "",
            "id": "-3EL2b02ZB44076QU4RP"
        },
        {
            "name": "npc_str_negative",
            "current": 0,
            "max": "",
            "id": "-Asxh2hS45YmSVPb5jnO"
        },
        {
            "name": "dexterity_base",
            "current": "14",
            "max": "",
            "id": "-ERitKa04Unvu704XW5J"
        },
        {
            "name": "dexterity_flag",
            "current": "0",
            "max": "",
            "id": "-P4CBzg6wVnBdM0ytoPz"
        },
        {
            "name": "dexterity",
            "current": 14,
            "max": "",
            "id": "-PfTU5Wc2bULXFyXfVrm"
        },
        {
            "name": "dexterity_mod",
            "current": 2,
            "max": "",
            "id": "-86ilcYd8SejRVJha3Ep"
        },
        {
            "name": "npc_dex_negative",
            "current": 0,
            "max": "",
            "id": "-uGuRt8gPqjbpd6gapcp"
        },
        {
            "name": "constitution_base",
            "current": "15",
            "max": "",
            "id": "-NdnbZFiGxjKXEv09ar5"
        },
        {
            "name": "constitution_flag",
            "current": "0",
            "max": "",
            "id": "-Anw8qWozldTFFrB5oSz"
        },
        {
            "name": "constitution",
            "current": 15,
            "max": "",
            "id": "-jqu4OPPnV5sFhfihXDJ"
        },
        {
            "name": "constitution_mod",
            "current": 2,
            "max": "",
            "id": "-eKcOkoee5yUVNTzmIE5"
        },
        {
            "name": "npc_con_negative",
            "current": 0,
            "max": "",
            "id": "-KzuVBtwfxSxU8HobqU7"
        },
        {
            "name": "intelligence_base",
            "current": "14",
            "max": "",
            "id": "-kcdeZugEMcFXOn3Y31j"
        },
        {
            "name": "intelligence_flag",
            "current": "0",
            "max": "",
            "id": "-dXk3muw7eWF0qmBWQ4y"
        },
        {
            "name": "intelligence",
            "current": 14,
            "max": "",
            "id": "-SnEMN6e9YaVW1zwEU9k"
        },
        {
            "name": "intelligence_mod",
            "current": 2,
            "max": "",
            "id": "-DtnPYZeToJ7nQlRqVqa"
        },
        {
            "name": "npc_int_negative",
            "current": 0,
            "max": "",
            "id": "-visfgG0hjqG78nYMKS3"
        },
        {
            "name": "wisdom_base",
            "current": "14",
            "max": "",
            "id": "-QCWlJq6qeILm9xeMOQV"
        },
        {
            "name": "wisdom_flag",
            "current": "0",
            "max": "",
            "id": "-9356JYEm4Upylkveevj"
        },
        {
            "name": "wisdom",
            "current": 14,
            "max": "",
            "id": "-cb0smCHiUrbSA0YQQuZ"
        },
        {
            "name": "wisdom_mod",
            "current": 2,
            "max": "",
            "id": "-qBnmNFQN2uJWaMp0Jtf"
        },
        {
            "name": "npc_wis_negative",
            "current": 0,
            "max": "",
            "id": "-J36eI2kcONZgaIed8KB"
        },
        {
            "name": "charisma_base",
            "current": "15",
            "max": "",
            "id": "-JL9isgTMUeRtN5ml4pC"
        },
        {
            "name": "charisma_flag",
            "current": "0",
            "max": "",
            "id": "-abYRI12HfRXTGq0aYBn"
        },
        {
            "name": "charisma",
            "current": 15,
            "max": "",
            "id": "-IWYJAANHSePbklVF3w0"
        },
        {
            "name": "charisma_mod",
            "current": 2,
            "max": "",
            "id": "-SRj3701fNUxQjRHLpeS"
        },
        {
            "name": "npc_cha_negative",
            "current": 0,
            "max": "",
            "id": "-tiZ0MyXmdo6EEGhNN7l"
        },
        {
            "name": "npc_saving_flag",
            "current": 7,
            "max": "",
            "id": "-EdQFf0y5yG4rPljcclT"
        },
        {
            "name": "npc_con_save_base",
            "current": "5",
            "max": "",
            "id": "-H6VUydf6bio5UtgJY5S"
        },
        {
            "name": "npc_con_save_flag",
            "current": 1,
            "max": "",
            "id": "-dNf7jLQCuLAO6Ym3pNU"
        },
        {
            "name": "npc_con_save",
            "current": 5,
            "max": "",
            "id": "-6iosxhvZJz9dNEKmL8z"
        },
        {
            "name": "npc_int_save_base",
            "current": "5",
            "max": "",
            "id": "-k6V9zzIKAgMMrtVzHqY"
        },
        {
            "name": "npc_int_save_flag",
            "current": 1,
            "max": "",
            "id": "-jdVlyGApm7KKZjUOP22"
        },
        {
            "name": "npc_int_save",
            "current": 5,
            "max": "",
            "id": "-L660Pd0ucFIWiwephvd"
        },
        {
            "name": "npc_wis_save_base",
            "current": "5",
            "max": "",
            "id": "-sNMOY4tnuKXEice3khv"
        },
        {
            "name": "npc_wis_save_flag",
            "current": 1,
            "max": "",
            "id": "-HH65FBZRejU7Rf6Mv9X"
        },
        {
            "name": "npc_wis_save",
            "current": 5,
            "max": "",
            "id": "-QZi3DxBJ6R4LSFTjGH2"
        },
        {
            "name": "repeating_npcaction_-fXhiUosmtuYzhXP4AtW_name",
            "current": "Мультиатака",
            "max": "",
            "id": "-K7ir9cdFkn0gBw1H3mk"
        },
        {
            "name": "repeating_npcaction_-fXhiUosmtuYzhXP4AtW_description",
            "current": "Гитиянки проводит 2 Серебряным Двуручным мечом.",
            "max": "",
            "id": "-J1VpuNvverEwIP7Et2B"
        },
        {
            "name": "repeating_npcaction_-fXhiUosmtuYzhXP4AtW_attack_tohitrange",
            "current": "+0",
            "max": "",
            "id": "-TsJkjxfUbDjwfhwDS13"
        },
        {
            "name": "repeating_npcaction_-fXhiUosmtuYzhXP4AtW_attack_onhit",
            "current": "",
            "max": "",
            "id": "-32DdPIH7dVP7nVSb6z3"
        },
        {
            "name": "repeating_npcaction_-fXhiUosmtuYzhXP4AtW_damage_flag",
            "current": "",
            "max": "",
            "id": "-DwP1a55gcfOaG7TR9bQ"
        },
        {
            "name": "repeating_npcaction_-fXhiUosmtuYzhXP4AtW_attack_crit",
            "current": "",
            "max": "",
            "id": "-bdMjFx091mhxqJqIste"
        },
        {
            "name": "repeating_npcaction_-fXhiUosmtuYzhXP4AtW_attack_crit2",
            "current": "",
            "max": "",
            "id": "-2Atkeebbxb1NVJX4MVD"
        },
        {
            "name": "repeating_npcaction_-fXhiUosmtuYzhXP4AtW_rollbase",
            "current": "@{wtype}&{template:npcaction} @{npc_name_flag} {{rname=@{name}}} {{description=@{show_desc}}} @{charname_output}",
            "max": "",
            "id": "-ooB6ao8zKpQRFqs1ns3"
        },
        {
            "name": "repeating_npcaction_-CcRJHcZNsU8iP3D3Fe2_name",
            "current": "Серебряный Двуручный меч",
            "max": "",
            "id": "-1uuF8jy7SzuiJjZ9T7A"
        },
        {
            "name": "repeating_npcaction_-CcRJHcZNsU8iP3D3Fe2_description",
            "current": "Рукопашное Оружие: +9 к атаке, досягаемость: 1 клетка, одна цель. Попадание: 13 (2d6 + 6) рубящего урона плюс 10 (3d6) физического урона. Это атака магическим оружием. При критическом попадании по астральному телу (как при заклнинании Астральная Проекция, гитиянки может перерезать серебряную нить связывающую астральное тело с материальным вместо того, чтобы наносить урон.",
            "max": "",
            "id": "-F0zrGqCV7sRwy6slpkc"
        },
        {
            "name": "repeating_npcaction_-CcRJHcZNsU8iP3D3Fe2_attack_flag",
            "current": "on",
            "max": "",
            "id": "-WZxLQZajBTXWWHpZw4U"
        },
        {
            "name": "repeating_npcaction_-CcRJHcZNsU8iP3D3Fe2_attack_tohitrange",
            "current": "+9",
            "max": "",
            "id": "-LfX9YzVz0wJ40wBlFMx"
        },
        {
            "name": "repeating_npcaction_-CcRJHcZNsU8iP3D3Fe2_attack_onhit",
            "current": "",
            "max": "",
            "id": "-kJ2lFmoIjDo2OYu604F"
        },
        {
            "name": "repeating_npcaction_-CcRJHcZNsU8iP3D3Fe2_attack_tohit",
            "current": "9",
            "max": "",
            "id": "-KVatq8X5M0McEw5rRPr"
        },
        {
            "name": "repeating_npcaction_-CcRJHcZNsU8iP3D3Fe2_attack_damage",
            "current": "2d6+6+3d6",
            "max": "",
            "id": "-LOH88d4EJKOtHFbHk3X"
        },
        {
            "name": "repeating_npcaction_-CcRJHcZNsU8iP3D3Fe2_damage_flag",
            "current": "{{damage=1}} {{dmg1flag=1}}",
            "max": "",
            "id": "-yItXQpR5iwgXuqaNY1g"
        },
        {
            "name": "repeating_npcaction_-CcRJHcZNsU8iP3D3Fe2_rollbase",
            "current": "@{wtype}&{template:npcaction} {{attack=1}} @{damage_flag} @{npc_name_flag} {{rname=@{name}}} {{r1=[[@{d20}+(@{attack_tohit})]]}} @{rtype}+(@{attack_tohit})]]}} {{dmg1=[[@{attack_damage}]]}} {{dmg1type=@{attack_damagetype}}} {{dmg2=[[@{attack_damage2}+0]]}} {{dmg2type=@{attack_damagetype2}}} {{crit1=[[@{attack_crit}+0]]}} {{crit2=[[@{attack_crit2}+0]]}} {{description=@{show_desc}}} @{charname_output}",
            "max": "",
            "id": "-9wV5BTQOUYx7tLq2aIf"
        },
        {
            "name": "repeating_npcaction_-CcRJHcZNsU8iP3D3Fe2_attack_crit",
            "current": "2d6+6+3d6",
            "max": "",
            "id": "-QD6gacUWWwqKUEYU2Ar"
        },
        {
            "name": "repeating_npcaction_-CcRJHcZNsU8iP3D3Fe2_attack_crit2",
            "current": "",
            "max": "",
            "id": "-lSuDlovZLCU1Jn4Lj9v"
        },
        {
            "name": "repeating_npctrait_-7gceU6bgbJ1omHrhucp_name",
            "current": "Прирожденный Заклинатель (Psionics)",
            "max": "",
            "id": "-8EOzSF8xGmeLV9oTkyI"
        },
        {
            "name": "repeating_spell-cantrip_-7KzCXnGo3FnbljvnmsH_spellname",
            "current": "ВОЛШЕБНАЯ РУКА",
            "max": "",
            "id": "-BR7rnGzROsZQAEd3NSK"
        },
        {
            "name": "repeating_spell-cantrip_-7KzCXnGo3FnbljvnmsH_spellschool",
            "current": "conjuration",
            "max": "",
            "id": "-VGMNsPOlzSu0ttsSrVB"
        },
        {
            "name": "repeating_spell-cantrip_-7KzCXnGo3FnbljvnmsH_spellcastingtime",
            "current": "1 действие",
            "max": "",
            "id": "-3ZW1hS6RZ4veSV7J7JA"
        },
        {
            "name": "repeating_spell-cantrip_-7KzCXnGo3FnbljvnmsH_spellrange",
            "current": "30 футов",
            "max": "",
            "id": "-56GTL6SJTbtaqABi1Nj"
        },
        {
            "name": "repeating_spell-cantrip_-7KzCXnGo3FnbljvnmsH_spelltarget",
            "current": "",
            "max": "",
            "id": "-tCPWBhk5gX48VsE7sOA"
        },
        {
            "name": "repeating_spell-cantrip_-7KzCXnGo3FnbljvnmsH_spellcomp_materials",
            "current": "",
            "max": "",
            "id": "-c0LkL4d3NtQV6w26Nox"
        },
        {
            "name": "repeating_spell-cantrip_-7KzCXnGo3FnbljvnmsH_spelldescription",
            "current": "Призрачная, летающая рука появляется в указанной вами точке в пределах дальности заклинания. Рука существует до тех пор, пока заклинание не закончится или вы не отзовете ее в качестве действия. Рука также исчезает, если окажется на расстоянии более 30 футов от вас, или вы произнесете это заклинание снова.   В качестве действия вы можете управлять рукой. Вы можете  использовать ее, чтобы воздействовать на объекты, открывать незамкнутые двери или емкости, доставать или класть предмет в открытую емкость, или выливать содержимое из флаконов. Вы можете перемещать руку на расстояние до 30 футов каждый раз, когда вы используете ее.   Рука не может атаковать, активировать магические предметы или поднимать предметы весом более 10 фунтов.",
            "max": "",
            "id": "-RljbcEGfdkvIDt1DItw"
        },
        {
            "name": "repeating_spell-cantrip_-7KzCXnGo3FnbljvnmsH_spellduration",
            "current": "1 минута",
            "max": "",
            "id": "-JZ8hOLNNezQCJ6QATNO"
        },
        {
            "name": "repeating_spell-cantrip_-7KzCXnGo3FnbljvnmsH_spellcomp_v",
            "current": "{{v=1}}",
            "max": "",
            "id": "-oaly3QNAcFREe3otFSs"
        },
        {
            "name": "repeating_spell-cantrip_-7KzCXnGo3FnbljvnmsH_spellcomp_s",
            "current": "{{s=1}}",
            "max": "",
            "id": "-ZmAY52O0Ab98ghc74uL"
        },
        {
            "name": "repeating_spell-cantrip_-7KzCXnGo3FnbljvnmsH_spellcomp_m",
            "current": "0",
            "max": "",
            "id": "-cLDEVBaKgq02wcuPN21"
        },
        {
            "name": "repeating_spell-cantrip_-7KzCXnGo3FnbljvnmsH_spellsource",
            "current": "PHB",
            "max": "",
            "id": "-gFKSclWl5YPhOUEsAZP"
        },
        {
            "name": "repeating_spell-cantrip_-7KzCXnGo3FnbljvnmsH_details-flag",
            "current": "0",
            "max": "",
            "id": "-XrRmmdOecAnHxZilHgw"
        },
        {
            "name": "repeating_spell-cantrip_-7KzCXnGo3FnbljvnmsH_options-flag",
            "current": "0",
            "max": "",
            "id": "-Gw4cBp8SKqPKKH7pAuT"
        },
        {
            "name": "repeating_spell-1_-X09B8xGJi9GzFp7PDjR_spellname",
            "current": "ПРЫЖОК",
            "max": "",
            "id": "-iGjhqm0vrdtw2psgPQU"
        },
        {
            "name": "repeating_spell-1_-X09B8xGJi9GzFp7PDjR_spellschool",
            "current": "transmutation",
            "max": "",
            "id": "-Q6IbhbUqWqZlyBa7MzK"
        },
        {
            "name": "repeating_spell-1_-X09B8xGJi9GzFp7PDjR_spellcastingtime",
            "current": "1 действие",
            "max": "",
            "id": "-OFDP0OVPJQp240g8Zgv"
        },
        {
            "name": "repeating_spell-1_-X09B8xGJi9GzFp7PDjR_spellrange",
            "current": "Касание",
            "max": "",
            "id": "-lsthU3caVDovHr2c8za"
        },
        {
            "name": "repeating_spell-1_-X09B8xGJi9GzFp7PDjR_spelltarget",
            "current": "",
            "max": "",
            "id": "-u4ij9vzGL1TRW1VTrld"
        },
        {
            "name": "repeating_spell-1_-X09B8xGJi9GzFp7PDjR_spellcomp_materials",
            "current": "задняя ножка кузнечика",
            "max": "",
            "id": "-5eXn6wnJHXNwo2cbsS3"
        },
        {
            "name": "repeating_spell-1_-X09B8xGJi9GzFp7PDjR_spelldescription",
            "current": "Вы касаетесь существа. Пока действует заклинание, его дальность прыжка увеличивается втрое.",
            "max": "",
            "id": "-jdfRCILP1phXhgdlCNb"
        },
        {
            "name": "repeating_spell-1_-X09B8xGJi9GzFp7PDjR_spellduration",
            "current": "1 минута",
            "max": "",
            "id": "-dno5qkfhJCNvG1htAQT"
        },
        {
            "name": "repeating_spell-1_-X09B8xGJi9GzFp7PDjR_spellcomp_v",
            "current": "{{v=1}}",
            "max": "",
            "id": "-rEYhuQNzx8yy9uZjsMw"
        },
        {
            "name": "repeating_spell-1_-X09B8xGJi9GzFp7PDjR_spellcomp_s",
            "current": "{{s=1}}",
            "max": "",
            "id": "-6qzepwpIuJgH5cOby8Z"
        },
        {
            "name": "repeating_spell-1_-X09B8xGJi9GzFp7PDjR_spellcomp_m",
            "current": "{{m=1}}",
            "max": "",
            "id": "-mASWI23nfxvTgK3QY6a"
        },
        {
            "name": "repeating_spell-1_-X09B8xGJi9GzFp7PDjR_spellsource",
            "current": "PHB",
            "max": "",
            "id": "-5Wk7M5wUUrdnVnFax3Y"
        },
        {
            "name": "repeating_spell-1_-X09B8xGJi9GzFp7PDjR_details-flag",
            "current": "0",
            "max": "",
            "id": "-47h8zmKsfcsGewOHwLa"
        },
        {
            "name": "repeating_spell-1_-X09B8xGJi9GzFp7PDjR_options-flag",
            "current": "0",
            "max": "",
            "id": "-DxqlHYhKFKVu9dLVCH7"
        },
        {
            "name": "repeating_spell-2_-9NAp5MVatNDzLUAp15H_spellname",
            "current": "ТУМАННЫЙ ШАГ",
            "max": "",
            "id": "-LGPGdpeqNVNbRAtJBPE"
        },
        {
            "name": "repeating_spell-2_-9NAp5MVatNDzLUAp15H_spellschool",
            "current": "conjuration",
            "max": "",
            "id": "-8RNFumhH0TIiWl6mFIU"
        },
        {
            "name": "repeating_spell-2_-9NAp5MVatNDzLUAp15H_spellcastingtime",
            "current": "1 бонусное действие",
            "max": "",
            "id": "-VBqEeo9mPZhgpK0J0x2"
        },
        {
            "name": "repeating_spell-2_-9NAp5MVatNDzLUAp15H_spellrange",
            "current": "Вы",
            "max": "",
            "id": "-9BLfPZyWvlckmYbciVz"
        },
        {
            "name": "repeating_spell-2_-9NAp5MVatNDzLUAp15H_spelltarget",
            "current": "",
            "max": "",
            "id": "-jjaDfAJDxzzVI0rQmR8"
        },
        {
            "name": "repeating_spell-2_-9NAp5MVatNDzLUAp15H_spellcomp_materials",
            "current": "",
            "max": "",
            "id": "-Vaxmj1MMWetZplKwmM3"
        },
        {
            "name": "repeating_spell-2_-9NAp5MVatNDzLUAp15H_spelldescription",
            "current": "Вас на мгновение окружает серебряная дымка, после чего вы перемещаетесь на расстояние до 30 футов в незанятое место, которое можете видеть.",
            "max": "",
            "id": "-5SG6k314HHnM6aaKpV2"
        },
        {
            "name": "repeating_spell-2_-9NAp5MVatNDzLUAp15H_spellduration",
            "current": "мгновенно",
            "max": "",
            "id": "-ORP1Z1VXf2VHhrYpRJ9"
        },
        {
            "name": "repeating_spell-2_-9NAp5MVatNDzLUAp15H_spellcomp_v",
            "current": "{{v=1}}",
            "max": "",
            "id": "-asM4ViFmcGbP50lswSg"
        },
        {
            "name": "repeating_spell-2_-9NAp5MVatNDzLUAp15H_spellcomp_s",
            "current": "0",
            "max": "",
            "id": "-r8NBHT8xAzkkFNF6pwB"
        },
        {
            "name": "repeating_spell-2_-9NAp5MVatNDzLUAp15H_spellcomp_m",
            "current": "0",
            "max": "",
            "id": "-E9z2eDW0k1iG4pTHHEy"
        },
        {
            "name": "repeating_spell-2_-9NAp5MVatNDzLUAp15H_spellsource",
            "current": "PHB",
            "max": "",
            "id": "-Bu1Ej87fgAbRT375MJA"
        },
        {
            "name": "repeating_spell-2_-9NAp5MVatNDzLUAp15H_details-flag",
            "current": "0",
            "max": "",
            "id": "-3a6dLruTpO5jQ9w9uwi"
        },
        {
            "name": "repeating_spell-2_-9NAp5MVatNDzLUAp15H_options-flag",
            "current": "0",
            "max": "",
            "id": "-O8ptvzICkQsuw6APH1m"
        },
        {
            "name": "repeating_spell-3_-CU79XEFllCg9EBSxkEM_spellname",
            "current": "НЕОБНАРУЖИМОСТЬ",
            "max": "",
            "id": "-MuXdSrKu1U2qNU1DhAz"
        },
        {
            "name": "repeating_spell-3_-CU79XEFllCg9EBSxkEM_spellschool",
            "current": "abjuration",
            "max": "",
            "id": "-xYcDShQZ7Cb3Vi7cY1r"
        },
        {
            "name": "repeating_spell-3_-CU79XEFllCg9EBSxkEM_spellcastingtime",
            "current": "1 действие",
            "max": "",
            "id": "-pXuhHRlbODeJCAVhYpf"
        },
        {
            "name": "repeating_spell-3_-CU79XEFllCg9EBSxkEM_spellrange",
            "current": "Касание",
            "max": "",
            "id": "-4Wpm1CcnyGXeJ51Hheu"
        },
        {
            "name": "repeating_spell-3_-CU79XEFllCg9EBSxkEM_spelltarget",
            "current": "",
            "max": "",
            "id": "-HyDPJ0WhwPYoRQyQtJP"
        },
        {
            "name": "repeating_spell-3_-CU79XEFllCg9EBSxkEM_spellcomp_materials",
            "current": "щепотка алмазного порошка стоимостью 25 зм, посыпанная на цель, которая расходуется при произнесении",
            "max": "",
            "id": "-0X1tDpWnZcbudQ6Behk"
        },
        {
            "name": "repeating_spell-3_-CU79XEFllCg9EBSxkEM_spelldescription",
            "current": "Вы касаетесь цели и скрываете её от наблюдения при помощи магии прорицания, пока действует заклинание. Целью может быть согласное существо или объект не больше 10 футов по любой из сторон. Цель нельзя выбрать в качестве цели заклинаний прорицания, а сенсоры, созданные этими заклинаниями, не видят её.",
            "max": "",
            "id": "-UwhTsQXXo8EcSE6nzzQ"
        },
        {
            "name": "repeating_spell-3_-CU79XEFllCg9EBSxkEM_spellduration",
            "current": "8 часов",
            "max": "",
            "id": "-n36sVJJSaESNNaO08PV"
        },
        {
            "name": "repeating_spell-3_-CU79XEFllCg9EBSxkEM_spellcomp_v",
            "current": "{{v=1}}",
            "max": "",
            "id": "-Iyi01sDU0TMgqUYgsME"
        },
        {
            "name": "repeating_spell-3_-CU79XEFllCg9EBSxkEM_spellcomp_s",
            "current": "{{s=1}}",
            "max": "",
            "id": "-qnwugjRma13E6ZwQmR6"
        },
        {
            "name": "repeating_spell-3_-CU79XEFllCg9EBSxkEM_spellcomp_m",
            "current": "0",
            "max": "",
            "id": "-FPJ6Bp8U6jHFEuBQvSU"
        },
        {
            "name": "repeating_spell-3_-CU79XEFllCg9EBSxkEM_spellsource",
            "current": "PHB",
            "max": "",
            "id": "-gRGcNMEr7oDCw0Uo86h"
        },
        {
            "name": "repeating_spell-3_-CU79XEFllCg9EBSxkEM_details-flag",
            "current": "0",
            "max": "",
            "id": "-SAZgiR5tdTyhx0UB4cC"
        },
        {
            "name": "repeating_spell-3_-CU79XEFllCg9EBSxkEM_options-flag",
            "current": "0",
            "max": "",
            "id": "-IL1WQKBGbJxrlfkEvP4"
        },
        {
            "name": "repeating_spell-3_-KQlRzn178toQqpjCoVH_spellname",
            "current": "ЯЗЫКИ",
            "max": "",
            "id": "-v3cJF7XsHy0JUaRqhMz"
        },
        {
            "name": "repeating_spell-3_-KQlRzn178toQqpjCoVH_spellschool",
            "current": "divination",
            "max": "",
            "id": "-0yKgM8VMW1jpe7whB1W"
        },
        {
            "name": "repeating_spell-3_-KQlRzn178toQqpjCoVH_spellcastingtime",
            "current": "1 действие",
            "max": "",
            "id": "-eGEHDShZzRObeF6IuJT"
        },
        {
            "name": "repeating_spell-3_-KQlRzn178toQqpjCoVH_spellrange",
            "current": "Касание",
            "max": "",
            "id": "-gT6O7DP2KYpntgzjoBJ"
        },
        {
            "name": "repeating_spell-3_-KQlRzn178toQqpjCoVH_spelltarget",
            "current": "",
            "max": "",
            "id": "-MP4RVvg8NowY567wnLD"
        },
        {
            "name": "repeating_spell-3_-KQlRzn178toQqpjCoVH_spellcomp_materials",
            "current": "маленькая глиняная модель зиккурата",
            "max": "",
            "id": "-AUV6tcOcx2zYGp901g8"
        },
        {
            "name": "repeating_spell-3_-KQlRzn178toQqpjCoVH_spelldescription",
            "current": "Вы касаетесь существа и даруете ему способность понимать любой разговорный язык, который он слышит. А когда цель говорит, любое существо, которое знает хотя бы один язык и может слышать, понимает её.",
            "max": "",
            "id": "-TKwd8sWCDHRiCbkBqV9"
        },
        {
            "name": "repeating_spell-3_-KQlRzn178toQqpjCoVH_spellduration",
            "current": "1 час",
            "max": "",
            "id": "-hHWsCOdHXNUzTZHW2mE"
        },
        {
            "name": "repeating_spell-3_-KQlRzn178toQqpjCoVH_spellcomp_v",
            "current": "{{v=1}}",
            "max": "",
            "id": "-pYE6k5tRXr3GWSFFlOM"
        },
        {
            "name": "repeating_spell-3_-KQlRzn178toQqpjCoVH_spellcomp_s",
            "current": "0",
            "max": "",
            "id": "-dflvzj6r5xfPoLUTPIA"
        },
        {
            "name": "repeating_spell-3_-KQlRzn178toQqpjCoVH_spellcomp_m",
            "current": "{{m=1}}",
            "max": "",
            "id": "-cWYkgX1H7PqxSdjkyIt"
        },
        {
            "name": "repeating_spell-3_-KQlRzn178toQqpjCoVH_spellsource",
            "current": "PHB",
            "max": "",
            "id": "-IZko9JgVIJWB8c8fQWh"
        },
        {
            "name": "repeating_spell-3_-KQlRzn178toQqpjCoVH_details-flag",
            "current": "0",
            "max": "",
            "id": "-68XPAeBf0e1JU6vxiGS"
        },
        {
            "name": "repeating_spell-3_-KQlRzn178toQqpjCoVH_options-flag",
            "current": "0",
            "max": "",
            "id": "-YCDtCv4KZ5ecAdc1kfT"
        },
        {
            "name": "repeating_spell-7_-g9UUXo1QnoqAOGjA02i_spellname",
            "current": "ПЕРЕМЕЩЕНИЕ МЕЖДУ ПЛАНАМИ",
            "max": "",
            "id": "-lUBu6MK3gP3SP5kruNp"
        },
        {
            "name": "repeating_spell-7_-g9UUXo1QnoqAOGjA02i_spellschool",
            "current": "conjuration",
            "max": "",
            "id": "-cWszyz6AtqXXu8H9jdX"
        },
        {
            "name": "repeating_spell-7_-g9UUXo1QnoqAOGjA02i_spellcastingtime",
            "current": "1 действие",
            "max": "",
            "id": "-0BnNhNStddAPqBdai5O"
        },
        {
            "name": "repeating_spell-7_-g9UUXo1QnoqAOGjA02i_spellrange",
            "current": "Касание",
            "max": "",
            "id": "-A2tAPJX6uGeQeUuSjID"
        },
        {
            "name": "repeating_spell-7_-g9UUXo1QnoqAOGjA02i_spelltarget",
            "current": "",
            "max": "",
            "id": "-OUYdCFb9olsteGmQFgo"
        },
        {
            "name": "repeating_spell-7_-g9UUXo1QnoqAOGjA02i_spellcomp_materials",
            "current": "раздвоеная металлическая палочка стоимостью не менее 250 зм, настроенная на определенный план существования",
            "max": "",
            "id": "-7lG5zUckLs689DCs6Ii"
        },
        {
            "name": "repeating_spell-7_-g9UUXo1QnoqAOGjA02i_spelldescription",
            "current": "Вы и до восьми согласных существ, образовавших круг, взявшись за руки, перемещаются на другой план существования. Вы можете в общих чертах определить место назначения, и вы окажетесь на этом месте или поблизости с ним. Альтернативно, если вы знаете последовательность печатей для круга телепортации на другом плане существования, то можете переместиться к этому кругу. Если круг слишком мал, чтобы уместить всех перемещаемых существ, то они появляются в ближайшем незанятом месте рядом с кругом. Вы также можете использовать это заклинание, чтобы изгнать существо на другой план. Выберете цель, которая находится в пределах вашей досягаемости и совершите заклинательную атаку ближнего боя против нее. При попадании существо должно сделать спасброк по Харизме. В случае провала оно отправляется в случайное место на выбранном вами плане сущестования. Существо, которое было перемещено, должно самостоятельно вернуться на ваш план.",
            "max": "",
            "id": "-sUIgHnO8FtMV8f25Ku5"
        },
        {
            "name": "repeating_spell-7_-g9UUXo1QnoqAOGjA02i_spellduration",
            "current": "мгновенно",
            "max": "",
            "id": "-jYMx10h2pQkPJo5a3Ui"
        },
        {
            "name": "repeating_spell-7_-g9UUXo1QnoqAOGjA02i_spellcomp_v",
            "current": "{{v=1}}",
            "max": "",
            "id": "-F5lTiuiockCQMCX8tms"
        },
        {
            "name": "repeating_spell-7_-g9UUXo1QnoqAOGjA02i_spellcomp_s",
            "current": "{{s=1}}",
            "max": "",
            "id": "-Y0fA79LHOBnkZmsRSTD"
        },
        {
            "name": "repeating_spell-7_-g9UUXo1QnoqAOGjA02i_spellcomp_m",
            "current": "{{m=1}}",
            "max": "",
            "id": "-VCSXSxsfnz0eU1LBqWN"
        },
        {
            "name": "repeating_spell-7_-g9UUXo1QnoqAOGjA02i_spellsource",
            "current": "PHB",
            "max": "",
            "id": "-2pmboPbnmiIvc9FiYT2"
        },
        {
            "name": "repeating_spell-7_-g9UUXo1QnoqAOGjA02i_details-flag",
            "current": "0",
            "max": "",
            "id": "-lDz8KMUnm6su4f5CwE9"
        },
        {
            "name": "repeating_spell-7_-g9UUXo1QnoqAOGjA02i_options-flag",
            "current": "0",
            "max": "",
            "id": "-QIqsFqtbHwIIY68zkiE"
        },
        {
            "name": "repeating_spell-5_-ILlvN3XiKLrSSTKB2T6_spellname",
            "current": "ТЕЛЕКИНЕЗ",
            "max": "",
            "id": "-c2i13HEOAZ32IawwD9y"
        },
        {
            "name": "repeating_spell-5_-ILlvN3XiKLrSSTKB2T6_spellschool",
            "current": "transmutation",
            "max": "",
            "id": "-XOVaq9X84SvTgyVJdUr"
        },
        {
            "name": "repeating_spell-5_-ILlvN3XiKLrSSTKB2T6_spellcastingtime",
            "current": "1 действие",
            "max": "",
            "id": "-yRhWWEkBBdpQdo6jgYR"
        },
        {
            "name": "repeating_spell-5_-ILlvN3XiKLrSSTKB2T6_spellrange",
            "current": "60 футов",
            "max": "",
            "id": "-tul9Ukjn0tTNBFzMA5g"
        },
        {
            "name": "repeating_spell-5_-ILlvN3XiKLrSSTKB2T6_spelltarget",
            "current": "",
            "max": "",
            "id": "-RBY6K6rWLv7z9kcGpXZ"
        },
        {
            "name": "repeating_spell-5_-ILlvN3XiKLrSSTKB2T6_spellcomp_materials",
            "current": "",
            "max": "",
            "id": "-2GUGn7AvBPnPE4Qu08y"
        },
        {
            "name": "repeating_spell-5_-ILlvN3XiKLrSSTKB2T6_spelldescription",
            "current": "Вы получаете способность передвигать объекты и существ или манипулировать ими. Когда вы произносите заклинание и в качестве действия каждый последующий ход, пока действует заклинание, вы можете оказать воздействие на одно существо или объект.<br>Существо. Вы можете передвинуть существо Большого или меньшего размера. Сделайте проверку заклинательного параметра против проверки Силы существа. Если вы победили в противостоянии, то передвиньте существо на расстояние до 30 футов в любом направлении, включая верх.<br>Объект. Вы можете передвинуть объект весом не более 1000 фунтов. Если объект не одет и не находится в руках существа, вы автоматически можете передвинуть его на расстояние до 30 футов. Если объект одет или находится в руках существа, вы должны сделать проверку вашего заклинательного параметра против проверки Силы существа. При победе вы отнимаете объект у существа и можете передвинуть его на расстояние до 30 футов. Телекинетический захват позволяет совершать точные действия.",
            "max": "",
            "id": "-tnu1yVMLqT8Wjvg0TJ1"
        },
        {
            "name": "repeating_spell-5_-ILlvN3XiKLrSSTKB2T6_spellduration",
            "current": "конц-я, до 10 мин",
            "max": "",
            "id": "-yBMaaOYSPEwDbsdy0Pp"
        },
        {
            "name": "repeating_spell-5_-ILlvN3XiKLrSSTKB2T6_spellcomp_v",
            "current": "{{v=1}}",
            "max": "",
            "id": "-9lRHgSzgqBYXuqMpGwX"
        },
        {
            "name": "repeating_spell-5_-ILlvN3XiKLrSSTKB2T6_spellcomp_s",
            "current": "{{s=1}}",
            "max": "",
            "id": "-OraVdbqCvvJz3sHxIiD"
        },
        {
            "name": "repeating_spell-5_-ILlvN3XiKLrSSTKB2T6_spellcomp_m",
            "current": "0",
            "max": "",
            "id": "-pyZQlWhQOiEsIMCVBxB"
        },
        {
            "name": "repeating_spell-5_-ILlvN3XiKLrSSTKB2T6_spellsource",
            "current": "PHB",
            "max": "",
            "id": "-oaigS2uRy64o6VgR5kM"
        },
        {
            "name": "repeating_spell-5_-ILlvN3XiKLrSSTKB2T6_details-flag",
            "current": "0",
            "max": "",
            "id": "-lfQVn3IIGsQZ8pkLEvl"
        },
        {
            "name": "repeating_spell-5_-ILlvN3XiKLrSSTKB2T6_options-flag",
            "current": "0",
            "max": "",
            "id": "-7r2Cd2SxlvQuIl9RnNF"
        },
        {
            "name": "repeating_npctrait_-7gceU6bgbJ1omHrhucp_description",
            "current": "Врожденная характеристика для заклнинаний - Интеллект (сложность спасброска 13, +5 к атаке заклинаниями). Он может врожденно колдовать следующие заклинания, компоненты не требуются: \n\nПо желанию:\n mage_hand волшебная рука [mage hand]: \n\n\n3 раза в день каждое:\n jump прыжок [jump]: \n,\n misty_step туманный шаг [misty step]: \n,\n nondetection необнаружимость [nondetection]: \n (только на себя),\n tongues языки [tongues]: \n\n\n1 раз в день каждое:\n plane_shift перемещение между планами [plane shift]: \n,\n telekinesis телекинез [telekinesis]: \n\n\n",
            "max": "",
            "id": "-LuAXN9RtnYC0NKwcFXc"
        },
        {
            "name": "npcspellcastingflag",
            "current": "1",
            "max": "",
            "id": "-yoNyDjxks20RGyckBjx"
        }
    ],
    "abilities": []
}