{
    "schema_version": 2,
    "oldId": "-jYDZ1bv6xoGi9uiPNjw",
    "name": "Гигантская многоножка (Giant Centipede)",
    "avatar": "https://tentaculus.ru/monsters/img/cute_monsters/GIANT_CENTIPEDE.jpg",
    "bio": "",
    "gmnotes": "",
    "defaulttoken": "",
    "tags": "[]",
    "controlledby": "",
    "inplayerjournals": "",
    "attribs": [
        {
            "name": "hitdieroll",
            "current": "4",
            "max": "",
            "id": "-4LBsbaK6gySXj4aht6W"
        },
        {
            "name": "showleveler",
            "current": 0,
            "max": "",
            "id": "-VJm1bLn6iBq3FRTPTwK"
        },
        {
            "name": "invalidXP",
            "current": 0,
            "max": "",
            "id": "-foENwnoD3TxwT8QCVJ0"
        },
        {
            "name": "version",
            "current": 4.21,
            "max": "",
            "id": "-daT3GS21sKiwXR9Z0ad"
        },
        {
            "name": "mancer_confirm_flag",
            "current": "",
            "max": "",
            "id": "-czr27zyyzBynjOHPiBQ"
        },
        {
            "name": "mancer_npc",
            "current": "on",
            "max": "",
            "id": "-glfL7I4muSICN6MEAWT"
        },
        {
            "name": "l1mancer_status",
            "current": "completed",
            "max": "",
            "id": "-K4mOKiOtUf3kv2xRw34"
        },
        {
            "name": "rtype",
            "current": "@{advantagetoggle}",
            "max": "",
            "id": "-Xit2ss3FiZgI0FQ0OyV"
        },
        {
            "name": "dtype",
            "current": "full",
            "max": "",
            "id": "-mMbJ1fonnwFrJXqCzEk"
        },
        {
            "name": "appliedUpdates",
            "current": "upgrade_to_4_2_1",
            "max": "",
            "id": "-jhTnObke5RdhjG3o2gG"
        },
        {
            "name": "npc",
            "current": "1",
            "max": "",
            "id": "-UzsXdJ0l6nscVl71XaR"
        },
        {
            "name": "npc_options-flag",
            "current": "0",
            "max": "",
            "id": "-FtysYP8Y0L5UECGIt8h"
        },
        {
            "name": "ui_flags",
            "current": "",
            "max": "",
            "id": "-IaLaMuuBFtYZZASO9Rb"
        },
        {
            "name": "npc_name",
            "current": "Гигантская многоножка (Giant Centipede)",
            "max": "",
            "id": "-SMRze8kZ5ODp0l6IQRe"
        },
        {
            "name": "npc_type",
            "current": "зверь без мировоззрения",
            "max": "",
            "id": "-hADlcgeV3SY2GzUFJPF"
        },
        {
            "name": "npc_speed",
            "current": "6 клеток, лазание 6 клеток",
            "max": "",
            "id": "-b4Ds8o7IXAblpXtLq4v"
        },
        {
            "name": "hp",
            "current": "",
            "max": "4",
            "id": "-gb8hRjD37pv1EMyLl72"
        },
        {
            "name": "npc_ac",
            "current": "13 (естественная броня)",
            "max": "",
            "id": "-X4FDLLFdC3nQojPMdwi"
        },
        {
            "name": "ac",
            "current": "13 (естественная броня)",
            "max": "",
            "id": "-lVEyaARWM1X3hCStcMt"
        },
        {
            "name": "npc_languages",
            "current": "",
            "max": "",
            "id": "-vISXHequVWcm1Fr8H3w"
        },
        {
            "name": "npc_challenge",
            "current": "1/4",
            "max": "",
            "id": "-iQdbkJsCcXuV0iyyLA3"
        },
        {
            "name": "passive_wisdom",
            "current": "1/4",
            "max": "",
            "id": "-46TtUqcES460zsEpQcV"
        },
        {
            "name": "initiative_bonus",
            "current": 2,
            "max": "",
            "id": "-0fZnuNp3FUIxwi9F47d"
        },
        {
            "name": "npc_hpformula",
            "current": "1d6 + 1",
            "max": "",
            "id": "-ZwSeExW1jXr87zIuxIo"
        },
        {
            "name": "strength_base",
            "current": "5",
            "max": "",
            "id": "-4cHhoeesCI5nj4ZP8dP"
        },
        {
            "name": "strength_flag",
            "current": "0",
            "max": "",
            "id": "-GY2jyn600w5FdrIFj89"
        },
        {
            "name": "strength",
            "current": 5,
            "max": "",
            "id": "-ocfdGVRGtozLU6wJv6o"
        },
        {
            "name": "strength_mod",
            "current": -3,
            "max": "",
            "id": "-jsSx0Y2l9nFTdG4e7WZ"
        },
        {
            "name": "npc_str_negative",
            "current": 1,
            "max": "",
            "id": "-8pbxTXaO3zuMw8YHzHa"
        },
        {
            "name": "dexterity_base",
            "current": "14",
            "max": "",
            "id": "-PdeEXKsjbHJ4JCmvI9F"
        },
        {
            "name": "dexterity_flag",
            "current": "0",
            "max": "",
            "id": "-WZKBMVrqZ9eZayfN0EQ"
        },
        {
            "name": "dexterity",
            "current": 14,
            "max": "",
            "id": "-dK821fEter8HExaR2H8"
        },
        {
            "name": "dexterity_mod",
            "current": 2,
            "max": "",
            "id": "-SDd809oAdL5p4oZDscq"
        },
        {
            "name": "npc_dex_negative",
            "current": 0,
            "max": "",
            "id": "-VcVAdIkeHhDEGpxvnhD"
        },
        {
            "name": "constitution_base",
            "current": "12",
            "max": "",
            "id": "-HZL07HQloZbOHbBBETF"
        },
        {
            "name": "constitution_flag",
            "current": "0",
            "max": "",
            "id": "-nQSGlwKGBoQMw7MqLSe"
        },
        {
            "name": "constitution",
            "current": 12,
            "max": "",
            "id": "-3Oc3eqUnGaQ2EDlxoLS"
        },
        {
            "name": "constitution_mod",
            "current": 1,
            "max": "",
            "id": "-sIcO1JZfB7EHPUFMiYH"
        },
        {
            "name": "npc_con_negative",
            "current": 0,
            "max": "",
            "id": "-5IMYq4eIv717qQHmKtV"
        },
        {
            "name": "intelligence_base",
            "current": "1",
            "max": "",
            "id": "-RKACzUv2NqF0fUY5Cp9"
        },
        {
            "name": "intelligence_flag",
            "current": "0",
            "max": "",
            "id": "-fI8qeBadWq82zEud6xs"
        },
        {
            "name": "intelligence",
            "current": 1,
            "max": "",
            "id": "-OQMa7lWkDqNWrsV227D"
        },
        {
            "name": "intelligence_mod",
            "current": -5,
            "max": "",
            "id": "-7IMDR0RS4n9zt3i6FXl"
        },
        {
            "name": "npc_int_negative",
            "current": 1,
            "max": "",
            "id": "-g2gvzoKYystVCyqf0Sf"
        },
        {
            "name": "wisdom_base",
            "current": "7",
            "max": "",
            "id": "-kzASA8cFXJqSO9zyqWr"
        },
        {
            "name": "wisdom_flag",
            "current": "0",
            "max": "",
            "id": "-5liBbEWX1Tk2pCDhK3R"
        },
        {
            "name": "wisdom",
            "current": 7,
            "max": "",
            "id": "-ZWzsePXtvqI1oEk1fUu"
        },
        {
            "name": "wisdom_mod",
            "current": -2,
            "max": "",
            "id": "-Xkd0K97A0gviyR1h54v"
        },
        {
            "name": "npc_wis_negative",
            "current": 1,
            "max": "",
            "id": "-Zy4zYZEoqm7E6LSVuaE"
        },
        {
            "name": "charisma_base",
            "current": "3",
            "max": "",
            "id": "-2i3thTUC0LL823Dy9cd"
        },
        {
            "name": "charisma_flag",
            "current": "0",
            "max": "",
            "id": "-N9zuQ3IzHxaKJqnpEbs"
        },
        {
            "name": "charisma",
            "current": 3,
            "max": "",
            "id": "-X7ixey26wqEIvjLDYPE"
        },
        {
            "name": "charisma_mod",
            "current": -4,
            "max": "",
            "id": "-P5cCME8m7ONUOPMDmbL"
        },
        {
            "name": "npc_cha_negative",
            "current": 1,
            "max": "",
            "id": "-2FZshNheFHn5Gk1EyYp"
        },
        {
            "name": "npc_senses",
            "current": "слепозрение 6 клеток",
            "max": "",
            "id": "-dAGXh1jLTD6hvMUEMR9"
        },
        {
            "name": "repeating_npcaction_-E3A1FtPhzBLXCkp04vt_name",
            "current": "Укус",
            "max": "",
            "id": "-Qe3Xto3Ko90jRfR92F5"
        },
        {
            "name": "repeating_npcaction_-E3A1FtPhzBLXCkp04vt_description",
            "current": "Укус. Рукопашное Оружие: +4 к атаке, досягаемость: 1 клетка, одно существо. Попадание: 4 (1d4 + 2) колющего урона, и цель должна бросить спасбросок со сложностью 11 по Телосложению. В случае неудачи существо получает 10 (3d6) урона ядом. Если урон ядом опускает очки здоровья цели до 0, цель остается стабилизированной, но она все еще отравлена и парализована, даже если очки здоровья будут восстановлены, длительность эффекта - 1 час.",
            "max": "",
            "id": "-O9QSYWN56C3sqZSCixW"
        },
        {
            "name": "repeating_npcaction_-E3A1FtPhzBLXCkp04vt_attack_flag",
            "current": "on",
            "max": "",
            "id": "-5SzckrfivchhwinmNov"
        },
        {
            "name": "repeating_npcaction_-E3A1FtPhzBLXCkp04vt_attack_tohitrange",
            "current": "+4",
            "max": "",
            "id": "-vQrQphKxfAGHDGuUrWq"
        },
        {
            "name": "repeating_npcaction_-E3A1FtPhzBLXCkp04vt_attack_onhit",
            "current": "",
            "max": "",
            "id": "-ccetV6lSiY7aLeGifDU"
        },
        {
            "name": "repeating_npcaction_-E3A1FtPhzBLXCkp04vt_attack_tohit",
            "current": "4",
            "max": "",
            "id": "-VZooK7gldQRTyn1POFn"
        },
        {
            "name": "repeating_npcaction_-E3A1FtPhzBLXCkp04vt_attack_damage",
            "current": "1d4+2",
            "max": "",
            "id": "-cA5L2VrPqQVyikchWy4"
        },
        {
            "name": "repeating_npcaction_-E3A1FtPhzBLXCkp04vt_damage_flag",
            "current": "{{damage=1}} {{dmg1flag=1}}",
            "max": "",
            "id": "-SPjdpIRJVh1wppFe7Hl"
        },
        {
            "name": "repeating_npcaction_-E3A1FtPhzBLXCkp04vt_rollbase",
            "current": "@{wtype}&{template:npcaction} {{attack=1}} @{damage_flag} @{npc_name_flag} {{rname=@{name}}} {{r1=[[@{d20}+(@{attack_tohit})]]}} @{rtype}+(@{attack_tohit})]]}} {{dmg1=[[@{attack_damage}]]}} {{dmg1type=@{attack_damagetype}}} {{dmg2=[[@{attack_damage2}+0]]}} {{dmg2type=@{attack_damagetype2}}} {{crit1=[[@{attack_crit}+0]]}} {{crit2=[[@{attack_crit2}+0]]}} {{description=@{show_desc}}} @{charname_output}",
            "max": "",
            "id": "-6UxYqOkY85MPXUxmN5W"
        },
        {
            "name": "repeating_npcaction_-E3A1FtPhzBLXCkp04vt_attack_crit",
            "current": "1d4+2",
            "max": "",
            "id": "-XStlgdGwjF86nCtc2LC"
        },
        {
            "name": "repeating_npcaction_-E3A1FtPhzBLXCkp04vt_attack_crit2",
            "current": "",
            "max": "",
            "id": "-34XS6Gt6qzAyYdawMRs"
        }
    ],
    "abilities": []
}