{
    "schema_version": 2,
    "oldId": "-3DSEYo3w84B928O64Bz",
    "name": "Гигантская муха (Giant Fly)",
    "avatar": "https://tentaculus.ru/monsters/img/cute_monsters/GIANT_FLY.jpg",
    "bio": "",
    "gmnotes": "",
    "defaulttoken": "",
    "tags": "[]",
    "controlledby": "",
    "inplayerjournals": "",
    "attribs": [
        {
            "name": "hitdieroll",
            "current": "4",
            "max": "",
            "id": "-3nRkdUIlAYZYdVnj2kX"
        },
        {
            "name": "showleveler",
            "current": 0,
            "max": "",
            "id": "-4Sr31TA2Ztfsjicht8Z"
        },
        {
            "name": "invalidXP",
            "current": 0,
            "max": "",
            "id": "-IK6CzcWuO4zEyCjBrAz"
        },
        {
            "name": "version",
            "current": 4.21,
            "max": "",
            "id": "-pqwdG4a9VuOEplYgSA8"
        },
        {
            "name": "mancer_confirm_flag",
            "current": "",
            "max": "",
            "id": "-92fVVxfoBt6hPYb1knZ"
        },
        {
            "name": "mancer_npc",
            "current": "on",
            "max": "",
            "id": "-xlCtoqkIfgrAYMC1Efw"
        },
        {
            "name": "l1mancer_status",
            "current": "completed",
            "max": "",
            "id": "-VhoOaoa7QWgZCFC0gON"
        },
        {
            "name": "rtype",
            "current": "@{advantagetoggle}",
            "max": "",
            "id": "-JS12XFkrK9AMxBKPgo1"
        },
        {
            "name": "dtype",
            "current": "full",
            "max": "",
            "id": "-pWv8D1xTN7OWQExOH53"
        },
        {
            "name": "appliedUpdates",
            "current": "upgrade_to_4_2_1",
            "max": "",
            "id": "-JlWqz5yDgxi7AxqSh06"
        },
        {
            "name": "npc",
            "current": "1",
            "max": "",
            "id": "-vUlRr6vXBYZ6bjyNMYj"
        },
        {
            "name": "npc_options-flag",
            "current": "0",
            "max": "",
            "id": "-j2TEMEfqx2g0DYz7qxe"
        },
        {
            "name": "ui_flags",
            "current": "",
            "max": "",
            "id": "-nrdIV5coecA9ELwHGsa"
        },
        {
            "name": "npc_name",
            "current": "Гигантская муха (Giant Fly)",
            "max": "",
            "id": "-2EYuNdPciFQSQuTU1Iw"
        },
        {
            "name": "npc_type",
            "current": "зверь без мировоззрения",
            "max": "",
            "id": "-zJaEoz7vWldvDBm6dhh"
        },
        {
            "name": "npc_speed",
            "current": "6 клеток, полет 12 клетки",
            "max": "",
            "id": "-s24IcNNZDuoPiIqb94Z"
        },
        {
            "name": "hp",
            "current": "",
            "max": "19",
            "id": "-c7vXwLhVCU1hqDOraLg"
        },
        {
            "name": "npc_ac",
            "current": "11",
            "max": "",
            "id": "-TnoDT7wPI3jmRIBo4lM"
        },
        {
            "name": "ac",
            "current": "11",
            "max": "",
            "id": "-T1j56BCoDDr959kkdfV"
        },
        {
            "name": "npc_languages",
            "current": "",
            "max": "",
            "id": "-O8xOqVgubObYpaNdWh5"
        },
        {
            "name": "npc_challenge",
            "current": "0",
            "max": "",
            "id": "-w36Bc3VsLyqhVB6U1P1"
        },
        {
            "name": "passive_wisdom",
            "current": "0",
            "max": "",
            "id": "-ms1MG5lgjfkvciOStlL"
        },
        {
            "name": "initiative_bonus",
            "current": 1,
            "max": "",
            "id": "-3gcWtU0KrMuVWSD6BOO"
        },
        {
            "name": "npc_hpformula",
            "current": "3d10 + 3",
            "max": "",
            "id": "-NaC84OCni0vIMSbHxbk"
        },
        {
            "name": "strength_base",
            "current": "14",
            "max": "",
            "id": "-FTAtCmkU8i4wTWocH05"
        },
        {
            "name": "strength_flag",
            "current": "0",
            "max": "",
            "id": "-VxHLluLrI0hW0CxUSh0"
        },
        {
            "name": "strength",
            "current": 14,
            "max": "",
            "id": "-xYm2VD8Hu4NoEXm9SZn"
        },
        {
            "name": "strength_mod",
            "current": 2,
            "max": "",
            "id": "-cVAnIumuKmIOM6cnysB"
        },
        {
            "name": "npc_str_negative",
            "current": 0,
            "max": "",
            "id": "-hvymFDOPRGWHvQKdP0S"
        },
        {
            "name": "dexterity_base",
            "current": "13",
            "max": "",
            "id": "-AldHbkZP3rZlDBHDRwg"
        },
        {
            "name": "dexterity_flag",
            "current": "0",
            "max": "",
            "id": "-XM3GYj189hby995uFJX"
        },
        {
            "name": "dexterity",
            "current": 13,
            "max": "",
            "id": "-z7vXNs5DN6HigKTvL6c"
        },
        {
            "name": "dexterity_mod",
            "current": 1,
            "max": "",
            "id": "-6ZZO1mtzBaB5mK00Yl6"
        },
        {
            "name": "npc_dex_negative",
            "current": 0,
            "max": "",
            "id": "-cs9i5fbk2VshR5g7g0i"
        },
        {
            "name": "constitution_base",
            "current": "13",
            "max": "",
            "id": "-Eo0bXUaSlGx0dESr1xJ"
        },
        {
            "name": "constitution_flag",
            "current": "0",
            "max": "",
            "id": "-cRBcA7RPbePFBuWPyQU"
        },
        {
            "name": "constitution",
            "current": 13,
            "max": "",
            "id": "-TtILQEEgoazejHPBU6i"
        },
        {
            "name": "constitution_mod",
            "current": 1,
            "max": "",
            "id": "-lPbfwB8p1PFYqlCYodn"
        },
        {
            "name": "npc_con_negative",
            "current": 0,
            "max": "",
            "id": "-2sJNw3ss6cuTuXnboFX"
        },
        {
            "name": "intelligence_base",
            "current": "2",
            "max": "",
            "id": "-xwTHeS0TrZEeCDquh5T"
        },
        {
            "name": "intelligence_flag",
            "current": "0",
            "max": "",
            "id": "-PqxYXlV1Ykrshee3Agy"
        },
        {
            "name": "intelligence",
            "current": 2,
            "max": "",
            "id": "-yac1uBbhBmgQSSFrE92"
        },
        {
            "name": "intelligence_mod",
            "current": -4,
            "max": "",
            "id": "-OMJMmdSCdCiOY40TDPk"
        },
        {
            "name": "npc_int_negative",
            "current": 1,
            "max": "",
            "id": "-ItiEuywSkLqPjMzbqlz"
        },
        {
            "name": "wisdom_base",
            "current": "10",
            "max": "",
            "id": "-dRoNIiP537ZmWkiXz7C"
        },
        {
            "name": "wisdom_flag",
            "current": "0",
            "max": "",
            "id": "-P7QGcBW9B4XCKLAROve"
        },
        {
            "name": "wisdom",
            "current": 10,
            "max": "",
            "id": "-CCMUiHkBgo3wdBa0aGq"
        },
        {
            "name": "wisdom_mod",
            "current": 0,
            "max": "",
            "id": "-yNUPri2Oa5cP0fLSfDE"
        },
        {
            "name": "npc_wis_negative",
            "current": 0,
            "max": "",
            "id": "-SxUPVtHCPFFf12d9M5H"
        },
        {
            "name": "charisma_base",
            "current": "3",
            "max": "",
            "id": "-XnDSsCyfRHTLmkMbLlW"
        },
        {
            "name": "charisma_flag",
            "current": "0",
            "max": "",
            "id": "-9g9o4VPyPsCWQLKJbd7"
        },
        {
            "name": "charisma",
            "current": 3,
            "max": "",
            "id": "-gFoya3uRU4ozKtwwo5T"
        },
        {
            "name": "charisma_mod",
            "current": -4,
            "max": "",
            "id": "-Qtsqz2pxvxHEr7RhkcL"
        },
        {
            "name": "npc_cha_negative",
            "current": 1,
            "max": "",
            "id": "-WWoYJPkwarJAM63Fj3E"
        },
        {
            "name": "npc_senses",
            "current": "темнозрение 12 клетки",
            "max": "",
            "id": "-botaurfJzOxKFtXVgTg"
        }
    ],
    "abilities": []
}