{
    "schema_version": 2,
    "oldId": "-AhgH2e3TJm6WngUPaH8",
    "name": "Гиганский Барсук (Giant Badger)",
    "avatar": "https://tentaculus.ru/monsters/img/cute_monsters/GIANT_BADGER.jpg",
    "bio": "",
    "gmnotes": "",
    "defaulttoken": "",
    "tags": "[]",
    "controlledby": "",
    "inplayerjournals": "",
    "attribs": [
        {
            "name": "hitdieroll",
            "current": "4",
            "max": "",
            "id": "-kbH5kcGRNsgHvNaSaq0"
        },
        {
            "name": "showleveler",
            "current": 0,
            "max": "",
            "id": "-sLHSFOpqAkDqgC398sK"
        },
        {
            "name": "invalidXP",
            "current": 0,
            "max": "",
            "id": "-cuNQOF0jD86MWILz0CJ"
        },
        {
            "name": "version",
            "current": 4.21,
            "max": "",
            "id": "-NK717Qrb84jQbuBOsq7"
        },
        {
            "name": "mancer_confirm_flag",
            "current": "",
            "max": "",
            "id": "-m9Z0EkSexYQ7KVLpt8C"
        },
        {
            "name": "mancer_npc",
            "current": "on",
            "max": "",
            "id": "-4FEcZKzcNXLndvdMQ4J"
        },
        {
            "name": "l1mancer_status",
            "current": "completed",
            "max": "",
            "id": "-TkcMquunhQ7KDXtsiFq"
        },
        {
            "name": "rtype",
            "current": "@{advantagetoggle}",
            "max": "",
            "id": "-lG5ndS4bz7JL43TezTl"
        },
        {
            "name": "dtype",
            "current": "full",
            "max": "",
            "id": "-PnoI2HrPEX9ZmreSOvP"
        },
        {
            "name": "appliedUpdates",
            "current": "upgrade_to_4_2_1",
            "max": "",
            "id": "-t8uM3t3mlWKVbecXPQt"
        },
        {
            "name": "npc",
            "current": "1",
            "max": "",
            "id": "-kSdzUcWvDIpRSnNXCjZ"
        },
        {
            "name": "npc_options-flag",
            "current": "0",
            "max": "",
            "id": "-WoecGPJiA2ANjMHblqx"
        },
        {
            "name": "ui_flags",
            "current": "",
            "max": "",
            "id": "-HZF9NVKKdAkhe9hMosY"
        },
        {
            "name": "npc_name",
            "current": "Гиганский Барсук (Giant Badger)",
            "max": "",
            "id": "-7t2lOByA3nq8Ptb7TZa"
        },
        {
            "name": "npc_type",
            "current": "зверь без мировоззрения",
            "max": "",
            "id": "-AL8k97FhhgHrueUHiqw"
        },
        {
            "name": "npc_speed",
            "current": "6 клеток, копание 2 клетки",
            "max": "",
            "id": "-nPGAk8ni6bstIVlkbC1"
        },
        {
            "name": "hp",
            "current": "",
            "max": "13",
            "id": "-S7mZgmVUF5DaJRVJxG5"
        },
        {
            "name": "npc_ac",
            "current": "10",
            "max": "",
            "id": "-SYToAqLcTJHoFbyl7lM"
        },
        {
            "name": "ac",
            "current": "10",
            "max": "",
            "id": "-HopCEoDRm6N1gKDqSbZ"
        },
        {
            "name": "npc_languages",
            "current": "",
            "max": "",
            "id": "-rorjSB4sM4wCuaoI5S3"
        },
        {
            "name": "npc_challenge",
            "current": "1/4",
            "max": "",
            "id": "-vWLiYJwwy0L4ijqbvaB"
        },
        {
            "name": "passive_wisdom",
            "current": "1/4",
            "max": "",
            "id": "-OQ3I5plWcWymSGKsoJS"
        },
        {
            "name": "initiative_bonus",
            "current": 0,
            "max": "",
            "id": "-9WH58R1qRWj7RcMNaVI"
        },
        {
            "name": "npc_hpformula",
            "current": "2d8 + 4",
            "max": "",
            "id": "-WSQXXin7MOanpip3g17"
        },
        {
            "name": "strength_base",
            "current": "13",
            "max": "",
            "id": "-ycOVHiY0VD347CXgd3s"
        },
        {
            "name": "strength_flag",
            "current": "0",
            "max": "",
            "id": "-6zPlqHWK5gAa52DKxUJ"
        },
        {
            "name": "strength",
            "current": 13,
            "max": "",
            "id": "-utKwYdZhird0aqJCZ66"
        },
        {
            "name": "strength_mod",
            "current": 1,
            "max": "",
            "id": "-BqMFmKZaCBgyAMm3e63"
        },
        {
            "name": "npc_str_negative",
            "current": 0,
            "max": "",
            "id": "-0iN1fCk69Fsga6bZoj0"
        },
        {
            "name": "dexterity_base",
            "current": "10",
            "max": "",
            "id": "-tYcnzq2WyP1M7aUs6PN"
        },
        {
            "name": "dexterity_flag",
            "current": "0",
            "max": "",
            "id": "-RzhfTtIXFri4ZirkhX5"
        },
        {
            "name": "dexterity",
            "current": 10,
            "max": "",
            "id": "-XD2gLxiJOzsMVw4hrrS"
        },
        {
            "name": "dexterity_mod",
            "current": 0,
            "max": "",
            "id": "-QM5LNck05tVELDMBCVM"
        },
        {
            "name": "npc_dex_negative",
            "current": 0,
            "max": "",
            "id": "-2y4tbGXxh5unxVlW8kH"
        },
        {
            "name": "constitution_base",
            "current": "15",
            "max": "",
            "id": "-h3WFh4JwXUOI8tUtStx"
        },
        {
            "name": "constitution_flag",
            "current": "0",
            "max": "",
            "id": "-rZgxgon59H8WoF3lTap"
        },
        {
            "name": "constitution",
            "current": 15,
            "max": "",
            "id": "-YxUF1nqwfAhY1GVOJ46"
        },
        {
            "name": "constitution_mod",
            "current": 2,
            "max": "",
            "id": "-ujzP1pqWBMGZ36uTOao"
        },
        {
            "name": "npc_con_negative",
            "current": 0,
            "max": "",
            "id": "-QTXjKO2e39s8EzTq7ht"
        },
        {
            "name": "intelligence_base",
            "current": "2",
            "max": "",
            "id": "-NEy3YlRaFkQRqsbTagL"
        },
        {
            "name": "intelligence_flag",
            "current": "0",
            "max": "",
            "id": "-1ouYX43qbrno8bsFswc"
        },
        {
            "name": "intelligence",
            "current": 2,
            "max": "",
            "id": "-SN7T6bMIoIykK3w1LUg"
        },
        {
            "name": "intelligence_mod",
            "current": -4,
            "max": "",
            "id": "-5PAYTMmi8qZEkigGG3N"
        },
        {
            "name": "npc_int_negative",
            "current": 1,
            "max": "",
            "id": "-8Q0EJK6cLO9p1mWQf6k"
        },
        {
            "name": "wisdom_base",
            "current": "12",
            "max": "",
            "id": "-PcDgL63pD0TFlGVzaum"
        },
        {
            "name": "wisdom_flag",
            "current": "0",
            "max": "",
            "id": "-ECLconSTs1u02CbbeAX"
        },
        {
            "name": "wisdom",
            "current": 12,
            "max": "",
            "id": "-5rS3YLETAjXywrftTbv"
        },
        {
            "name": "wisdom_mod",
            "current": 1,
            "max": "",
            "id": "-KaX7KkMePTFrzsLGv5V"
        },
        {
            "name": "npc_wis_negative",
            "current": 0,
            "max": "",
            "id": "-6sWNtecOKXtHF44VW7p"
        },
        {
            "name": "charisma_base",
            "current": "5",
            "max": "",
            "id": "-J0RAKv4wlACrEKh4zM5"
        },
        {
            "name": "charisma_flag",
            "current": "0",
            "max": "",
            "id": "-z6CG6mdH4bKguYtEhlu"
        },
        {
            "name": "charisma",
            "current": 5,
            "max": "",
            "id": "-XZ5RfFjQ6g4B88sBK63"
        },
        {
            "name": "charisma_mod",
            "current": -3,
            "max": "",
            "id": "-X4DpC58fZ3kez6PrKMb"
        },
        {
            "name": "npc_cha_negative",
            "current": 1,
            "max": "",
            "id": "-I52xHntTvQhZNDmmIWk"
        },
        {
            "name": "npc_senses",
            "current": "темнозрение 6 клеток",
            "max": "",
            "id": "-wkzUPMENn8WA05oliL5"
        },
        {
            "name": "repeating_npcaction_-n0TQcEPPDXXkUJCadNk_name",
            "current": "Мультиатака",
            "max": "",
            "id": "-aeaKVpKyhy7cl5Vp1dH"
        },
        {
            "name": "repeating_npcaction_-n0TQcEPPDXXkUJCadNk_description",
            "current": "Барсук проводит две атаки: одну Укусом и 2 когтями.",
            "max": "",
            "id": "-TDDuRe7hteK0U8SkC0Q"
        },
        {
            "name": "repeating_npcaction_-n0TQcEPPDXXkUJCadNk_attack_tohitrange",
            "current": "+0",
            "max": "",
            "id": "-KxPzHxUiX1IXqa4hJSx"
        },
        {
            "name": "repeating_npcaction_-n0TQcEPPDXXkUJCadNk_attack_onhit",
            "current": "",
            "max": "",
            "id": "-vVMygi2ptg1gFrlchB4"
        },
        {
            "name": "repeating_npcaction_-n0TQcEPPDXXkUJCadNk_damage_flag",
            "current": "",
            "max": "",
            "id": "-9k63t0PAR1GtPvKssCt"
        },
        {
            "name": "repeating_npcaction_-n0TQcEPPDXXkUJCadNk_attack_crit",
            "current": "",
            "max": "",
            "id": "-mlY9OpXkVyZdM6fvfyK"
        },
        {
            "name": "repeating_npcaction_-n0TQcEPPDXXkUJCadNk_attack_crit2",
            "current": "",
            "max": "",
            "id": "-gdwyz4jcw9u0yyNkoP1"
        },
        {
            "name": "repeating_npcaction_-n0TQcEPPDXXkUJCadNk_rollbase",
            "current": "@{wtype}&{template:npcaction} @{npc_name_flag} {{rname=@{name}}} {{description=@{show_desc}}} @{charname_output}",
            "max": "",
            "id": "-hpI2rW1iUxWiEdPNwTp"
        },
        {
            "name": "repeating_npcaction_-gatjDPNv4X9yoEc7mgy_name",
            "current": "Укус",
            "max": "",
            "id": "-qHpGax5ZJ8Qq7cAfBSd"
        },
        {
            "name": "repeating_npcaction_-gatjDPNv4X9yoEc7mgy_description",
            "current": "Рукопашное Оружие: +3 к атаке, досягаемость: 1 клетка, одна цель. Попадание: 4 (1d6 + 1) колющего урона.",
            "max": "",
            "id": "-VbbUdfVym6NJC9hdQg5"
        },
        {
            "name": "repeating_npcaction_-gatjDPNv4X9yoEc7mgy_attack_flag",
            "current": "on",
            "max": "",
            "id": "-YjDxxLTBddHxr8M2nHT"
        },
        {
            "name": "repeating_npcaction_-gatjDPNv4X9yoEc7mgy_attack_tohitrange",
            "current": "+3",
            "max": "",
            "id": "-YU1oE7iBNUbOxz5ISol"
        },
        {
            "name": "repeating_npcaction_-gatjDPNv4X9yoEc7mgy_attack_onhit",
            "current": "",
            "max": "",
            "id": "-ex55Lcao8UKUquCcph7"
        },
        {
            "name": "repeating_npcaction_-gatjDPNv4X9yoEc7mgy_attack_tohit",
            "current": "3",
            "max": "",
            "id": "-IEwI2SMPyBQRxTqmfBE"
        },
        {
            "name": "repeating_npcaction_-gatjDPNv4X9yoEc7mgy_attack_damage",
            "current": "1d6+1",
            "max": "",
            "id": "-32c8zx5A8tdR3WfwlyK"
        },
        {
            "name": "repeating_npcaction_-gatjDPNv4X9yoEc7mgy_damage_flag",
            "current": "{{damage=1}} {{dmg1flag=1}}",
            "max": "",
            "id": "-u8xQ06KvXrhSuCCyhUC"
        },
        {
            "name": "repeating_npcaction_-gatjDPNv4X9yoEc7mgy_rollbase",
            "current": "@{wtype}&{template:npcaction} {{attack=1}} @{damage_flag} @{npc_name_flag} {{rname=@{name}}} {{r1=[[@{d20}+(@{attack_tohit})]]}} @{rtype}+(@{attack_tohit})]]}} {{dmg1=[[@{attack_damage}]]}} {{dmg1type=@{attack_damagetype}}} {{dmg2=[[@{attack_damage2}+0]]}} {{dmg2type=@{attack_damagetype2}}} {{crit1=[[@{attack_crit}+0]]}} {{crit2=[[@{attack_crit2}+0]]}} {{description=@{show_desc}}} @{charname_output}",
            "max": "",
            "id": "-mTBo7v5eSSIzlKE7qHS"
        },
        {
            "name": "repeating_npcaction_-gatjDPNv4X9yoEc7mgy_attack_crit",
            "current": "1d6+1",
            "max": "",
            "id": "-ejKk0JE4CFqHfQksOiJ"
        },
        {
            "name": "repeating_npcaction_-gatjDPNv4X9yoEc7mgy_attack_crit2",
            "current": "",
            "max": "",
            "id": "-SflNScL7FjunraaNpAp"
        },
        {
            "name": "repeating_npcaction_-Vr52E9uccL8vr7acSXP_name",
            "current": "Когти",
            "max": "",
            "id": "-Pj21TrXIYSvB0D1C8Js"
        },
        {
            "name": "repeating_npcaction_-Vr52E9uccL8vr7acSXP_description",
            "current": "Рукопашное Оружие: +3 к атаке, досягаемость: 1 клетка, одна цель. Попадание: 6 (2d4 + 1) рубящего урона.",
            "max": "",
            "id": "-FcvsBqLxxbS8RCxyUav"
        },
        {
            "name": "repeating_npcaction_-Vr52E9uccL8vr7acSXP_attack_flag",
            "current": "on",
            "max": "",
            "id": "-fCrKJw6OMsCgRAgLB42"
        },
        {
            "name": "repeating_npcaction_-Vr52E9uccL8vr7acSXP_attack_tohitrange",
            "current": "+3",
            "max": "",
            "id": "-QhIzbNHeizygdGpdUxs"
        },
        {
            "name": "repeating_npcaction_-Vr52E9uccL8vr7acSXP_attack_onhit",
            "current": "",
            "max": "",
            "id": "-H9TSd3GqHzRgKQvFiYJ"
        },
        {
            "name": "repeating_npcaction_-Vr52E9uccL8vr7acSXP_attack_tohit",
            "current": "3",
            "max": "",
            "id": "-MX5HeXopzZoPJrbeplw"
        },
        {
            "name": "repeating_npcaction_-Vr52E9uccL8vr7acSXP_attack_damage",
            "current": "2d4+1",
            "max": "",
            "id": "-JoZRBOD34JiTuqiQMIc"
        },
        {
            "name": "repeating_npcaction_-Vr52E9uccL8vr7acSXP_damage_flag",
            "current": "{{damage=1}} {{dmg1flag=1}}",
            "max": "",
            "id": "-oeCVxJdArVMz8thttfs"
        },
        {
            "name": "repeating_npcaction_-Vr52E9uccL8vr7acSXP_rollbase",
            "current": "@{wtype}&{template:npcaction} {{attack=1}} @{damage_flag} @{npc_name_flag} {{rname=@{name}}} {{r1=[[@{d20}+(@{attack_tohit})]]}} @{rtype}+(@{attack_tohit})]]}} {{dmg1=[[@{attack_damage}]]}} {{dmg1type=@{attack_damagetype}}} {{dmg2=[[@{attack_damage2}+0]]}} {{dmg2type=@{attack_damagetype2}}} {{crit1=[[@{attack_crit}+0]]}} {{crit2=[[@{attack_crit2}+0]]}} {{description=@{show_desc}}} @{charname_output}",
            "max": "",
            "id": "-Y9dhXug7ea3fekTGPUd"
        },
        {
            "name": "repeating_npcaction_-Vr52E9uccL8vr7acSXP_attack_crit",
            "current": "2d4+1",
            "max": "",
            "id": "-0JZGsy5ss7tXW8wfaRL"
        },
        {
            "name": "repeating_npcaction_-Vr52E9uccL8vr7acSXP_attack_crit2",
            "current": "",
            "max": "",
            "id": "-iovyISDXXnfJHcONxnI"
        },
        {
            "name": "repeating_npctrait_-CqaGHpGuuiEkoUVocWm_name",
            "current": "Чуткий Нюх",
            "max": "",
            "id": "-nzKzDuTjxEwjeNgGvFY"
        },
        {
            "name": "repeating_npctrait_-CqaGHpGuuiEkoUVocWm_description",
            "current": "Барсук имеет преимущество на проверки Мудрости (Внимательность) которые полагаются на нюх.",
            "max": "",
            "id": "-x6Oc4u6aY5A3HfVdinp"
        },
        {
            "name": "npcspellcastingflag",
            "current": "0",
            "max": "",
            "id": "-1Nr3KkQOmz0cnqJRnbZ"
        }
    ],
    "abilities": []
}