{
    "schema_version": 2,
    "oldId": "-r3zTs3xRM5bgnpwyjs1",
    "name": "Газовая спора (Gas Spore)",
    "avatar": "https://tentaculus.ru/monsters/img/cute_monsters/GAS_SPORE.jpg",
    "bio": "",
    "gmnotes": "",
    "defaulttoken": "",
    "tags": "[]",
    "controlledby": "",
    "inplayerjournals": "",
    "attribs": [
        {
            "name": "hitdieroll",
            "current": "4",
            "max": "",
            "id": "-HklkQovCAVzZIvb1043"
        },
        {
            "name": "showleveler",
            "current": 0,
            "max": "",
            "id": "-vZT8pRZc5ZTwVOJ3D4K"
        },
        {
            "name": "invalidXP",
            "current": 0,
            "max": "",
            "id": "-0obwgiTw9p6hdD1c5Q2"
        },
        {
            "name": "version",
            "current": 4.21,
            "max": "",
            "id": "-yUrXNRlTFRsmGx3TJJz"
        },
        {
            "name": "mancer_confirm_flag",
            "current": "",
            "max": "",
            "id": "-cfPKHaPzgVlG5aqwrTn"
        },
        {
            "name": "mancer_npc",
            "current": "on",
            "max": "",
            "id": "-iXG73C7Mbm3d5wnTqDQ"
        },
        {
            "name": "l1mancer_status",
            "current": "completed",
            "max": "",
            "id": "-Rkr3OCYG0eiC1KM8cPu"
        },
        {
            "name": "rtype",
            "current": "@{advantagetoggle}",
            "max": "",
            "id": "-pUfaYxMdup7OLnbjci1"
        },
        {
            "name": "dtype",
            "current": "full",
            "max": "",
            "id": "-ypR3CGV9jly8vY6m0WA"
        },
        {
            "name": "appliedUpdates",
            "current": "upgrade_to_4_2_1",
            "max": "",
            "id": "-YNsckKYLGN6uJq1GokG"
        },
        {
            "name": "npc",
            "current": "1",
            "max": "",
            "id": "-EF2jO4YM65n98Yvbp9P"
        },
        {
            "name": "npc_options-flag",
            "current": "0",
            "max": "",
            "id": "-VZczGJFFY5Qztc7uEMU"
        },
        {
            "name": "ui_flags",
            "current": "",
            "max": "",
            "id": "-PbVmdYSSUcEjMJNuLwF"
        },
        {
            "name": "npc_name",
            "current": "Газовая спора (Gas Spore)",
            "max": "",
            "id": "-uqD2XVVI0F01TqI0CfO"
        },
        {
            "name": "npc_type",
            "current": "растение без мировоззрения",
            "max": "",
            "id": "-GgVVPWlZmRFmT0iIadT"
        },
        {
            "name": "npc_speed",
            "current": "0 клеток, полет 10 клеток (парение)",
            "max": "",
            "id": "-e6C8ovNCtqU8ekesaGQ"
        },
        {
            "name": "hp",
            "current": "",
            "max": "1",
            "id": "-hDYLJieZc22OznodIFZ"
        },
        {
            "name": "npc_ac",
            "current": "5",
            "max": "",
            "id": "-CoJWNU1Ce6q5McxqqPQ"
        },
        {
            "name": "ac",
            "current": "5",
            "max": "",
            "id": "-FbDmnkTMk04A4tmUNnK"
        },
        {
            "name": "npc_languages",
            "current": "",
            "max": "",
            "id": "-R7AGHK7VTghXP21U7XY"
        },
        {
            "name": "npc_challenge",
            "current": "1/2",
            "max": "",
            "id": "-5judhX6uUyLKvNhmUBn"
        },
        {
            "name": "passive_wisdom",
            "current": "1/2",
            "max": "",
            "id": "-uS4sT9rD4jUSjwgdIrb"
        },
        {
            "name": "initiative_bonus",
            "current": -5,
            "max": "",
            "id": "-gLjtYDaiOtxfiGl08dK"
        },
        {
            "name": "npc_hpformula",
            "current": "1d10-4",
            "max": "",
            "id": "-0We6oE5xNrMfzVFabWQ"
        },
        {
            "name": "strength_base",
            "current": "5",
            "max": "",
            "id": "-wvBBh88nOsVsjZRc5ZH"
        },
        {
            "name": "strength_flag",
            "current": "0",
            "max": "",
            "id": "-b6QPsnOYaPsJnSvJxQ8"
        },
        {
            "name": "strength",
            "current": 5,
            "max": "",
            "id": "-O9BsmXOpOzPjlyXldHF"
        },
        {
            "name": "strength_mod",
            "current": -3,
            "max": "",
            "id": "-ThGkp6N0xAVarygKtW7"
        },
        {
            "name": "npc_str_negative",
            "current": 1,
            "max": "",
            "id": "-WULtBhmjIbrSrBwQW6e"
        },
        {
            "name": "dexterity_base",
            "current": "1",
            "max": "",
            "id": "-0bP53dWii4wja5RTxc0"
        },
        {
            "name": "dexterity_flag",
            "current": "0",
            "max": "",
            "id": "-UvlqTFv9mNVlgB9OfTf"
        },
        {
            "name": "dexterity",
            "current": 1,
            "max": "",
            "id": "-tjljI0HgRVofFqgyUZE"
        },
        {
            "name": "dexterity_mod",
            "current": -5,
            "max": "",
            "id": "-IJB4eBuwfNkmV33PrkW"
        },
        {
            "name": "npc_dex_negative",
            "current": 1,
            "max": "",
            "id": "-MSWA0HRL2ZuA2FoHxve"
        },
        {
            "name": "constitution_base",
            "current": "3",
            "max": "",
            "id": "-qzBU04SmG3CYdxkk3bJ"
        },
        {
            "name": "constitution_flag",
            "current": "0",
            "max": "",
            "id": "-afwMDBszqODjDdTJxdC"
        },
        {
            "name": "constitution",
            "current": 3,
            "max": "",
            "id": "-qC0X9kYoZnrEwzOgopK"
        },
        {
            "name": "constitution_mod",
            "current": -4,
            "max": "",
            "id": "-VK7pi6k1m8ESK06EQmK"
        },
        {
            "name": "npc_con_negative",
            "current": 1,
            "max": "",
            "id": "-kkW7UcKCPQ5tE1cx4KY"
        },
        {
            "name": "intelligence_base",
            "current": "1",
            "max": "",
            "id": "-ih8zUGphHPYO4IN3RWG"
        },
        {
            "name": "intelligence_flag",
            "current": "0",
            "max": "",
            "id": "-hz1NReQngjFKpQzWJwZ"
        },
        {
            "name": "intelligence",
            "current": 1,
            "max": "",
            "id": "-vKhudTdApMIA0EkP6no"
        },
        {
            "name": "intelligence_mod",
            "current": -5,
            "max": "",
            "id": "-hfX8JlUnuPumX4DRMXY"
        },
        {
            "name": "npc_int_negative",
            "current": 1,
            "max": "",
            "id": "-0UCeUvQlKNnxJwo6qir"
        },
        {
            "name": "wisdom_base",
            "current": "1",
            "max": "",
            "id": "-baH323tU1oN349qA2DD"
        },
        {
            "name": "wisdom_flag",
            "current": "0",
            "max": "",
            "id": "-rxNvhhx8A2FLgPuoLnO"
        },
        {
            "name": "wisdom",
            "current": 1,
            "max": "",
            "id": "-Ytlj6O3Ne6GISkKnFHt"
        },
        {
            "name": "wisdom_mod",
            "current": -5,
            "max": "",
            "id": "-fT4QjmOLNVW8sSyQ7tI"
        },
        {
            "name": "npc_wis_negative",
            "current": 1,
            "max": "",
            "id": "-JsBXy7oZ2CfMjiLC1Vq"
        },
        {
            "name": "charisma_base",
            "current": "1",
            "max": "",
            "id": "-lgjBkYqD1AMajDt7zqL"
        },
        {
            "name": "charisma_flag",
            "current": "0",
            "max": "",
            "id": "-luEIzsoUkBKQy9cesGC"
        },
        {
            "name": "charisma",
            "current": 1,
            "max": "",
            "id": "-IDVRcK8DNon0wp0nYYP"
        },
        {
            "name": "charisma_mod",
            "current": -5,
            "max": "",
            "id": "-P8urONWOEBKKV0QCL3O"
        },
        {
            "name": "npc_cha_negative",
            "current": 1,
            "max": "",
            "id": "-gfEQpoIbuM2Os1H6FjN"
        },
        {
            "name": "npc_immunities",
            "current": "яд",
            "max": "",
            "id": "-TmfnCCcMlhwc5kRvkUx"
        },
        {
            "name": "npc_condition_immunities",
            "current": "ослепление, оглушение, испуг, паралич, отравление, сбивание с ног",
            "max": "",
            "id": "-ZECyQTXJ5MUo9OCTcj5"
        },
        {
            "name": "npc_senses",
            "current": "слепозрение 6 клеток (вне этого радиуса полностью слепой)",
            "max": "",
            "id": "-91aLDgPgRsEA3Qk8qhD"
        },
        {
            "name": "repeating_npcaction_-ZOS0vpYkjkL3wlG7uVi_name",
            "current": "Прикосновение",
            "max": "",
            "id": "-BseHzsbHvlpfI6UWpEI"
        },
        {
            "name": "repeating_npcaction_-ZOS0vpYkjkL3wlG7uVi_description",
            "current": "Рукопашное Оружие: +0 к атаке, досягаемость: 1 клетка, одно существо. Попадание: 1 урона ядом, и существо должно выполнить успешный спасбросок со сложностью 10 по Телосложению или становится отравленным и больным как описано в свойстве Посмертный взрыв.",
            "max": "",
            "id": "-IeK0KX1xcDu0kB2K0Sr"
        },
        {
            "name": "repeating_npcaction_-ZOS0vpYkjkL3wlG7uVi_attack_flag",
            "current": "on",
            "max": "",
            "id": "-aukaUmqLN0SsgpYzYIs"
        },
        {
            "name": "repeating_npcaction_-ZOS0vpYkjkL3wlG7uVi_attack_tohitrange",
            "current": "+",
            "max": "",
            "id": "-k2Pe9KQQw9nXQULbMKA"
        },
        {
            "name": "repeating_npcaction_-ZOS0vpYkjkL3wlG7uVi_attack_onhit",
            "current": "",
            "max": "",
            "id": "-YiXmLuzLtkgn5Gmx9Lu"
        },
        {
            "name": "repeating_npcaction_-ZOS0vpYkjkL3wlG7uVi_attack_tohit",
            "current": "",
            "max": "",
            "id": "-2jIdNOBdbbqlxkf4RCN"
        },
        {
            "name": "repeating_npcaction_-ZOS0vpYkjkL3wlG7uVi_attack_damage",
            "current": "1",
            "max": "",
            "id": "-8mm4JEyBcHMiukGIvUV"
        },
        {
            "name": "repeating_npcaction_-ZOS0vpYkjkL3wlG7uVi_damage_flag",
            "current": "{{damage=1}} {{dmg1flag=1}}",
            "max": "",
            "id": "-KmE8wAJMPIhyXluSrRJ"
        },
        {
            "name": "repeating_npcaction_-ZOS0vpYkjkL3wlG7uVi_rollbase",
            "current": "@{wtype}&{template:npcaction} {{attack=1}} @{damage_flag} @{npc_name_flag} {{rname=@{name}}} {{r1=[[@{d20}+(@{attack_tohit})]]}} @{rtype}+(@{attack_tohit})]]}} {{dmg1=[[@{attack_damage}]]}} {{dmg1type=@{attack_damagetype}}} {{dmg2=[[@{attack_damage2}+0]]}} {{dmg2type=@{attack_damagetype2}}} {{crit1=[[@{attack_crit}+0]]}} {{crit2=[[@{attack_crit2}+0]]}} {{description=@{show_desc}}} @{charname_output}",
            "max": "",
            "id": "-Wjr2gqmqEG6t8JeRH9O"
        },
        {
            "name": "repeating_npcaction_-ZOS0vpYkjkL3wlG7uVi_attack_crit",
            "current": "1",
            "max": "",
            "id": "-wuEpulGZLef70D8cujt"
        },
        {
            "name": "repeating_npcaction_-ZOS0vpYkjkL3wlG7uVi_attack_crit2",
            "current": "",
            "max": "",
            "id": "-sfuVZ33HpgDDKcyegA9"
        },
        {
            "name": "repeating_npctrait_-GvLGvK5D3LcIw5bhvDS_name",
            "current": "Посмертный взрыв",
            "max": "",
            "id": "-U8BSySpfMTBiwOneHRL"
        },
        {
            "name": "repeating_npctrait_-GvLGvK5D3LcIw5bhvDS_description",
            "current": "Газовая спора взрывается, когда ее очки здоровья опускаются до 0. Каждое существо в пределах 4 клеток от нее должно бросить спасбросок сложностью 15 по Телосложению. В случае неудачи существо получает 10 (3d6) урона ядом и становятся зараженным болезнью. Существа имунные к отравлениям имунны также и к этой болезни\n\nСпоры вторгаются в имунную систему существа и убивают существо за количество часов равное 1d12+Телосложение существа. Через половину этого времени, существо становится отравленным на все оставшееся время. Когда существо умирает, оно производит 2d4 Крошечных газовых спор, которые вырастают до взрослых за 7 дней.\n\n",
            "max": "",
            "id": "-YoUTcejyjj5VW4WngpR"
        },
        {
            "name": "repeating_npctrait_-m1Bcip6eSFTB37gi69d_name",
            "current": "Жуткое сходство",
            "max": "",
            "id": "-laYBloYbLxqd2A8Zhtu"
        },
        {
            "name": "repeating_npctrait_-m1Bcip6eSFTB37gi69d_description",
            "current": "Газовая спора притворяется Бехолдером. Существо, которое видит спору может опознать ее истинную природу с помощью проверки Интеллекта (Природа) сложностью 15.",
            "max": "",
            "id": "-OT4SZcRlMtwOe7KjjW0"
        },
        {
            "name": "npcspellcastingflag",
            "current": "0",
            "max": "",
            "id": "-mdTo9hJzDqxYwKAADgf"
        }
    ],
    "abilities": []
}