{
    "schema_version": 2,
    "oldId": "-iTjGp74eieaR8NyTXDC",
    "name": "Грелл (Grell)",
    "avatar": "https://tentaculus.ru/monsters/img/cute_monsters/GRELL.jpg",
    "bio": "",
    "gmnotes": "",
    "defaulttoken": "",
    "tags": "[]",
    "controlledby": "",
    "inplayerjournals": "",
    "attribs": [
        {
            "name": "hitdieroll",
            "current": "4",
            "max": "",
            "id": "-jvNrLTQnZjnyD3fgF5c"
        },
        {
            "name": "showleveler",
            "current": 0,
            "max": "",
            "id": "-K6GiSs5ndrTMSTlLUgE"
        },
        {
            "name": "invalidXP",
            "current": 0,
            "max": "",
            "id": "-UJYFNkwk1DaZR72Uwhr"
        },
        {
            "name": "version",
            "current": 4.21,
            "max": "",
            "id": "-hIVoR6tDefGCS0cP7qE"
        },
        {
            "name": "mancer_confirm_flag",
            "current": "",
            "max": "",
            "id": "-4KadNhO2xKFHQ39boIJ"
        },
        {
            "name": "mancer_npc",
            "current": "on",
            "max": "",
            "id": "-HgPduP5RMTeiyozDTBy"
        },
        {
            "name": "l1mancer_status",
            "current": "completed",
            "max": "",
            "id": "-oOFts8X01pJxnumIYIS"
        },
        {
            "name": "rtype",
            "current": "@{advantagetoggle}",
            "max": "",
            "id": "-hQTdhPMIBexre81eg0N"
        },
        {
            "name": "dtype",
            "current": "full",
            "max": "",
            "id": "-DCPbWzHzTBomK1hBVT2"
        },
        {
            "name": "appliedUpdates",
            "current": "upgrade_to_4_2_1",
            "max": "",
            "id": "-6NiPCZkAIKT6eqyU2kf"
        },
        {
            "name": "npc",
            "current": "1",
            "max": "",
            "id": "-HaaoDRAWZitIbgywtGL"
        },
        {
            "name": "npc_options-flag",
            "current": "0",
            "max": "",
            "id": "-g2w8v4xQYUVZLNUe7dC"
        },
        {
            "name": "ui_flags",
            "current": "",
            "max": "",
            "id": "-BNLWwN1O2IrxeEHUcL2"
        },
        {
            "name": "npc_name",
            "current": "Грелл (Grell)",
            "max": "",
            "id": "-YGjhcONWpcI62Tgmr17"
        },
        {
            "name": "npc_type",
            "current": "аберрация нейтрально-злое",
            "max": "",
            "id": "-vJjtJWaTLhufFgPxIr1"
        },
        {
            "name": "npc_speed",
            "current": "2 клетки, полет 6 клеток (парение)",
            "max": "",
            "id": "-7mm7HqG7RZu2E089lGa"
        },
        {
            "name": "hp",
            "current": "",
            "max": "55",
            "id": "-uWzMFGdz9xjW9WFG2vR"
        },
        {
            "name": "npc_ac",
            "current": "12",
            "max": "",
            "id": "-YxjzoePubQqOvsMM9qS"
        },
        {
            "name": "ac",
            "current": "12",
            "max": "",
            "id": "-xQ9rQZTJYcAxH4pT9CE"
        },
        {
            "name": "npc_languages",
            "current": "Греллский",
            "max": "",
            "id": "-UlLKXLFIyWvqcOYTurA"
        },
        {
            "name": "npc_challenge",
            "current": "3",
            "max": "",
            "id": "-LhhNHf8J6WWKbILaJWS"
        },
        {
            "name": "passive_wisdom",
            "current": "3",
            "max": "",
            "id": "-CNs3rKIV6xp91XYxlZC"
        },
        {
            "name": "initiative_bonus",
            "current": 2,
            "max": "",
            "id": "-wK3oS2bwNA3FkJ8UQSA"
        },
        {
            "name": "npc_hpformula",
            "current": "10d8 + 10",
            "max": "",
            "id": "-KTBzSOXs1VSSnS8rySC"
        },
        {
            "name": "strength_base",
            "current": "15",
            "max": "",
            "id": "-2PdUsdO0UixLSXYX1c1"
        },
        {
            "name": "strength_flag",
            "current": "0",
            "max": "",
            "id": "-CQtWvipxxyuZPnXptry"
        },
        {
            "name": "strength",
            "current": 15,
            "max": "",
            "id": "-U68R7FeK6ZX1oFmyOK2"
        },
        {
            "name": "strength_mod",
            "current": 2,
            "max": "",
            "id": "-6Gh7aHd6OUf8HkSCo8f"
        },
        {
            "name": "npc_str_negative",
            "current": 0,
            "max": "",
            "id": "-p0uDFacpCyTtX37yr61"
        },
        {
            "name": "dexterity_base",
            "current": "14",
            "max": "",
            "id": "-5CVCmv0kUwHhcEVBPWO"
        },
        {
            "name": "dexterity_flag",
            "current": "0",
            "max": "",
            "id": "-M20x9g6u1vKzBKGMNYG"
        },
        {
            "name": "dexterity",
            "current": 14,
            "max": "",
            "id": "-ZgrlySizLtVssIBTBIm"
        },
        {
            "name": "dexterity_mod",
            "current": 2,
            "max": "",
            "id": "-fvt8bkp8ERrYfPIzA1M"
        },
        {
            "name": "npc_dex_negative",
            "current": 0,
            "max": "",
            "id": "-lWti1gva63Ez79LHnXs"
        },
        {
            "name": "constitution_base",
            "current": "13",
            "max": "",
            "id": "-awVzxHFRytTSEgoSFxD"
        },
        {
            "name": "constitution_flag",
            "current": "0",
            "max": "",
            "id": "-khdu47GBixTdq5haCO1"
        },
        {
            "name": "constitution",
            "current": 13,
            "max": "",
            "id": "-ZzvHdkE8MUkqHUlv8Br"
        },
        {
            "name": "constitution_mod",
            "current": 1,
            "max": "",
            "id": "-bH1KkUSfEwjvRCZyFsh"
        },
        {
            "name": "npc_con_negative",
            "current": 0,
            "max": "",
            "id": "-wsvNpJlbcAI3wZWJB3R"
        },
        {
            "name": "intelligence_base",
            "current": "12",
            "max": "",
            "id": "-V5RdzyzVj8DMykmC1Nz"
        },
        {
            "name": "intelligence_flag",
            "current": "0",
            "max": "",
            "id": "-lNjaLnYqAthecnuZ6PO"
        },
        {
            "name": "intelligence",
            "current": 12,
            "max": "",
            "id": "-fYsH0DWo7tIuBL36i5a"
        },
        {
            "name": "intelligence_mod",
            "current": 1,
            "max": "",
            "id": "-DZQux3bw4SlbGzJYNkU"
        },
        {
            "name": "npc_int_negative",
            "current": 0,
            "max": "",
            "id": "-yuIswQdhQ4xfT9bOL0j"
        },
        {
            "name": "wisdom_base",
            "current": "11",
            "max": "",
            "id": "-8yQXLBDLwnrtNxcgQOz"
        },
        {
            "name": "wisdom_flag",
            "current": "0",
            "max": "",
            "id": "-jWBpQmHAeslMaEsPzFG"
        },
        {
            "name": "wisdom",
            "current": 11,
            "max": "",
            "id": "-LZfy7GRfgKKG0xl0GAI"
        },
        {
            "name": "wisdom_mod",
            "current": 0,
            "max": "",
            "id": "-Z5hXzdzhpJGuqCVCYqS"
        },
        {
            "name": "npc_wis_negative",
            "current": 0,
            "max": "",
            "id": "-FmEWb0owqSAVUrmEwuT"
        },
        {
            "name": "charisma_base",
            "current": "9",
            "max": "",
            "id": "-NmH5vAR1Vrpo5fPJfaO"
        },
        {
            "name": "charisma_flag",
            "current": "0",
            "max": "",
            "id": "-TOtytF2ERlkL2rKsr49"
        },
        {
            "name": "charisma",
            "current": 9,
            "max": "",
            "id": "-XCutnq5pJvOqxAMBYsI"
        },
        {
            "name": "charisma_mod",
            "current": -1,
            "max": "",
            "id": "-FVQSbboYCMwQ54Z8hi9"
        },
        {
            "name": "npc_cha_negative",
            "current": 1,
            "max": "",
            "id": "-IiVgfZbt2CoBA3UKZBv"
        },
        {
            "name": "npc_skills_flag",
            "current": 3,
            "max": "",
            "id": "-t9F9MIwNPCEaMsx1ESI"
        },
        {
            "name": "npc_perception_base",
            "current": "4",
            "max": "",
            "id": "-kmAGl6OBGZOXPjDRVNF"
        },
        {
            "name": "npc_perception_flag",
            "current": "1",
            "max": "",
            "id": "-NseJr7G5jQVYqxVlw4X"
        },
        {
            "name": "npc_perception",
            "current": 4,
            "max": "",
            "id": "-cMaHJJynVs1efuQ35hj"
        },
        {
            "name": "npc_stealth_base",
            "current": "6",
            "max": "",
            "id": "-sbeM8brSxIYme1gXeJo"
        },
        {
            "name": "npc_stealth_flag",
            "current": "1",
            "max": "",
            "id": "-2FpbEZEqHL0SJjxJbrH"
        },
        {
            "name": "npc_stealth",
            "current": 6,
            "max": "",
            "id": "-lQd4Wo0kyKhViSCRcIa"
        },
        {
            "name": "npc_immunities",
            "current": "молния",
            "max": "",
            "id": "-vLYNf0aJThcrUuaXOA8"
        },
        {
            "name": "npc_condition_immunities",
            "current": "ослепление, сбивание с ног",
            "max": "",
            "id": "-sJ9wcMneDRRZMogazqt"
        },
        {
            "name": "npc_senses",
            "current": "слепозрение 12 клетки (вне этого радиуса полностью слепой)",
            "max": "",
            "id": "-RcaKluu5TAzodkrxEEF"
        },
        {
            "name": "repeating_npcaction_-BREwrb8FNVo5oUKhDe2_name",
            "current": "Мультиатака",
            "max": "",
            "id": "-MHlmYVpiDnRCmY6AORB"
        },
        {
            "name": "repeating_npcaction_-BREwrb8FNVo5oUKhDe2_description",
            "current": "Грелл проводит две атаки: одну щупальцами и одну клювом.",
            "max": "",
            "id": "-EepxOEeIdWcxFFQi6zt"
        },
        {
            "name": "repeating_npcaction_-BREwrb8FNVo5oUKhDe2_attack_tohitrange",
            "current": "+0",
            "max": "",
            "id": "-UF0HIHjgHJmjDbynv6V"
        },
        {
            "name": "repeating_npcaction_-BREwrb8FNVo5oUKhDe2_attack_onhit",
            "current": "",
            "max": "",
            "id": "-hRkbnfKzYApOtlaKnhf"
        },
        {
            "name": "repeating_npcaction_-BREwrb8FNVo5oUKhDe2_damage_flag",
            "current": "",
            "max": "",
            "id": "-edNeU8ZuPmZst6y1IJz"
        },
        {
            "name": "repeating_npcaction_-BREwrb8FNVo5oUKhDe2_attack_crit",
            "current": "",
            "max": "",
            "id": "-2YrHLBl2J5grigyfa45"
        },
        {
            "name": "repeating_npcaction_-BREwrb8FNVo5oUKhDe2_attack_crit2",
            "current": "",
            "max": "",
            "id": "-iYkDFYnFR1YRDN0wciG"
        },
        {
            "name": "repeating_npcaction_-BREwrb8FNVo5oUKhDe2_rollbase",
            "current": "@{wtype}&{template:npcaction} @{npc_name_flag} {{rname=@{name}}} {{description=@{show_desc}}} @{charname_output}",
            "max": "",
            "id": "-AKlemnWt5LU6YJZ8Q1z"
        },
        {
            "name": "repeating_npcaction_-nYXVOHzg5ecJE9MEae7_name",
            "current": "Щупальца",
            "max": "",
            "id": "-AifsfgSMfTVIfBHGadO"
        },
        {
            "name": "repeating_npcaction_-nYXVOHzg5ecJE9MEae7_description",
            "current": "Рукопашное Оружие: +4 к атаке, досягаемость: 2 клетки, одно существо. Попадание: 7 (1d10 + 2) колющего урона, и цель должна бросить спасбросок со сложностью 11 по Телосложению или стать отравленным на 1 минуту. Отравленная цель парализована, она может повторять спасбросок в конце каждого своего хода, при успехе эффект заканчивается.\n\nЦель также захвачена (сложность освобождения 15). Если цель Среднего размера или меньше, она также удерживается до конца захвата. Грелл имеет преимущество на броски атаки против захваченной цели, но при этом не может атаковать другие цели. Когда грелл двигается, захваченная цель размера Средний или меньший двигается вместе с ним.\n\n",
            "max": "",
            "id": "-D4qYnUgWinYZ3og6FM4"
        },
        {
            "name": "repeating_npcaction_-nYXVOHzg5ecJE9MEae7_attack_flag",
            "current": "on",
            "max": "",
            "id": "-fD2MntUD0T8q22OqguQ"
        },
        {
            "name": "repeating_npcaction_-nYXVOHzg5ecJE9MEae7_attack_tohitrange",
            "current": "+4",
            "max": "",
            "id": "-KiGAGcybQi91tFsPeAo"
        },
        {
            "name": "repeating_npcaction_-nYXVOHzg5ecJE9MEae7_attack_onhit",
            "current": "",
            "max": "",
            "id": "-0gxe7f0nJzuW8GnydG2"
        },
        {
            "name": "repeating_npcaction_-nYXVOHzg5ecJE9MEae7_attack_tohit",
            "current": "4",
            "max": "",
            "id": "-bNIZeustn4dGONsBksw"
        },
        {
            "name": "repeating_npcaction_-nYXVOHzg5ecJE9MEae7_attack_damage",
            "current": "1d10+2",
            "max": "",
            "id": "-awrkW8MeYgH70gc6Cq1"
        },
        {
            "name": "repeating_npcaction_-nYXVOHzg5ecJE9MEae7_damage_flag",
            "current": "{{damage=1}} {{dmg1flag=1}}",
            "max": "",
            "id": "-3Afiieal0T9iRJg06Lq"
        },
        {
            "name": "repeating_npcaction_-nYXVOHzg5ecJE9MEae7_rollbase",
            "current": "@{wtype}&{template:npcaction} {{attack=1}} @{damage_flag} @{npc_name_flag} {{rname=@{name}}} {{r1=[[@{d20}+(@{attack_tohit})]]}} @{rtype}+(@{attack_tohit})]]}} {{dmg1=[[@{attack_damage}]]}} {{dmg1type=@{attack_damagetype}}} {{dmg2=[[@{attack_damage2}+0]]}} {{dmg2type=@{attack_damagetype2}}} {{crit1=[[@{attack_crit}+0]]}} {{crit2=[[@{attack_crit2}+0]]}} {{description=@{show_desc}}} @{charname_output}",
            "max": "",
            "id": "-nzoHnlKLTQJaUxeihOu"
        },
        {
            "name": "repeating_npcaction_-nYXVOHzg5ecJE9MEae7_attack_crit",
            "current": "1d10+2",
            "max": "",
            "id": "-gTiWqd81wcW8aHKulXS"
        },
        {
            "name": "repeating_npcaction_-nYXVOHzg5ecJE9MEae7_attack_crit2",
            "current": "",
            "max": "",
            "id": "-WGA57mjg5tizqhIlzOq"
        },
        {
            "name": "repeating_npcaction_-ojuB6glqChS199Q0Tya_name",
            "current": "Клюв",
            "max": "",
            "id": "-mjNEOUXm0ZTakdE4PTT"
        },
        {
            "name": "repeating_npcaction_-ojuB6glqChS199Q0Tya_description",
            "current": "Рукопашное Оружие: +4 к атаке, досягаемость: 1 клетка, одно существо. Попадание: 7 (2d4 + 2) колющего урона.",
            "max": "",
            "id": "-FyAbd27A0tm1E2dI5yj"
        },
        {
            "name": "repeating_npcaction_-ojuB6glqChS199Q0Tya_attack_flag",
            "current": "on",
            "max": "",
            "id": "-vrydihRDNu7QErx4W5W"
        },
        {
            "name": "repeating_npcaction_-ojuB6glqChS199Q0Tya_attack_tohitrange",
            "current": "+4",
            "max": "",
            "id": "-hrMftTJHj4HXf3kK6Dm"
        },
        {
            "name": "repeating_npcaction_-ojuB6glqChS199Q0Tya_attack_onhit",
            "current": "",
            "max": "",
            "id": "-4w9PCz1YPhsnLiGE2Yy"
        },
        {
            "name": "repeating_npcaction_-ojuB6glqChS199Q0Tya_attack_tohit",
            "current": "4",
            "max": "",
            "id": "-EbAsEe2IoF7KvThMtSi"
        },
        {
            "name": "repeating_npcaction_-ojuB6glqChS199Q0Tya_attack_damage",
            "current": "2d4+2",
            "max": "",
            "id": "-RbkPdFTDnwIuYjChch2"
        },
        {
            "name": "repeating_npcaction_-ojuB6glqChS199Q0Tya_damage_flag",
            "current": "{{damage=1}} {{dmg1flag=1}}",
            "max": "",
            "id": "-U6Z4WRiPtH3XCjoKINh"
        },
        {
            "name": "repeating_npcaction_-ojuB6glqChS199Q0Tya_rollbase",
            "current": "@{wtype}&{template:npcaction} {{attack=1}} @{damage_flag} @{npc_name_flag} {{rname=@{name}}} {{r1=[[@{d20}+(@{attack_tohit})]]}} @{rtype}+(@{attack_tohit})]]}} {{dmg1=[[@{attack_damage}]]}} {{dmg1type=@{attack_damagetype}}} {{dmg2=[[@{attack_damage2}+0]]}} {{dmg2type=@{attack_damagetype2}}} {{crit1=[[@{attack_crit}+0]]}} {{crit2=[[@{attack_crit2}+0]]}} {{description=@{show_desc}}} @{charname_output}",
            "max": "",
            "id": "-CkjDcpeYmP2AiyMswRR"
        },
        {
            "name": "repeating_npcaction_-ojuB6glqChS199Q0Tya_attack_crit",
            "current": "2d4+2",
            "max": "",
            "id": "-XPzeYOFE2x3w9Q5VdDn"
        },
        {
            "name": "repeating_npcaction_-ojuB6glqChS199Q0Tya_attack_crit2",
            "current": "",
            "max": "",
            "id": "-R6OtQBSnaG54JO8eh6f"
        }
    ],
    "abilities": []
}