{
    "schema_version": 2,
    "oldId": "-utp9ShvogM7nHgkxidz",
    "name": "Гуль (Ghoul)",
    "avatar": "https://tentaculus.ru/monsters/img/cute_monsters/GHOUL.jpg",
    "bio": "",
    "gmnotes": "",
    "defaulttoken": "",
    "tags": "[]",
    "controlledby": "",
    "inplayerjournals": "",
    "attribs": [
        {
            "name": "hitdieroll",
            "current": "4",
            "max": "",
            "id": "-UBwfFXZxs1F8GLj7kAJ"
        },
        {
            "name": "showleveler",
            "current": 0,
            "max": "",
            "id": "-oCTeDXUm50d5JZyl44L"
        },
        {
            "name": "invalidXP",
            "current": 0,
            "max": "",
            "id": "-tO6q2ifcf9HWd6x2Vzu"
        },
        {
            "name": "version",
            "current": 4.21,
            "max": "",
            "id": "-XpYHY53AF2tpV2WJ1pU"
        },
        {
            "name": "mancer_confirm_flag",
            "current": "",
            "max": "",
            "id": "-UsVZEpTj8GA2M6KP5HC"
        },
        {
            "name": "mancer_npc",
            "current": "on",
            "max": "",
            "id": "-6JF9pW1zMrfReCEDNje"
        },
        {
            "name": "l1mancer_status",
            "current": "completed",
            "max": "",
            "id": "-pKhpwEYUGTaFhU5qEEC"
        },
        {
            "name": "rtype",
            "current": "@{advantagetoggle}",
            "max": "",
            "id": "-mBsmDqe9iv5x31AlW36"
        },
        {
            "name": "dtype",
            "current": "full",
            "max": "",
            "id": "-qovTw5Wm3z6bEe1OJc6"
        },
        {
            "name": "appliedUpdates",
            "current": "upgrade_to_4_2_1",
            "max": "",
            "id": "-QhR25WPN3Pm4G3IGQZ9"
        },
        {
            "name": "npc",
            "current": "1",
            "max": "",
            "id": "-9XgDl3vJhPHDAgYIcio"
        },
        {
            "name": "npc_options-flag",
            "current": "0",
            "max": "",
            "id": "-t0p1ZjyHhZtRp3QwmsF"
        },
        {
            "name": "ui_flags",
            "current": "",
            "max": "",
            "id": "-jdySFtKxLKf11U2OIdU"
        },
        {
            "name": "npc_name",
            "current": "Гуль (Ghoul)",
            "max": "",
            "id": "-K3lLqQELYowJJH3PRpx"
        },
        {
            "name": "npc_type",
            "current": "нежить хаотично-злое",
            "max": "",
            "id": "-oPMvAfu7QXmHxerPYmA"
        },
        {
            "name": "npc_speed",
            "current": "6 клеток",
            "max": "",
            "id": "-v9VoYjX2OTPQ0x5qf0A"
        },
        {
            "name": "hp",
            "current": "",
            "max": "22",
            "id": "-2OfYV5ASMKsVjh3tT1m"
        },
        {
            "name": "npc_ac",
            "current": "12",
            "max": "",
            "id": "-OIu2j0pS7OMq70OOZMO"
        },
        {
            "name": "ac",
            "current": "12",
            "max": "",
            "id": "-vNHkApNiXm1T6XjtwgP"
        },
        {
            "name": "npc_languages",
            "current": "Общий",
            "max": "",
            "id": "-NEGUDohssmZVOHqdT5d"
        },
        {
            "name": "npc_challenge",
            "current": "1",
            "max": "",
            "id": "-fKcEPmaFvovGR7AZ4rT"
        },
        {
            "name": "passive_wisdom",
            "current": "1",
            "max": "",
            "id": "-KQVNDD1bMVf9tfRxI5Q"
        },
        {
            "name": "initiative_bonus",
            "current": 2,
            "max": "",
            "id": "-OHDCfQrj6T7ikzIFxEV"
        },
        {
            "name": "npc_hpformula",
            "current": "5d8",
            "max": "",
            "id": "-xu4ye3vTv4tf2gVEWTe"
        },
        {
            "name": "strength_base",
            "current": "13",
            "max": "",
            "id": "-MtXCcyANKTGSiTqEUp5"
        },
        {
            "name": "strength_flag",
            "current": "0",
            "max": "",
            "id": "-aSJtrm2QGF2oca1Lzra"
        },
        {
            "name": "strength",
            "current": 13,
            "max": "",
            "id": "-rQmfFtExlqE3DeLEZDe"
        },
        {
            "name": "strength_mod",
            "current": 1,
            "max": "",
            "id": "-Mp4O7RuPh4p3AEjY4cx"
        },
        {
            "name": "npc_str_negative",
            "current": 0,
            "max": "",
            "id": "-auPoiL1r9y5Z5u4xrhi"
        },
        {
            "name": "dexterity_base",
            "current": "15",
            "max": "",
            "id": "-82NnQUGpgdLff2Zgkx1"
        },
        {
            "name": "dexterity_flag",
            "current": "0",
            "max": "",
            "id": "-9Jo9hjej78dqqV10cZP"
        },
        {
            "name": "dexterity",
            "current": 15,
            "max": "",
            "id": "-vG6oJUasJuZlyKhdZAS"
        },
        {
            "name": "dexterity_mod",
            "current": 2,
            "max": "",
            "id": "-LcmBvSkGJsVIAjcdlAE"
        },
        {
            "name": "npc_dex_negative",
            "current": 0,
            "max": "",
            "id": "-cTMrZSjSE1PlFaQhjE8"
        },
        {
            "name": "constitution_base",
            "current": "10",
            "max": "",
            "id": "-QvqavUb5ewLaiJ7GKRS"
        },
        {
            "name": "constitution_flag",
            "current": "0",
            "max": "",
            "id": "-lukE2Nm9aggiuNRx8xT"
        },
        {
            "name": "constitution",
            "current": 10,
            "max": "",
            "id": "-OmjoP50CTmmeG97m8Mv"
        },
        {
            "name": "constitution_mod",
            "current": 0,
            "max": "",
            "id": "-t1M1usWWAFQ6CYRzNff"
        },
        {
            "name": "npc_con_negative",
            "current": 0,
            "max": "",
            "id": "-pqMXUGTqiCp9ynE97Sn"
        },
        {
            "name": "intelligence_base",
            "current": "7",
            "max": "",
            "id": "-hoF0cXMMbzgGajTHbWP"
        },
        {
            "name": "intelligence_flag",
            "current": "0",
            "max": "",
            "id": "-d2p4XmZkzR2MwXy2oKf"
        },
        {
            "name": "intelligence",
            "current": 7,
            "max": "",
            "id": "-Kso09u3NOBw3kuLXhTe"
        },
        {
            "name": "intelligence_mod",
            "current": -2,
            "max": "",
            "id": "-epktMd2kYquepnetJh2"
        },
        {
            "name": "npc_int_negative",
            "current": 1,
            "max": "",
            "id": "-7VHyF3757qJZiUE5Fie"
        },
        {
            "name": "wisdom_base",
            "current": "10",
            "max": "",
            "id": "-QrIllSOzVBkbIVfHJ5a"
        },
        {
            "name": "wisdom_flag",
            "current": "0",
            "max": "",
            "id": "-MwLWFixYYvVuIXgqCpF"
        },
        {
            "name": "wisdom",
            "current": 10,
            "max": "",
            "id": "-jxDM8JEIRWTOoXfepnL"
        },
        {
            "name": "wisdom_mod",
            "current": 0,
            "max": "",
            "id": "-tv6xqFFWSLSNXOJ9rWz"
        },
        {
            "name": "npc_wis_negative",
            "current": 0,
            "max": "",
            "id": "-ly2vvQyiwXjXSq1Wshw"
        },
        {
            "name": "charisma_base",
            "current": "6",
            "max": "",
            "id": "-imzYQS5jO10MXYRZpWN"
        },
        {
            "name": "charisma_flag",
            "current": "0",
            "max": "",
            "id": "-ngwaZAW5YcgS4GYCQgp"
        },
        {
            "name": "charisma",
            "current": 6,
            "max": "",
            "id": "-iHijrIzYfTMUWX5xaCL"
        },
        {
            "name": "charisma_mod",
            "current": -2,
            "max": "",
            "id": "-R6NyAYMzG7QHZOYiFgR"
        },
        {
            "name": "npc_cha_negative",
            "current": 1,
            "max": "",
            "id": "-2f0WlHybvb3fFgqGqn5"
        },
        {
            "name": "npc_condition_immunities",
            "current": "отравление",
            "max": "",
            "id": "-qt0ddnsC44w5q1yMkkl"
        },
        {
            "name": "npc_senses",
            "current": "темнозрение 12 клетки",
            "max": "",
            "id": "-YsebvEzwCGbcjY1e9EH"
        },
        {
            "name": "repeating_npcaction_-Cm6JyNdBYejgUYwb3eB_name",
            "current": "Укус",
            "max": "",
            "id": "-lxKdjJP7PnWbW7V2Q54"
        },
        {
            "name": "repeating_npcaction_-Cm6JyNdBYejgUYwb3eB_description",
            "current": "Рукопашное Оружие: +2 к атаке, досягаемость: 1 клетка, одно существо. Попадание: 9 (2d6 + 2) колющего урона.",
            "max": "",
            "id": "-NmOc9jL7pSgFJQMKFa8"
        },
        {
            "name": "repeating_npcaction_-Cm6JyNdBYejgUYwb3eB_attack_flag",
            "current": "on",
            "max": "",
            "id": "-ig3j2CX87IVZ0L6fpMv"
        },
        {
            "name": "repeating_npcaction_-Cm6JyNdBYejgUYwb3eB_attack_tohitrange",
            "current": "+2",
            "max": "",
            "id": "-WOtQgp43jI3FTTLASRr"
        },
        {
            "name": "repeating_npcaction_-Cm6JyNdBYejgUYwb3eB_attack_onhit",
            "current": "",
            "max": "",
            "id": "-85xaSk8giDwuy2p685o"
        },
        {
            "name": "repeating_npcaction_-Cm6JyNdBYejgUYwb3eB_attack_tohit",
            "current": "2",
            "max": "",
            "id": "-mpZgRes5UgpqYt0rlzK"
        },
        {
            "name": "repeating_npcaction_-Cm6JyNdBYejgUYwb3eB_attack_damage",
            "current": "2d6+2",
            "max": "",
            "id": "-Ox1XRBOfcrJXmEpWO1V"
        },
        {
            "name": "repeating_npcaction_-Cm6JyNdBYejgUYwb3eB_damage_flag",
            "current": "{{damage=1}} {{dmg1flag=1}}",
            "max": "",
            "id": "-EcNtZVsW8rZsAl3VFpH"
        },
        {
            "name": "repeating_npcaction_-Cm6JyNdBYejgUYwb3eB_rollbase",
            "current": "@{wtype}&{template:npcaction} {{attack=1}} @{damage_flag} @{npc_name_flag} {{rname=@{name}}} {{r1=[[@{d20}+(@{attack_tohit})]]}} @{rtype}+(@{attack_tohit})]]}} {{dmg1=[[@{attack_damage}]]}} {{dmg1type=@{attack_damagetype}}} {{dmg2=[[@{attack_damage2}+0]]}} {{dmg2type=@{attack_damagetype2}}} {{crit1=[[@{attack_crit}+0]]}} {{crit2=[[@{attack_crit2}+0]]}} {{description=@{show_desc}}} @{charname_output}",
            "max": "",
            "id": "-LnwzMGWHNKROTcGO6mu"
        },
        {
            "name": "repeating_npcaction_-Cm6JyNdBYejgUYwb3eB_attack_crit",
            "current": "2d6+2",
            "max": "",
            "id": "-5vR0FFv2tPZDqm46yYV"
        },
        {
            "name": "repeating_npcaction_-Cm6JyNdBYejgUYwb3eB_attack_crit2",
            "current": "",
            "max": "",
            "id": "-V1yol2RLN0KMjNSKsnt"
        },
        {
            "name": "repeating_npcaction_-c0q5g9EvNQ5kpvsee0n_name",
            "current": "Когти",
            "max": "",
            "id": "-QDybDPAjPCiOwVs3zSh"
        },
        {
            "name": "repeating_npcaction_-c0q5g9EvNQ5kpvsee0n_description",
            "current": "Рукопашное Оружие: +4 к атаке, досягаемость: 1 клетка, одна цель. Попадание: 7 (2d4 + 2) рубящего урона. Если цель - существо и при этом не эльф или нежить, оно должно бросить спасбросок сложностью 10 по Телосложению или оно станет парализованным на 1 минуту. Цель может повторять спасбросок в конце каждого своего хода. В случае успешного спасброска эффект заканчивается.",
            "max": "",
            "id": "-4fSR9qUV1DRFR3fK0wi"
        },
        {
            "name": "repeating_npcaction_-c0q5g9EvNQ5kpvsee0n_attack_tohitrange",
            "current": "+0",
            "max": "",
            "id": "-81SEWnz38LScnsSDcyh"
        },
        {
            "name": "repeating_npcaction_-c0q5g9EvNQ5kpvsee0n_attack_onhit",
            "current": "",
            "max": "",
            "id": "-GoaUXgKGJPGaDPMq7ap"
        },
        {
            "name": "repeating_npcaction_-c0q5g9EvNQ5kpvsee0n_damage_flag",
            "current": "",
            "max": "",
            "id": "-jp5au4EukuTzJbQjSDf"
        },
        {
            "name": "repeating_npcaction_-c0q5g9EvNQ5kpvsee0n_attack_crit",
            "current": "",
            "max": "",
            "id": "-hzhOeiwlGeDz3njaYZs"
        },
        {
            "name": "repeating_npcaction_-c0q5g9EvNQ5kpvsee0n_attack_crit2",
            "current": "",
            "max": "",
            "id": "-RlEfzvMLjr6HwQsGRLm"
        },
        {
            "name": "repeating_npcaction_-c0q5g9EvNQ5kpvsee0n_rollbase",
            "current": "@{wtype}&{template:npcaction} @{npc_name_flag} {{rname=@{name}}} {{description=@{show_desc}}} @{charname_output}",
            "max": "",
            "id": "-6tcfHaVJKaleC4Y2FHJ"
        }
    ],
    "abilities": []
}