{
    "schema_version": 2,
    "oldId": "-dplWdAx88jJxDgy68Qq",
    "name": "Дикий грунг [Grung wildling]",
    "avatar": "https://tentaculus.ru/monsters/img/cute_monsters/GRUNG_WILDLING.jpg",
    "bio": "",
    "gmnotes": "",
    "defaulttoken": "",
    "tags": "[]",
    "controlledby": "",
    "inplayerjournals": "",
    "attribs": [
        {
            "name": "hitdieroll",
            "current": "4",
            "max": "",
            "id": "-QAcnr2FBcL7SyYXulpK"
        },
        {
            "name": "showleveler",
            "current": 0,
            "max": "",
            "id": "-fyHFdM0X2jp0rKmKSUj"
        },
        {
            "name": "invalidXP",
            "current": 0,
            "max": "",
            "id": "-MqliNhtEkMoLv6GOpQ1"
        },
        {
            "name": "version",
            "current": 4.21,
            "max": "",
            "id": "-9h9JOtAfrhBdgmRZkEV"
        },
        {
            "name": "mancer_confirm_flag",
            "current": "",
            "max": "",
            "id": "-2LBBqZKigSxOn0DqrWq"
        },
        {
            "name": "mancer_npc",
            "current": "on",
            "max": "",
            "id": "-aigivG0NPSFVlExG3Dt"
        },
        {
            "name": "l1mancer_status",
            "current": "completed",
            "max": "",
            "id": "-A6YB9hbEA3hJxyoSs6q"
        },
        {
            "name": "rtype",
            "current": "@{advantagetoggle}",
            "max": "",
            "id": "-dwrCu13NjgjaosSpSxA"
        },
        {
            "name": "dtype",
            "current": "full",
            "max": "",
            "id": "-AFstrc8NfFDwERIj7Da"
        },
        {
            "name": "appliedUpdates",
            "current": "upgrade_to_4_2_1",
            "max": "",
            "id": "-s3nU0DGrpayvzF5lxBR"
        },
        {
            "name": "npc",
            "current": "1",
            "max": "",
            "id": "-v72WnOo4EqfPccsn4QW"
        },
        {
            "name": "npc_options-flag",
            "current": "0",
            "max": "",
            "id": "-Rs5YcgK4ktEgllxNdKn"
        },
        {
            "name": "ui_flags",
            "current": "",
            "max": "",
            "id": "-xF4eSSYwJBj8yYokwTT"
        },
        {
            "name": "npc_name",
            "current": "Дикий грунг [Grung wildling]",
            "max": "",
            "id": "-XgJCdaZl8Qc4bjOfVy3"
        },
        {
            "name": "npc_type",
            "current": "гуманоид (грунг) законно-злой",
            "max": "",
            "id": "-7uXQA3oVJFwLGJaLojh"
        },
        {
            "name": "npc_speed",
            "current": "5 клеток, взбирание 5 клеток",
            "max": "",
            "id": "-3ZhKA3Y0JiTn2NbOWSD"
        },
        {
            "name": "hp",
            "current": "",
            "max": "27",
            "id": "-u5Q6wEdddlHJQKNLl4f"
        },
        {
            "name": "npc_ac",
            "current": "13 (16 с дубовой корой [barkskin])",
            "max": "",
            "id": "-I4p5SRPiF8fSBu7tQfk"
        },
        {
            "name": "ac",
            "current": "13 (16 с дубовой корой [barkskin])",
            "max": "",
            "id": "-HGIToL24RUY6uN12lQX"
        },
        {
            "name": "npc_languages",
            "current": "Грунгский",
            "max": "",
            "id": "-G1Iuaz1EQvOZWAiaoij"
        },
        {
            "name": "npc_challenge",
            "current": "1",
            "max": "",
            "id": "-r1yWHtEGVuFFsOn2vaU"
        },
        {
            "name": "passive_wisdom",
            "current": "1",
            "max": "",
            "id": "-8QtM16BlbMXoix4ktrg"
        },
        {
            "name": "initiative_bonus",
            "current": 3,
            "max": "",
            "id": "-dS6adpD9NEamYBUqZOK"
        },
        {
            "name": "npc_hpformula",
            "current": "5d6 + 10",
            "max": "",
            "id": "-6CqzhISvLAk0rolZbok"
        },
        {
            "name": "strength_base",
            "current": "7",
            "max": "",
            "id": "-xKr8HTGVNnrExqAecw3"
        },
        {
            "name": "strength_flag",
            "current": "0",
            "max": "",
            "id": "-8sdN5ijdqM8OmaeIx6g"
        },
        {
            "name": "strength",
            "current": 7,
            "max": "",
            "id": "-x7MZcWwWOBh8rlpAuxX"
        },
        {
            "name": "strength_mod",
            "current": -2,
            "max": "",
            "id": "-4J0Sg0ikAojMFER1zyU"
        },
        {
            "name": "npc_str_negative",
            "current": 1,
            "max": "",
            "id": "-KZDxgC0DL0us4o5ZARl"
        },
        {
            "name": "dexterity_base",
            "current": "16",
            "max": "",
            "id": "-LHegfarWxtbMqWJhYLm"
        },
        {
            "name": "dexterity_flag",
            "current": "0",
            "max": "",
            "id": "-TQ9aEVO7AOZk9c7TAbr"
        },
        {
            "name": "dexterity",
            "current": 16,
            "max": "",
            "id": "-ePRjjM2bfT6mL02lSu8"
        },
        {
            "name": "dexterity_mod",
            "current": 3,
            "max": "",
            "id": "-x26oMGlBZuvywAiROvE"
        },
        {
            "name": "npc_dex_negative",
            "current": 0,
            "max": "",
            "id": "-SzxBamN6W8RkHHAknn6"
        },
        {
            "name": "constitution_base",
            "current": "15",
            "max": "",
            "id": "-TvR3SuLJNraPHlYFD0I"
        },
        {
            "name": "constitution_flag",
            "current": "0",
            "max": "",
            "id": "-Xq1zgSP6nwU9vtCWoR0"
        },
        {
            "name": "constitution",
            "current": 15,
            "max": "",
            "id": "-JUjm2dXBVYd74cgj13R"
        },
        {
            "name": "constitution_mod",
            "current": 2,
            "max": "",
            "id": "-CkheITFZhYzFm4GaDWP"
        },
        {
            "name": "npc_con_negative",
            "current": 0,
            "max": "",
            "id": "-zIcQwvc0x2IJU32JPJj"
        },
        {
            "name": "intelligence_base",
            "current": "10",
            "max": "",
            "id": "-Q1R3UMVE7vMsxPggmwU"
        },
        {
            "name": "intelligence_flag",
            "current": "0",
            "max": "",
            "id": "-62H1CzqPdjSxqVwUifv"
        },
        {
            "name": "intelligence",
            "current": 10,
            "max": "",
            "id": "-BtjCt8RnvxlmDPgCBqN"
        },
        {
            "name": "intelligence_mod",
            "current": 0,
            "max": "",
            "id": "-bUcB2RULE7TYt59QHKe"
        },
        {
            "name": "npc_int_negative",
            "current": 0,
            "max": "",
            "id": "-GRLx3Ra0RewJKOFr07a"
        },
        {
            "name": "wisdom_base",
            "current": "15",
            "max": "",
            "id": "-5Ij96LJKQbbqOK8ils3"
        },
        {
            "name": "wisdom_flag",
            "current": "0",
            "max": "",
            "id": "-HHzaleDn7imxcus9Wcc"
        },
        {
            "name": "wisdom",
            "current": 15,
            "max": "",
            "id": "-E9ip75Rpd1dXcUUG7CF"
        },
        {
            "name": "wisdom_mod",
            "current": 2,
            "max": "",
            "id": "-DODLX2ikw0sTljtC30Z"
        },
        {
            "name": "npc_wis_negative",
            "current": 0,
            "max": "",
            "id": "-yOAp88cM4rMo0fyeryp"
        },
        {
            "name": "charisma_base",
            "current": "11",
            "max": "",
            "id": "-pWo7RAlDVMj0LHlClhQ"
        },
        {
            "name": "charisma_flag",
            "current": "0",
            "max": "",
            "id": "-hFGfJCt7VKXVhjqH5Yl"
        },
        {
            "name": "charisma",
            "current": 11,
            "max": "",
            "id": "-tknsF1RjXa3dpmYSjj9"
        },
        {
            "name": "charisma_mod",
            "current": 0,
            "max": "",
            "id": "-QDM2uBwxjrvydexqmyg"
        },
        {
            "name": "npc_cha_negative",
            "current": 0,
            "max": "",
            "id": "-WcbayHTdBPXtzVP3l4l"
        },
        {
            "name": "npc_skills_flag",
            "current": 3,
            "max": "",
            "id": "-VvLj001WeWd5NA0vqcc"
        },
        {
            "name": "npc_athletics_base",
            "current": "2",
            "max": "",
            "id": "-lxps1vbYh4SuAsj4oGX"
        },
        {
            "name": "npc_athletics_flag",
            "current": "1",
            "max": "",
            "id": "-IRX3qVr8IThjbj47pdD"
        },
        {
            "name": "npc_athletics",
            "current": 2,
            "max": "",
            "id": "-fTmctxa7ULaAv8Kfec2"
        },
        {
            "name": "npc_perception_base",
            "current": "4",
            "max": "",
            "id": "-vivcpRmfDFdBKUt8c0u"
        },
        {
            "name": "npc_perception_flag",
            "current": "1",
            "max": "",
            "id": "-I12DzVrsK26KVUYPCJD"
        },
        {
            "name": "npc_perception",
            "current": 4,
            "max": "",
            "id": "-FSilYLqZ9CRg4aDdEDY"
        },
        {
            "name": "npc_stealth_base",
            "current": "5",
            "max": "",
            "id": "-Ba9nA265JvgJoc7p8gU"
        },
        {
            "name": "npc_stealth_flag",
            "current": "1",
            "max": "",
            "id": "-0CNZicqER2ACDlku3wI"
        },
        {
            "name": "npc_stealth",
            "current": 5,
            "max": "",
            "id": "-BbedJmXpLY6Oj3qJ9z8"
        },
        {
            "name": "npc_survival_base",
            "current": "4",
            "max": "",
            "id": "-RR8SOpR9hfCYDXm4Oo7"
        },
        {
            "name": "npc_survival_flag",
            "current": "1",
            "max": "",
            "id": "-u1DS6d1pwpUZLiYLBfp"
        },
        {
            "name": "npc_survival",
            "current": 4,
            "max": "",
            "id": "-WgkVnw3XCzUHnHyspOL"
        },
        {
            "name": "npc_saving_flag",
            "current": 7,
            "max": "",
            "id": "-s1O5E3bZ62camvElc2v"
        },
        {
            "name": "npc_dex_save_base",
            "current": "5",
            "max": "",
            "id": "-olpKsSlJUCLaFgPQDTT"
        },
        {
            "name": "npc_dex_save_flag",
            "current": 1,
            "max": "",
            "id": "-anrqOe0Xa0Pg6U4GbKS"
        },
        {
            "name": "npc_dex_save",
            "current": 5,
            "max": "",
            "id": "-Atdtjjurq721m24yKID"
        },
        {
            "name": "npc_immunities",
            "current": "яд",
            "max": "",
            "id": "-4K0c0QS0YOrNDwPN6Ul"
        },
        {
            "name": "npc_condition_immunities",
            "current": "отравлен",
            "max": "",
            "id": "-j31SDmpYiAuONHteXnI"
        },
        {
            "name": "repeating_npcaction_-elzdrQBKDMnk5PlqWcj_name",
            "current": "Кинжал",
            "max": "",
            "id": "-93ZuvEdc2ucNfLQkcdM"
        },
        {
            "name": "repeating_npcaction_-elzdrQBKDMnk5PlqWcj_description",
            "current": "Рукопашная или Дальнобойная атака оружием: +5 к попаданию, досягаемость 5 фт. или дистанция 20/60 фт., одна цель. Попадание: 5 (1к4+3) колющего урона и цель должна успешно пройти спасбросок Телосложения Сл 12 или получить 5 (2к4) урона ядом.",
            "max": "",
            "id": "-f08STl9LqmBq2zgpJhJ"
        },
        {
            "name": "repeating_npcaction_-elzdrQBKDMnk5PlqWcj_attack_tohitrange",
            "current": "+0",
            "max": "",
            "id": "-mC7etkUeXhgsS15x76p"
        },
        {
            "name": "repeating_npcaction_-elzdrQBKDMnk5PlqWcj_attack_onhit",
            "current": "",
            "max": "",
            "id": "-KiXFkXSSABDTg6XDew8"
        },
        {
            "name": "repeating_npcaction_-elzdrQBKDMnk5PlqWcj_damage_flag",
            "current": "",
            "max": "",
            "id": "-whJ0lqTOSJ1e3eVcMIb"
        },
        {
            "name": "repeating_npcaction_-elzdrQBKDMnk5PlqWcj_attack_crit",
            "current": "",
            "max": "",
            "id": "-LDInaFbIuQwo8kRK3HJ"
        },
        {
            "name": "repeating_npcaction_-elzdrQBKDMnk5PlqWcj_attack_crit2",
            "current": "",
            "max": "",
            "id": "-OuaPPXJQazzQvYDlD8r"
        },
        {
            "name": "repeating_npcaction_-elzdrQBKDMnk5PlqWcj_rollbase",
            "current": "@{wtype}&{template:npcaction} @{npc_name_flag} {{rname=@{name}}} {{description=@{show_desc}}} @{charname_output}",
            "max": "",
            "id": "-xVpPSzEh8QhbQ7rqG6E"
        },
        {
            "name": "repeating_npcaction_-H3LnEQnYVuzFB2cYFZM_name",
            "current": "Короткий лук",
            "max": "",
            "id": "-EupXOaPHLBQKbnXQGsw"
        },
        {
            "name": "repeating_npcaction_-H3LnEQnYVuzFB2cYFZM_description",
            "current": "Дальнобойная атака оружием: +5 к попаданию, дистанция 80/320 фт., одна цель. Попадание: 6 (1к6 + 3) колющего урона и цель должна успешно пройти спасбросок Телосложения Сл 12 или получить 5 (2к4) урона ядом.",
            "max": "",
            "id": "-kMRAxpYVk2AvO0UdWwP"
        },
        {
            "name": "repeating_npcaction_-H3LnEQnYVuzFB2cYFZM_attack_tohitrange",
            "current": "+0",
            "max": "",
            "id": "-O9j3O39CzHpzTiexUle"
        },
        {
            "name": "repeating_npcaction_-H3LnEQnYVuzFB2cYFZM_attack_onhit",
            "current": "",
            "max": "",
            "id": "-kvKYn6qXCTm3jNytUIc"
        },
        {
            "name": "repeating_npcaction_-H3LnEQnYVuzFB2cYFZM_damage_flag",
            "current": "",
            "max": "",
            "id": "-hTFSylYkFFjSwshZMU8"
        },
        {
            "name": "repeating_npcaction_-H3LnEQnYVuzFB2cYFZM_attack_crit",
            "current": "",
            "max": "",
            "id": "-rTtP07Os2NyAvbEVvwm"
        },
        {
            "name": "repeating_npcaction_-H3LnEQnYVuzFB2cYFZM_attack_crit2",
            "current": "",
            "max": "",
            "id": "-myCYjZtknfb72YDzkrQ"
        },
        {
            "name": "repeating_npcaction_-H3LnEQnYVuzFB2cYFZM_rollbase",
            "current": "@{wtype}&{template:npcaction} @{npc_name_flag} {{rname=@{name}}} {{description=@{show_desc}}} @{charname_output}",
            "max": "",
            "id": "-lx5boTdHvv5KsCqjqdj"
        },
        {
            "name": "repeating_npctrait_-69lBVi8ZB6BTfPhQ68Y_name",
            "current": "Амфибия",
            "max": "",
            "id": "-KiJcjrR0aAGwymKPFn0"
        },
        {
            "name": "repeating_npctrait_-69lBVi8ZB6BTfPhQ68Y_description",
            "current": "Грунг может дышать и на воздухе и под водой.",
            "max": "",
            "id": "-xyymNf0iBDyPGTAIR1t"
        },
        {
            "name": "repeating_npctrait_-OKxWG59NPSYasgU8iki_name",
            "current": "Ядовитая Кожа",
            "max": "",
            "id": "-zaVdQ9xB9nRlKGcuBKT"
        },
        {
            "name": "repeating_npctrait_-OKxWG59NPSYasgU8iki_description",
            "current": "Любое существо, которое берет грунга в захват или как-то еще входит в прямой контакт с его кожей, должно успешно пройти спасбросок Телосложения Сл 12 или стать отравленным на 1 минуту. Отравленное существо, которое не находится в прямом контакте с грунгом, может повторять спасбросок в конце каждого своего хода, прекратив эффект при успехе.",
            "max": "",
            "id": "-GD4GGrhLrib7dDcpStj"
        },
        {
            "name": "repeating_npctrait_-9Lh5M55obYTV0YXDMez_name",
            "current": "Колдовство",
            "max": "",
            "id": "-Ujn7jr6WR3iEHoS80uM"
        },
        {
            "name": "repeating_spell-1_-pvBV3rSdmA8jEkoxlkF_spellname",
            "current": "ИСЦЕЛЕНИЕ РАН",
            "max": "",
            "id": "-Ii7WjIpHK9aAMmqCGfa"
        },
        {
            "name": "repeating_spell-1_-pvBV3rSdmA8jEkoxlkF_spellschool",
            "current": "evocation",
            "max": "",
            "id": "-NolqZR50mIB1CbedRPj"
        },
        {
            "name": "repeating_spell-1_-pvBV3rSdmA8jEkoxlkF_spellcastingtime",
            "current": "1 действие",
            "max": "",
            "id": "-Aadaq3A0uJk814q68W9"
        },
        {
            "name": "repeating_spell-1_-pvBV3rSdmA8jEkoxlkF_spellrange",
            "current": "Касание",
            "max": "",
            "id": "-zT7kYqXeVGiFUj0nT13"
        },
        {
            "name": "repeating_spell-1_-pvBV3rSdmA8jEkoxlkF_spelltarget",
            "current": "",
            "max": "",
            "id": "-DIwglWMm7C8HGSc6chc"
        },
        {
            "name": "repeating_spell-1_-pvBV3rSdmA8jEkoxlkF_spellcomp_materials",
            "current": "",
            "max": "",
            "id": "-QqfshkIjYc9eXE53oUO"
        },
        {
            "name": "repeating_spell-1_-pvBV3rSdmA8jEkoxlkF_spelldescription",
            "current": "Существо, которого вы касаетесь, восстанавливает ОЗ, равное 1d8 + ваш модификатор параметра заклинаний. Это заклинание не действует на нежить и големов. На более высоких кругах. Если вы произносите заклинание, используя ячейку 2 круга или выше, то объем исцеления увеличивается на 1d8 за каждый круг выше первого.",
            "max": "",
            "id": "-sLmnrcas8Hhr0zXe320"
        },
        {
            "name": "repeating_spell-1_-pvBV3rSdmA8jEkoxlkF_spellduration",
            "current": "Мгновенно",
            "max": "",
            "id": "-RtcrtEmGNP0raABffVJ"
        },
        {
            "name": "repeating_spell-1_-pvBV3rSdmA8jEkoxlkF_spellcomp_v",
            "current": "{{v=1}}",
            "max": "",
            "id": "-bXdFZG6OzstOtBGS9x1"
        },
        {
            "name": "repeating_spell-1_-pvBV3rSdmA8jEkoxlkF_spellcomp_s",
            "current": "{{s=1}}",
            "max": "",
            "id": "-nq3vTCvr55upm1VeXyV"
        },
        {
            "name": "repeating_spell-1_-pvBV3rSdmA8jEkoxlkF_spellcomp_m",
            "current": "0",
            "max": "",
            "id": "-hNyakL6URWXr63qAw9r"
        },
        {
            "name": "repeating_spell-1_-pvBV3rSdmA8jEkoxlkF_spellsource",
            "current": "PHB",
            "max": "",
            "id": "-X7ujLUw5PRpPLF2N4Xb"
        },
        {
            "name": "repeating_spell-1_-pvBV3rSdmA8jEkoxlkF_details-flag",
            "current": "0",
            "max": "",
            "id": "-lJveQf6TP8TnF1c6gyp"
        },
        {
            "name": "repeating_spell-1_-pvBV3rSdmA8jEkoxlkF_options-flag",
            "current": "0",
            "max": "",
            "id": "-48tDHD2GMpZR5SyLzwX"
        },
        {
            "name": "repeating_spell-1_-X09B8xGJi9GzFp7PDjR_spellname",
            "current": "ПРЫЖОК",
            "max": "",
            "id": "-iGjhqm0vrdtw2psgPQU"
        },
        {
            "name": "repeating_spell-1_-X09B8xGJi9GzFp7PDjR_spellschool",
            "current": "transmutation",
            "max": "",
            "id": "-Q6IbhbUqWqZlyBa7MzK"
        },
        {
            "name": "repeating_spell-1_-X09B8xGJi9GzFp7PDjR_spellcastingtime",
            "current": "1 действие",
            "max": "",
            "id": "-OFDP0OVPJQp240g8Zgv"
        },
        {
            "name": "repeating_spell-1_-X09B8xGJi9GzFp7PDjR_spellrange",
            "current": "Касание",
            "max": "",
            "id": "-lsthU3caVDovHr2c8za"
        },
        {
            "name": "repeating_spell-1_-X09B8xGJi9GzFp7PDjR_spelltarget",
            "current": "",
            "max": "",
            "id": "-u4ij9vzGL1TRW1VTrld"
        },
        {
            "name": "repeating_spell-1_-X09B8xGJi9GzFp7PDjR_spellcomp_materials",
            "current": "задняя ножка кузнечика",
            "max": "",
            "id": "-5eXn6wnJHXNwo2cbsS3"
        },
        {
            "name": "repeating_spell-1_-X09B8xGJi9GzFp7PDjR_spelldescription",
            "current": "Вы касаетесь существа. Пока действует заклинание, его дальность прыжка увеличивается втрое.",
            "max": "",
            "id": "-jdfRCILP1phXhgdlCNb"
        },
        {
            "name": "repeating_spell-1_-X09B8xGJi9GzFp7PDjR_spellduration",
            "current": "1 минута",
            "max": "",
            "id": "-dno5qkfhJCNvG1htAQT"
        },
        {
            "name": "repeating_spell-1_-X09B8xGJi9GzFp7PDjR_spellcomp_v",
            "current": "{{v=1}}",
            "max": "",
            "id": "-rEYhuQNzx8yy9uZjsMw"
        },
        {
            "name": "repeating_spell-1_-X09B8xGJi9GzFp7PDjR_spellcomp_s",
            "current": "{{s=1}}",
            "max": "",
            "id": "-6qzepwpIuJgH5cOby8Z"
        },
        {
            "name": "repeating_spell-1_-X09B8xGJi9GzFp7PDjR_spellcomp_m",
            "current": "{{m=1}}",
            "max": "",
            "id": "-mASWI23nfxvTgK3QY6a"
        },
        {
            "name": "repeating_spell-1_-X09B8xGJi9GzFp7PDjR_spellsource",
            "current": "PHB",
            "max": "",
            "id": "-5Wk7M5wUUrdnVnFax3Y"
        },
        {
            "name": "repeating_spell-1_-X09B8xGJi9GzFp7PDjR_details-flag",
            "current": "0",
            "max": "",
            "id": "-47h8zmKsfcsGewOHwLa"
        },
        {
            "name": "repeating_spell-1_-X09B8xGJi9GzFp7PDjR_options-flag",
            "current": "0",
            "max": "",
            "id": "-DxqlHYhKFKVu9dLVCH7"
        },
        {
            "name": "repeating_spell-2_-G94ChDh2B7eFb2zJFb1_spellname",
            "current": "ДУБОВАЯ КОЖА",
            "max": "",
            "id": "-SoNz7lPn8QryhQwEUbf"
        },
        {
            "name": "repeating_spell-2_-G94ChDh2B7eFb2zJFb1_spellschool",
            "current": "transmutation",
            "max": "",
            "id": "-JesrDnetdj2WsjwQ5Q9"
        },
        {
            "name": "repeating_spell-2_-G94ChDh2B7eFb2zJFb1_spellcastingtime",
            "current": "1 действие",
            "max": "",
            "id": "-6yWMibnQLl3OHxUb6Un"
        },
        {
            "name": "repeating_spell-2_-G94ChDh2B7eFb2zJFb1_spellrange",
            "current": "Касание",
            "max": "",
            "id": "-25Sj84tJOHSrXpE1tWv"
        },
        {
            "name": "repeating_spell-2_-G94ChDh2B7eFb2zJFb1_spelltarget",
            "current": "",
            "max": "",
            "id": "-wkxPjM37verz1HZuf9d"
        },
        {
            "name": "repeating_spell-2_-G94ChDh2B7eFb2zJFb1_spellcomp_materials",
            "current": "горсть дубовой коры",
            "max": "",
            "id": "-zR66tCxzoHpfVGlQPzB"
        },
        {
            "name": "repeating_spell-2_-G94ChDh2B7eFb2zJFb1_spelldescription",
            "current": "Вы касаетесь согласного существа. Пока заклинание не закончится, кожа цели становится грубой и похожей на кору. КБ существа не может опуститься ниже 16, независимо от одетых на нем доспехов.",
            "max": "",
            "id": "-l8kVfsCIHFijeEWmxvi"
        },
        {
            "name": "repeating_spell-2_-G94ChDh2B7eFb2zJFb1_spellduration",
            "current": "Конц-я, до 1 часа",
            "max": "",
            "id": "-71qybveWnvBeyhR39kY"
        },
        {
            "name": "repeating_spell-2_-G94ChDh2B7eFb2zJFb1_spellcomp_v",
            "current": "{{v=1}}",
            "max": "",
            "id": "-Hk9p3GnwEUdZuiPIcRV"
        },
        {
            "name": "repeating_spell-2_-G94ChDh2B7eFb2zJFb1_spellcomp_s",
            "current": "{{s=1}}",
            "max": "",
            "id": "-ArMDL0fJyCCPVXGyqDT"
        },
        {
            "name": "repeating_spell-2_-G94ChDh2B7eFb2zJFb1_spellcomp_m",
            "current": "{{m=1}}",
            "max": "",
            "id": "-PemuqB6y6w7X8JMVuAs"
        },
        {
            "name": "repeating_spell-2_-G94ChDh2B7eFb2zJFb1_spellsource",
            "current": "",
            "max": "",
            "id": "-16a8o731xkqUFSfouSa"
        },
        {
            "name": "repeating_spell-2_-G94ChDh2B7eFb2zJFb1_details-flag",
            "current": "0",
            "max": "",
            "id": "-567IiXiWujcFxwmajmb"
        },
        {
            "name": "repeating_spell-2_-G94ChDh2B7eFb2zJFb1_options-flag",
            "current": "0",
            "max": "",
            "id": "-audSKGlJGEt4HUtlEI9"
        },
        {
            "name": "repeating_spell-2_-xNJnkR7UC7ejyHh57B3_spellname",
            "current": "РОСТ ШИПОВ",
            "max": "",
            "id": "-F6GEuI1NVnDHmv3xxoz"
        },
        {
            "name": "repeating_spell-2_-xNJnkR7UC7ejyHh57B3_spellschool",
            "current": "transmutation",
            "max": "",
            "id": "-a2iRKLtZj2mGQrt4SLb"
        },
        {
            "name": "repeating_spell-2_-xNJnkR7UC7ejyHh57B3_spellcastingtime",
            "current": "1 действие",
            "max": "",
            "id": "-4whcl3DYYnfD9js073Q"
        },
        {
            "name": "repeating_spell-2_-xNJnkR7UC7ejyHh57B3_spellrange",
            "current": "150 футов",
            "max": "",
            "id": "-SU8HnARziYeExfAYZIE"
        },
        {
            "name": "repeating_spell-2_-xNJnkR7UC7ejyHh57B3_spelltarget",
            "current": "",
            "max": "",
            "id": "-MRYMM3RnJAIA4gLVRoq"
        },
        {
            "name": "repeating_spell-2_-xNJnkR7UC7ejyHh57B3_spellcomp_materials",
            "current": "семь шипов или маленьких веточек, заостренных с одного конца",
            "max": "",
            "id": "-MRh6Z53auT4Vse0EL9e"
        },
        {
            "name": "repeating_spell-2_-xNJnkR7UC7ejyHh57B3_spelldescription",
            "current": "из земли в радиусе 20 футов вокруг выбранной вами точки в пределах дальности заклинания вырастают твердые шипы. Область становится труднопроходимой на время действия заклинания. Каждое существо, которое заходит в область, получает 2d4 колющего урона через каждые 5 футов.   Это преобразование замаскировано так, чтобы казаться естественным. Любое существо, которое не видело область в момент произнесения заклинания, должно сделать проверку по Мудрости (Восприятие) против вашего КС заклинаний, чтобы определить, что эта область опасна.",
            "max": "",
            "id": "-IQXGXK1W9IiA3vS2Txm"
        },
        {
            "name": "repeating_spell-2_-xNJnkR7UC7ejyHh57B3_spellduration",
            "current": "Конц-я, до 10 мин",
            "max": "",
            "id": "-fdVh862bTGbCjQCPYJp"
        },
        {
            "name": "repeating_spell-2_-xNJnkR7UC7ejyHh57B3_spellcomp_v",
            "current": "{{v=1}}",
            "max": "",
            "id": "-BbYKwNz8vH8qvcAfaED"
        },
        {
            "name": "repeating_spell-2_-xNJnkR7UC7ejyHh57B3_spellcomp_s",
            "current": "{{s=1}}",
            "max": "",
            "id": "-G3bmNOA5GEnBfCyBrK4"
        },
        {
            "name": "repeating_spell-2_-xNJnkR7UC7ejyHh57B3_spellcomp_m",
            "current": "{{m=1}}",
            "max": "",
            "id": "-Jzy5OwnrRY1TdJBYPdn"
        },
        {
            "name": "repeating_spell-2_-xNJnkR7UC7ejyHh57B3_spellsource",
            "current": "",
            "max": "",
            "id": "-Iq1L3SuFR5QHxDBNe6R"
        },
        {
            "name": "repeating_spell-2_-xNJnkR7UC7ejyHh57B3_details-flag",
            "current": "0",
            "max": "",
            "id": "-l7yS4VsYMNBVpApxDjL"
        },
        {
            "name": "repeating_spell-2_-xNJnkR7UC7ejyHh57B3_options-flag",
            "current": "0",
            "max": "",
            "id": "-PMGySggdho06pnGS0xj"
        },
        {
            "name": "repeating_spell-3_-CyZJkwd5KmkzVo26YbM_spellname",
            "current": "РОСТ РАСТЕНИЙ",
            "max": "",
            "id": "-EyxhV25KCe26vWYjJep"
        },
        {
            "name": "repeating_spell-3_-CyZJkwd5KmkzVo26YbM_spellschool",
            "current": "transmutation",
            "max": "",
            "id": "-5cC79FO36DkmqYusPya"
        },
        {
            "name": "repeating_spell-3_-CyZJkwd5KmkzVo26YbM_spellcastingtime",
            "current": "1 действие или 8 часов",
            "max": "",
            "id": "-yO4zuE4aXQp8zj0zZe1"
        },
        {
            "name": "repeating_spell-3_-CyZJkwd5KmkzVo26YbM_spellrange",
            "current": "150 футов",
            "max": "",
            "id": "-DcgydysZv4H9Q6QU9Ws"
        },
        {
            "name": "repeating_spell-3_-CyZJkwd5KmkzVo26YbM_spelltarget",
            "current": "",
            "max": "",
            "id": "-IH8OHxULvrm81FsS6gz"
        },
        {
            "name": "repeating_spell-3_-CyZJkwd5KmkzVo26YbM_spellcomp_materials",
            "current": "",
            "max": "",
            "id": "-fEHDbkvnofNbf4qSjOZ"
        },
        {
            "name": "repeating_spell-3_-CyZJkwd5KmkzVo26YbM_spelldescription",
            "current": "Это заклинание наполняет жизненной силой растения в определенной области. У него два способа применения, один из которых обладает мгновенным эффектам, а другой долговременным.   Если вы произнесете это заклинание в качестве действия, выбрав при этом точку в пределах дальности заклинания, то вся обычная растительность в радиусе 100 футов вокруг этой точки становится густой и переросшей. Существо, которое двигается по этой области, должно тратить 4 фута движения за каждый пройденный фут.   Вы можете создать одну или несколько областей любого размера внутри зоны действия заклинания, в которых оно не будет действовать.   Вы можете потратить 8 часов на произнесение заклинания, чтобы удобрить почву. В этом случае все растения в радиусе полумили вокруг выбранной вами точки на 1 год становятся удобренными. Они приносят в два раза больше урожая.",
            "max": "",
            "id": "-bKOM26nvfohjTuVKOCy"
        },
        {
            "name": "repeating_spell-3_-CyZJkwd5KmkzVo26YbM_spellduration",
            "current": "Мгновенно",
            "max": "",
            "id": "-AEQz4VDtpqIjNzWpCki"
        },
        {
            "name": "repeating_spell-3_-CyZJkwd5KmkzVo26YbM_spellcomp_v",
            "current": "{{v=1}}",
            "max": "",
            "id": "-R4aiYNFZuBrvvVdqHhf"
        },
        {
            "name": "repeating_spell-3_-CyZJkwd5KmkzVo26YbM_spellcomp_s",
            "current": "{{s=1}}",
            "max": "",
            "id": "-Hv3qfgPASrl0azozrtw"
        },
        {
            "name": "repeating_spell-3_-CyZJkwd5KmkzVo26YbM_spellcomp_m",
            "current": "0",
            "max": "",
            "id": "-GJUCugSDrIn8MgqOcIK"
        },
        {
            "name": "repeating_spell-3_-CyZJkwd5KmkzVo26YbM_spellsource",
            "current": "PHB",
            "max": "",
            "id": "-KfGSaCY7Ab2NiPLrbiH"
        },
        {
            "name": "repeating_spell-3_-CyZJkwd5KmkzVo26YbM_details-flag",
            "current": "0",
            "max": "",
            "id": "-SjIxHczqx2zOOcc67an"
        },
        {
            "name": "repeating_spell-3_-CyZJkwd5KmkzVo26YbM_options-flag",
            "current": "0",
            "max": "",
            "id": "-EeVOVY0VxsnB2NI0sbj"
        },
        {
            "name": "repeating_npctrait_-9Lh5M55obYTV0YXDMez_description",
            "current": "Грунг является заклинателем 9 уровня, его базовой характеристикой является Мудрость (Сл спасброска от заклинаний 12, +4 к попаданию заклинаниями). Он знает следующие заклинания следопыта:\n\n 1 уровень (4 ячейки): \n>лечение ран [cure wounds], \n>прыжок [jump]\n\n 2 уровень (3 ячейки): \n>дубовая кора [barkskin], \n>шипы [spike growth]\n\n 3 уровень (2 ячейки): \n>рост растений [plant growth]",
            "max": "",
            "id": "-24u8Y20Va3GzrePVc59"
        },
        {
            "name": "repeating_npctrait_-K7CxHWqOYwxq3hZJXk7_name",
            "current": "Прыжок с Места",
            "max": "",
            "id": "-z93rtVM2tas142mrju9"
        },
        {
            "name": "repeating_npctrait_-K7CxHWqOYwxq3hZJXk7_description",
            "current": "Грунг прыгает в длину на расстояние до 25 футов и в высоту до 15, с разбега или без.",
            "max": "",
            "id": "-gQRJceFrIlfq1uISDgz"
        },
        {
            "name": "npcspellcastingflag",
            "current": "1",
            "max": "",
            "id": "-BpzN0Whr2q7DbSQgRDP"
        }
    ],
    "abilities": []
}