{
    "schema_version": 2,
    "oldId": "-dkQhvsE5NpGOBhhR50B",
    "name": "Демилич (Demilich)",
    "avatar": "https://tentaculus.ru/monsters/img/cute_monsters/DEMILICH.jpg",
    "bio": "",
    "gmnotes": "",
    "defaulttoken": "",
    "tags": "[]",
    "controlledby": "",
    "inplayerjournals": "",
    "attribs": [
        {
            "name": "hitdieroll",
            "current": "4",
            "max": "",
            "id": "-lCG6exikMiTH1FCNa9w"
        },
        {
            "name": "showleveler",
            "current": 0,
            "max": "",
            "id": "-MDoicKPV9RSgvAAxBf6"
        },
        {
            "name": "invalidXP",
            "current": 0,
            "max": "",
            "id": "-WiFVKlHWeinmoSt7zmZ"
        },
        {
            "name": "version",
            "current": 4.21,
            "max": "",
            "id": "-I3pfLL0bII3Wg0FXTJp"
        },
        {
            "name": "mancer_confirm_flag",
            "current": "",
            "max": "",
            "id": "-FiwpIwWqPJtE1AwyqIx"
        },
        {
            "name": "mancer_npc",
            "current": "on",
            "max": "",
            "id": "-Da4ifHOtfE7oR2fVYJb"
        },
        {
            "name": "l1mancer_status",
            "current": "completed",
            "max": "",
            "id": "-vJZE7Uxwc6Zzunxd5V6"
        },
        {
            "name": "rtype",
            "current": "@{advantagetoggle}",
            "max": "",
            "id": "-8zoq5ie3OXbzHXPYF2o"
        },
        {
            "name": "dtype",
            "current": "full",
            "max": "",
            "id": "-fLq6o6QWdqfyWU7bySK"
        },
        {
            "name": "appliedUpdates",
            "current": "upgrade_to_4_2_1",
            "max": "",
            "id": "-dQaH6YkkhZrFG4GqUg6"
        },
        {
            "name": "npc",
            "current": "1",
            "max": "",
            "id": "-yD6amQRbGqFfZ9L7itW"
        },
        {
            "name": "npc_options-flag",
            "current": "0",
            "max": "",
            "id": "-qljKDDYfuhZKxmdXygA"
        },
        {
            "name": "ui_flags",
            "current": "",
            "max": "",
            "id": "-wmMDDwQUTiUL37OUxoU"
        },
        {
            "name": "npc_name",
            "current": "Демилич (Demilich)",
            "max": "",
            "id": "-jhlGqEcneGKyJAwu0LO"
        },
        {
            "name": "npc_type",
            "current": "нежить нейтрально-злое",
            "max": "",
            "id": "-foV2wrWzdMSSdrPTmXz"
        },
        {
            "name": "npc_speed",
            "current": "0 клеток, полет 30 клеток (парение)",
            "max": "",
            "id": "-joi7QAIA9g8hUm3sqNY"
        },
        {
            "name": "hp",
            "current": "",
            "max": "80",
            "id": "-DOUXybUD8F0MDTxa2mW"
        },
        {
            "name": "npc_ac",
            "current": "20 (естественная броня)",
            "max": "",
            "id": "-GokAFTZUfcdMs3NEb0H"
        },
        {
            "name": "ac",
            "current": "20 (естественная броня)",
            "max": "",
            "id": "-RHYRmhGcfSkif6eV5XP"
        },
        {
            "name": "npc_languages",
            "current": "",
            "max": "",
            "id": "-1Gbt6uUWlTm7RMLIimz"
        },
        {
            "name": "npc_challenge",
            "current": "18",
            "max": "",
            "id": "-oDh1kr0yQjztkjq8pMd"
        },
        {
            "name": "passive_wisdom",
            "current": "18",
            "max": "",
            "id": "-TcnOBh9MV9uhCcChYGf"
        },
        {
            "name": "initiative_bonus",
            "current": 5,
            "max": "",
            "id": "-urxGx70lHmHmWiLPoRo"
        },
        {
            "name": "npc_hpformula",
            "current": "20d4",
            "max": "",
            "id": "-FXlNLJNsNXNQVEEDKAF"
        },
        {
            "name": "strength_base",
            "current": "1",
            "max": "",
            "id": "-k4crdTWPXlp4etXHKPe"
        },
        {
            "name": "strength_flag",
            "current": "0",
            "max": "",
            "id": "-uiqTi4yH1HfIUJx5Z3k"
        },
        {
            "name": "strength",
            "current": 1,
            "max": "",
            "id": "-4xCyOvl26pscetMSha9"
        },
        {
            "name": "strength_mod",
            "current": -5,
            "max": "",
            "id": "-L8I9hwvufSgg5pr1rbL"
        },
        {
            "name": "npc_str_negative",
            "current": 1,
            "max": "",
            "id": "-kyGLpDB6sQ55GxIcCLl"
        },
        {
            "name": "dexterity_base",
            "current": "20",
            "max": "",
            "id": "-5wOSLMkVTPQEPEbQON0"
        },
        {
            "name": "dexterity_flag",
            "current": "0",
            "max": "",
            "id": "-nr6IngMKM1Ef7lixMLe"
        },
        {
            "name": "dexterity",
            "current": 20,
            "max": "",
            "id": "-1PnrZZoD26SBUyZzFgV"
        },
        {
            "name": "dexterity_mod",
            "current": 5,
            "max": "",
            "id": "-lcWusQOFly7InpjmvRo"
        },
        {
            "name": "npc_dex_negative",
            "current": 0,
            "max": "",
            "id": "-PLJqH76Z5vGsk00HHhN"
        },
        {
            "name": "constitution_base",
            "current": "10",
            "max": "",
            "id": "-vpaOa78s0Fqgib0uG9D"
        },
        {
            "name": "constitution_flag",
            "current": "0",
            "max": "",
            "id": "-0ppGbVNtUIjAYeBWYSA"
        },
        {
            "name": "constitution",
            "current": 10,
            "max": "",
            "id": "-tyLmper6qR4nwHGXGzc"
        },
        {
            "name": "constitution_mod",
            "current": 0,
            "max": "",
            "id": "-w0SgUE7L0vFaxvHQu0x"
        },
        {
            "name": "npc_con_negative",
            "current": 0,
            "max": "",
            "id": "-POFPQh5iaqx9Qk5HXCr"
        },
        {
            "name": "intelligence_base",
            "current": "20",
            "max": "",
            "id": "-XYBmspwVa6O6hWWM3gy"
        },
        {
            "name": "intelligence_flag",
            "current": "0",
            "max": "",
            "id": "-ZthjpJYz564OWAClmoR"
        },
        {
            "name": "intelligence",
            "current": 20,
            "max": "",
            "id": "-17ZdSHuowC0WIqBIki9"
        },
        {
            "name": "intelligence_mod",
            "current": 5,
            "max": "",
            "id": "-bt4yTSrlyqcDbrvI9xE"
        },
        {
            "name": "npc_int_negative",
            "current": 0,
            "max": "",
            "id": "-TwJazOKjPkebbUoRBse"
        },
        {
            "name": "wisdom_base",
            "current": "17",
            "max": "",
            "id": "-zvpaRhgjh9rosknhWtd"
        },
        {
            "name": "wisdom_flag",
            "current": "0",
            "max": "",
            "id": "-8z9JgX5NQAf8XbvVFjU"
        },
        {
            "name": "wisdom",
            "current": 17,
            "max": "",
            "id": "-gO4lWNBk2S40QhP1L2N"
        },
        {
            "name": "wisdom_mod",
            "current": 3,
            "max": "",
            "id": "-E9Kb1opSeoRtE1tct5m"
        },
        {
            "name": "npc_wis_negative",
            "current": 0,
            "max": "",
            "id": "-WYARdP6kWFzJlewisYY"
        },
        {
            "name": "charisma_base",
            "current": "20",
            "max": "",
            "id": "-AwdmILogiTqmt4who2z"
        },
        {
            "name": "charisma_flag",
            "current": "0",
            "max": "",
            "id": "-k2h26hNrCuaS1ghXya7"
        },
        {
            "name": "charisma",
            "current": 20,
            "max": "",
            "id": "-IrNjjG59QftJJwq3JCF"
        },
        {
            "name": "charisma_mod",
            "current": 5,
            "max": "",
            "id": "-vKhaOjktCckaK5Z6Hw9"
        },
        {
            "name": "npc_cha_negative",
            "current": 0,
            "max": "",
            "id": "-DbFth2OgGa8RyUU5vYv"
        },
        {
            "name": "npc_saving_flag",
            "current": 7,
            "max": "",
            "id": "-VxXTwxfdAKcCof57iSI"
        },
        {
            "name": "npc_con_save_base",
            "current": "6",
            "max": "",
            "id": "-1bnTPRjbJn4kj5ONIgg"
        },
        {
            "name": "npc_con_save_flag",
            "current": 1,
            "max": "",
            "id": "-b6zAz8rN1damsivPVDE"
        },
        {
            "name": "npc_con_save",
            "current": 6,
            "max": "",
            "id": "-ns2fkC1y4K7qTzC80to"
        },
        {
            "name": "npc_int_save_base",
            "current": "11",
            "max": "",
            "id": "-ekDnODmGQQPdkPYxAkg"
        },
        {
            "name": "npc_int_save_flag",
            "current": 1,
            "max": "",
            "id": "-mCEMdmtqduWBsPTfc2s"
        },
        {
            "name": "npc_int_save",
            "current": 11,
            "max": "",
            "id": "-GudvbelB0ljcDhYRF9c"
        },
        {
            "name": "npc_wis_save_base",
            "current": "9",
            "max": "",
            "id": "-RJeAWjbfzRWb5yaQaJI"
        },
        {
            "name": "npc_wis_save_flag",
            "current": 1,
            "max": "",
            "id": "-rKiH4B5E3LG4W7RbyEZ"
        },
        {
            "name": "npc_wis_save",
            "current": 9,
            "max": "",
            "id": "-D20aR70EHYbpWmrXTGL"
        },
        {
            "name": "npc_cha_save_base",
            "current": "11",
            "max": "",
            "id": "-HnNRABHt7L9IzUn4hqU"
        },
        {
            "name": "npc_cha_save_flag",
            "current": 1,
            "max": "",
            "id": "-KzzOQzE2m8EKLWFJEvm"
        },
        {
            "name": "npc_cha_save",
            "current": 11,
            "max": "",
            "id": "-yhGJHrx9MmOBu4YpcTJ"
        },
        {
            "name": "npc_resistances",
            "current": "дробящий, колющий, и рубящий от магического оружия",
            "max": "",
            "id": "-DEa95QHsSvnADI6gw2O"
        },
        {
            "name": "npc_immunities",
            "current": "некротика, яд, психика; дробящий, колющий, и рубящий от немагического оружия",
            "max": "",
            "id": "-WLuiLgdJl3RzpytRKVy"
        },
        {
            "name": "npc_condition_immunities",
            "current": "очарование, оглушение, истощение, испуг, паралич, окаменение, отравление, сбивание с ног, ошеломление",
            "max": "",
            "id": "-Yje0ZtPBG57YiVK09oB"
        },
        {
            "name": "npc_senses",
            "current": "истинное зрение 24 клетки",
            "max": "",
            "id": "-Nb2FA86zPdlTlNYK3g5"
        },
        {
            "name": "repeating_npcaction_-3tqMxo2zmK7KC2kPyaP_name",
            "current": "Вой (Перезарядка 5-6)",
            "max": "",
            "id": "-QnEvI8bdQGRVXjyFgIA"
        },
        {
            "name": "repeating_npcaction_-3tqMxo2zmK7KC2kPyaP_description",
            "current": "Демилич издает вой от которого кровь стынет в жилах. Каждое существо в пределах 6 клеток от демилича которое может слышать вой должно выполнить успешный спасбросок со сложностью 15 по Телосложению или его очки здоровья опускаются до 0. В случае успешного броска, существо становится испуганным до конца его следующего хода.",
            "max": "",
            "id": "-bExE3ocWYVAEOzSPdyP"
        },
        {
            "name": "repeating_npcaction_-3tqMxo2zmK7KC2kPyaP_attack_tohitrange",
            "current": "+0",
            "max": "",
            "id": "-p1nE38qXn5xOkqugRbo"
        },
        {
            "name": "repeating_npcaction_-3tqMxo2zmK7KC2kPyaP_attack_onhit",
            "current": "",
            "max": "",
            "id": "-zlyEpVSBHnlm4F1O9Ij"
        },
        {
            "name": "repeating_npcaction_-3tqMxo2zmK7KC2kPyaP_damage_flag",
            "current": "",
            "max": "",
            "id": "-1eNEv7nU0PDoBHOyVL4"
        },
        {
            "name": "repeating_npcaction_-3tqMxo2zmK7KC2kPyaP_attack_crit",
            "current": "",
            "max": "",
            "id": "-9cNC9c53NTeA2AD3tcA"
        },
        {
            "name": "repeating_npcaction_-3tqMxo2zmK7KC2kPyaP_attack_crit2",
            "current": "",
            "max": "",
            "id": "-PQgrlt14ArK0FOoSY8D"
        },
        {
            "name": "repeating_npcaction_-3tqMxo2zmK7KC2kPyaP_rollbase",
            "current": "@{wtype}&{template:npcaction} @{npc_name_flag} {{rname=@{name}}} {{description=@{show_desc}}} @{charname_output}",
            "max": "",
            "id": "-9ByJPoUCZRatTckyyWg"
        },
        {
            "name": "repeating_npcaction_-9DjvgL7lzbzGlrtf2x4_name",
            "current": "Выпивание жизни",
            "max": "",
            "id": "-tgKXGk85coFJb381dSx"
        },
        {
            "name": "repeating_npcaction_-9DjvgL7lzbzGlrtf2x4_description",
            "current": "Демилич атакует до 3х существ которых он может видеть в пределах 2х клеток он него. Каждая цель должна выполнить успешный спасбросок со сложностью 19 по Телосложению. В случае неудачи существо получает 21 (6d6) урона некротикой, а демилич восстанавливает очки здоровья на величину равную общему нанесенному урону.",
            "max": "",
            "id": "-wdncPceKN455GwxaH0j"
        },
        {
            "name": "repeating_npcaction_-9DjvgL7lzbzGlrtf2x4_attack_tohitrange",
            "current": "+0",
            "max": "",
            "id": "-hDvSdjKXLxZ0EDFe1vs"
        },
        {
            "name": "repeating_npcaction_-9DjvgL7lzbzGlrtf2x4_attack_onhit",
            "current": "",
            "max": "",
            "id": "-PLZg6SYn4bPl3NkBA7w"
        },
        {
            "name": "repeating_npcaction_-9DjvgL7lzbzGlrtf2x4_damage_flag",
            "current": "",
            "max": "",
            "id": "-4GFCb9Yrf89ZA7b3J1t"
        },
        {
            "name": "repeating_npcaction_-9DjvgL7lzbzGlrtf2x4_attack_crit",
            "current": "",
            "max": "",
            "id": "-D6yJQAY93FaBCLKg7Vh"
        },
        {
            "name": "repeating_npcaction_-9DjvgL7lzbzGlrtf2x4_attack_crit2",
            "current": "",
            "max": "",
            "id": "-m2gCAxvGzJmwyb3nCRN"
        },
        {
            "name": "repeating_npcaction_-9DjvgL7lzbzGlrtf2x4_rollbase",
            "current": "@{wtype}&{template:npcaction} @{npc_name_flag} {{rname=@{name}}} {{description=@{show_desc}}} @{charname_output}",
            "max": "",
            "id": "-PbGB3vDl96loogevSQc"
        },
        {
            "name": "repeating_npctrait_-x6nAGvB00qxmErqCxaB_name",
            "current": "Уклонение",
            "max": "",
            "id": "-G6gEpy04WdeGYBpWz3R"
        },
        {
            "name": "repeating_npctrait_-x6nAGvB00qxmErqCxaB_description",
            "current": "Если демилич подвергается эффекту который позволяет получить только половину урона в случае успеха, то в случае успеха он не получает урона совсем, и половину урона в случае неудачи.",
            "max": "",
            "id": "-wMsi3eA89d4SUvjBbeY"
        },
        {
            "name": "repeating_npctrait_-r0V3WIXznXP6gZRtKyN_name",
            "current": "Легендарное Сопротивление (3/в день)",
            "max": "",
            "id": "-mK3HTDyWnznIC9HtxRu"
        },
        {
            "name": "repeating_npctrait_-r0V3WIXznXP6gZRtKyN_description",
            "current": "Если демилич проваливает спасбросок, он может вместо этого считать его успешным.",
            "max": "",
            "id": "-B8kTVE25CVFIpvvbc0h"
        },
        {
            "name": "repeating_npctrait_-ZDXPeWZVSB87bXWYw3f_name",
            "current": "Иммунитет к изгнанию",
            "max": "",
            "id": "-jRPzRNAunbal30OJ9TG"
        },
        {
            "name": "repeating_npctrait_-ZDXPeWZVSB87bXWYw3f_description",
            "current": "Демилич обладает иммунитетом к эффектам изгоняющим нежить.",
            "max": "",
            "id": "-tzGB3ORFtpzlshhjSfZ"
        },
        {
            "name": "npcspellcastingflag",
            "current": "0",
            "max": "",
            "id": "-G0W8vAN13hvADW07dFU"
        }
    ],
    "abilities": []
}