{
    "schema_version": 2,
    "oldId": "-epWX4iEfAF5kJbNEBwP",
    "name": "Огненный Элементаль (Fire Elemental)",
    "avatar": "https://tentaculus.ru/monsters/img/cute_monsters/FIRE_ELEMENTAL.jpg",
    "bio": "",
    "gmnotes": "",
    "defaulttoken": "",
    "tags": "[]",
    "controlledby": "",
    "inplayerjournals": "",
    "attribs": [
        {
            "name": "hitdieroll",
            "current": "4",
            "max": "",
            "id": "-JtaswMzmiZTxhwgY1JN"
        },
        {
            "name": "showleveler",
            "current": 0,
            "max": "",
            "id": "-YrF4i50PLGXwTHL0OxQ"
        },
        {
            "name": "invalidXP",
            "current": 0,
            "max": "",
            "id": "-IzBDAx1UQpPspjrfdLP"
        },
        {
            "name": "version",
            "current": 4.21,
            "max": "",
            "id": "-IbVVo9A8IBbus83gff8"
        },
        {
            "name": "mancer_confirm_flag",
            "current": "",
            "max": "",
            "id": "-MeXwrsF3I0Efn8g2Xzo"
        },
        {
            "name": "mancer_npc",
            "current": "on",
            "max": "",
            "id": "-aIxYqpxYPLmOmSzS080"
        },
        {
            "name": "l1mancer_status",
            "current": "completed",
            "max": "",
            "id": "-sDGlWpB5mzscWyamvAD"
        },
        {
            "name": "rtype",
            "current": "@{advantagetoggle}",
            "max": "",
            "id": "-80zF6iCuOWx1k5EMULU"
        },
        {
            "name": "dtype",
            "current": "full",
            "max": "",
            "id": "-65OpLNulVYCHnr1WXPO"
        },
        {
            "name": "appliedUpdates",
            "current": "upgrade_to_4_2_1",
            "max": "",
            "id": "-1Crk51QFHDs17opbqXN"
        },
        {
            "name": "npc",
            "current": "1",
            "max": "",
            "id": "-ndmaGMmeuL8duPQ6ila"
        },
        {
            "name": "npc_options-flag",
            "current": "0",
            "max": "",
            "id": "-TIzI9O9tTAfcghqwSr1"
        },
        {
            "name": "ui_flags",
            "current": "",
            "max": "",
            "id": "-81UXIRNhqJA5OtYtt0q"
        },
        {
            "name": "npc_name",
            "current": "Огненный Элементаль (Fire Elemental)",
            "max": "",
            "id": "-qcstyh90kVY7k3YoowU"
        },
        {
            "name": "npc_type",
            "current": "элементаль нейтральное",
            "max": "",
            "id": "-qkEDlOQEycfAwuyvp2x"
        },
        {
            "name": "npc_speed",
            "current": "10 клеток",
            "max": "",
            "id": "-Y6h4GHSrGIGVW7NANCL"
        },
        {
            "name": "hp",
            "current": "",
            "max": "102",
            "id": "-wzPtivZLhJhiPKPVS0v"
        },
        {
            "name": "npc_ac",
            "current": "13",
            "max": "",
            "id": "-AvMmLNHEn6ZZSpQPXEw"
        },
        {
            "name": "ac",
            "current": "13",
            "max": "",
            "id": "-Gd5RxtlyTeSQ8Ts583F"
        },
        {
            "name": "npc_languages",
            "current": "Огненный",
            "max": "",
            "id": "-fG58RKOssDlkEs7y8Zi"
        },
        {
            "name": "npc_challenge",
            "current": "5",
            "max": "",
            "id": "-8NpxGQJco11ivL11blI"
        },
        {
            "name": "passive_wisdom",
            "current": "5",
            "max": "",
            "id": "-ugkHLudhaRihDN70xQG"
        },
        {
            "name": "initiative_bonus",
            "current": 3,
            "max": "",
            "id": "-Huaa9ZpmoxDIBFudJ5c"
        },
        {
            "name": "npc_hpformula",
            "current": "12d10 + 36",
            "max": "",
            "id": "-Tk1ZMOzHuI3LZ0LFK37"
        },
        {
            "name": "strength_base",
            "current": "10",
            "max": "",
            "id": "-xNDO6hHyZjB9ywT3tgl"
        },
        {
            "name": "strength_flag",
            "current": "0",
            "max": "",
            "id": "-0M5MJx6g6JNqr4zte33"
        },
        {
            "name": "strength",
            "current": 10,
            "max": "",
            "id": "-Zkp56fmjbEYqO0VfDHj"
        },
        {
            "name": "strength_mod",
            "current": 0,
            "max": "",
            "id": "-4k0ZZuVh1rhv4uBM7g3"
        },
        {
            "name": "npc_str_negative",
            "current": 0,
            "max": "",
            "id": "-niyRh8mQWLm443Gz0ch"
        },
        {
            "name": "dexterity_base",
            "current": "17",
            "max": "",
            "id": "-CiCztKmGYQjJjrkh2A0"
        },
        {
            "name": "dexterity_flag",
            "current": "0",
            "max": "",
            "id": "-xEwzvpLl53qfORLRBJ5"
        },
        {
            "name": "dexterity",
            "current": 17,
            "max": "",
            "id": "-qcevSqmFvoCYq1otXZT"
        },
        {
            "name": "dexterity_mod",
            "current": 3,
            "max": "",
            "id": "-8dzL6qfto8PDplM3kos"
        },
        {
            "name": "npc_dex_negative",
            "current": 0,
            "max": "",
            "id": "-DwtbZPx0INdoMDiohL4"
        },
        {
            "name": "constitution_base",
            "current": "16",
            "max": "",
            "id": "-f9ZscCUGXTkqEydgJZx"
        },
        {
            "name": "constitution_flag",
            "current": "0",
            "max": "",
            "id": "-V4cVtxgRatdkw0qP34E"
        },
        {
            "name": "constitution",
            "current": 16,
            "max": "",
            "id": "-sQaKcx40lofVVhEUHks"
        },
        {
            "name": "constitution_mod",
            "current": 3,
            "max": "",
            "id": "-17bO96C2gonjJmtDack"
        },
        {
            "name": "npc_con_negative",
            "current": 0,
            "max": "",
            "id": "-HfvSqHsiBffUqgDXQdN"
        },
        {
            "name": "intelligence_base",
            "current": "6",
            "max": "",
            "id": "-OEhCysQGtXVqOjHiEoa"
        },
        {
            "name": "intelligence_flag",
            "current": "0",
            "max": "",
            "id": "-be3bvijiz1rvFEaLMTr"
        },
        {
            "name": "intelligence",
            "current": 6,
            "max": "",
            "id": "-8CPl7GoNZ2LWs7tvFPM"
        },
        {
            "name": "intelligence_mod",
            "current": -2,
            "max": "",
            "id": "-APtUe52e0vIqXwuwSCb"
        },
        {
            "name": "npc_int_negative",
            "current": 1,
            "max": "",
            "id": "-JgkUWxZehAvvGfa0iSh"
        },
        {
            "name": "wisdom_base",
            "current": "10",
            "max": "",
            "id": "-5Czd5q0heCZNK9xeIF6"
        },
        {
            "name": "wisdom_flag",
            "current": "0",
            "max": "",
            "id": "-ALINv7KARrmMCgSMtAs"
        },
        {
            "name": "wisdom",
            "current": 10,
            "max": "",
            "id": "-4Vq0CSMNlofQHJy5Xp9"
        },
        {
            "name": "wisdom_mod",
            "current": 0,
            "max": "",
            "id": "-G5wjQskIa4ltFw1LUAg"
        },
        {
            "name": "npc_wis_negative",
            "current": 0,
            "max": "",
            "id": "-RxN6fKzFrKSR9qglKoX"
        },
        {
            "name": "charisma_base",
            "current": "7",
            "max": "",
            "id": "-QmfH1FXwjlMG72wn5Rp"
        },
        {
            "name": "charisma_flag",
            "current": "0",
            "max": "",
            "id": "-rulzaTt2ehuk7FpBNHc"
        },
        {
            "name": "charisma",
            "current": 7,
            "max": "",
            "id": "-Ip4HC12J5SpdrUmKDV0"
        },
        {
            "name": "charisma_mod",
            "current": -2,
            "max": "",
            "id": "-5wy35JXnRFhNYWCdfwV"
        },
        {
            "name": "npc_cha_negative",
            "current": 1,
            "max": "",
            "id": "-GL2NSvJxTJhiENoy4Uz"
        },
        {
            "name": "npc_resistances",
            "current": "дробящий, колющий, и рубящий от немагического оружия",
            "max": "",
            "id": "-gwW1VACqhBMWrshpcWa"
        },
        {
            "name": "npc_immunities",
            "current": "огонь, яд",
            "max": "",
            "id": "-DiaREBtPaK9TMsS6CGc"
        },
        {
            "name": "npc_condition_immunities",
            "current": "истощение, захват, паралич, окаменение, отравление, сбивание с ног, удерживание, лишение сознания",
            "max": "",
            "id": "-gsUgxm4n3th7qNBltkD"
        },
        {
            "name": "npc_senses",
            "current": "темнозрение 12 клеток",
            "max": "",
            "id": "-Mxu7OQBXd2bgzLr4ySu"
        },
        {
            "name": "repeating_npcaction_-PnmQ7Cnbw9n3sxvRdrZ_name",
            "current": "Мультиатака",
            "max": "",
            "id": "-psmRxpwOKlPwd5wdnoe"
        },
        {
            "name": "repeating_npcaction_-PnmQ7Cnbw9n3sxvRdrZ_description",
            "current": "Элементаль проводит 2 атаки прикосновением.",
            "max": "",
            "id": "-OJ7C0xKD3wnvE34mImN"
        },
        {
            "name": "repeating_npcaction_-PnmQ7Cnbw9n3sxvRdrZ_attack_tohitrange",
            "current": "+0",
            "max": "",
            "id": "-U95F00yH7ez6cQfJ96r"
        },
        {
            "name": "repeating_npcaction_-PnmQ7Cnbw9n3sxvRdrZ_attack_onhit",
            "current": "",
            "max": "",
            "id": "-EfhcNXQ3OM1AynpbSKd"
        },
        {
            "name": "repeating_npcaction_-PnmQ7Cnbw9n3sxvRdrZ_damage_flag",
            "current": "",
            "max": "",
            "id": "-2klXkc3XWSAzxIj2i2J"
        },
        {
            "name": "repeating_npcaction_-PnmQ7Cnbw9n3sxvRdrZ_attack_crit",
            "current": "",
            "max": "",
            "id": "-ujLHGTSEJVfmmctAtlL"
        },
        {
            "name": "repeating_npcaction_-PnmQ7Cnbw9n3sxvRdrZ_attack_crit2",
            "current": "",
            "max": "",
            "id": "-8cGeihkMjV8xCeCZZNB"
        },
        {
            "name": "repeating_npcaction_-PnmQ7Cnbw9n3sxvRdrZ_rollbase",
            "current": "@{wtype}&{template:npcaction} @{npc_name_flag} {{rname=@{name}}} {{description=@{show_desc}}} @{charname_output}",
            "max": "",
            "id": "-FWdlEDCL8nGeBCqE1Z5"
        },
        {
            "name": "repeating_npcaction_-DiRzAB3u2tWOX7vdEv4_name",
            "current": "Прикосновение",
            "max": "",
            "id": "-OIx28Iq5MPQaQM6rG9C"
        },
        {
            "name": "repeating_npcaction_-DiRzAB3u2tWOX7vdEv4_description",
            "current": "Рукопашное Оружие: +6 к атаке, досягаемость: 1 клетка, одна цель. Попадание: 10 (2d6 + 3) урона огнем. Если цель - существо или a предмет способный гореть, она загорается. Пока кто-нибудь не использует действие чтобы погасить огонь, цель получает 5 (1d10) урона огнем в начале каждого своего хода.",
            "max": "",
            "id": "-bbOZJHM7MVKdz7jI8PC"
        },
        {
            "name": "repeating_npcaction_-DiRzAB3u2tWOX7vdEv4_attack_flag",
            "current": "on",
            "max": "",
            "id": "-p3xObZpx9mYEdu4zMbN"
        },
        {
            "name": "repeating_npcaction_-DiRzAB3u2tWOX7vdEv4_attack_tohitrange",
            "current": "+6",
            "max": "",
            "id": "-7BD9LiOzsWNvGfA4CKR"
        },
        {
            "name": "repeating_npcaction_-DiRzAB3u2tWOX7vdEv4_attack_onhit",
            "current": "",
            "max": "",
            "id": "-sZhtH8x6zexIdyyOErb"
        },
        {
            "name": "repeating_npcaction_-DiRzAB3u2tWOX7vdEv4_attack_tohit",
            "current": "6",
            "max": "",
            "id": "-CV1vCS3NJAdgze2qf9W"
        },
        {
            "name": "repeating_npcaction_-DiRzAB3u2tWOX7vdEv4_attack_damage",
            "current": "2d6+3",
            "max": "",
            "id": "-fCr7wIu0urO3B2kcLgV"
        },
        {
            "name": "repeating_npcaction_-DiRzAB3u2tWOX7vdEv4_damage_flag",
            "current": "{{damage=1}} {{dmg1flag=1}}",
            "max": "",
            "id": "-MvHu9P56NXnFDw2ms0I"
        },
        {
            "name": "repeating_npcaction_-DiRzAB3u2tWOX7vdEv4_rollbase",
            "current": "@{wtype}&{template:npcaction} {{attack=1}} @{damage_flag} @{npc_name_flag} {{rname=@{name}}} {{r1=[[@{d20}+(@{attack_tohit})]]}} @{rtype}+(@{attack_tohit})]]}} {{dmg1=[[@{attack_damage}]]}} {{dmg1type=@{attack_damagetype}}} {{dmg2=[[@{attack_damage2}+0]]}} {{dmg2type=@{attack_damagetype2}}} {{crit1=[[@{attack_crit}+0]]}} {{crit2=[[@{attack_crit2}+0]]}} {{description=@{show_desc}}} @{charname_output}",
            "max": "",
            "id": "-6PYKL5vcfgZ93XssGAJ"
        },
        {
            "name": "repeating_npcaction_-DiRzAB3u2tWOX7vdEv4_attack_crit",
            "current": "2d6+3",
            "max": "",
            "id": "-fyROWLbZVt3kN85ufNJ"
        },
        {
            "name": "repeating_npcaction_-DiRzAB3u2tWOX7vdEv4_attack_crit2",
            "current": "",
            "max": "",
            "id": "-2rQToG2PsUsyPUdEbSx"
        },
        {
            "name": "repeating_npctrait_-JkadPmc0l0W9T3ER4lh_name",
            "current": "Огненная форма",
            "max": "",
            "id": "-GachO5kqOQt0K2DsbRz"
        },
        {
            "name": "repeating_npctrait_-JkadPmc0l0W9T3ER4lh_description",
            "current": "Элементаль может проходить сквозь отверстие шириной от 1 дюйма без протискивания. Существо, которое касается элементаля, или попадает по нему рукопашной атакой, находясь в пределах 1 клетки от него получает 5 (1d10) урона огнем. Кроме того, элементаль войти в пространство врага и остановиться в нем. Когда элементаль входит в пространство существа, это существо получает 5 (1d10) урона огнем и загорается; пока кто-нибудь не использует свое действие чтобы погасить огонь, существо получает 5 (1d10) урона огнем в начале каждого своего хода.",
            "max": "",
            "id": "-92DONWP1p5IRiFtay0I"
        },
        {
            "name": "repeating_npctrait_-bJqdozMSUHJmpQffEYB_name",
            "current": "Иллюминация",
            "max": "",
            "id": "-EL4jOlfr3yjNT8DRHI8"
        },
        {
            "name": "repeating_npctrait_-bJqdozMSUHJmpQffEYB_description",
            "current": "Элементаль светит ярким светом радиусом 6 клеток и тусклым светом еще на 6 клеток.",
            "max": "",
            "id": "-OKHoX0j06kPcreFhZb1"
        },
        {
            "name": "repeating_npctrait_-KmCUoWercD5nowSsB4A_name",
            "current": "Восприимчивость к воде",
            "max": "",
            "id": "-rfyCNegxiLdlreVnEcq"
        },
        {
            "name": "repeating_npctrait_-KmCUoWercD5nowSsB4A_description",
            "current": "За каждую клетку перемещения в воде, или за каждые 4 литра воды, вылитого на элементаля, он получает 1 урон холодом.",
            "max": "",
            "id": "-hmTjTtvtR6HZlkic4mS"
        },
        {
            "name": "npcspellcastingflag",
            "current": "0",
            "max": "",
            "id": "-wiJQLv3zqUHClmWpm6i"
        }
    ],
    "abilities": []
}