{
    "schema_version": 2,
    "oldId": "-DVUqnaBQyGUiiW8WJhB",
    "name": "Огненная змея (Fire Snake)",
    "avatar": "https://tentaculus.ru/monsters/img/cute_monsters/FIRE_SNAKE.jpg",
    "bio": "",
    "gmnotes": "",
    "defaulttoken": "",
    "tags": "[]",
    "controlledby": "",
    "inplayerjournals": "",
    "attribs": [
        {
            "name": "hitdieroll",
            "current": "4",
            "max": "",
            "id": "-wDeM15CTj46WOhZ11qH"
        },
        {
            "name": "showleveler",
            "current": 0,
            "max": "",
            "id": "-riEqDszHpm3mj0Gfjbz"
        },
        {
            "name": "invalidXP",
            "current": 0,
            "max": "",
            "id": "-eJQIxu4S3skxvq0Lbox"
        },
        {
            "name": "version",
            "current": 4.21,
            "max": "",
            "id": "-sItiUmq0XPJGA4oc4Bw"
        },
        {
            "name": "mancer_confirm_flag",
            "current": "",
            "max": "",
            "id": "-2gArbfmKWyEJtdVaA7Y"
        },
        {
            "name": "mancer_npc",
            "current": "on",
            "max": "",
            "id": "-uVKfghYz8bucgWxVNnT"
        },
        {
            "name": "l1mancer_status",
            "current": "completed",
            "max": "",
            "id": "-gwNiwT13uG3OQXaMLX6"
        },
        {
            "name": "rtype",
            "current": "@{advantagetoggle}",
            "max": "",
            "id": "-dxNmDOzrymYmXGJZa3e"
        },
        {
            "name": "dtype",
            "current": "full",
            "max": "",
            "id": "-iZg8ZdsWeTTXUucrBDr"
        },
        {
            "name": "appliedUpdates",
            "current": "upgrade_to_4_2_1",
            "max": "",
            "id": "-6GswuUs29nwsrVuykpL"
        },
        {
            "name": "npc",
            "current": "1",
            "max": "",
            "id": "-QWOqTwH4RrHMZEF5x9j"
        },
        {
            "name": "npc_options-flag",
            "current": "0",
            "max": "",
            "id": "-nrCDLPQlGdPYhGLbROJ"
        },
        {
            "name": "ui_flags",
            "current": "",
            "max": "",
            "id": "-TofIMhlhLam5cceioec"
        },
        {
            "name": "npc_name",
            "current": "Огненная змея (Fire Snake)",
            "max": "",
            "id": "-driBLxU50AvtdUKYMAU"
        },
        {
            "name": "npc_type",
            "current": "элементаль нейтрально-злое",
            "max": "",
            "id": "-YnxaoOqEedgzXFHLI9u"
        },
        {
            "name": "npc_speed",
            "current": "6 клеток",
            "max": "",
            "id": "-21yY7oJWXdELREsGqXV"
        },
        {
            "name": "hp",
            "current": "",
            "max": "22",
            "id": "-pMSBSiCNSfiABGwhwAD"
        },
        {
            "name": "npc_ac",
            "current": "14 (естественная броня)",
            "max": "",
            "id": "-fhkPFTFMMUNraB11aZp"
        },
        {
            "name": "ac",
            "current": "14 (естественная броня)",
            "max": "",
            "id": "-3p04I9cRQweZfm1Q0UW"
        },
        {
            "name": "npc_languages",
            "current": "понимает Огненный но не может разговаривать",
            "max": "",
            "id": "-Vs87Hq3ppTCOAxCsSqc"
        },
        {
            "name": "npc_challenge",
            "current": "1",
            "max": "",
            "id": "-XP94tBwVqmydESzBmzW"
        },
        {
            "name": "passive_wisdom",
            "current": "1",
            "max": "",
            "id": "-u2maoYwc2QL5HWOODaH"
        },
        {
            "name": "initiative_bonus",
            "current": 2,
            "max": "",
            "id": "-a8pbxPnoMlBU0YMpaOW"
        },
        {
            "name": "npc_hpformula",
            "current": "5d8",
            "max": "",
            "id": "-El0OBkH5ojZosxQR5W2"
        },
        {
            "name": "strength_base",
            "current": "12",
            "max": "",
            "id": "-6AtZm30c8AOUQytQQlS"
        },
        {
            "name": "strength_flag",
            "current": "0",
            "max": "",
            "id": "-I4vfTzeU8L4KoOHZknH"
        },
        {
            "name": "strength",
            "current": 12,
            "max": "",
            "id": "-bW18AyI8Umwh8FXiD6y"
        },
        {
            "name": "strength_mod",
            "current": 1,
            "max": "",
            "id": "-3ZAe2tDxz5AWIWqZTdq"
        },
        {
            "name": "npc_str_negative",
            "current": 0,
            "max": "",
            "id": "-2W9ATiX3lFXTYFoeFJB"
        },
        {
            "name": "dexterity_base",
            "current": "14",
            "max": "",
            "id": "-lwYfCmwSqRFBS2vhlEd"
        },
        {
            "name": "dexterity_flag",
            "current": "0",
            "max": "",
            "id": "-kMXEn1sBYMTsk5xrj0v"
        },
        {
            "name": "dexterity",
            "current": 14,
            "max": "",
            "id": "-jRng2ijpWMthvWEbWS5"
        },
        {
            "name": "dexterity_mod",
            "current": 2,
            "max": "",
            "id": "-RLk6ZOUuUFhfZilAZe7"
        },
        {
            "name": "npc_dex_negative",
            "current": 0,
            "max": "",
            "id": "-3pr1HVDbTOThzxZjDTb"
        },
        {
            "name": "constitution_base",
            "current": "11",
            "max": "",
            "id": "-n8PNunTO12qHvGiNXgi"
        },
        {
            "name": "constitution_flag",
            "current": "0",
            "max": "",
            "id": "-0YjxaxtGZUfj2m0DTqP"
        },
        {
            "name": "constitution",
            "current": 11,
            "max": "",
            "id": "-bgjLE7guYQJkZ4aB9HH"
        },
        {
            "name": "constitution_mod",
            "current": 0,
            "max": "",
            "id": "-FS4PvkJivl2DwvUpu5G"
        },
        {
            "name": "npc_con_negative",
            "current": 0,
            "max": "",
            "id": "-9iyllXPVGgV40aQaQOr"
        },
        {
            "name": "intelligence_base",
            "current": "7",
            "max": "",
            "id": "-do9a0ipWqBFMUnOh7ZB"
        },
        {
            "name": "intelligence_flag",
            "current": "0",
            "max": "",
            "id": "-mxnoEdeBatUwBmTo6EX"
        },
        {
            "name": "intelligence",
            "current": 7,
            "max": "",
            "id": "-tfsDffeoFypBNejydp5"
        },
        {
            "name": "intelligence_mod",
            "current": -2,
            "max": "",
            "id": "-ROmIQKmjkG5QjLkY4ne"
        },
        {
            "name": "npc_int_negative",
            "current": 1,
            "max": "",
            "id": "-2G7kdF1r83KJXFmta0z"
        },
        {
            "name": "wisdom_base",
            "current": "10",
            "max": "",
            "id": "-IKR6nJYsK7RusHWUYO3"
        },
        {
            "name": "wisdom_flag",
            "current": "0",
            "max": "",
            "id": "-LXnBdJ3IDJXm44DRFQU"
        },
        {
            "name": "wisdom",
            "current": 10,
            "max": "",
            "id": "-xi7nE4rhMpG1hTPp02H"
        },
        {
            "name": "wisdom_mod",
            "current": 0,
            "max": "",
            "id": "-UBVQRrrJfRxU9TNgGTd"
        },
        {
            "name": "npc_wis_negative",
            "current": 0,
            "max": "",
            "id": "-ZgonhjNYrJ2jfvQU3ir"
        },
        {
            "name": "charisma_base",
            "current": "8",
            "max": "",
            "id": "-0RU21mODBLA8iAPcgND"
        },
        {
            "name": "charisma_flag",
            "current": "0",
            "max": "",
            "id": "-QzGI9UTj6KkEGBhEnol"
        },
        {
            "name": "charisma",
            "current": 8,
            "max": "",
            "id": "-KWVzsdeZ8eGfESxpS9w"
        },
        {
            "name": "charisma_mod",
            "current": -1,
            "max": "",
            "id": "-zw12RjQFHz2KQ8jUo9C"
        },
        {
            "name": "npc_cha_negative",
            "current": 1,
            "max": "",
            "id": "-Ye48CvpNqW0iRQKEtAz"
        },
        {
            "name": "npc_resistances",
            "current": "дробящий, колющий, и рубящий от немагического оружия",
            "max": "",
            "id": "-hWNrWdNP6KmOod34UUp"
        },
        {
            "name": "npc_immunities",
            "current": "огонь",
            "max": "",
            "id": "-1vhAZokIMKCO5OufiQw"
        },
        {
            "name": "npc_vulnerabilities",
            "current": "холод",
            "max": "",
            "id": "-g68ofMIfdjpKlGHOfre"
        },
        {
            "name": "npc_senses",
            "current": "темнозрение 12 клеток",
            "max": "",
            "id": "-2S6NsAIODpt8F2rz9bF"
        },
        {
            "name": "repeating_npcaction_-fZPJUt1ES8LOIrZwxD9_name",
            "current": "Мультиатака",
            "max": "",
            "id": "-OGmhZgGp7WHKv7Cnceo"
        },
        {
            "name": "repeating_npcaction_-fZPJUt1ES8LOIrZwxD9_description",
            "current": "Змея проводит две атаки: одну Укусом и одну Хвостом.",
            "max": "",
            "id": "-iFq0LhJNc7mZDEf7iln"
        },
        {
            "name": "repeating_npcaction_-fZPJUt1ES8LOIrZwxD9_attack_tohitrange",
            "current": "+0",
            "max": "",
            "id": "-ZOEEOWtrRdlQFxGBcMT"
        },
        {
            "name": "repeating_npcaction_-fZPJUt1ES8LOIrZwxD9_attack_onhit",
            "current": "",
            "max": "",
            "id": "-axvBj8QRsuVw55KwIBJ"
        },
        {
            "name": "repeating_npcaction_-fZPJUt1ES8LOIrZwxD9_damage_flag",
            "current": "",
            "max": "",
            "id": "-oFLD2ZCqwZ7vyW2uUQE"
        },
        {
            "name": "repeating_npcaction_-fZPJUt1ES8LOIrZwxD9_attack_crit",
            "current": "",
            "max": "",
            "id": "-3jahCYjbxXSVrpMT2U2"
        },
        {
            "name": "repeating_npcaction_-fZPJUt1ES8LOIrZwxD9_attack_crit2",
            "current": "",
            "max": "",
            "id": "-JdgLNT8f6PWG5yOf2NK"
        },
        {
            "name": "repeating_npcaction_-fZPJUt1ES8LOIrZwxD9_rollbase",
            "current": "@{wtype}&{template:npcaction} @{npc_name_flag} {{rname=@{name}}} {{description=@{show_desc}}} @{charname_output}",
            "max": "",
            "id": "-9zcGFTs4beprAriNuHo"
        },
        {
            "name": "repeating_npcaction_-dkMqc27rmh8BpNE3m93_name",
            "current": "Укус",
            "max": "",
            "id": "-U8vr2D7b0l6nPMNo3NY"
        },
        {
            "name": "repeating_npcaction_-dkMqc27rmh8BpNE3m93_description",
            "current": "Рукопашное Оружие: +3 к атаке, досягаемость: 1 клетка, одна цель. Попадание: 3 (1d4 + 1) колющего урона плюс 3 (1d6) урона огнем.",
            "max": "",
            "id": "-5lXeEVrybl7gAMII4KU"
        },
        {
            "name": "repeating_npcaction_-dkMqc27rmh8BpNE3m93_attack_flag",
            "current": "on",
            "max": "",
            "id": "-gaR1aUNwIrNZ4KF781b"
        },
        {
            "name": "repeating_npcaction_-dkMqc27rmh8BpNE3m93_attack_tohitrange",
            "current": "+3",
            "max": "",
            "id": "-Bq8YxrcPmCQRr7tePzm"
        },
        {
            "name": "repeating_npcaction_-dkMqc27rmh8BpNE3m93_attack_onhit",
            "current": "",
            "max": "",
            "id": "-0ZwJa6ZUeUfqLy0XT96"
        },
        {
            "name": "repeating_npcaction_-dkMqc27rmh8BpNE3m93_attack_tohit",
            "current": "3",
            "max": "",
            "id": "-4FPw66DTTv2jR7WXBBw"
        },
        {
            "name": "repeating_npcaction_-dkMqc27rmh8BpNE3m93_attack_damage",
            "current": "1d4+1+1d6",
            "max": "",
            "id": "-pLHdy4SpyJQzd2B4V6v"
        },
        {
            "name": "repeating_npcaction_-dkMqc27rmh8BpNE3m93_damage_flag",
            "current": "{{damage=1}} {{dmg1flag=1}}",
            "max": "",
            "id": "-rSjsTQgiJqZLNnZzrxR"
        },
        {
            "name": "repeating_npcaction_-dkMqc27rmh8BpNE3m93_rollbase",
            "current": "@{wtype}&{template:npcaction} {{attack=1}} @{damage_flag} @{npc_name_flag} {{rname=@{name}}} {{r1=[[@{d20}+(@{attack_tohit})]]}} @{rtype}+(@{attack_tohit})]]}} {{dmg1=[[@{attack_damage}]]}} {{dmg1type=@{attack_damagetype}}} {{dmg2=[[@{attack_damage2}+0]]}} {{dmg2type=@{attack_damagetype2}}} {{crit1=[[@{attack_crit}+0]]}} {{crit2=[[@{attack_crit2}+0]]}} {{description=@{show_desc}}} @{charname_output}",
            "max": "",
            "id": "-TzchBAVnRVYUAqUt3lC"
        },
        {
            "name": "repeating_npcaction_-dkMqc27rmh8BpNE3m93_attack_crit",
            "current": "1d4+1+1d6",
            "max": "",
            "id": "-9tV5L52w0dUzepda2W9"
        },
        {
            "name": "repeating_npcaction_-dkMqc27rmh8BpNE3m93_attack_crit2",
            "current": "",
            "max": "",
            "id": "-2GSOpQ7EuSXtHzZUIha"
        },
        {
            "name": "repeating_npcaction_-YsPHaK8c5kIkTiHPOjB_name",
            "current": "Хвост",
            "max": "",
            "id": "-SycBToTlKyYpz6LU0gT"
        },
        {
            "name": "repeating_npcaction_-YsPHaK8c5kIkTiHPOjB_description",
            "current": "Рукопашное Оружие: +3 к атаке, досягаемость: 1 клетка, одна цель. Попадание: 3 (1d4 + 1) дробящего урона плюс 3 (1d6) урона огнем.",
            "max": "",
            "id": "-1E4X6wUjeHQOpyHEX8Y"
        },
        {
            "name": "repeating_npcaction_-YsPHaK8c5kIkTiHPOjB_attack_flag",
            "current": "on",
            "max": "",
            "id": "-B4Y3gXK7QQP9pidGB9u"
        },
        {
            "name": "repeating_npcaction_-YsPHaK8c5kIkTiHPOjB_attack_tohitrange",
            "current": "+3",
            "max": "",
            "id": "-G3oDc39zkFejqFKDpCb"
        },
        {
            "name": "repeating_npcaction_-YsPHaK8c5kIkTiHPOjB_attack_onhit",
            "current": "",
            "max": "",
            "id": "-d5bkDcnf21ORSM6VSHv"
        },
        {
            "name": "repeating_npcaction_-YsPHaK8c5kIkTiHPOjB_attack_tohit",
            "current": "3",
            "max": "",
            "id": "-kKTUsQZUYKTcuzvAxm5"
        },
        {
            "name": "repeating_npcaction_-YsPHaK8c5kIkTiHPOjB_attack_damage",
            "current": "1d4+1+1d6",
            "max": "",
            "id": "-fLPB9n6LBwVLYDqENWV"
        },
        {
            "name": "repeating_npcaction_-YsPHaK8c5kIkTiHPOjB_damage_flag",
            "current": "{{damage=1}} {{dmg1flag=1}}",
            "max": "",
            "id": "-3wUg78afpN6f4fX3tHO"
        },
        {
            "name": "repeating_npcaction_-YsPHaK8c5kIkTiHPOjB_rollbase",
            "current": "@{wtype}&{template:npcaction} {{attack=1}} @{damage_flag} @{npc_name_flag} {{rname=@{name}}} {{r1=[[@{d20}+(@{attack_tohit})]]}} @{rtype}+(@{attack_tohit})]]}} {{dmg1=[[@{attack_damage}]]}} {{dmg1type=@{attack_damagetype}}} {{dmg2=[[@{attack_damage2}+0]]}} {{dmg2type=@{attack_damagetype2}}} {{crit1=[[@{attack_crit}+0]]}} {{crit2=[[@{attack_crit2}+0]]}} {{description=@{show_desc}}} @{charname_output}",
            "max": "",
            "id": "-ujVfDL73NYXOFVc3b4K"
        },
        {
            "name": "repeating_npcaction_-YsPHaK8c5kIkTiHPOjB_attack_crit",
            "current": "1d4+1+1d6",
            "max": "",
            "id": "-Av8perrC0IUzJRbDpr3"
        },
        {
            "name": "repeating_npcaction_-YsPHaK8c5kIkTiHPOjB_attack_crit2",
            "current": "",
            "max": "",
            "id": "-ZlVp9R6MzsXlMP0LaHD"
        },
        {
            "name": "repeating_npctrait_-tM6O7NLkehjXSDkDg5u_name",
            "current": "Огненное Тело",
            "max": "",
            "id": "-uhrZAaWxB1YCkl9gmcS"
        },
        {
            "name": "repeating_npctrait_-tM6O7NLkehjXSDkDg5u_description",
            "current": "Существо, которое прикасается к змее или попадает по ней рукопашной атакой, находясь в пределах 1 клетки от нее получает 3 (1d6) урона огнем.",
            "max": "",
            "id": "-DYw7W5xwLc1vIQycpHr"
        },
        {
            "name": "npcspellcastingflag",
            "current": "0",
            "max": "",
            "id": "-1jMT0DzLzxg57CgFppV"
        }
    ],
    "abilities": []
}