{
    "schema_version": 2,
    "oldId": "-W31kpJsgNZg92Zn5QK2",
    "name": "Огненный тритон колдун Имикса [Firenewt warlock of Imix]",
    "avatar": "https://tentaculus.ru/monsters/img/cute_monsters/FIRENEWT_WARRIOR.jpg",
    "bio": "",
    "gmnotes": "",
    "defaulttoken": "",
    "tags": "[]",
    "controlledby": "",
    "inplayerjournals": "",
    "attribs": [
        {
            "name": "hitdieroll",
            "current": "4",
            "max": "",
            "id": "-Du0V6s3ZPyIlmm4dIrW"
        },
        {
            "name": "showleveler",
            "current": 0,
            "max": "",
            "id": "-GxdN3N7WKvjZAH7jc6E"
        },
        {
            "name": "invalidXP",
            "current": 0,
            "max": "",
            "id": "-aepu5G55MUhlluRDt46"
        },
        {
            "name": "version",
            "current": 4.21,
            "max": "",
            "id": "-odaXDMMaCmO9Ud61N9V"
        },
        {
            "name": "mancer_confirm_flag",
            "current": "",
            "max": "",
            "id": "-bPRXESBLSwsOsxrtENq"
        },
        {
            "name": "mancer_npc",
            "current": "on",
            "max": "",
            "id": "-WBK9wisq5uEP3a58Y6o"
        },
        {
            "name": "l1mancer_status",
            "current": "completed",
            "max": "",
            "id": "-kkt1M7rCz6fTDMHWVo7"
        },
        {
            "name": "rtype",
            "current": "@{advantagetoggle}",
            "max": "",
            "id": "-Qthl3DiZydsOslE6OqY"
        },
        {
            "name": "dtype",
            "current": "full",
            "max": "",
            "id": "-DxRFPFAs8XoPbvN21Iu"
        },
        {
            "name": "appliedUpdates",
            "current": "upgrade_to_4_2_1",
            "max": "",
            "id": "-0D2mJwk8o3LibSnbXkZ"
        },
        {
            "name": "npc",
            "current": "1",
            "max": "",
            "id": "-SipkPN4Nl0oxOidfB3Q"
        },
        {
            "name": "npc_options-flag",
            "current": "0",
            "max": "",
            "id": "-XQ3sluIMHHrUskDvXkW"
        },
        {
            "name": "ui_flags",
            "current": "",
            "max": "",
            "id": "-GaD35JupbOpjtNM9YyH"
        },
        {
            "name": "npc_name",
            "current": "Огненный тритон колдун Имикса [Firenewt warlock of Imix]",
            "max": "",
            "id": "-7S850sKyFIUmam93x02"
        },
        {
            "name": "npc_type",
            "current": "гуманоид (огненный тритон) нейтрально-злой",
            "max": "",
            "id": "-cmxanzbhqZnrkmM6djJ"
        },
        {
            "name": "npc_speed",
            "current": "6 клеток",
            "max": "",
            "id": "-AmqdgYa0AM2SXrKzXgs"
        },
        {
            "name": "hp",
            "current": "",
            "max": "33",
            "id": "-nRZc5wxMDVPAlnWtCqX"
        },
        {
            "name": "npc_ac",
            "current": "10 (13 с доспехами мага [mage armor])",
            "max": "",
            "id": "-NLnp12ywz6qYrXkw8Ei"
        },
        {
            "name": "ac",
            "current": "10 (13 с доспехами мага [mage armor])",
            "max": "",
            "id": "-emvsX8sEvkQH05HczHZ"
        },
        {
            "name": "npc_languages",
            "current": "Драконий, Игнан",
            "max": "",
            "id": "-1VTx0ZuM1SIS68TexAs"
        },
        {
            "name": "npc_challenge",
            "current": "1",
            "max": "",
            "id": "-2VraELvHZPbcTChLso4"
        },
        {
            "name": "passive_wisdom",
            "current": "1",
            "max": "",
            "id": "-Uf1mjt8YeJfEXxyVnTM"
        },
        {
            "name": "initiative_bonus",
            "current": 0,
            "max": "",
            "id": "-Rq7Hd5xjwlFjzN3oyFd"
        },
        {
            "name": "npc_hpformula",
            "current": "6d8 + 6",
            "max": "",
            "id": "-t9gYmlADO7hg5BYEjiK"
        },
        {
            "name": "strength_base",
            "current": "13",
            "max": "",
            "id": "-dbuDXVws4NPHp4szBdA"
        },
        {
            "name": "strength_flag",
            "current": "0",
            "max": "",
            "id": "-I9YRmXbfXYpvv3QGyc0"
        },
        {
            "name": "strength",
            "current": 13,
            "max": "",
            "id": "-4AEZonYfIq8BGlD866O"
        },
        {
            "name": "strength_mod",
            "current": 1,
            "max": "",
            "id": "-onO4pS9r9lWNWNT1Jdy"
        },
        {
            "name": "npc_str_negative",
            "current": 0,
            "max": "",
            "id": "-iNkjMoovKaSACAMrOQL"
        },
        {
            "name": "dexterity_base",
            "current": "11",
            "max": "",
            "id": "-YEsycptsxxdJZ8xI7KY"
        },
        {
            "name": "dexterity_flag",
            "current": "0",
            "max": "",
            "id": "-O7JTDrEMh1ax3rqFY54"
        },
        {
            "name": "dexterity",
            "current": 11,
            "max": "",
            "id": "-7EeUvLo0C5BjxbaYrx6"
        },
        {
            "name": "dexterity_mod",
            "current": 0,
            "max": "",
            "id": "-XzTumGo8PpCwt4p9LzP"
        },
        {
            "name": "npc_dex_negative",
            "current": 0,
            "max": "",
            "id": "-tyw6tTttVt6pW7Kxcul"
        },
        {
            "name": "constitution_base",
            "current": "12",
            "max": "",
            "id": "-6uGz9pNNX9zAEEKoydd"
        },
        {
            "name": "constitution_flag",
            "current": "0",
            "max": "",
            "id": "-HUClvrCYYisYGRtolT7"
        },
        {
            "name": "constitution",
            "current": 12,
            "max": "",
            "id": "-2q5Qu1MOWWPCYDJFlKO"
        },
        {
            "name": "constitution_mod",
            "current": 1,
            "max": "",
            "id": "-AM5hgPsybity6VgeHJ7"
        },
        {
            "name": "npc_con_negative",
            "current": 0,
            "max": "",
            "id": "-CxUVTLlNPKiCX1VplF4"
        },
        {
            "name": "intelligence_base",
            "current": "9",
            "max": "",
            "id": "-6M9iNwzMG6yImmuK4TS"
        },
        {
            "name": "intelligence_flag",
            "current": "0",
            "max": "",
            "id": "-X1o7BZPr1XRUaib4mVs"
        },
        {
            "name": "intelligence",
            "current": 9,
            "max": "",
            "id": "-R9k11rJejHuzn43VNXF"
        },
        {
            "name": "intelligence_mod",
            "current": -1,
            "max": "",
            "id": "-LILIzjzAbLBlZD0MF5z"
        },
        {
            "name": "npc_int_negative",
            "current": 1,
            "max": "",
            "id": "-HSjw8NymihTd6ajRksU"
        },
        {
            "name": "wisdom_base",
            "current": "11",
            "max": "",
            "id": "-tYgw35VGbeeehejQoqy"
        },
        {
            "name": "wisdom_flag",
            "current": "0",
            "max": "",
            "id": "-AXChSAXdTRYcN1HD2oI"
        },
        {
            "name": "wisdom",
            "current": 11,
            "max": "",
            "id": "-Tt7Dx20Ytdc2Urpahj6"
        },
        {
            "name": "wisdom_mod",
            "current": 0,
            "max": "",
            "id": "-nNQchdlFW6vlYNQHAcF"
        },
        {
            "name": "npc_wis_negative",
            "current": 0,
            "max": "",
            "id": "-JRkrwpXYB2jMrD0iKO0"
        },
        {
            "name": "charisma_base",
            "current": "14",
            "max": "",
            "id": "-vZsPuA0TW5nWoC9sSG5"
        },
        {
            "name": "charisma_flag",
            "current": "0",
            "max": "",
            "id": "-EK1Y8J2D2x3doW08XLU"
        },
        {
            "name": "charisma",
            "current": 14,
            "max": "",
            "id": "-RruYmaaulOTQL9rnmyv"
        },
        {
            "name": "charisma_mod",
            "current": 2,
            "max": "",
            "id": "-WdFJxL6kUmX314NRdHM"
        },
        {
            "name": "npc_cha_negative",
            "current": 0,
            "max": "",
            "id": "-jZYbdcl1BIES8g5SNbG"
        },
        {
            "name": "npc_immunities",
            "current": "огонь",
            "max": "",
            "id": "-9DG18rYtrno1gDxnkk1"
        },
        {
            "name": "npc_senses",
            "current": "тёмное зрение 120 фт. (прозревает магическую тьму)",
            "max": "",
            "id": "-FIIRrVwueKzbfkfPfhW"
        },
        {
            "name": "repeating_npcaction_-Xy6GD4IoJPE0MV943CD_name",
            "current": "Моргенштерн",
            "max": "",
            "id": "-H3Pd7ZGs5kSNssjQyXf"
        },
        {
            "name": "repeating_npcaction_-Xy6GD4IoJPE0MV943CD_description",
            "current": "Рукопашная атака оружием: +3 к попаданию, досягаемость 5 фт., одна цель. Попадание: 5 (1к8 + 1) колющего урона.",
            "max": "",
            "id": "-IrDkNkapvwa0hxsO6MI"
        },
        {
            "name": "repeating_npcaction_-Xy6GD4IoJPE0MV943CD_attack_tohitrange",
            "current": "+0",
            "max": "",
            "id": "-uC6HVKA8JcLB47djoNT"
        },
        {
            "name": "repeating_npcaction_-Xy6GD4IoJPE0MV943CD_attack_onhit",
            "current": "",
            "max": "",
            "id": "-V3WVbXFWlPpilQMdYUE"
        },
        {
            "name": "repeating_npcaction_-Xy6GD4IoJPE0MV943CD_damage_flag",
            "current": "",
            "max": "",
            "id": "-rwUMyyakC15lZLyBbXi"
        },
        {
            "name": "repeating_npcaction_-Xy6GD4IoJPE0MV943CD_attack_crit",
            "current": "",
            "max": "",
            "id": "-6AbBX49QFtaY9hKhvon"
        },
        {
            "name": "repeating_npcaction_-Xy6GD4IoJPE0MV943CD_attack_crit2",
            "current": "",
            "max": "",
            "id": "-XDVvZ5IIGNPnVwVA379"
        },
        {
            "name": "repeating_npcaction_-Xy6GD4IoJPE0MV943CD_rollbase",
            "current": "@{wtype}&{template:npcaction} @{npc_name_flag} {{rname=@{name}}} {{description=@{show_desc}}} @{charname_output}",
            "max": "",
            "id": "-j4yJkIIgChoQcvBg4KC"
        },
        {
            "name": "repeating_npctrait_-amP51v99iFKk35Ha9Wo_name",
            "current": "Амфибия",
            "max": "",
            "id": "-s5txfonCq7QPKv2xyqp"
        },
        {
            "name": "repeating_npctrait_-amP51v99iFKk35Ha9Wo_description",
            "current": "Огненный тритон может дышать и на воздухе и в воде.",
            "max": "",
            "id": "-3GyU4DDqr0nUl2Y7Gsv"
        },
        {
            "name": "repeating_npctrait_-B3b4l8tLqWSSNN61XHG_name",
            "current": "Врожденное Колдовство",
            "max": "",
            "id": "-UEPWuJ34DqewpPNygmU"
        },
        {
            "name": "repeating_spell-1_-B8j34Eej2rNonqMti3W_spellname",
            "current": "ДОСПЕХИ МАГА",
            "max": "",
            "id": "-9cnrI37k5TYObES7AcI"
        },
        {
            "name": "repeating_spell-1_-B8j34Eej2rNonqMti3W_spellschool",
            "current": "abjuration",
            "max": "",
            "id": "-Xx7UUm1fRZIjrU17YlS"
        },
        {
            "name": "repeating_spell-1_-B8j34Eej2rNonqMti3W_spellcastingtime",
            "current": "1 действие",
            "max": "",
            "id": "-cUc6SI1XMi9KsOIAjbu"
        },
        {
            "name": "repeating_spell-1_-B8j34Eej2rNonqMti3W_spellrange",
            "current": "Касание",
            "max": "",
            "id": "-FJ3fdTU27S1HxSUPNI3"
        },
        {
            "name": "repeating_spell-1_-B8j34Eej2rNonqMti3W_spelltarget",
            "current": "",
            "max": "",
            "id": "-JMx0ZfEUloGkpMhYBNL"
        },
        {
            "name": "repeating_spell-1_-B8j34Eej2rNonqMti3W_spellcomp_materials",
            "current": "кусочек обработанной кожи",
            "max": "",
            "id": "-GDC6MBFgftgBfUvTiUt"
        },
        {
            "name": "repeating_spell-1_-B8j34Eej2rNonqMti3W_spelldescription",
            "current": "Вы касаетесь согласного существа, которое не одето в доспехи, и защитная магия окружает его на время действия заклинания. КБ цели становится 13 + его модификатор Ловкости. Заклинание заканчивается, если цель надевает доспехи или отменяет заклинание в качестве действия.",
            "max": "",
            "id": "-7w9YvZ41LYp0Ib3absx"
        },
        {
            "name": "repeating_spell-1_-B8j34Eej2rNonqMti3W_spellduration",
            "current": "8 часов",
            "max": "",
            "id": "-6WSiMWnsW660xeI2NuL"
        },
        {
            "name": "repeating_spell-1_-B8j34Eej2rNonqMti3W_spellcomp_v",
            "current": "{{v=1}}",
            "max": "",
            "id": "-xX0Vl4Hkstu1OVxAH3j"
        },
        {
            "name": "repeating_spell-1_-B8j34Eej2rNonqMti3W_spellcomp_s",
            "current": "{{s=1}}",
            "max": "",
            "id": "-TQrjcCVZCnDvZJEwT0A"
        },
        {
            "name": "repeating_spell-1_-B8j34Eej2rNonqMti3W_spellcomp_m",
            "current": "{{m=1}}",
            "max": "",
            "id": "-E3pbi0s8WkhPhzGrI8n"
        },
        {
            "name": "repeating_spell-1_-B8j34Eej2rNonqMti3W_spellsource",
            "current": "PHB",
            "max": "",
            "id": "-ZtVN0P30abOdaYvDshZ"
        },
        {
            "name": "repeating_spell-1_-B8j34Eej2rNonqMti3W_details-flag",
            "current": "0",
            "max": "",
            "id": "-cIf3ZAwDf6KBt4IRXRN"
        },
        {
            "name": "repeating_spell-1_-B8j34Eej2rNonqMti3W_options-flag",
            "current": "0",
            "max": "",
            "id": "-SBfiNZEiInw5DKN5jwr"
        },
        {
            "name": "repeating_npctrait_-B3b4l8tLqWSSNN61XHG_description",
            "current": "Врожденное колдовство огненного тритона основывается на Харизме. \n>Он может неограниченно колдовать доспехи мага [mage armor] (только на себя), без материальных компонентов.",
            "max": "",
            "id": "-ykyNVo50Z8phspMBPtc"
        },
        {
            "name": "repeating_npctrait_-VybfRoWgpM9g2V6QmTN_name",
            "current": "Колдовство",
            "max": "",
            "id": "-sXBnDiEBUv3hB1J63uM"
        },
        {
            "name": "repeating_spell-cantrip_-LOCLX2il9PL5YNMO9Lt_spellname",
            "current": "ОГНЕННАЯ СТРЕЛА",
            "max": "",
            "id": "-WZnqA0cwzoiNUej0aPL"
        },
        {
            "name": "repeating_spell-cantrip_-LOCLX2il9PL5YNMO9Lt_spellschool",
            "current": "evocation",
            "max": "",
            "id": "-XpKFlhVdhzgbD2TmmXW"
        },
        {
            "name": "repeating_spell-cantrip_-LOCLX2il9PL5YNMO9Lt_spellcastingtime",
            "current": "1 действие",
            "max": "",
            "id": "-1aL5fv0ux9rWOYxCkCz"
        },
        {
            "name": "repeating_spell-cantrip_-LOCLX2il9PL5YNMO9Lt_spellrange",
            "current": "120 футов",
            "max": "",
            "id": "-9zXHWtLOmiDiRWPkQN1"
        },
        {
            "name": "repeating_spell-cantrip_-LOCLX2il9PL5YNMO9Lt_spelltarget",
            "current": "",
            "max": "",
            "id": "-h8wOEe67VUUYntVOSDa"
        },
        {
            "name": "repeating_spell-cantrip_-LOCLX2il9PL5YNMO9Lt_spellcomp_materials",
            "current": "",
            "max": "",
            "id": "-vtHBHy2FindiAuQq7RX"
        },
        {
            "name": "repeating_spell-cantrip_-LOCLX2il9PL5YNMO9Lt_spelldescription",
            "current": "Вы запускаете частичку огня в существо или предмет в пределах дальности заклинания. Сделайте заклинательную атаку дальнего боя по этой цели. При попадании цель получает 1d10 урона огнем. Воспламеняющися объект загорается при попадании, если он не находится во владении существа.<br>Урон заклинания увеличивается на 1d10 при достижении 5 уровня (2d10), 11 уровня (3d10) и 17 уровня (4d10).",
            "max": "",
            "id": "-TKUSoDUPwOJlR6c7AlT"
        },
        {
            "name": "repeating_spell-cantrip_-LOCLX2il9PL5YNMO9Lt_spellduration",
            "current": "мгновенно",
            "max": "",
            "id": "-Nxa0g6oci4RvBxDsCKi"
        },
        {
            "name": "repeating_spell-cantrip_-LOCLX2il9PL5YNMO9Lt_spellcomp_v",
            "current": "{{v=1}}",
            "max": "",
            "id": "-gebznyS5uMSNbBgCcwn"
        },
        {
            "name": "repeating_spell-cantrip_-LOCLX2il9PL5YNMO9Lt_spellcomp_s",
            "current": "{{s=1}}",
            "max": "",
            "id": "-Hh9u5BPeUpIbnX6QPrV"
        },
        {
            "name": "repeating_spell-cantrip_-LOCLX2il9PL5YNMO9Lt_spellcomp_m",
            "current": "0",
            "max": "",
            "id": "-aYWjHTyzDZzLMhVuoTs"
        },
        {
            "name": "repeating_spell-cantrip_-LOCLX2il9PL5YNMO9Lt_spellsource",
            "current": "PHB",
            "max": "",
            "id": "-sQiiKCdln6AeaIWRt5V"
        },
        {
            "name": "repeating_spell-cantrip_-LOCLX2il9PL5YNMO9Lt_details-flag",
            "current": "0",
            "max": "",
            "id": "-vKiQ1b4S8Jt74b4mVU2"
        },
        {
            "name": "repeating_spell-cantrip_-LOCLX2il9PL5YNMO9Lt_options-flag",
            "current": "0",
            "max": "",
            "id": "-AQ2y1MFQeak70hXmN6o"
        },
        {
            "name": "repeating_spell-cantrip_-D3xgrMQGGlKspakldLE_spellname",
            "current": "УКАЗАНИЕ",
            "max": "",
            "id": "-X7NyxZyRCCKN21tMXLd"
        },
        {
            "name": "repeating_spell-cantrip_-D3xgrMQGGlKspakldLE_spellschool",
            "current": "divination",
            "max": "",
            "id": "-7cPDeiAaEaWDS0IJOKE"
        },
        {
            "name": "repeating_spell-cantrip_-D3xgrMQGGlKspakldLE_spellcastingtime",
            "current": "1 действие",
            "max": "",
            "id": "-HWF9JQCE426ChUxr5x6"
        },
        {
            "name": "repeating_spell-cantrip_-D3xgrMQGGlKspakldLE_spellrange",
            "current": "30 футов",
            "max": "",
            "id": "-6jpyJJxpzHovnrABEr1"
        },
        {
            "name": "repeating_spell-cantrip_-D3xgrMQGGlKspakldLE_spelltarget",
            "current": "",
            "max": "",
            "id": "-DEwKUx6sqpCNmdNH2ar"
        },
        {
            "name": "repeating_spell-cantrip_-D3xgrMQGGlKspakldLE_spellcomp_materials",
            "current": "",
            "max": "",
            "id": "-JOGWRsXT1B0UqKOzAB7"
        },
        {
            "name": "repeating_spell-cantrip_-D3xgrMQGGlKspakldLE_spelldescription",
            "current": "Вы касаетесь одного согласного существа. Один раз, пока заклинание активно, цель может бросить к4 и добавить выпавшее число к одной проверке характеристики на свой выбор. Эту кость можно бросить до или после совершения проверки. После этого заклинание оканчивается.",
            "max": "",
            "id": "-OfuT9eIVQM83etYwpNp"
        },
        {
            "name": "repeating_spell-cantrip_-D3xgrMQGGlKspakldLE_spellduration",
            "current": "К-ция, вплоть до 1 минуты",
            "max": "",
            "id": "-KkSPCsWApSAM6wSQess"
        },
        {
            "name": "repeating_spell-cantrip_-D3xgrMQGGlKspakldLE_spellcomp_v",
            "current": "{{v=1}}",
            "max": "",
            "id": "-7CWC6dviLhYP6CRRUYE"
        },
        {
            "name": "repeating_spell-cantrip_-D3xgrMQGGlKspakldLE_spellcomp_s",
            "current": "{{s=1}}",
            "max": "",
            "id": "-h0pPHPP7OKguE64y0Y3"
        },
        {
            "name": "repeating_spell-cantrip_-D3xgrMQGGlKspakldLE_spellcomp_m",
            "current": "0",
            "max": "",
            "id": "-EiIx8ZU4zME4YMfnVH8"
        },
        {
            "name": "repeating_spell-cantrip_-D3xgrMQGGlKspakldLE_spellsource",
            "current": "PHB",
            "max": "",
            "id": "-YdQrs5EGGN2qRpZJPQK"
        },
        {
            "name": "repeating_spell-cantrip_-D3xgrMQGGlKspakldLE_details-flag",
            "current": "0",
            "max": "",
            "id": "-u7gnaogq07EQzR8HYuz"
        },
        {
            "name": "repeating_spell-cantrip_-D3xgrMQGGlKspakldLE_options-flag",
            "current": "0",
            "max": "",
            "id": "-UjEVhmBZ4H91xcsTByN"
        },
        {
            "name": "repeating_spell-cantrip_-k6pOZWfS8fiiyLodm35_spellname",
            "current": "СВЕТ",
            "max": "",
            "id": "-Axm7ywHpyvxW2Z21uTY"
        },
        {
            "name": "repeating_spell-cantrip_-k6pOZWfS8fiiyLodm35_spellschool",
            "current": "evocation",
            "max": "",
            "id": "-kf96zo8aTw28wL3W30E"
        },
        {
            "name": "repeating_spell-cantrip_-k6pOZWfS8fiiyLodm35_spellcastingtime",
            "current": "1 действие",
            "max": "",
            "id": "-COmj60D795y58ZAPeKx"
        },
        {
            "name": "repeating_spell-cantrip_-k6pOZWfS8fiiyLodm35_spellrange",
            "current": "Касание",
            "max": "",
            "id": "-cxTSu5gwYtGJZar7pll"
        },
        {
            "name": "repeating_spell-cantrip_-k6pOZWfS8fiiyLodm35_spelltarget",
            "current": "",
            "max": "",
            "id": "-8bE0WO1CCEH3sMMYLbz"
        },
        {
            "name": "repeating_spell-cantrip_-k6pOZWfS8fiiyLodm35_spellcomp_materials",
            "current": "светлячок или фосфоресцирующий мох",
            "max": "",
            "id": "-6dM14XJKfQEz4L00Mac"
        },
        {
            "name": "repeating_spell-cantrip_-k6pOZWfS8fiiyLodm35_spelldescription",
            "current": "Вы касаетесь одного объекта, размер которого не превышает 10 футов в любой из размерностей. Пока заклинание действует, объект излучает яркий свет на 20 футов от него и тусклый свет еще на 20 футов дальше. Окраска света может быть любой. Его можно заблокировать, накрыв объект чем-то непрозрачным. Действие заклинания заканчивается, если вы произносите его снова или отменяете в качестве действия. Если вы используете заклинание на объект, который одет или находится в руках враждебного существа, то это существо должно сделать спасбросок по Ловкости, чтобы избежать заклинания.",
            "max": "",
            "id": "-YUAUMkMO4uvGLZPbLsI"
        },
        {
            "name": "repeating_spell-cantrip_-k6pOZWfS8fiiyLodm35_spellduration",
            "current": "1 час",
            "max": "",
            "id": "-5v02bjUMvnj6jJmfaWU"
        },
        {
            "name": "repeating_spell-cantrip_-k6pOZWfS8fiiyLodm35_spellcomp_v",
            "current": "{{v=1}}",
            "max": "",
            "id": "-YECN9U2RRcQKxoqppKF"
        },
        {
            "name": "repeating_spell-cantrip_-k6pOZWfS8fiiyLodm35_spellcomp_s",
            "current": "0",
            "max": "",
            "id": "-nqrrLyQ8ZjxNs9dqZ0S"
        },
        {
            "name": "repeating_spell-cantrip_-k6pOZWfS8fiiyLodm35_spellcomp_m",
            "current": "0",
            "max": "",
            "id": "-DnoZeEs5645YjX4xdtS"
        },
        {
            "name": "repeating_spell-cantrip_-k6pOZWfS8fiiyLodm35_spellsource",
            "current": "PHB",
            "max": "",
            "id": "-Gx7WAW6lCrfXTIiDOHM"
        },
        {
            "name": "repeating_spell-cantrip_-k6pOZWfS8fiiyLodm35_details-flag",
            "current": "0",
            "max": "",
            "id": "-24yZZh3r9Dyau82Tw5c"
        },
        {
            "name": "repeating_spell-cantrip_-k6pOZWfS8fiiyLodm35_options-flag",
            "current": "0",
            "max": "",
            "id": "-FWaou8AyIqw7YYDETEj"
        },
        {
            "name": "repeating_spell-cantrip_-7KzCXnGo3FnbljvnmsH_spellname",
            "current": "ВОЛШЕБНАЯ РУКА",
            "max": "",
            "id": "-BR7rnGzROsZQAEd3NSK"
        },
        {
            "name": "repeating_spell-cantrip_-7KzCXnGo3FnbljvnmsH_spellschool",
            "current": "conjuration",
            "max": "",
            "id": "-VGMNsPOlzSu0ttsSrVB"
        },
        {
            "name": "repeating_spell-cantrip_-7KzCXnGo3FnbljvnmsH_spellcastingtime",
            "current": "1 действие",
            "max": "",
            "id": "-3ZW1hS6RZ4veSV7J7JA"
        },
        {
            "name": "repeating_spell-cantrip_-7KzCXnGo3FnbljvnmsH_spellrange",
            "current": "30 футов",
            "max": "",
            "id": "-56GTL6SJTbtaqABi1Nj"
        },
        {
            "name": "repeating_spell-cantrip_-7KzCXnGo3FnbljvnmsH_spelltarget",
            "current": "",
            "max": "",
            "id": "-tCPWBhk5gX48VsE7sOA"
        },
        {
            "name": "repeating_spell-cantrip_-7KzCXnGo3FnbljvnmsH_spellcomp_materials",
            "current": "",
            "max": "",
            "id": "-c0LkL4d3NtQV6w26Nox"
        },
        {
            "name": "repeating_spell-cantrip_-7KzCXnGo3FnbljvnmsH_spelldescription",
            "current": "Призрачная, летающая рука появляется в указанной вами точке в пределах дальности заклинания. Рука существует до тех пор, пока заклинание не закончится или вы не отзовете ее в качестве действия. Рука также исчезает, если окажется на расстоянии более 30 футов от вас, или вы произнесете это заклинание снова.   В качестве действия вы можете управлять рукой. Вы можете  использовать ее, чтобы воздействовать на объекты, открывать незамкнутые двери или емкости, доставать или класть предмет в открытую емкость, или выливать содержимое из флаконов. Вы можете перемещать руку на расстояние до 30 футов каждый раз, когда вы используете ее.   Рука не может атаковать, активировать магические предметы или поднимать предметы весом более 10 фунтов.",
            "max": "",
            "id": "-RljbcEGfdkvIDt1DItw"
        },
        {
            "name": "repeating_spell-cantrip_-7KzCXnGo3FnbljvnmsH_spellduration",
            "current": "1 минута",
            "max": "",
            "id": "-JZ8hOLNNezQCJ6QATNO"
        },
        {
            "name": "repeating_spell-cantrip_-7KzCXnGo3FnbljvnmsH_spellcomp_v",
            "current": "{{v=1}}",
            "max": "",
            "id": "-oaly3QNAcFREe3otFSs"
        },
        {
            "name": "repeating_spell-cantrip_-7KzCXnGo3FnbljvnmsH_spellcomp_s",
            "current": "{{s=1}}",
            "max": "",
            "id": "-ZmAY52O0Ab98ghc74uL"
        },
        {
            "name": "repeating_spell-cantrip_-7KzCXnGo3FnbljvnmsH_spellcomp_m",
            "current": "0",
            "max": "",
            "id": "-cLDEVBaKgq02wcuPN21"
        },
        {
            "name": "repeating_spell-cantrip_-7KzCXnGo3FnbljvnmsH_spellsource",
            "current": "PHB",
            "max": "",
            "id": "-gFKSclWl5YPhOUEsAZP"
        },
        {
            "name": "repeating_spell-cantrip_-7KzCXnGo3FnbljvnmsH_details-flag",
            "current": "0",
            "max": "",
            "id": "-XrRmmdOecAnHxZilHgw"
        },
        {
            "name": "repeating_spell-cantrip_-7KzCXnGo3FnbljvnmsH_options-flag",
            "current": "0",
            "max": "",
            "id": "-Gw4cBp8SKqPKKH7pAuT"
        },
        {
            "name": "repeating_spell-cantrip_-dOzRWnJhkV5aejtJFlT_spellname",
            "current": "ФОКУСЫ",
            "max": "",
            "id": "-WhU9YJgVFG0b5Zq2Zl7"
        },
        {
            "name": "repeating_spell-cantrip_-dOzRWnJhkV5aejtJFlT_spellschool",
            "current": "transmutation",
            "max": "",
            "id": "-mFIyCaq6JZtaPlj5Kqn"
        },
        {
            "name": "repeating_spell-cantrip_-dOzRWnJhkV5aejtJFlT_spellcastingtime",
            "current": "1 действие",
            "max": "",
            "id": "-YORGyd0BjirkDP6p7KR"
        },
        {
            "name": "repeating_spell-cantrip_-dOzRWnJhkV5aejtJFlT_spellrange",
            "current": "10 футов",
            "max": "",
            "id": "-cntQ6J0gv0TMAk7ahdO"
        },
        {
            "name": "repeating_spell-cantrip_-dOzRWnJhkV5aejtJFlT_spelltarget",
            "current": "",
            "max": "",
            "id": "-VzMipqf5TzdgCh3Loyx"
        },
        {
            "name": "repeating_spell-cantrip_-dOzRWnJhkV5aejtJFlT_spellcomp_materials",
            "current": "",
            "max": "",
            "id": "-nvIUoD0k357UKG75dv0"
        },
        {
            "name": "repeating_spell-cantrip_-dOzRWnJhkV5aejtJFlT_spelldescription",
            "current": "Заклинание представляет собой простой магический трюк, один из: <br> • Вы создаете мгновенны, безвредный сенсорный эффект, например дождь искр, дуновение ветерка, тихую мелодию или странный запах. <br> • Вы мгновенно зажигаете или тушите свечу, факел или маленький костер. <br> • Вы мгновенно очищаете или пачкаете объект объемом не более 1 кубического фута. <br> • Вы охлаждаете, нагреваете или ароматизируете до 1 кубического фута неживого вещества на 1 час. <br> • На выбранном вами объекте или поверхности появляется знак или символ, который исчезает через 1 час. <br> • Вы создаете немагическую безделушку или иллюзорный образ в вашей руке, который существует до конца вашего следующего хода. Если вы произнесете это заклинание несколько раз подряд, то можете поддерживать до трех не мгновенных эффектов одновременно и можете отменить любой из них в качестве действия.",
            "max": "",
            "id": "-QPMdWWWjTKhyj9UGT6x"
        },
        {
            "name": "repeating_spell-cantrip_-dOzRWnJhkV5aejtJFlT_spellduration",
            "current": "До 1 часа",
            "max": "",
            "id": "-cjxoD3cMoLlpd2dKWZV"
        },
        {
            "name": "repeating_spell-cantrip_-dOzRWnJhkV5aejtJFlT_spellcomp_v",
            "current": "{{v=1}}",
            "max": "",
            "id": "-V6fGcgUDher6PNYNhsW"
        },
        {
            "name": "repeating_spell-cantrip_-dOzRWnJhkV5aejtJFlT_spellcomp_s",
            "current": "{{s=1}}",
            "max": "",
            "id": "-76Xb0yPPcizqxjjEveW"
        },
        {
            "name": "repeating_spell-cantrip_-dOzRWnJhkV5aejtJFlT_spellcomp_m",
            "current": "0",
            "max": "",
            "id": "-wkYqzXBmC6bO8XWH5Rr"
        },
        {
            "name": "repeating_spell-cantrip_-dOzRWnJhkV5aejtJFlT_spellsource",
            "current": "PHB",
            "max": "",
            "id": "-tnQoWjjTSEcCWnoMFNH"
        },
        {
            "name": "repeating_spell-cantrip_-dOzRWnJhkV5aejtJFlT_details-flag",
            "current": "0",
            "max": "",
            "id": "-y4JFNT9UI9mO3EuPkot"
        },
        {
            "name": "repeating_spell-cantrip_-dOzRWnJhkV5aejtJFlT_options-flag",
            "current": "0",
            "max": "",
            "id": "-05uXth16D04AaxYKoQv"
        },
        {
            "name": "repeating_spell-1_-drKqUcZqS03nEEdJnvG_spellname",
            "current": "ГОРЯЩИЕ РУКИ",
            "max": "",
            "id": "-KpkWB3iBUeUUYHiNMkS"
        },
        {
            "name": "repeating_spell-1_-drKqUcZqS03nEEdJnvG_spellschool",
            "current": "evocation",
            "max": "",
            "id": "-9pkNTiRjHql18ILsGzO"
        },
        {
            "name": "repeating_spell-1_-drKqUcZqS03nEEdJnvG_spellcastingtime",
            "current": "1 действие",
            "max": "",
            "id": "-D6CrPr4snyNqTRED1yf"
        },
        {
            "name": "repeating_spell-1_-drKqUcZqS03nEEdJnvG_spellrange",
            "current": "Вы (15ф. конус)",
            "max": "",
            "id": "-lb6r9pPQvNOLvIaefzN"
        },
        {
            "name": "repeating_spell-1_-drKqUcZqS03nEEdJnvG_spelltarget",
            "current": "",
            "max": "",
            "id": "-YczvBH5EJWzClEUFr5N"
        },
        {
            "name": "repeating_spell-1_-drKqUcZqS03nEEdJnvG_spellcomp_materials",
            "current": "",
            "max": "",
            "id": "-zO4q4sNm4isSKYn2aYs"
        },
        {
            "name": "repeating_spell-1_-drKqUcZqS03nEEdJnvG_spelldescription",
            "current": "Вы поднимаете руки, соединив большие пальцы, а остальные выставив вперед. Тонкая пелена пламени устремляется вперед с ваших кончиков пальцев. Каждое существо в конусе 15 футов должно сделать спасбросок по Ловкости. В случае провала оно получат 3d6 урона огнем, а в случае успеха - половину этого урона.   Огонь поджигает любые воспламеняющиеся объекты в области, если они не находятся в чьем-то владении. <br>На более высоких кругах. Если вы произносите заклинание, расходуя ячейку 2 круга или выше, то урон увеличивается на 1d6 за каждый круг выше первого.",
            "max": "",
            "id": "-dL5JXG5MRYfV1Zohcyw"
        },
        {
            "name": "repeating_spell-1_-drKqUcZqS03nEEdJnvG_spellduration",
            "current": "мгновенно",
            "max": "",
            "id": "-zb3dHd0bJ6nLMwEBfAb"
        },
        {
            "name": "repeating_spell-1_-drKqUcZqS03nEEdJnvG_spellcomp_v",
            "current": "{{v=1}}",
            "max": "",
            "id": "-gKP3ShD1qnEwsFtScwi"
        },
        {
            "name": "repeating_spell-1_-drKqUcZqS03nEEdJnvG_spellcomp_s",
            "current": "{{s=1}}",
            "max": "",
            "id": "-JuyYAZN071091h5fvUL"
        },
        {
            "name": "repeating_spell-1_-drKqUcZqS03nEEdJnvG_spellcomp_m",
            "current": "0",
            "max": "",
            "id": "-Oqq4eM7CmdqCxgeGzCb"
        },
        {
            "name": "repeating_spell-1_-drKqUcZqS03nEEdJnvG_spellsource",
            "current": "PHB",
            "max": "",
            "id": "-HOCz2eYXgxoX4hVBnMJ"
        },
        {
            "name": "repeating_spell-1_-drKqUcZqS03nEEdJnvG_details-flag",
            "current": "0",
            "max": "",
            "id": "-wKhgFQMqYu1MQ9tNfjD"
        },
        {
            "name": "repeating_spell-1_-drKqUcZqS03nEEdJnvG_options-flag",
            "current": "0",
            "max": "",
            "id": "-txHLRq3Zm9CSDNxy7bD"
        },
        {
            "name": "repeating_spell-2_-G6p9QTc257k4Fmb1VZX_spellname",
            "current": "ПЫЛАЮЩИЙ ШАР",
            "max": "",
            "id": "-tzC3W0PCTYqDDPBMdIL"
        },
        {
            "name": "repeating_spell-2_-G6p9QTc257k4Fmb1VZX_spellschool",
            "current": "conjuration",
            "max": "",
            "id": "-HYayOr0culSbMVjnjY1"
        },
        {
            "name": "repeating_spell-2_-G6p9QTc257k4Fmb1VZX_spellcastingtime",
            "current": "1 действие",
            "max": "",
            "id": "-pN2Bjj8ImnjjJE1ZzY7"
        },
        {
            "name": "repeating_spell-2_-G6p9QTc257k4Fmb1VZX_spellrange",
            "current": "60 футов",
            "max": "",
            "id": "-Lnydhsc6EK5t6BtT2tT"
        },
        {
            "name": "repeating_spell-2_-G6p9QTc257k4Fmb1VZX_spelltarget",
            "current": "",
            "max": "",
            "id": "-bhoLi4SCOWxpzr0c4wh"
        },
        {
            "name": "repeating_spell-2_-G6p9QTc257k4Fmb1VZX_spellcomp_materials",
            "current": "немного жира, щепотка серы и железный порошок",
            "max": "",
            "id": "-RKHLae6hFBYodGc9nRN"
        },
        {
            "name": "repeating_spell-2_-G6p9QTc257k4Fmb1VZX_spelldescription",
            "current": "Сфера огня диаметром 5 футов появляется в выбранном вами незанятом месте в пределах дальности заклинания. Она существует до тех пор, пока действует заклинание. Любое существо, которое заканчивает свой ход в 5 футах от сферы, должно сделать спасбросок по Ловкости. В случае провала оно получает 2d6 урона огнем, а в случае успеха - половину этого урона. В качестве дополнительного действия вы можете передвигать сферу на расстояние до 30 футов. Если вы отправите сферу на существо, то оно должно сделать спасбросок от урона, а сфера прекращает движение в этом ходу. Когда вы перемещаете сферу, она может преодолевать препятствия высотой до 5 футов, и перелетать ямы шириной до 10 футов. Сфера поджигает любые воспламеняющиеся объекты, которые на находятся во владении существ, а также излучает яркий свет в радиусе 20 футов и тусклый свет еще на 20 футов дальше.<br>На более высоких кругах. Если вы произносите заклинание, используя ячейку 3 круга или выше, то урон увеличивается на 1d6 за каждый круг выше второго.",
            "max": "",
            "id": "-NBtcNECXTIh8XJjwTqk"
        },
        {
            "name": "repeating_spell-2_-G6p9QTc257k4Fmb1VZX_spellduration",
            "current": "конц-я, до 1 мин",
            "max": "",
            "id": "-LfQelSCW7Z1zUauUuis"
        },
        {
            "name": "repeating_spell-2_-G6p9QTc257k4Fmb1VZX_spellcomp_v",
            "current": "{{v=1}}",
            "max": "",
            "id": "-E9dDfy16Duj1zAEIVJm"
        },
        {
            "name": "repeating_spell-2_-G6p9QTc257k4Fmb1VZX_spellcomp_s",
            "current": "{{s=1}}",
            "max": "",
            "id": "-icPbzeyzoYSnw5DgSJN"
        },
        {
            "name": "repeating_spell-2_-G6p9QTc257k4Fmb1VZX_spellcomp_m",
            "current": "{{m=1}}",
            "max": "",
            "id": "-liHHwLOq138K9lQb2Rg"
        },
        {
            "name": "repeating_spell-2_-G6p9QTc257k4Fmb1VZX_spellsource",
            "current": "PHB",
            "max": "",
            "id": "-CnZL8DcGKqpEYsoUZdC"
        },
        {
            "name": "repeating_spell-2_-G6p9QTc257k4Fmb1VZX_details-flag",
            "current": "0",
            "max": "",
            "id": "-bkt6xvmtUpAhlwyG2Oe"
        },
        {
            "name": "repeating_spell-2_-G6p9QTc257k4Fmb1VZX_options-flag",
            "current": "0",
            "max": "",
            "id": "-GLQ8RXpqY8X7YbtNTzC"
        },
        {
            "name": "repeating_spell-1_-DI2CdzNDIywDzTlI6qE_spellname",
            "current": "АДСКОЕ ВОЗМЕЗДИЕ",
            "max": "",
            "id": "-9ydw5NPBrGr5BNSiAZx"
        },
        {
            "name": "repeating_spell-1_-DI2CdzNDIywDzTlI6qE_spellschool",
            "current": "evocation",
            "max": "",
            "id": "-pRPFmpY7WZQXmTWHMJC"
        },
        {
            "name": "repeating_spell-1_-DI2CdzNDIywDzTlI6qE_spellcastingtime",
            "current": "1 реакция",
            "max": "",
            "id": "-MJRRvvovDjDhipO2X7V"
        },
        {
            "name": "repeating_spell-1_-DI2CdzNDIywDzTlI6qE_spellrange",
            "current": "60 футов",
            "max": "",
            "id": "-iIPmaWTgNqfZldx7IJm"
        },
        {
            "name": "repeating_spell-1_-DI2CdzNDIywDzTlI6qE_spelltarget",
            "current": "",
            "max": "",
            "id": "-X0swdJ8pWHo14UP9AfY"
        },
        {
            "name": "repeating_spell-1_-DI2CdzNDIywDzTlI6qE_spellcomp_materials",
            "current": "",
            "max": "",
            "id": "-KD9OJ7B67ZU2J5cwPDj"
        },
        {
            "name": "repeating_spell-1_-DI2CdzNDIywDzTlI6qE_spelldescription",
            "current": "1 реакция, которую вы совершаете, в ответ на урон, нанесенный существом, которое вы можете видеть в пределах 60 футов Вы указываете пальцем в существо, которое нанесло вам урон, и его немедленно окружает адское пламя. Существо должно сделать спасбросок по Ловкости. В случае провала оно получает 2d10 урона огнем, а при успешном - половину этого урона. <br>На более высоких кругах. Если вы произносите заклинание, используя ячейку 2 круга или выше, то урон увеличивается на 1d10 за каждый круг выше первого.",
            "max": "",
            "id": "-Wlf4x7cEvO7V3UKKlxQ"
        },
        {
            "name": "repeating_spell-1_-DI2CdzNDIywDzTlI6qE_spellduration",
            "current": "мгновенно",
            "max": "",
            "id": "-SSY38cYP5jQys6PAWXl"
        },
        {
            "name": "repeating_spell-1_-DI2CdzNDIywDzTlI6qE_spellcomp_v",
            "current": "{{v=1}}",
            "max": "",
            "id": "-UN8M13eIEHHyGr5suHN"
        },
        {
            "name": "repeating_spell-1_-DI2CdzNDIywDzTlI6qE_spellcomp_s",
            "current": "{{s=1}}",
            "max": "",
            "id": "-7LJq5SbojJQhZVfJy3D"
        },
        {
            "name": "repeating_spell-1_-DI2CdzNDIywDzTlI6qE_spellcomp_m",
            "current": "0",
            "max": "",
            "id": "-oF26qJjr12lU75tsDfR"
        },
        {
            "name": "repeating_spell-1_-DI2CdzNDIywDzTlI6qE_spellsource",
            "current": "PHB",
            "max": "",
            "id": "-RPpYTPgTuOpmbj4qZP9"
        },
        {
            "name": "repeating_spell-1_-DI2CdzNDIywDzTlI6qE_details-flag",
            "current": "0",
            "max": "",
            "id": "-5HkwNfcCVfe7wYjM60Z"
        },
        {
            "name": "repeating_spell-1_-DI2CdzNDIywDzTlI6qE_options-flag",
            "current": "0",
            "max": "",
            "id": "-bG3BUmog0zxi5QXPFM5"
        },
        {
            "name": "repeating_spell-2_-1xcffUXN6Qzv6O4Ky8f_spellname",
            "current": "ОБЖИГАЮЩИЙ ЛУЧ",
            "max": "",
            "id": "-XRAeB3N9AJY1NspTbIA"
        },
        {
            "name": "repeating_spell-2_-1xcffUXN6Qzv6O4Ky8f_spellschool",
            "current": "evocation",
            "max": "",
            "id": "-wjLGZ9I8KeYHxMorJvM"
        },
        {
            "name": "repeating_spell-2_-1xcffUXN6Qzv6O4Ky8f_spellcastingtime",
            "current": "1 действие",
            "max": "",
            "id": "-80YbozLTMMQHqWMX3gx"
        },
        {
            "name": "repeating_spell-2_-1xcffUXN6Qzv6O4Ky8f_spellrange",
            "current": "120 футов",
            "max": "",
            "id": "-bqYPXDgjkPl0Rk87FEh"
        },
        {
            "name": "repeating_spell-2_-1xcffUXN6Qzv6O4Ky8f_spelltarget",
            "current": "",
            "max": "",
            "id": "-g84SF99OR0ioHFKTKtu"
        },
        {
            "name": "repeating_spell-2_-1xcffUXN6Qzv6O4Ky8f_spellcomp_materials",
            "current": "",
            "max": "",
            "id": "-N90T2j5tEPwy2v0TkNa"
        },
        {
            "name": "repeating_spell-2_-1xcffUXN6Qzv6O4Ky8f_spelldescription",
            "current": "Вы создаете три огненных луча, которые устремляются к цели в пределах дальности заклинания. Вы можете запустить их в одну цель или в разные. Сделайте заклинательную атаку дальнего боя для каждого луча. При попадании цель получает 2d6 урона огнем. <br>На более высоких кругах. Когда вы произносите заклинание, используя ячейку 3 круга или выше, вы создаете дополнительный луч за каждый круг выше второго.",
            "max": "",
            "id": "-mI6ol6Zu84MwDZoYrPD"
        },
        {
            "name": "repeating_spell-2_-1xcffUXN6Qzv6O4Ky8f_spellduration",
            "current": "мгновенно",
            "max": "",
            "id": "-K8wkZPJNMoH8p8kFIyn"
        },
        {
            "name": "repeating_spell-2_-1xcffUXN6Qzv6O4Ky8f_spellcomp_v",
            "current": "{{v=1}}",
            "max": "",
            "id": "-APtaQuTqxYFhKNUr7BM"
        },
        {
            "name": "repeating_spell-2_-1xcffUXN6Qzv6O4Ky8f_spellcomp_s",
            "current": "{{s=1}}",
            "max": "",
            "id": "-Jj3HV9UsrkmtVyRGy1i"
        },
        {
            "name": "repeating_spell-2_-1xcffUXN6Qzv6O4Ky8f_spellcomp_m",
            "current": "0",
            "max": "",
            "id": "-UnrmSU3JeUpefJwsLQ4"
        },
        {
            "name": "repeating_spell-2_-1xcffUXN6Qzv6O4Ky8f_spellsource",
            "current": "PHB",
            "max": "",
            "id": "-PG4R79g1DOH5oufyOny"
        },
        {
            "name": "repeating_spell-2_-1xcffUXN6Qzv6O4Ky8f_details-flag",
            "current": "0",
            "max": "",
            "id": "-DfDrvCI4Bn3E3brfPGw"
        },
        {
            "name": "repeating_spell-2_-1xcffUXN6Qzv6O4Ky8f_options-flag",
            "current": "0",
            "max": "",
            "id": "-r8H9C6cwye1XZkKv3sQ"
        },
        {
            "name": "repeating_npctrait_-VybfRoWgpM9g2V6QmTN_description",
            "current": "Огненный тритон - это заклинатель 3 уровня. Его базовой характеристикой является Харизма (Сл спасброска от заклинаний 12, +4 к попаданию заклинаниями). Он восстанавливает потраченные ячейки заклинаний после завершения короткого или долгого отдыха. Он знает следующие заклинания чернокнижника:\n\n Заговоры (неограниченно): \n>огненный снаряд [fire bolt], \n>указание [guidance], \n>свет [light], \n>волшебная рука [mage hand], \n>фокусы [prestidigitation]\n\n 1-2 уровень (2 ячейки 2 уровня): \n>огненные ладони [burning hands], \n>пылающий шар [flaming sphere], \n>адское возмездие [hellish rebuke], \n>палящий луч [scorching ray]",
            "max": "",
            "id": "-1hITovVxvlQnS690wIF"
        },
        {
            "name": "repeating_npctrait_-mWJ8u3xyQL0bU0WLkMG_name",
            "current": "Благословение Имикса",
            "max": "",
            "id": "-UtwBU0vsFSHKWTTPoCh"
        },
        {
            "name": "repeating_npctrait_-mWJ8u3xyQL0bU0WLkMG_description",
            "current": "Когда огненный тритон уменьшает хиты врага до 0, он получает 5 временных хитов.",
            "max": "",
            "id": "-7sZKXa035lZPTA7tcg8"
        },
        {
            "name": "npcspellcastingflag",
            "current": "1",
            "max": "",
            "id": "-5GCHnxpa61mI3rhaMW4"
        }
    ],
    "abilities": []
}