{
    "schema_version": 2,
    "oldId": "-EQ3BK96UHwRdE9zomla",
    "name": "Древний Латунный Дракон (Ancient Brass Dragon)",
    "avatar": "https://tentaculus.ru/monsters/img/cute_monsters/ANCIENT_BRASS_DRAGON.jpg",
    "bio": "",
    "gmnotes": "",
    "defaulttoken": "",
    "tags": "[]",
    "controlledby": "",
    "inplayerjournals": "",
    "attribs": [
        {
            "name": "hitdieroll",
            "current": "4",
            "max": "",
            "id": "-0yzzYaRIhD7UEXU2GI4"
        },
        {
            "name": "showleveler",
            "current": 0,
            "max": "",
            "id": "-AjvlVDhXnF55JSlfgd1"
        },
        {
            "name": "invalidXP",
            "current": 0,
            "max": "",
            "id": "-4I6BFzEKyoWPns2H32Q"
        },
        {
            "name": "version",
            "current": 4.21,
            "max": "",
            "id": "-Fh7VsbFQiTMVEGW0tT2"
        },
        {
            "name": "mancer_confirm_flag",
            "current": "",
            "max": "",
            "id": "-xr0RwmeRARV6IgcRmyJ"
        },
        {
            "name": "mancer_npc",
            "current": "on",
            "max": "",
            "id": "-8XiUIT4Bxzn81PNCvHs"
        },
        {
            "name": "l1mancer_status",
            "current": "completed",
            "max": "",
            "id": "-seBB8f4vxCWqj48nUYE"
        },
        {
            "name": "rtype",
            "current": "@{advantagetoggle}",
            "max": "",
            "id": "-jiQ2DIMNWvJDXrAEdhZ"
        },
        {
            "name": "dtype",
            "current": "full",
            "max": "",
            "id": "-DAwLaLnFRGrlowZfWcz"
        },
        {
            "name": "appliedUpdates",
            "current": "upgrade_to_4_2_1",
            "max": "",
            "id": "-gC76tdERxTpZO2aiVmr"
        },
        {
            "name": "npc",
            "current": "1",
            "max": "",
            "id": "-10IZ1jFjBMZquuNYTDL"
        },
        {
            "name": "npc_options-flag",
            "current": "0",
            "max": "",
            "id": "-doE291BdOSmUy76EaTw"
        },
        {
            "name": "ui_flags",
            "current": "",
            "max": "",
            "id": "-7BFOxhUGBlEekUjxiqs"
        },
        {
            "name": "npc_name",
            "current": "Древний Латунный Дракон (Ancient Brass Dragon)",
            "max": "",
            "id": "-DNqEYzJY2Lsk1HHK0jh"
        },
        {
            "name": "npc_type",
            "current": "дракон хаотично-доброе",
            "max": "",
            "id": "-1pWPrp7VLoNaFoajApS"
        },
        {
            "name": "npc_speed",
            "current": "8 клеток, копание 8 клеток, полет 16 клеток",
            "max": "",
            "id": "-8HY0AOeQRqbVszTDwUz"
        },
        {
            "name": "hp",
            "current": "",
            "max": "297",
            "id": "-BcSmm5rxHRzpXFjZMPI"
        },
        {
            "name": "npc_ac",
            "current": "20 (естественная броня)",
            "max": "",
            "id": "-9sWG2EOsPV9Mz1RFib6"
        },
        {
            "name": "ac",
            "current": "20 (естественная броня)",
            "max": "",
            "id": "-p71O7McIfD404SJCaa2"
        },
        {
            "name": "npc_languages",
            "current": "Общий, Драконий",
            "max": "",
            "id": "-Tmlxs1dwNTpcZTLWTSs"
        },
        {
            "name": "npc_challenge",
            "current": "20",
            "max": "",
            "id": "-MDX4Ae9CZawnRuaVgz3"
        },
        {
            "name": "passive_wisdom",
            "current": "20",
            "max": "",
            "id": "-FHco1NrxMxnOMtg5L9g"
        },
        {
            "name": "initiative_bonus",
            "current": 0,
            "max": "",
            "id": "-VLklqMX1o5R0yk3XFZV"
        },
        {
            "name": "npc_hpformula",
            "current": "17d20 + 119",
            "max": "",
            "id": "-KdIpLfrGevAo55aB5Sc"
        },
        {
            "name": "strength_base",
            "current": "27",
            "max": "",
            "id": "-dSsEIX2jR7tow8eUhNp"
        },
        {
            "name": "strength_flag",
            "current": "0",
            "max": "",
            "id": "-bzwIA5Uxl9ObT4hjUG4"
        },
        {
            "name": "strength",
            "current": 27,
            "max": "",
            "id": "-kVF8u3R5QgnbnStwVmc"
        },
        {
            "name": "strength_mod",
            "current": 8,
            "max": "",
            "id": "-4WatrYfVUhSa7Qj1e1B"
        },
        {
            "name": "npc_str_negative",
            "current": 0,
            "max": "",
            "id": "-jaaAQ7s2JbS8WrjlQtM"
        },
        {
            "name": "dexterity_base",
            "current": "10",
            "max": "",
            "id": "-u9t3LY3xaC3MUFMZUNA"
        },
        {
            "name": "dexterity_flag",
            "current": "0",
            "max": "",
            "id": "-Yd82GZjIsT4JzxrLBEN"
        },
        {
            "name": "dexterity",
            "current": 10,
            "max": "",
            "id": "-djYG3NoKlLioD9kR3FT"
        },
        {
            "name": "dexterity_mod",
            "current": 0,
            "max": "",
            "id": "-mk1WJg1dF0s6RHQGivk"
        },
        {
            "name": "npc_dex_negative",
            "current": 0,
            "max": "",
            "id": "-yPjVjVjmATyquk7HGNl"
        },
        {
            "name": "constitution_base",
            "current": "25",
            "max": "",
            "id": "-njYjw7irfiWKOP1SpdC"
        },
        {
            "name": "constitution_flag",
            "current": "0",
            "max": "",
            "id": "-C1RoBZjjJMGwHNE0n1W"
        },
        {
            "name": "constitution",
            "current": 25,
            "max": "",
            "id": "-F8FjN62FhtlhmMHAGoM"
        },
        {
            "name": "constitution_mod",
            "current": 7,
            "max": "",
            "id": "-NPLhdQKEnQem9dZmidG"
        },
        {
            "name": "npc_con_negative",
            "current": 0,
            "max": "",
            "id": "-TmznDzKuuZmPTie8o8M"
        },
        {
            "name": "intelligence_base",
            "current": "16",
            "max": "",
            "id": "-OLtcJEVndJRabrfn62x"
        },
        {
            "name": "intelligence_flag",
            "current": "0",
            "max": "",
            "id": "-7P74D5d7Mj9KCt8U3Qi"
        },
        {
            "name": "intelligence",
            "current": 16,
            "max": "",
            "id": "-CtyOA9Sg1lomWASH91c"
        },
        {
            "name": "intelligence_mod",
            "current": 3,
            "max": "",
            "id": "-9ND2JJWBS088mb6jjHG"
        },
        {
            "name": "npc_int_negative",
            "current": 0,
            "max": "",
            "id": "-C9QdLZXsVdxtfuqMJpb"
        },
        {
            "name": "wisdom_base",
            "current": "15",
            "max": "",
            "id": "-9M43jQyahZFjwFuUkRb"
        },
        {
            "name": "wisdom_flag",
            "current": "0",
            "max": "",
            "id": "-2yNfmdI82aFCpl5PC7o"
        },
        {
            "name": "wisdom",
            "current": 15,
            "max": "",
            "id": "-2dzHvtwt1jGDsnRdwiA"
        },
        {
            "name": "wisdom_mod",
            "current": 2,
            "max": "",
            "id": "-5a5LfdRhMS5JhL4VcIA"
        },
        {
            "name": "npc_wis_negative",
            "current": 0,
            "max": "",
            "id": "-ZTGdKVRlst9eIz4sulQ"
        },
        {
            "name": "charisma_base",
            "current": "19",
            "max": "",
            "id": "-WQ1xydrPGadjVA9puIf"
        },
        {
            "name": "charisma_flag",
            "current": "0",
            "max": "",
            "id": "-nbwG255Eh0Htj5QvyQs"
        },
        {
            "name": "charisma",
            "current": 19,
            "max": "",
            "id": "-UDfWrKhWhZnw2GKuiIa"
        },
        {
            "name": "charisma_mod",
            "current": 4,
            "max": "",
            "id": "-NzbIcnm7vnkGTmct7ok"
        },
        {
            "name": "npc_cha_negative",
            "current": 0,
            "max": "",
            "id": "-PWJCz0M4mHVWIJhyoQT"
        },
        {
            "name": "npc_skills_flag",
            "current": 3,
            "max": "",
            "id": "-0BRRPD6Ee55YYeQfwOc"
        },
        {
            "name": "npc_history_base",
            "current": "9",
            "max": "",
            "id": "-6mIrUmhaqeW3KPvoVtL"
        },
        {
            "name": "npc_history_flag",
            "current": "1",
            "max": "",
            "id": "-xG4UCp6wAEs7KMGCEms"
        },
        {
            "name": "npc_history",
            "current": 9,
            "max": "",
            "id": "-1D5lWfBvFsARuGjX9oe"
        },
        {
            "name": "npc_perception_base",
            "current": "14",
            "max": "",
            "id": "-dC0LgWx1HQlP01BYNjr"
        },
        {
            "name": "npc_perception_flag",
            "current": "1",
            "max": "",
            "id": "-ejQ54KsqlsfRLK6zjYy"
        },
        {
            "name": "npc_perception",
            "current": 14,
            "max": "",
            "id": "-GBqe8g1TvOgoRq8dxnG"
        },
        {
            "name": "npc_persuasion_base",
            "current": "10",
            "max": "",
            "id": "-7RUi8b0moS1RbhHXvUH"
        },
        {
            "name": "npc_persuasion_flag",
            "current": "1",
            "max": "",
            "id": "-IbY3SZsQL3ebmJv3gxn"
        },
        {
            "name": "npc_persuasion",
            "current": 10,
            "max": "",
            "id": "-DbDt0RVRCWrjvwUHwiu"
        },
        {
            "name": "npc_stealth_base",
            "current": "6",
            "max": "",
            "id": "-JKk3zH15d8gEeYJBrcn"
        },
        {
            "name": "npc_stealth_flag",
            "current": "1",
            "max": "",
            "id": "-mJ3uzc5O3TyxhYnwgfH"
        },
        {
            "name": "npc_stealth",
            "current": 6,
            "max": "",
            "id": "-kNJ2KfQbFdibs9PX0TW"
        },
        {
            "name": "npc_saving_flag",
            "current": 7,
            "max": "",
            "id": "-ekNbFnKA5U28KM8GGD8"
        },
        {
            "name": "npc_dex_save_base",
            "current": "6",
            "max": "",
            "id": "-QeSUN7e3upXNKB43twe"
        },
        {
            "name": "npc_dex_save_flag",
            "current": 1,
            "max": "",
            "id": "-YqT8GN3xXTo3581Xvq6"
        },
        {
            "name": "npc_dex_save",
            "current": 6,
            "max": "",
            "id": "-UZVTBTqbdk6d5q3LO0A"
        },
        {
            "name": "npc_con_save_base",
            "current": "13",
            "max": "",
            "id": "-CQYEs5g33zfagzgjXNZ"
        },
        {
            "name": "npc_con_save_flag",
            "current": 1,
            "max": "",
            "id": "-iND1m0nwgjALAr0hnzi"
        },
        {
            "name": "npc_con_save",
            "current": 13,
            "max": "",
            "id": "-gfozBsI37ShB4L5qoc9"
        },
        {
            "name": "npc_wis_save_base",
            "current": "8",
            "max": "",
            "id": "-zIir3HxHNxtn7avcLWn"
        },
        {
            "name": "npc_wis_save_flag",
            "current": 1,
            "max": "",
            "id": "-jGJSC9bxFC9lPzPI1FC"
        },
        {
            "name": "npc_wis_save",
            "current": 8,
            "max": "",
            "id": "-hTvv7P8ozupuOG4G0U0"
        },
        {
            "name": "npc_cha_save_base",
            "current": "10",
            "max": "",
            "id": "-GInbWv5MJfWgoaRsRZL"
        },
        {
            "name": "npc_cha_save_flag",
            "current": 1,
            "max": "",
            "id": "-YHYM0Wt7EAeBllR7v2L"
        },
        {
            "name": "npc_cha_save",
            "current": 10,
            "max": "",
            "id": "-KWj2Xo6WFTkImvwx5EB"
        },
        {
            "name": "npc_immunities",
            "current": "огонь",
            "max": "",
            "id": "-xWx140CgJnPAuLNrpZb"
        },
        {
            "name": "npc_senses",
            "current": "слепозрение 12 клеток, темнозрение 24 клеток",
            "max": "",
            "id": "-VLFj1pKLM1md3jrAOPy"
        },
        {
            "name": "repeating_npcaction_-UxBmRGwc2CWxAEQNYMB_name",
            "current": "Мультиатака",
            "max": "",
            "id": "-IatGruNh6NHWQ69y1pv"
        },
        {
            "name": "repeating_npcaction_-UxBmRGwc2CWxAEQNYMB_description",
            "current": "Дракон использует Ужасающую Внешность. После этого он проводит 3 атаки: две зубами и одну когтями.",
            "max": "",
            "id": "-EXUns92KxUpZVyDsJJh"
        },
        {
            "name": "repeating_npcaction_-UxBmRGwc2CWxAEQNYMB_attack_tohitrange",
            "current": "+0",
            "max": "",
            "id": "-OTAQZsVRMYZV6uMWYft"
        },
        {
            "name": "repeating_npcaction_-UxBmRGwc2CWxAEQNYMB_attack_onhit",
            "current": "",
            "max": "",
            "id": "-vzl05TVbrgiNGUw10Nh"
        },
        {
            "name": "repeating_npcaction_-UxBmRGwc2CWxAEQNYMB_damage_flag",
            "current": "",
            "max": "",
            "id": "-bjN6YqFcoFmeCWy6Tte"
        },
        {
            "name": "repeating_npcaction_-UxBmRGwc2CWxAEQNYMB_attack_crit",
            "current": "",
            "max": "",
            "id": "-WYLANuq3Bt5KXDCEoe7"
        },
        {
            "name": "repeating_npcaction_-UxBmRGwc2CWxAEQNYMB_attack_crit2",
            "current": "",
            "max": "",
            "id": "-5R77VkIIRidUMJkE3a9"
        },
        {
            "name": "repeating_npcaction_-UxBmRGwc2CWxAEQNYMB_rollbase",
            "current": "@{wtype}&{template:npcaction} @{npc_name_flag} {{rname=@{name}}} {{description=@{show_desc}}} @{charname_output}",
            "max": "",
            "id": "-JY1teosx6jTDHWEW7Ei"
        },
        {
            "name": "repeating_npcaction_-Vfy25cvZPc2MPii45oX_name",
            "current": "Укус",
            "max": "",
            "id": "-xWTJytf1gkXsZuOD8XK"
        },
        {
            "name": "repeating_npcaction_-Vfy25cvZPc2MPii45oX_description",
            "current": "Рукопашное Оружие: +14 к атаке, досягаемость 3 клетки, одна цель. Попадание: 19 (2d10 + 8) колющего урона.",
            "max": "",
            "id": "-2nuxTgjmSvJFToGwYp2"
        },
        {
            "name": "repeating_npcaction_-Vfy25cvZPc2MPii45oX_attack_flag",
            "current": "on",
            "max": "",
            "id": "-QmGv9WkUXNrWSFecz65"
        },
        {
            "name": "repeating_npcaction_-Vfy25cvZPc2MPii45oX_attack_tohitrange",
            "current": "+14",
            "max": "",
            "id": "-SegH87VwMTZ3FGbfhms"
        },
        {
            "name": "repeating_npcaction_-Vfy25cvZPc2MPii45oX_attack_onhit",
            "current": "",
            "max": "",
            "id": "-6JNtAvuOf7s8PMXKyaL"
        },
        {
            "name": "repeating_npcaction_-Vfy25cvZPc2MPii45oX_attack_tohit",
            "current": "14",
            "max": "",
            "id": "-nZx9SLMirQGuSmVl4QX"
        },
        {
            "name": "repeating_npcaction_-Vfy25cvZPc2MPii45oX_attack_damage",
            "current": "2d10+8",
            "max": "",
            "id": "-WdelcjWGt4PPvdOxYrm"
        },
        {
            "name": "repeating_npcaction_-Vfy25cvZPc2MPii45oX_damage_flag",
            "current": "{{damage=1}} {{dmg1flag=1}}",
            "max": "",
            "id": "-wxHXsQlhgeTBYU85rKB"
        },
        {
            "name": "repeating_npcaction_-Vfy25cvZPc2MPii45oX_rollbase",
            "current": "@{wtype}&{template:npcaction} {{attack=1}} @{damage_flag} @{npc_name_flag} {{rname=@{name}}} {{r1=[[@{d20}+(@{attack_tohit})]]}} @{rtype}+(@{attack_tohit})]]}} {{dmg1=[[@{attack_damage}]]}} {{dmg1type=@{attack_damagetype}}} {{dmg2=[[@{attack_damage2}+0]]}} {{dmg2type=@{attack_damagetype2}}} {{crit1=[[@{attack_crit}+0]]}} {{crit2=[[@{attack_crit2}+0]]}} {{description=@{show_desc}}} @{charname_output}",
            "max": "",
            "id": "-SCip6C626llHNaZPt4G"
        },
        {
            "name": "repeating_npcaction_-Vfy25cvZPc2MPii45oX_attack_crit",
            "current": "2d10+8",
            "max": "",
            "id": "-F0hJfVgzNg8Ql2VKpWj"
        },
        {
            "name": "repeating_npcaction_-Vfy25cvZPc2MPii45oX_attack_crit2",
            "current": "",
            "max": "",
            "id": "-YAfcN5dsKT8xBO8d8tR"
        },
        {
            "name": "repeating_npcaction_-XWbgPTS6cayrThOJ5dL_name",
            "current": "Когти",
            "max": "",
            "id": "-lGh8zjVoEYL2HPnYu7P"
        },
        {
            "name": "repeating_npcaction_-XWbgPTS6cayrThOJ5dL_description",
            "current": "Рукопашное Оружие: +14 к атаке, досягаемость: 2 клетки, одна цель. Попадание: 15 (2d6 + 8) рубящего урона.",
            "max": "",
            "id": "-wv1RGs3vqmNfQVy97yz"
        },
        {
            "name": "repeating_npcaction_-XWbgPTS6cayrThOJ5dL_attack_flag",
            "current": "on",
            "max": "",
            "id": "-s9XFOP32xeJq5Z2P4vQ"
        },
        {
            "name": "repeating_npcaction_-XWbgPTS6cayrThOJ5dL_attack_tohitrange",
            "current": "+14",
            "max": "",
            "id": "-GaqbntG0HHW3v4LTk6o"
        },
        {
            "name": "repeating_npcaction_-XWbgPTS6cayrThOJ5dL_attack_onhit",
            "current": "",
            "max": "",
            "id": "-4r73ZOBcIQ4Ci1P3YqI"
        },
        {
            "name": "repeating_npcaction_-XWbgPTS6cayrThOJ5dL_attack_tohit",
            "current": "14",
            "max": "",
            "id": "-pTwocssVCu9Dlcscuwp"
        },
        {
            "name": "repeating_npcaction_-XWbgPTS6cayrThOJ5dL_attack_damage",
            "current": "2d6+8",
            "max": "",
            "id": "-EET1FudAsdCJpyL1Hao"
        },
        {
            "name": "repeating_npcaction_-XWbgPTS6cayrThOJ5dL_damage_flag",
            "current": "{{damage=1}} {{dmg1flag=1}}",
            "max": "",
            "id": "-n4iTC0aLK1K4m4kmoHK"
        },
        {
            "name": "repeating_npcaction_-XWbgPTS6cayrThOJ5dL_rollbase",
            "current": "@{wtype}&{template:npcaction} {{attack=1}} @{damage_flag} @{npc_name_flag} {{rname=@{name}}} {{r1=[[@{d20}+(@{attack_tohit})]]}} @{rtype}+(@{attack_tohit})]]}} {{dmg1=[[@{attack_damage}]]}} {{dmg1type=@{attack_damagetype}}} {{dmg2=[[@{attack_damage2}+0]]}} {{dmg2type=@{attack_damagetype2}}} {{crit1=[[@{attack_crit}+0]]}} {{crit2=[[@{attack_crit2}+0]]}} {{description=@{show_desc}}} @{charname_output}",
            "max": "",
            "id": "-VhP1bqaXT1k97JHxzM4"
        },
        {
            "name": "repeating_npcaction_-XWbgPTS6cayrThOJ5dL_attack_crit",
            "current": "2d6+8",
            "max": "",
            "id": "-dzNXr2v6Rmog1W69YN1"
        },
        {
            "name": "repeating_npcaction_-XWbgPTS6cayrThOJ5dL_attack_crit2",
            "current": "",
            "max": "",
            "id": "-Om1JcRWlyHJYeKzSXi6"
        },
        {
            "name": "repeating_npcaction_-d4Eyj6LECyqBGdA44kn_name",
            "current": "Хвост",
            "max": "",
            "id": "-ECMixYLu7n5nZvFrCcE"
        },
        {
            "name": "repeating_npcaction_-d4Eyj6LECyqBGdA44kn_description",
            "current": "Рукопашное Оружие: +14 к атаке, досягаемость 4 клетки, одна цель. Попадание: 17 (2d8 + 8) дробящего урона.",
            "max": "",
            "id": "-4di7hl0RQcrQVAdV1OL"
        },
        {
            "name": "repeating_npcaction_-d4Eyj6LECyqBGdA44kn_attack_flag",
            "current": "on",
            "max": "",
            "id": "-gjTs5xndofs7jwTBNOn"
        },
        {
            "name": "repeating_npcaction_-d4Eyj6LECyqBGdA44kn_attack_tohitrange",
            "current": "+14",
            "max": "",
            "id": "-uTxWD0eGSdiPkK39LqF"
        },
        {
            "name": "repeating_npcaction_-d4Eyj6LECyqBGdA44kn_attack_onhit",
            "current": "",
            "max": "",
            "id": "-Ua1MMaLIt0Nh17fhXSE"
        },
        {
            "name": "repeating_npcaction_-d4Eyj6LECyqBGdA44kn_attack_tohit",
            "current": "14",
            "max": "",
            "id": "-PGMBmKuMS7LmzW7lOws"
        },
        {
            "name": "repeating_npcaction_-d4Eyj6LECyqBGdA44kn_attack_damage",
            "current": "2d8+8",
            "max": "",
            "id": "-7EWV8u3NVxb2sa1o8BE"
        },
        {
            "name": "repeating_npcaction_-d4Eyj6LECyqBGdA44kn_damage_flag",
            "current": "{{damage=1}} {{dmg1flag=1}}",
            "max": "",
            "id": "-nCPVI8hikcMuYac1cZf"
        },
        {
            "name": "repeating_npcaction_-d4Eyj6LECyqBGdA44kn_rollbase",
            "current": "@{wtype}&{template:npcaction} {{attack=1}} @{damage_flag} @{npc_name_flag} {{rname=@{name}}} {{r1=[[@{d20}+(@{attack_tohit})]]}} @{rtype}+(@{attack_tohit})]]}} {{dmg1=[[@{attack_damage}]]}} {{dmg1type=@{attack_damagetype}}} {{dmg2=[[@{attack_damage2}+0]]}} {{dmg2type=@{attack_damagetype2}}} {{crit1=[[@{attack_crit}+0]]}} {{crit2=[[@{attack_crit2}+0]]}} {{description=@{show_desc}}} @{charname_output}",
            "max": "",
            "id": "-eMGYPp00ktk8QTsUiyJ"
        },
        {
            "name": "repeating_npcaction_-d4Eyj6LECyqBGdA44kn_attack_crit",
            "current": "2d8+8",
            "max": "",
            "id": "-6Ct8D94EFuqULiDCo6w"
        },
        {
            "name": "repeating_npcaction_-d4Eyj6LECyqBGdA44kn_attack_crit2",
            "current": "",
            "max": "",
            "id": "-xuUEEZsO4ELh5qHfFtv"
        },
        {
            "name": "repeating_npcaction_-gSielNof1StcKK6hAjW_name",
            "current": "Ужасающая Внешность",
            "max": "",
            "id": "-8yEZsBRn9wwRHpx6Ot2"
        },
        {
            "name": "repeating_npcaction_-gSielNof1StcKK6hAjW_description",
            "current": "Каждое существо по выбору дракона в пределах 24 клеток должно бросить по Мудрости со сложностью 18. В случае неудачи существо становится испуганным. Существо может повторять спасбросок со сложностью в конце каждого своего хода. В случае успеха эфект страха заканчивается и существо становится имунным к Ужасающей Внешности на следующие 24 часа.",
            "max": "",
            "id": "-09kI6aYvrCK9GkAFFuG"
        },
        {
            "name": "repeating_npcaction_-gSielNof1StcKK6hAjW_attack_tohitrange",
            "current": "+0",
            "max": "",
            "id": "-gTZBbq84pjnWXo5S8e1"
        },
        {
            "name": "repeating_npcaction_-gSielNof1StcKK6hAjW_attack_onhit",
            "current": "",
            "max": "",
            "id": "-OYtOD1N3LeURpOoW8V7"
        },
        {
            "name": "repeating_npcaction_-gSielNof1StcKK6hAjW_damage_flag",
            "current": "",
            "max": "",
            "id": "-UzZnt9V2N4z2yMKTHEC"
        },
        {
            "name": "repeating_npcaction_-gSielNof1StcKK6hAjW_attack_crit",
            "current": "",
            "max": "",
            "id": "-WOMjZJHl0H45o30zGU2"
        },
        {
            "name": "repeating_npcaction_-gSielNof1StcKK6hAjW_attack_crit2",
            "current": "",
            "max": "",
            "id": "-1QRsrKsvG0ypd69lRB9"
        },
        {
            "name": "repeating_npcaction_-gSielNof1StcKK6hAjW_rollbase",
            "current": "@{wtype}&{template:npcaction} @{npc_name_flag} {{rname=@{name}}} {{description=@{show_desc}}} @{charname_output}",
            "max": "",
            "id": "-d1IO7P5rszaxntpvXw0"
        },
        {
            "name": "repeating_npcaction_-Fssz59nDEBbX2LZ5jGr_name",
            "current": "Оружия Дыхания (Перезарядка 5-6)",
            "max": "",
            "id": "-tkRnccj9MYGVHqNU9Cn"
        },
        {
            "name": "repeating_npcaction_-Fssz59nDEBbX2LZ5jGr_description",
            "current": "Дракон использует одно из следующих оружий дыхания:\n\nОгненное Дыхание. Дракон выдыхает огонь линией длиной 18 клеток и шириной 2 клетки. Каждое существо на этой линии должно сделать спасбросок со сложностью 21 по Ловкости. В случае неудачи существо получает 56 (16d6) урон огнем, и половину урона в случае успеха.\n\nДыхание Сна. Дракон выдыхает усыпляющий газ конусом размером 18 клеток. Каждое существо в этой области должно бросить спасбросок со сложностью 21 по Телосложению или теряет сознание на 10 минут. Эффект заканчивается, если существо получает урон, или кто-то использует свое действие, чтобы разбудить его.\n\n",
            "max": "",
            "id": "-vb20ZrMT5OMbqPcCeRq"
        },
        {
            "name": "repeating_npcaction_-Fssz59nDEBbX2LZ5jGr_attack_flag",
            "current": "on",
            "max": "",
            "id": "-zU573YyqUR3r5a9hEfP"
        },
        {
            "name": "repeating_npcaction_-Fssz59nDEBbX2LZ5jGr_attack_tohitrange",
            "current": "+",
            "max": "",
            "id": "-DPcC058D8DecN2C3MkS"
        },
        {
            "name": "repeating_npcaction_-Fssz59nDEBbX2LZ5jGr_attack_onhit",
            "current": "",
            "max": "",
            "id": "-BYdKRIxQSYZbppk3XQL"
        },
        {
            "name": "repeating_npcaction_-Fssz59nDEBbX2LZ5jGr_attack_tohit",
            "current": "",
            "max": "",
            "id": "-nCD2VOiEWA4wFhJQXJj"
        },
        {
            "name": "repeating_npcaction_-Fssz59nDEBbX2LZ5jGr_attack_damage",
            "current": "16d6",
            "max": "",
            "id": "-x7PJY6kk9oe923UcR54"
        },
        {
            "name": "repeating_npcaction_-Fssz59nDEBbX2LZ5jGr_damage_flag",
            "current": "{{damage=1}} {{dmg1flag=1}}",
            "max": "",
            "id": "-GZiv5PiDbrkPgjvQmZ6"
        },
        {
            "name": "repeating_npcaction_-Fssz59nDEBbX2LZ5jGr_rollbase",
            "current": "@{wtype}&{template:npcaction} {{attack=1}} @{damage_flag} @{npc_name_flag} {{rname=@{name}}} {{r1=[[@{d20}+(@{attack_tohit})]]}} @{rtype}+(@{attack_tohit})]]}} {{dmg1=[[@{attack_damage}]]}} {{dmg1type=@{attack_damagetype}}} {{dmg2=[[@{attack_damage2}+0]]}} {{dmg2type=@{attack_damagetype2}}} {{crit1=[[@{attack_crit}+0]]}} {{crit2=[[@{attack_crit2}+0]]}} {{description=@{show_desc}}} @{charname_output}",
            "max": "",
            "id": "-R1dz7nPtgVCvzDoQsjj"
        },
        {
            "name": "repeating_npcaction_-Fssz59nDEBbX2LZ5jGr_attack_crit",
            "current": "16d6",
            "max": "",
            "id": "-boR7xmItq5cJyRw4ez8"
        },
        {
            "name": "repeating_npcaction_-Fssz59nDEBbX2LZ5jGr_attack_crit2",
            "current": "",
            "max": "",
            "id": "-V9JuumnlhoqsMA2JlII"
        },
        {
            "name": "repeating_npcaction_-7Y3yu64xrlZNQxADh6T_name",
            "current": "Изменение Формы",
            "max": "",
            "id": "-zU9dM1ElBO89JzYBnkx"
        },
        {
            "name": "repeating_npcaction_-7Y3yu64xrlZNQxADh6T_description",
            "current": [
                "Дракон магически превращается в гуманоида или зверя, класс опасности которого не выше его собственного, либо возвращается в первоначальную форму. Изначальная форма возвращается также в случае смерти. Все предметы, которые есть у дракона либо скрываются в новой форме, либо становятся на него надетыми (по желанию дракона).",
                "В новой форме дракон сохраняет свое мировоззрение, очки здоровья, языки, навыки, Легендарное Сопротивление, Действий Логова, Интеллект, Мудрость и Харизму, и все действия. Остальные параметры приобретаются от существа новой формы, кроме классовых особенностей и легендарных действий."
            ],
            "max": "",
            "id": "-Mhb6ATGQOknGLB3kSAd"
        },
        {
            "name": "repeating_npcaction_-7Y3yu64xrlZNQxADh6T_attack_tohitrange",
            "current": "+0",
            "max": "",
            "id": "-aCSmVq9B2i9zUNnTRBt"
        },
        {
            "name": "repeating_npcaction_-7Y3yu64xrlZNQxADh6T_attack_onhit",
            "current": "",
            "max": "",
            "id": "-oknRKAeDZqLev3qB0WM"
        },
        {
            "name": "repeating_npcaction_-7Y3yu64xrlZNQxADh6T_damage_flag",
            "current": "",
            "max": "",
            "id": "-6blTV4LhYhSRbSGmmL7"
        },
        {
            "name": "repeating_npcaction_-7Y3yu64xrlZNQxADh6T_attack_crit",
            "current": "",
            "max": "",
            "id": "-iWV0zJCT4mJG1LuNzHl"
        },
        {
            "name": "repeating_npcaction_-7Y3yu64xrlZNQxADh6T_attack_crit2",
            "current": "",
            "max": "",
            "id": "-HXDhJSgAJrwGr0JJhBT"
        },
        {
            "name": "repeating_npcaction_-7Y3yu64xrlZNQxADh6T_rollbase",
            "current": "@{wtype}&{template:npcaction} @{npc_name_flag} {{rname=@{name}}} {{description=@{show_desc}}} @{charname_output}",
            "max": "",
            "id": "-TieJO4REVI1NfxoU6jA"
        },
        {
            "name": "repeating_npctrait_-0HBoBZx3XiAfng3uUWD_name",
            "current": "Легендарное Сопротивление (3/в день)",
            "max": "",
            "id": "-Jga8gNXrDPHfkgowNCh"
        },
        {
            "name": "repeating_npctrait_-0HBoBZx3XiAfng3uUWD_description",
            "current": "Если дракон провалил спасбросок, он может вместо этого считать его удачным.",
            "max": "",
            "id": "-8IKJ2dep7lmCZP6i8Jv"
        },
        {
            "name": "npcspellcastingflag",
            "current": "0",
            "max": "",
            "id": "-MVJ3xbFcbCXdNSbP675"
        }
    ],
    "abilities": []
}