{
    "schema_version": 2,
    "oldId": "-oyKLfKLs1FFfcskCC2A",
    "name": "Орк коготь Лутика [Orc claw of Luthic]",
    "avatar": "https://tentaculus.ru/monsters/img/cute_monsters/ORC_CLAW_OF_LUTHIC.jpg",
    "bio": "",
    "gmnotes": "",
    "defaulttoken": "",
    "tags": "[]",
    "controlledby": "",
    "inplayerjournals": "",
    "attribs": [
        {
            "name": "hitdieroll",
            "current": "4",
            "max": "",
            "id": "-iE3ln8e4MPsZeKEK1CC"
        },
        {
            "name": "showleveler",
            "current": 0,
            "max": "",
            "id": "-yuyLdAa58TEingau7i8"
        },
        {
            "name": "invalidXP",
            "current": 0,
            "max": "",
            "id": "-WpntBFKxd1hmotqP19s"
        },
        {
            "name": "version",
            "current": 4.21,
            "max": "",
            "id": "-EpZTYcDblPHXs9yeWsO"
        },
        {
            "name": "mancer_confirm_flag",
            "current": "",
            "max": "",
            "id": "-FgKQXKHWKj6krQ70wVQ"
        },
        {
            "name": "mancer_npc",
            "current": "on",
            "max": "",
            "id": "-OItxt5XTPrCyBztQ2Oi"
        },
        {
            "name": "l1mancer_status",
            "current": "completed",
            "max": "",
            "id": "-cXL1ToHpmqSws9apLSD"
        },
        {
            "name": "rtype",
            "current": "@{advantagetoggle}",
            "max": "",
            "id": "-OjmijB2qXCHhpp3uyF2"
        },
        {
            "name": "dtype",
            "current": "full",
            "max": "",
            "id": "-ySqd6ki6AzFmoaTLOSE"
        },
        {
            "name": "appliedUpdates",
            "current": "upgrade_to_4_2_1",
            "max": "",
            "id": "-T5eOhDduV0wUluiswgP"
        },
        {
            "name": "npc",
            "current": "1",
            "max": "",
            "id": "-dNgOfUIgNxXee48imX0"
        },
        {
            "name": "npc_options-flag",
            "current": "0",
            "max": "",
            "id": "-nzzdNDA2DVyCQfNj8LY"
        },
        {
            "name": "ui_flags",
            "current": "",
            "max": "",
            "id": "-lpDFVbuYtgilrOpuMNu"
        },
        {
            "name": "npc_name",
            "current": "Орк коготь Лутика [Orc claw of Luthic]",
            "max": "",
            "id": "-cmr7owV3S2otTnazFBC"
        },
        {
            "name": "npc_type",
            "current": "гуманоид (орк) хаотично-злой",
            "max": "",
            "id": "-M6ZeT6yttF7sYAHz4uE"
        },
        {
            "name": "npc_speed",
            "current": "6 клеток",
            "max": "",
            "id": "-014ZmnXTmkbCndWKDJB"
        },
        {
            "name": "hp",
            "current": "",
            "max": "45",
            "id": "-GWbbGQDAgmXYDw6ZqbC"
        },
        {
            "name": "npc_ac",
            "current": "14 (шкурный доспех)",
            "max": "",
            "id": "-SHU8vWz4WMJA1WVQBbc"
        },
        {
            "name": "ac",
            "current": "14 (шкурный доспех)",
            "max": "",
            "id": "-KqGrVexkw6OpK1knCWe"
        },
        {
            "name": "npc_languages",
            "current": "Общий, Орочий",
            "max": "",
            "id": "-Y7cqYE3aNZNKMhMYRoh"
        },
        {
            "name": "npc_challenge",
            "current": "2",
            "max": "",
            "id": "-CN8sOY35oMpkJPih5EN"
        },
        {
            "name": "passive_wisdom",
            "current": "2",
            "max": "",
            "id": "-PZ3hC2Ij5V6xbxkRVRe"
        },
        {
            "name": "initiative_bonus",
            "current": 2,
            "max": "",
            "id": "-UPoUNfH8CPTavwbYEFt"
        },
        {
            "name": "npc_hpformula",
            "current": "6d8 + 18",
            "max": "",
            "id": "-BgxMOYRLwNROsgCk2Qo"
        },
        {
            "name": "strength_base",
            "current": "14",
            "max": "",
            "id": "-xyace3I61cOOsnTITnN"
        },
        {
            "name": "strength_flag",
            "current": "0",
            "max": "",
            "id": "-tYTV1XMxewJnMoURWtk"
        },
        {
            "name": "strength",
            "current": 14,
            "max": "",
            "id": "-TYqNJ4C2uYSuR860kFg"
        },
        {
            "name": "strength_mod",
            "current": 2,
            "max": "",
            "id": "-PpAEKfSljABEIHpA1Kw"
        },
        {
            "name": "npc_str_negative",
            "current": 0,
            "max": "",
            "id": "-DhBtFMvKcxvenIGPlPx"
        },
        {
            "name": "dexterity_base",
            "current": "15",
            "max": "",
            "id": "-hmTmkLFcmOw7tQmkP7F"
        },
        {
            "name": "dexterity_flag",
            "current": "0",
            "max": "",
            "id": "-4kNurIAxsCKLighcVeb"
        },
        {
            "name": "dexterity",
            "current": 15,
            "max": "",
            "id": "-9ouM8QuG8w1rx1TV8LH"
        },
        {
            "name": "dexterity_mod",
            "current": 2,
            "max": "",
            "id": "-1Qiq9W4xK3Mtzaer29l"
        },
        {
            "name": "npc_dex_negative",
            "current": 0,
            "max": "",
            "id": "-gSB464rD7YPYstcXs9d"
        },
        {
            "name": "constitution_base",
            "current": "16",
            "max": "",
            "id": "-1g9RN0U7c9ZV3i4J53N"
        },
        {
            "name": "constitution_flag",
            "current": "0",
            "max": "",
            "id": "-ZE8zqABPxgMQsbxtB8k"
        },
        {
            "name": "constitution",
            "current": 16,
            "max": "",
            "id": "-TPtlGw08CZIhWunjj62"
        },
        {
            "name": "constitution_mod",
            "current": 3,
            "max": "",
            "id": "-RmoqwCecZB0bwzlE1jw"
        },
        {
            "name": "npc_con_negative",
            "current": 0,
            "max": "",
            "id": "-PrEI4ysSiGEsaLkb8wh"
        },
        {
            "name": "intelligence_base",
            "current": "10",
            "max": "",
            "id": "-ov96A0s4OWKoBFZnFRa"
        },
        {
            "name": "intelligence_flag",
            "current": "0",
            "max": "",
            "id": "-PIkLbvkVBQj648U7m82"
        },
        {
            "name": "intelligence",
            "current": 10,
            "max": "",
            "id": "-FtNW7IWLeQ4lUyU7zca"
        },
        {
            "name": "intelligence_mod",
            "current": 0,
            "max": "",
            "id": "-ntgh0ZdTieXxldMdYLt"
        },
        {
            "name": "npc_int_negative",
            "current": 0,
            "max": "",
            "id": "-AtCnJNWJ6biwawn6A9a"
        },
        {
            "name": "wisdom_base",
            "current": "15",
            "max": "",
            "id": "-xVwlY9hI1IhG7oqyEWS"
        },
        {
            "name": "wisdom_flag",
            "current": "0",
            "max": "",
            "id": "-AidNaWLJLuacPSriKzr"
        },
        {
            "name": "wisdom",
            "current": 15,
            "max": "",
            "id": "-STvX1xpG1Xkasf8gseu"
        },
        {
            "name": "wisdom_mod",
            "current": 2,
            "max": "",
            "id": "-UI9IUTjBjlpfy9tBenO"
        },
        {
            "name": "npc_wis_negative",
            "current": 0,
            "max": "",
            "id": "-6bNFhvEwZwry68ZT6Ls"
        },
        {
            "name": "charisma_base",
            "current": "11",
            "max": "",
            "id": "-hdhu3tvGVFwriHCnBAO"
        },
        {
            "name": "charisma_flag",
            "current": "0",
            "max": "",
            "id": "-vFOHJYogeBJeMVJhVtY"
        },
        {
            "name": "charisma",
            "current": 11,
            "max": "",
            "id": "-9KvFZIqlhaVZPgFY4P4"
        },
        {
            "name": "charisma_mod",
            "current": 0,
            "max": "",
            "id": "-jhnaSnXZOrFMo11jmXr"
        },
        {
            "name": "npc_cha_negative",
            "current": 0,
            "max": "",
            "id": "-v1BIvuApJknc6BgTVzO"
        },
        {
            "name": "npc_skills_flag",
            "current": 3,
            "max": "",
            "id": "-RrrGzZ72TvLiYjZkvih"
        },
        {
            "name": "npc_intimidation_base",
            "current": "2",
            "max": "",
            "id": "-iCg8m7MEPsc7yGQly73"
        },
        {
            "name": "npc_intimidation_flag",
            "current": "1",
            "max": "",
            "id": "-hh48TkKEVnYxYL8OpXG"
        },
        {
            "name": "npc_intimidation",
            "current": 2,
            "max": "",
            "id": "-Lf9VvoT8iOjo3Ehl9TD"
        },
        {
            "name": "npc_medicine_base",
            "current": "4",
            "max": "",
            "id": "-sROENhjrFLMvmbg32NH"
        },
        {
            "name": "npc_medicine_flag",
            "current": "1",
            "max": "",
            "id": "-U13BdZqb4ZSvvofQSWb"
        },
        {
            "name": "npc_medicine",
            "current": 4,
            "max": "",
            "id": "-ndIaszFW7gam7HrAUVk"
        },
        {
            "name": "npc_survival_base",
            "current": "4",
            "max": "",
            "id": "-hXMO6qBv2PfzOglD9wN"
        },
        {
            "name": "npc_survival_flag",
            "current": "1",
            "max": "",
            "id": "-RFMXS8nBtSWCGscIWzA"
        },
        {
            "name": "npc_survival",
            "current": 4,
            "max": "",
            "id": "-yIRm5ewgDugMGspYERJ"
        },
        {
            "name": "npc_senses",
            "current": "тёмное зрение 60 фт.",
            "max": "",
            "id": "-9BGCauOhpKzgQ0ApRSF"
        },
        {
            "name": "repeating_npcaction_-yd9hWEty4tAkKXEyAo1_name",
            "current": "Мультиатака",
            "max": "",
            "id": "-9k31yHDapbrjNTqFAy8"
        },
        {
            "name": "repeating_npcaction_-yd9hWEty4tAkKXEyAo1_description",
            "current": "Орк делает две рукопашные атаки своим длинным мечом или две дальнобойные атаки своими метательными копьями. Если Приказ Илневала доступен для использования, то орк может сделать это после этих атак.",
            "max": "",
            "id": "-BrjIKaTKwLKTG8ntl1z"
        },
        {
            "name": "repeating_npcaction_-yd9hWEty4tAkKXEyAo1_attack_tohitrange",
            "current": "+0",
            "max": "",
            "id": "-0GzOKXk9uguYdfrpkrp"
        },
        {
            "name": "repeating_npcaction_-yd9hWEty4tAkKXEyAo1_attack_onhit",
            "current": "",
            "max": "",
            "id": "-MA32RPs9FPJZOAzYoMe"
        },
        {
            "name": "repeating_npcaction_-yd9hWEty4tAkKXEyAo1_damage_flag",
            "current": "",
            "max": "",
            "id": "-0HIHWJ7yhvs01PUxuIz"
        },
        {
            "name": "repeating_npcaction_-yd9hWEty4tAkKXEyAo1_attack_crit",
            "current": "",
            "max": "",
            "id": "-ESeSTcmTw3Wp2WHMStH"
        },
        {
            "name": "repeating_npcaction_-yd9hWEty4tAkKXEyAo1_attack_crit2",
            "current": "",
            "max": "",
            "id": "-xocAqXQMCHJVX6VQ4z1"
        },
        {
            "name": "repeating_npcaction_-yd9hWEty4tAkKXEyAo1_rollbase",
            "current": "@{wtype}&{template:npcaction} @{npc_name_flag} {{rname=@{name}}} {{description=@{show_desc}}} @{charname_output}",
            "max": "",
            "id": "-OUhgnQufjAB0xZFLjga"
        },
        {
            "name": "repeating_npcaction_-3HZ5OP8304wzWjX4uqk_name",
            "current": "Когти",
            "max": "",
            "id": "-kcAwfbEtWWDYapzFrtM"
        },
        {
            "name": "repeating_npcaction_-3HZ5OP8304wzWjX4uqk_description",
            "current": "Рукопашная атака оружием: +4 к попаданию, досягаемость 5 фт., одна цель. Попадание: 6 (1к6 + 2) режущего урона.",
            "max": "",
            "id": "-UlXDrPsmpA3X5vvH1l0"
        },
        {
            "name": "repeating_npcaction_-3HZ5OP8304wzWjX4uqk_attack_tohitrange",
            "current": "+0",
            "max": "",
            "id": "-mjZMkZHHMVrqxfB3z6s"
        },
        {
            "name": "repeating_npcaction_-3HZ5OP8304wzWjX4uqk_attack_onhit",
            "current": "",
            "max": "",
            "id": "-78NqwY0yyxUqW8tfy4W"
        },
        {
            "name": "repeating_npcaction_-3HZ5OP8304wzWjX4uqk_damage_flag",
            "current": "",
            "max": "",
            "id": "-dpUz5J4m03Nc9Yubijl"
        },
        {
            "name": "repeating_npcaction_-3HZ5OP8304wzWjX4uqk_attack_crit",
            "current": "",
            "max": "",
            "id": "-WzJbxzE5083bEcKg39G"
        },
        {
            "name": "repeating_npcaction_-3HZ5OP8304wzWjX4uqk_attack_crit2",
            "current": "",
            "max": "",
            "id": "-vubPseWkv9BvXo0OIDb"
        },
        {
            "name": "repeating_npcaction_-3HZ5OP8304wzWjX4uqk_rollbase",
            "current": "@{wtype}&{template:npcaction} @{npc_name_flag} {{rname=@{name}}} {{description=@{show_desc}}} @{charname_output}",
            "max": "",
            "id": "-o8Z4XVm6HWFNWTDrxML"
        },
        {
            "name": "repeating_npctrait_-Z96wC9KTsLKa3IzCpBU_name",
            "current": "Агрессия",
            "max": "",
            "id": "-RsbuqIYFEJUrov8WToe"
        },
        {
            "name": "repeating_npctrait_-Z96wC9KTsLKa3IzCpBU_description",
            "current": "Бонусным действием орк может переместиться на расстояние не больше своей скорости к враждебному существу, которое может видеть.",
            "max": "",
            "id": "-CFwbNtQbUmu0bRYFj6A"
        },
        {
            "name": "repeating_npctrait_-sqVBa5R4wlvl0d5l0V7_name",
            "current": "Колдовство",
            "max": "",
            "id": "-cttp7T6v9XmA6xTIpSF"
        },
        {
            "name": "repeating_spell-cantrip_-D3xgrMQGGlKspakldLE_spellname",
            "current": "УКАЗАНИЕ",
            "max": "",
            "id": "-X7NyxZyRCCKN21tMXLd"
        },
        {
            "name": "repeating_spell-cantrip_-D3xgrMQGGlKspakldLE_spellschool",
            "current": "divination",
            "max": "",
            "id": "-7cPDeiAaEaWDS0IJOKE"
        },
        {
            "name": "repeating_spell-cantrip_-D3xgrMQGGlKspakldLE_spellcastingtime",
            "current": "1 действие",
            "max": "",
            "id": "-HWF9JQCE426ChUxr5x6"
        },
        {
            "name": "repeating_spell-cantrip_-D3xgrMQGGlKspakldLE_spellrange",
            "current": "30 футов",
            "max": "",
            "id": "-6jpyJJxpzHovnrABEr1"
        },
        {
            "name": "repeating_spell-cantrip_-D3xgrMQGGlKspakldLE_spelltarget",
            "current": "",
            "max": "",
            "id": "-DEwKUx6sqpCNmdNH2ar"
        },
        {
            "name": "repeating_spell-cantrip_-D3xgrMQGGlKspakldLE_spellcomp_materials",
            "current": "",
            "max": "",
            "id": "-JOGWRsXT1B0UqKOzAB7"
        },
        {
            "name": "repeating_spell-cantrip_-D3xgrMQGGlKspakldLE_spelldescription",
            "current": "Вы касаетесь одного согласного существа. Один раз, пока заклинание активно, цель может бросить к4 и добавить выпавшее число к одной проверке характеристики на свой выбор. Эту кость можно бросить до или после совершения проверки. После этого заклинание оканчивается.",
            "max": "",
            "id": "-OfuT9eIVQM83etYwpNp"
        },
        {
            "name": "repeating_spell-cantrip_-D3xgrMQGGlKspakldLE_spellduration",
            "current": "К-ция, вплоть до 1 минуты",
            "max": "",
            "id": "-KkSPCsWApSAM6wSQess"
        },
        {
            "name": "repeating_spell-cantrip_-D3xgrMQGGlKspakldLE_spellcomp_v",
            "current": "{{v=1}}",
            "max": "",
            "id": "-7CWC6dviLhYP6CRRUYE"
        },
        {
            "name": "repeating_spell-cantrip_-D3xgrMQGGlKspakldLE_spellcomp_s",
            "current": "{{s=1}}",
            "max": "",
            "id": "-h0pPHPP7OKguE64y0Y3"
        },
        {
            "name": "repeating_spell-cantrip_-D3xgrMQGGlKspakldLE_spellcomp_m",
            "current": "0",
            "max": "",
            "id": "-EiIx8ZU4zME4YMfnVH8"
        },
        {
            "name": "repeating_spell-cantrip_-D3xgrMQGGlKspakldLE_spellsource",
            "current": "PHB",
            "max": "",
            "id": "-YdQrs5EGGN2qRpZJPQK"
        },
        {
            "name": "repeating_spell-cantrip_-D3xgrMQGGlKspakldLE_details-flag",
            "current": "0",
            "max": "",
            "id": "-u7gnaogq07EQzR8HYuz"
        },
        {
            "name": "repeating_spell-cantrip_-D3xgrMQGGlKspakldLE_options-flag",
            "current": "0",
            "max": "",
            "id": "-UjEVhmBZ4H91xcsTByN"
        },
        {
            "name": "repeating_spell-cantrip_-NqE9trx2kL0vnYrIbXH_spellname",
            "current": "ПОЧИНКА",
            "max": "",
            "id": "-w7aFwFAODZGh2Jja28W"
        },
        {
            "name": "repeating_spell-cantrip_-NqE9trx2kL0vnYrIbXH_spellschool",
            "current": "transmutation",
            "max": "",
            "id": "-xL9O14ywUYyfemY578H"
        },
        {
            "name": "repeating_spell-cantrip_-NqE9trx2kL0vnYrIbXH_spellcastingtime",
            "current": "1 минута",
            "max": "",
            "id": "-68JKNDRYO6k6RddTzc7"
        },
        {
            "name": "repeating_spell-cantrip_-NqE9trx2kL0vnYrIbXH_spellrange",
            "current": "Касание",
            "max": "",
            "id": "-67yM9Z50I28DbfvktYK"
        },
        {
            "name": "repeating_spell-cantrip_-NqE9trx2kL0vnYrIbXH_spelltarget",
            "current": "",
            "max": "",
            "id": "-c6XvAKt241PXpy32ebH"
        },
        {
            "name": "repeating_spell-cantrip_-NqE9trx2kL0vnYrIbXH_spellcomp_materials",
            "current": "два магнетита",
            "max": "",
            "id": "-kTMartIKjUvzGRiyRN4"
        },
        {
            "name": "repeating_spell-cantrip_-NqE9trx2kL0vnYrIbXH_spelldescription",
            "current": "Это заклинание восстанавливает один разлом или разрыв в объекте, которого вы касаетесь. Например сломанное звено цепи, две половинки сломанного ключа, порваный плащ или протекающий бурдюк. Пока разрыв или разлом не больше 1 фута в любой из размерностей, вы полностью исправляете его, не оставляя следов. Заклинание способно физически починить магический предмет или голема, но не может вернуть в него магию.",
            "max": "",
            "id": "-hoH8vLg5Po2hPCbPrXP"
        },
        {
            "name": "repeating_spell-cantrip_-NqE9trx2kL0vnYrIbXH_spellduration",
            "current": "мгновенно",
            "max": "",
            "id": "-DaK3JSwCOef0T2tCFlw"
        },
        {
            "name": "repeating_spell-cantrip_-NqE9trx2kL0vnYrIbXH_spellcomp_v",
            "current": "{{v=1}}",
            "max": "",
            "id": "-HOzPpidsnQUOvKFw6Q2"
        },
        {
            "name": "repeating_spell-cantrip_-NqE9trx2kL0vnYrIbXH_spellcomp_s",
            "current": "{{s=1}}",
            "max": "",
            "id": "-YrlqDSwu3Vz0YcbjH7r"
        },
        {
            "name": "repeating_spell-cantrip_-NqE9trx2kL0vnYrIbXH_spellcomp_m",
            "current": "0",
            "max": "",
            "id": "-c4xeG5zfahFnuIGNMbm"
        },
        {
            "name": "repeating_spell-cantrip_-NqE9trx2kL0vnYrIbXH_spellsource",
            "current": "PHB",
            "max": "",
            "id": "-1qGk9Eemfu7RCa5ZOQl"
        },
        {
            "name": "repeating_spell-cantrip_-NqE9trx2kL0vnYrIbXH_details-flag",
            "current": "0",
            "max": "",
            "id": "-HAnDAZHvdQKccWjLdZh"
        },
        {
            "name": "repeating_spell-cantrip_-NqE9trx2kL0vnYrIbXH_options-flag",
            "current": "0",
            "max": "",
            "id": "-w2RH5Lp8FlYSDotYT8L"
        },
        {
            "name": "repeating_spell-cantrip_-qxZ7DZ5r5wvEymgZeoL_spellname",
            "current": "СОПРОТИВЛЕНИЕ",
            "max": "",
            "id": "-11e5wdfvAgy9zXjTuFW"
        },
        {
            "name": "repeating_spell-cantrip_-qxZ7DZ5r5wvEymgZeoL_spellschool",
            "current": "abjuration",
            "max": "",
            "id": "-Wuk1QGKQXJPd1m52Aga"
        },
        {
            "name": "repeating_spell-cantrip_-qxZ7DZ5r5wvEymgZeoL_spellcastingtime",
            "current": "1 действие",
            "max": "",
            "id": "-ODmFIbgbZSxD9cVvNG1"
        },
        {
            "name": "repeating_spell-cantrip_-qxZ7DZ5r5wvEymgZeoL_spellrange",
            "current": "Касание",
            "max": "",
            "id": "-XAYjkcWZJE2Lr6weUr3"
        },
        {
            "name": "repeating_spell-cantrip_-qxZ7DZ5r5wvEymgZeoL_spelltarget",
            "current": "",
            "max": "",
            "id": "-eI7oS270heR8AinWJro"
        },
        {
            "name": "repeating_spell-cantrip_-qxZ7DZ5r5wvEymgZeoL_spellcomp_materials",
            "current": "миниатюрный плащ",
            "max": "",
            "id": "-yLojjUv19dK4dTTuux4"
        },
        {
            "name": "repeating_spell-cantrip_-qxZ7DZ5r5wvEymgZeoL_spelldescription",
            "current": "Вы касаетесь одного существа. Один раз, пока действует это заклинание, цель может бросить d4 и добавить результат к одному спасброску на свой выбор. Оно может бросить кубик до или после совершения спасброска. После этого заклинание заканчивается.",
            "max": "",
            "id": "-xLDLYGtMwDOaIvQAKoQ"
        },
        {
            "name": "repeating_spell-cantrip_-qxZ7DZ5r5wvEymgZeoL_spellduration",
            "current": "К-ция, до 1 минуты",
            "max": "",
            "id": "-NAb1IGqP0pf4scQsMUe"
        },
        {
            "name": "repeating_spell-cantrip_-qxZ7DZ5r5wvEymgZeoL_spellcomp_v",
            "current": "{{v=1}}",
            "max": "",
            "id": "-wN1ZJG7meaVvJZ7MBA7"
        },
        {
            "name": "repeating_spell-cantrip_-qxZ7DZ5r5wvEymgZeoL_spellcomp_s",
            "current": "{{s=1}}",
            "max": "",
            "id": "-UQmTF1rIConFICbFk5u"
        },
        {
            "name": "repeating_spell-cantrip_-qxZ7DZ5r5wvEymgZeoL_spellcomp_m",
            "current": "0",
            "max": "",
            "id": "-sJAmSX97DSYWYSmVF0z"
        },
        {
            "name": "repeating_spell-cantrip_-qxZ7DZ5r5wvEymgZeoL_spellsource",
            "current": "PHB",
            "max": "",
            "id": "-z1YNp0AXn0tR2qh9OGZ"
        },
        {
            "name": "repeating_spell-cantrip_-qxZ7DZ5r5wvEymgZeoL_details-flag",
            "current": "0",
            "max": "",
            "id": "-gLDZQ78vANcJAlZugVc"
        },
        {
            "name": "repeating_spell-cantrip_-qxZ7DZ5r5wvEymgZeoL_options-flag",
            "current": "0",
            "max": "",
            "id": "-XHw20tsS3ZeoGZdsYFX"
        },
        {
            "name": "repeating_spell-cantrip_-zc4RUHFZ9UHZSHalE3u_spellname",
            "current": "ВОЛШЕБСТВО",
            "max": "",
            "id": "-7rqCliiorVSUK6uNQFz"
        },
        {
            "name": "repeating_spell-cantrip_-zc4RUHFZ9UHZSHalE3u_spellschool",
            "current": "transmutation",
            "max": "",
            "id": "-COn9HqskDESgbWBj2qz"
        },
        {
            "name": "repeating_spell-cantrip_-zc4RUHFZ9UHZSHalE3u_spellcastingtime",
            "current": "1 действие",
            "max": "",
            "id": "-K6XlmyqZm5TNyFwnOmt"
        },
        {
            "name": "repeating_spell-cantrip_-zc4RUHFZ9UHZSHalE3u_spellrange",
            "current": "30 футов",
            "max": "",
            "id": "-HiX76QfGsW14gCFlHcM"
        },
        {
            "name": "repeating_spell-cantrip_-zc4RUHFZ9UHZSHalE3u_spelltarget",
            "current": "",
            "max": "",
            "id": "-ZUfJa3zG9L0pbNh5f70"
        },
        {
            "name": "repeating_spell-cantrip_-zc4RUHFZ9UHZSHalE3u_spellcomp_materials",
            "current": "",
            "max": "",
            "id": "-YVbjDdflNIhPAzPuytA"
        },
        {
            "name": "repeating_spell-cantrip_-zc4RUHFZ9UHZSHalE3u_spelldescription",
            "current": "Вы демонстрируете небольшое чудо, являющееся знаком вашей сверхъестественной силы. Вы создаете один из следующих эффектов в пределах дальности заклинания:<br> • Ваш голос звучит  в три раза громче, чем обычно в течение 1 минуты.<br> • Вы заставляете пламя трепетать, изменить цвет или стать ярче/слабее на 1 минуту.<br> • Вы заставляете землю безвредно дрожать в течение 1 минуты.<br> • Вы создаете мгновенный звук, исходящий из любой точки в пределах дальности заклинания. Это могут быть раскаты грома, карканье ворона или зловещий шепот.<br> • Вы резко открываете или громко захлопываете незакрытую дверь или окно.<br> • Вы изменяете свое обличье для чужого взора на 1 минуту.сли вы произносите это заклинание несколько раз, то можете получить до трех активных одноминутных эффектов за раз. Вы можете отменить такой эффект, потратив действие.",
            "max": "",
            "id": "-F4LpnMATrlSXLgfINOJ"
        },
        {
            "name": "repeating_spell-cantrip_-zc4RUHFZ9UHZSHalE3u_spellduration",
            "current": "До 1 минуты",
            "max": "",
            "id": "-QdLuwh8XDa7aEWSTMOw"
        },
        {
            "name": "repeating_spell-cantrip_-zc4RUHFZ9UHZSHalE3u_spellcomp_v",
            "current": "{{v=1}}",
            "max": "",
            "id": "-KEEuiKxw8GjT23xv3iQ"
        },
        {
            "name": "repeating_spell-cantrip_-zc4RUHFZ9UHZSHalE3u_spellcomp_s",
            "current": "0",
            "max": "",
            "id": "-EPuF8zcoVOXUZJcSj3W"
        },
        {
            "name": "repeating_spell-cantrip_-zc4RUHFZ9UHZSHalE3u_spellcomp_m",
            "current": "0",
            "max": "",
            "id": "-09QjoLxSX4iiZhTATvc"
        },
        {
            "name": "repeating_spell-cantrip_-zc4RUHFZ9UHZSHalE3u_spellsource",
            "current": "PHB",
            "max": "",
            "id": "-xLApMVxPn6H2smR6BH6"
        },
        {
            "name": "repeating_spell-cantrip_-zc4RUHFZ9UHZSHalE3u_details-flag",
            "current": "0",
            "max": "",
            "id": "-KMImX730h8z52EOkGVA"
        },
        {
            "name": "repeating_spell-cantrip_-zc4RUHFZ9UHZSHalE3u_options-flag",
            "current": "0",
            "max": "",
            "id": "-3Z0lXhBwqBoAEv1v0as"
        },
        {
            "name": "repeating_spell-1_-G7EZMX7hnKPNHA4A20p_spellname",
            "current": "ПОРЧА",
            "max": "",
            "id": "-dXnpuGXYcFhSUI8hvjP"
        },
        {
            "name": "repeating_spell-1_-G7EZMX7hnKPNHA4A20p_spellschool",
            "current": "enchantment",
            "max": "",
            "id": "-vyL6RgYBw3KIpNW5dWr"
        },
        {
            "name": "repeating_spell-1_-G7EZMX7hnKPNHA4A20p_spellcastingtime",
            "current": "1 действие",
            "max": "",
            "id": "-BjVMf6m0Mzj8j45SS2B"
        },
        {
            "name": "repeating_spell-1_-G7EZMX7hnKPNHA4A20p_spellrange",
            "current": "30 футов",
            "max": "",
            "id": "-hytPVIDdDi050fJrvZM"
        },
        {
            "name": "repeating_spell-1_-G7EZMX7hnKPNHA4A20p_spelltarget",
            "current": "",
            "max": "",
            "id": "-gHkKKxLANwo7rCbAzfT"
        },
        {
            "name": "repeating_spell-1_-G7EZMX7hnKPNHA4A20p_spellcomp_materials",
            "current": "капля крови",
            "max": "",
            "id": "-7579zDIFHV4eXQ2AS5f"
        },
        {
            "name": "repeating_spell-1_-G7EZMX7hnKPNHA4A20p_spelldescription",
            "current": "До трех существ на ваш выбор из тех, что вы можете видеть в пределах дальности заклинания, должны сделать спасбросок по Харизме. Пока дейстевует заклинание, каждый раз, когда существо, провалившее этот спасбросок, делает бросок атаки ли спасбросок, оно должно бросить d4 и вычесть результат из результата своего броска атаки или спасброска.   На более высоких кругах. Если вы произносите заклинание, используя ячейку 2 круга или выше, то можете использовать это заклинание на одно дополнительное существо за каждый круг выше первого.",
            "max": "",
            "id": "-9GgnpP11n8lSODcYTjx"
        },
        {
            "name": "repeating_spell-1_-G7EZMX7hnKPNHA4A20p_spellduration",
            "current": "К-ция, до 1 минуты",
            "max": "",
            "id": "-pbt3w5QVdZKFho7hD2S"
        },
        {
            "name": "repeating_spell-1_-G7EZMX7hnKPNHA4A20p_spellcomp_v",
            "current": "{{v=1}}",
            "max": "",
            "id": "-9ZqDFnkwAVRlEhlGbWE"
        },
        {
            "name": "repeating_spell-1_-G7EZMX7hnKPNHA4A20p_spellcomp_s",
            "current": "{{s=1}}",
            "max": "",
            "id": "-GfNJWsDWWcC1IdlpNYj"
        },
        {
            "name": "repeating_spell-1_-G7EZMX7hnKPNHA4A20p_spellcomp_m",
            "current": "0",
            "max": "",
            "id": "-RM4RGl5zEIhSZ8JfaUZ"
        },
        {
            "name": "repeating_spell-1_-G7EZMX7hnKPNHA4A20p_spellsource",
            "current": "PHB",
            "max": "",
            "id": "-3Ncw7dWxwAHiYSJsXoz"
        },
        {
            "name": "repeating_spell-1_-G7EZMX7hnKPNHA4A20p_details-flag",
            "current": "0",
            "max": "",
            "id": "-5rAYsdhUfCj9KsTMsI3"
        },
        {
            "name": "repeating_spell-1_-G7EZMX7hnKPNHA4A20p_options-flag",
            "current": "0",
            "max": "",
            "id": "-RxIm5W4L3cgnCgrt3RV"
        },
        {
            "name": "repeating_spell-1_-pvBV3rSdmA8jEkoxlkF_spellname",
            "current": "ИСЦЕЛЕНИЕ РАН",
            "max": "",
            "id": "-Ii7WjIpHK9aAMmqCGfa"
        },
        {
            "name": "repeating_spell-1_-pvBV3rSdmA8jEkoxlkF_spellschool",
            "current": "evocation",
            "max": "",
            "id": "-NolqZR50mIB1CbedRPj"
        },
        {
            "name": "repeating_spell-1_-pvBV3rSdmA8jEkoxlkF_spellcastingtime",
            "current": "1 действие",
            "max": "",
            "id": "-Aadaq3A0uJk814q68W9"
        },
        {
            "name": "repeating_spell-1_-pvBV3rSdmA8jEkoxlkF_spellrange",
            "current": "Касание",
            "max": "",
            "id": "-zT7kYqXeVGiFUj0nT13"
        },
        {
            "name": "repeating_spell-1_-pvBV3rSdmA8jEkoxlkF_spelltarget",
            "current": "",
            "max": "",
            "id": "-DIwglWMm7C8HGSc6chc"
        },
        {
            "name": "repeating_spell-1_-pvBV3rSdmA8jEkoxlkF_spellcomp_materials",
            "current": "",
            "max": "",
            "id": "-QqfshkIjYc9eXE53oUO"
        },
        {
            "name": "repeating_spell-1_-pvBV3rSdmA8jEkoxlkF_spelldescription",
            "current": "Существо, которого вы касаетесь, восстанавливает ОЗ, равное 1d8 + ваш модификатор параметра заклинаний. Это заклинание не действует на нежить и големов. На более высоких кругах. Если вы произносите заклинание, используя ячейку 2 круга или выше, то объем исцеления увеличивается на 1d8 за каждый круг выше первого.",
            "max": "",
            "id": "-sLmnrcas8Hhr0zXe320"
        },
        {
            "name": "repeating_spell-1_-pvBV3rSdmA8jEkoxlkF_spellduration",
            "current": "Мгновенно",
            "max": "",
            "id": "-RtcrtEmGNP0raABffVJ"
        },
        {
            "name": "repeating_spell-1_-pvBV3rSdmA8jEkoxlkF_spellcomp_v",
            "current": "{{v=1}}",
            "max": "",
            "id": "-bXdFZG6OzstOtBGS9x1"
        },
        {
            "name": "repeating_spell-1_-pvBV3rSdmA8jEkoxlkF_spellcomp_s",
            "current": "{{s=1}}",
            "max": "",
            "id": "-nq3vTCvr55upm1VeXyV"
        },
        {
            "name": "repeating_spell-1_-pvBV3rSdmA8jEkoxlkF_spellcomp_m",
            "current": "0",
            "max": "",
            "id": "-hNyakL6URWXr63qAw9r"
        },
        {
            "name": "repeating_spell-1_-pvBV3rSdmA8jEkoxlkF_spellsource",
            "current": "PHB",
            "max": "",
            "id": "-X7ujLUw5PRpPLF2N4Xb"
        },
        {
            "name": "repeating_spell-1_-pvBV3rSdmA8jEkoxlkF_details-flag",
            "current": "0",
            "max": "",
            "id": "-lJveQf6TP8TnF1c6gyp"
        },
        {
            "name": "repeating_spell-1_-pvBV3rSdmA8jEkoxlkF_options-flag",
            "current": "0",
            "max": "",
            "id": "-48tDHD2GMpZR5SyLzwX"
        },
        {
            "name": "repeating_spell-1_-maMTO46t7KAhH42DUVI_spellname",
            "current": "САМОНАВОДЯЩАЯСЯ СТРЕЛА",
            "max": "",
            "id": "-MCQE5AvzMQ0dv85bgL6"
        },
        {
            "name": "repeating_spell-1_-maMTO46t7KAhH42DUVI_spellschool",
            "current": "evocation",
            "max": "",
            "id": "-UZbrWQfwPrJ7GkRhM3n"
        },
        {
            "name": "repeating_spell-1_-maMTO46t7KAhH42DUVI_spellcastingtime",
            "current": "1 действие",
            "max": "",
            "id": "-o2Ow7xf8mZ8DuA6FhjW"
        },
        {
            "name": "repeating_spell-1_-maMTO46t7KAhH42DUVI_spellrange",
            "current": "120 футов",
            "max": "",
            "id": "-omL20AFkqv6The1WChA"
        },
        {
            "name": "repeating_spell-1_-maMTO46t7KAhH42DUVI_spelltarget",
            "current": "",
            "max": "",
            "id": "-lx6MV26sGTNeYcf5jtC"
        },
        {
            "name": "repeating_spell-1_-maMTO46t7KAhH42DUVI_spellcomp_materials",
            "current": "",
            "max": "",
            "id": "-iJkAAjhdVdpr9B80V52"
        },
        {
            "name": "repeating_spell-1_-maMTO46t7KAhH42DUVI_spelldescription",
            "current": "Вспышка света устремляется к существу по вашему выбору в пределах радиуса заклинания. Сделайте заклинательную атаку дальнего боя против существа. При попадании существо получает 4d6 урона излучением и следующий бросок атакаи против него до каонца вашего следующего хода делается с преимуществом благодаря магическому тусклому свету озаряющему существо. На более высоких кругах. Можно кастовать это заклинание через слот 2-го уровня и выше, урон вырастет на 1d6 за каждый уровень ячейки выше 1го",
            "max": "",
            "id": "-TQTH38sX8Z1symfaJHX"
        },
        {
            "name": "repeating_spell-1_-maMTO46t7KAhH42DUVI_spellduration",
            "current": "1 раунд",
            "max": "",
            "id": "-83fkWTtjxqWDY13Lp1i"
        },
        {
            "name": "repeating_spell-1_-maMTO46t7KAhH42DUVI_spellcomp_v",
            "current": "{{v=1}}",
            "max": "",
            "id": "-crIHfoxxWBsbtRgwkbR"
        },
        {
            "name": "repeating_spell-1_-maMTO46t7KAhH42DUVI_spellcomp_s",
            "current": "{{s=1}}",
            "max": "",
            "id": "-wOyQBygmXLuRMvJrY5M"
        },
        {
            "name": "repeating_spell-1_-maMTO46t7KAhH42DUVI_spellcomp_m",
            "current": "0",
            "max": "",
            "id": "-icUC8Pb0i88qx8l7wA4"
        },
        {
            "name": "repeating_spell-1_-maMTO46t7KAhH42DUVI_spellsource",
            "current": "PHB",
            "max": "",
            "id": "-VP3XsNTvcnrmZv6gwBs"
        },
        {
            "name": "repeating_spell-1_-maMTO46t7KAhH42DUVI_details-flag",
            "current": "0",
            "max": "",
            "id": "-Vm5MjIhr435vbXDjoRc"
        },
        {
            "name": "repeating_spell-1_-maMTO46t7KAhH42DUVI_options-flag",
            "current": "0",
            "max": "",
            "id": "-UttmV9ny9faTnGW7QMg"
        },
        {
            "name": "repeating_spell-2_-zv5qSL2LO1qYwqtqtBM_spellname",
            "current": "ГАДАНИЕ",
            "max": "",
            "id": "-ArEcEhIbBS5kzFEIYhU"
        },
        {
            "name": "repeating_spell-2_-zv5qSL2LO1qYwqtqtBM_spellschool",
            "current": "divination",
            "max": "",
            "id": "-OcKBLYXG6Ki8ZVesREi"
        },
        {
            "name": "repeating_spell-2_-zv5qSL2LO1qYwqtqtBM_spellcastingtime",
            "current": "1 минута",
            "max": "",
            "id": "-CTRf1njkO9sk8aKTDoF"
        },
        {
            "name": "repeating_spell-2_-zv5qSL2LO1qYwqtqtBM_spellrange",
            "current": "заклинатель",
            "max": "",
            "id": "-zkHJmhEKD6Xj4gR9nl0"
        },
        {
            "name": "repeating_spell-2_-zv5qSL2LO1qYwqtqtBM_spelltarget",
            "current": "",
            "max": "",
            "id": "-fdhIslDtx80IG3x4AsF"
        },
        {
            "name": "repeating_spell-2_-zv5qSL2LO1qYwqtqtBM_spellcomp_materials",
            "current": "специально помеченные палочки, косточки или другие символы стоимостью не менее 25 зм",
            "max": "",
            "id": "-AIJ8wiUllE4YrbLywML"
        },
        {
            "name": "repeating_spell-2_-zv5qSL2LO1qYwqtqtBM_spelldescription",
            "current": "Бросая палочки, инкрустированные камнями, катая драконьи косточки, раскладывая изысканые карты или используя другие предметы для гадания, вы получаете знак от таинственной сущности, который сообщает вам об исходе определенного действия, которое вы планируете совершить в ближайшие 30 минут. МП выбирает один из следующих знаков. <br> • Благо: исход будет хорошим <br> • Несчастье: исход будет плохим <br> • Благо и Несчастье: исход будет неоднозначным <br> • Ничего: исход не будет ни хорошим, ни плохим <br>Заклинание не учитывает любые возможные обстоятельства, которые могут изменить исход, например произношение дополнительных заклинание, потеря или получение союзника. <br>Если вы произнесете это заклинание два или более раз, не отдохнув полностью, то каждая попытка после первой увеличивает шанс случайного результата на 25%. МП делает этот бросок в тайне.",
            "max": "",
            "id": "-5cI689BqDE9mcIycH7I"
        },
        {
            "name": "repeating_spell-2_-zv5qSL2LO1qYwqtqtBM_spellduration",
            "current": "Мгновенно",
            "max": "",
            "id": "-0PsSZHtawo8Q1OWF137"
        },
        {
            "name": "repeating_spell-2_-zv5qSL2LO1qYwqtqtBM_spellcomp_v",
            "current": "{{v=1}}",
            "max": "",
            "id": "-MvnzVy5pbb8leAAg8x9"
        },
        {
            "name": "repeating_spell-2_-zv5qSL2LO1qYwqtqtBM_spellcomp_s",
            "current": "{{s=1}}",
            "max": "",
            "id": "-HVhjOQqjQf1CwyIr2CG"
        },
        {
            "name": "repeating_spell-2_-zv5qSL2LO1qYwqtqtBM_spellcomp_m",
            "current": "{{m=1}}",
            "max": "",
            "id": "-tEeqQQq7RLx1IVBmSs4"
        },
        {
            "name": "repeating_spell-2_-zv5qSL2LO1qYwqtqtBM_spellsource",
            "current": "PHB",
            "max": "",
            "id": "-jOp0SGARD3eNrf0iVpo"
        },
        {
            "name": "repeating_spell-2_-zv5qSL2LO1qYwqtqtBM_details-flag",
            "current": "0",
            "max": "",
            "id": "-aCH8qhBIVw8kEGLlg9v"
        },
        {
            "name": "repeating_spell-2_-zv5qSL2LO1qYwqtqtBM_options-flag",
            "current": "0",
            "max": "",
            "id": "-y1NI42Kl1kPzg7V9SHB"
        },
        {
            "name": "repeating_spell-2_-afic4gr4RC8RASOuNhO_spellname",
            "current": "ЗАЩИТНЫЕ УЗЫ",
            "max": "",
            "id": "-YLHeZmWAembAfAKfLm9"
        },
        {
            "name": "repeating_spell-2_-afic4gr4RC8RASOuNhO_spellschool",
            "current": "abjuration",
            "max": "",
            "id": "-koOLgTbu0CZv9DTyRdY"
        },
        {
            "name": "repeating_spell-2_-afic4gr4RC8RASOuNhO_spellcastingtime",
            "current": "1 действие",
            "max": "",
            "id": "-3aoiNZ6N9CnPSIedD6F"
        },
        {
            "name": "repeating_spell-2_-afic4gr4RC8RASOuNhO_spellrange",
            "current": "Касание",
            "max": "",
            "id": "-78l8KxAHLXMz5ccbqls"
        },
        {
            "name": "repeating_spell-2_-afic4gr4RC8RASOuNhO_spelltarget",
            "current": "",
            "max": "",
            "id": "-rHznpJLfXM0exUzxV3F"
        },
        {
            "name": "repeating_spell-2_-afic4gr4RC8RASOuNhO_spellcomp_materials",
            "current": "пара платиновых колец стоимостью не менее 50 зм каждое, которое вы и цель должны носить, пока действует заклинание",
            "max": "",
            "id": "-cGZUjCKEv3KiRZbhSYN"
        },
        {
            "name": "repeating_spell-2_-afic4gr4RC8RASOuNhO_spelldescription",
            "current": "Вы касаетесь существа, даруя ему защиту, а также создаете таинственную связь между вами и целью до конца действия заклинания. Пока цель находится в пределах 60 футов от вас, она получает бонус +1 к КБ и спасброска, а также получает сопротивление ко всем видам урона. Кроме того, каждый раз, когда она получает урон, вы получаете такое же количество урона. Заклинание заканчивается, если ваши ОЗ опускаются до 0, или если цель удаляется от вас более чем на 60 футов. Оно также заканчивается, если это заклинание повторно использовано на одного из соединенных существ. Вы можете отменить это заклинание в качестве действия.",
            "max": "",
            "id": "-shxW7ESii958MY7mUtS"
        },
        {
            "name": "repeating_spell-2_-afic4gr4RC8RASOuNhO_spellduration",
            "current": "1 час",
            "max": "",
            "id": "-BCuPe76gwb7droz96nd"
        },
        {
            "name": "repeating_spell-2_-afic4gr4RC8RASOuNhO_spellcomp_v",
            "current": "{{v=1}}",
            "max": "",
            "id": "-4MkZO6o2OKFVX6apCoF"
        },
        {
            "name": "repeating_spell-2_-afic4gr4RC8RASOuNhO_spellcomp_s",
            "current": "{{s=1}}",
            "max": "",
            "id": "-mLIiMroesvQzWg4Vq9U"
        },
        {
            "name": "repeating_spell-2_-afic4gr4RC8RASOuNhO_spellcomp_m",
            "current": "{{m=1}}",
            "max": "",
            "id": "-ZnQEYtSNxWseodojpOp"
        },
        {
            "name": "repeating_spell-2_-afic4gr4RC8RASOuNhO_spellsource",
            "current": "PHB",
            "max": "",
            "id": "-5gFqEwt3Lf4fdKN1oqr"
        },
        {
            "name": "repeating_spell-2_-afic4gr4RC8RASOuNhO_details-flag",
            "current": "0",
            "max": "",
            "id": "-Zr5RuXjCPCfkzMV1ory"
        },
        {
            "name": "repeating_spell-2_-afic4gr4RC8RASOuNhO_options-flag",
            "current": "0",
            "max": "",
            "id": "-YSULj3iepiwX1UX8zhG"
        },
        {
            "name": "repeating_spell-3_-uzNXXLCmbOYA37dJUvr_spellname",
            "current": "ПРОКЛЯТИЕ",
            "max": "",
            "id": "-laCBvrodfPVph51VzGE"
        },
        {
            "name": "repeating_spell-3_-uzNXXLCmbOYA37dJUvr_spellschool",
            "current": "necromancy",
            "max": "",
            "id": "-3MG8PNmaTFY2OpG3jKS"
        },
        {
            "name": "repeating_spell-3_-uzNXXLCmbOYA37dJUvr_spellcastingtime",
            "current": "1 действие",
            "max": "",
            "id": "-YnCMvI0qS99Sdxwi1Wo"
        },
        {
            "name": "repeating_spell-3_-uzNXXLCmbOYA37dJUvr_spellrange",
            "current": "Касание",
            "max": "",
            "id": "-WGdNpYVKWqouKbdLEcC"
        },
        {
            "name": "repeating_spell-3_-uzNXXLCmbOYA37dJUvr_spelltarget",
            "current": "",
            "max": "",
            "id": "-DfZDMkO3MQIwmPImlnS"
        },
        {
            "name": "repeating_spell-3_-uzNXXLCmbOYA37dJUvr_spellcomp_materials",
            "current": "",
            "max": "",
            "id": "-42lMACbBlt1xXGNE5L4"
        },
        {
            "name": "repeating_spell-3_-uzNXXLCmbOYA37dJUvr_spelldescription",
            "current": "Вы касаетесь существа, и оно должно сделать спасбросок по Мудрости, или будет проклято до тех пор, пока действует заклинание. Произнося его, вы выбираете вид проклятия из следующих вариантов: Выберите один из параметров. Цель получает помеху на спасброски и проверки этого параметра, пока проклято. Пока цель проклята, она получает помеху на броски атаки против вас. Пока цель проклята, она должна делать спасбросок по Мудрости в начале каждого своего хода. При провале оно тратит свое действие, не делая ничего. Пока цель проклята, ваши атаки и заклинания наносят ей дополнительные 1d8 некротического урона. Снятие проклятия развеивает этот эффект. По усмотрению МП, вы можете выбирать другие варианты проклятий, но они не должны быть сильнее, чем перечисленные здесь. На более высоких кругах. Если вы произносите заклинание, используя ячейку 4 круга, то максимальная длительность концентрации увеличивается до 10 минут. Если вы используете ячейку 5 круга или выше, то заклинание более не требует концентрации, а длительность увеличивается до 8 часов за ячейку 5 круга и до 24 часов за ячейку 7 круга. Если вы используете ячейку 9 круга, то проклятие остается до тех пор, пока не будет развеяно.",
            "max": "",
            "id": "-NDeLs5lSFCUxqAQa3lo"
        },
        {
            "name": "repeating_spell-3_-uzNXXLCmbOYA37dJUvr_spellduration",
            "current": "К-ция, до 1 минуты",
            "max": "",
            "id": "-D19oQzi7hG6Me1WC3vB"
        },
        {
            "name": "repeating_spell-3_-uzNXXLCmbOYA37dJUvr_spellcomp_v",
            "current": "{{v=1}}",
            "max": "",
            "id": "-WtFvN6MinGH38SA3NF6"
        },
        {
            "name": "repeating_spell-3_-uzNXXLCmbOYA37dJUvr_spellcomp_s",
            "current": "{{s=1}}",
            "max": "",
            "id": "-EUI3Ye102XIWCCQ749z"
        },
        {
            "name": "repeating_spell-3_-uzNXXLCmbOYA37dJUvr_spellcomp_m",
            "current": "0",
            "max": "",
            "id": "-mAjaeotoW8uNDiJI0xZ"
        },
        {
            "name": "repeating_spell-3_-uzNXXLCmbOYA37dJUvr_spellsource",
            "current": "",
            "max": "",
            "id": "-ycmqEQMqExCMqMxaJ0r"
        },
        {
            "name": "repeating_spell-3_-uzNXXLCmbOYA37dJUvr_details-flag",
            "current": "0",
            "max": "",
            "id": "-MLELrWPJQ4JCGrf57aH"
        },
        {
            "name": "repeating_spell-3_-uzNXXLCmbOYA37dJUvr_options-flag",
            "current": "0",
            "max": "",
            "id": "-ED6cW878a86JzqcSOZS"
        },
        {
            "name": "repeating_spell-3_-3AH3h9FHGRZsYW9n5fn_spellname",
            "current": "СОТВОРЕНИЕ ПИЩИ И ВОДЫ",
            "max": "",
            "id": "-uXflqPTV67vUkbLCLRa"
        },
        {
            "name": "repeating_spell-3_-3AH3h9FHGRZsYW9n5fn_spellschool",
            "current": "conjuration",
            "max": "",
            "id": "-PjJ7dDKWX59UzaFNbif"
        },
        {
            "name": "repeating_spell-3_-3AH3h9FHGRZsYW9n5fn_spellcastingtime",
            "current": "1 действие",
            "max": "",
            "id": "-t1Y68F6bZSoNsDFjiUV"
        },
        {
            "name": "repeating_spell-3_-3AH3h9FHGRZsYW9n5fn_spellrange",
            "current": "30 футов",
            "max": "",
            "id": "-mnzacqYTVsqlmD0T2dC"
        },
        {
            "name": "repeating_spell-3_-3AH3h9FHGRZsYW9n5fn_spelltarget",
            "current": "",
            "max": "",
            "id": "-d0qSDMgMxr1RognSB8A"
        },
        {
            "name": "repeating_spell-3_-3AH3h9FHGRZsYW9n5fn_spellcomp_materials",
            "current": "",
            "max": "",
            "id": "-ttcUXfLk8uaei2Z11Jl"
        },
        {
            "name": "repeating_spell-3_-3AH3h9FHGRZsYW9n5fn_spelldescription",
            "current": "Вы создаете 45 фунтов пищи и 30 галлонов воды на земле или в емкостях в пределах дальности заклинания. Этого хватает, чтобы накормить пятнадцать гуманоидов или пять скакунов в течение 24 часов. Еда простая, но питательная, и портится, если ее не съесть за 24 часа. Вода чистая и не портится.",
            "max": "",
            "id": "-GNDENb29ZMBpXtfN4Hg"
        },
        {
            "name": "repeating_spell-3_-3AH3h9FHGRZsYW9n5fn_spellduration",
            "current": "Мгновенно",
            "max": "",
            "id": "-xRBT7sDiTzlgmSKOxSh"
        },
        {
            "name": "repeating_spell-3_-3AH3h9FHGRZsYW9n5fn_spellcomp_v",
            "current": "{{v=1}}",
            "max": "",
            "id": "-0JS8r1tbQnCkyl0ZLSq"
        },
        {
            "name": "repeating_spell-3_-3AH3h9FHGRZsYW9n5fn_spellcomp_s",
            "current": "{{s=1}}",
            "max": "",
            "id": "-1uAik78JwyGQqbqxwra"
        },
        {
            "name": "repeating_spell-3_-3AH3h9FHGRZsYW9n5fn_spellcomp_m",
            "current": "0",
            "max": "",
            "id": "-3V7lpuTZq5JPrL50WKS"
        },
        {
            "name": "repeating_spell-3_-3AH3h9FHGRZsYW9n5fn_spellsource",
            "current": "PHB",
            "max": "",
            "id": "-87vqGKMSN7Fia1Tg4Ht"
        },
        {
            "name": "repeating_spell-3_-3AH3h9FHGRZsYW9n5fn_details-flag",
            "current": "0",
            "max": "",
            "id": "-ksRig4Roc8LPre8zqZW"
        },
        {
            "name": "repeating_spell-3_-3AH3h9FHGRZsYW9n5fn_options-flag",
            "current": "0",
            "max": "",
            "id": "-YxJaRQ1saB5EHUMBEZ9"
        },
        {
            "name": "repeating_npctrait_-sqVBa5R4wlvl0d5l0V7_description",
            "current": "Орк является заклинателем 5 уровня. Его базовой характеристикой является Мудрость (Сл спасброска от заклинаний 12, +4 к попаданию заклинаниями). У орка приготовлены следующие заклинания жреца:\n\n Заговоры (неограниченно): \n>указание [guidance], \n>починка [mending], \n>сопротивление [resistance], \n>чудотворство [thaumaturge] 1 уровень (4 ячейки): \n>порча [bane], \n>лечение ран [cure wounds], \n>направленный снаряд [guiding bolt]\n\n 2 уровень (3 ячейки): \n>гадание [augury], \n>охраняющая связь [warding bond]\n\n 3 уровень (2 ячейки): \n>проклятие [bestow curse], \n>сотворение пищи и воды [create food and water]",
            "max": "",
            "id": "-G2FbRangr0z6zxg80NO"
        },
        {
            "name": "npcspellcastingflag",
            "current": "1",
            "max": "",
            "id": "-6sP9IEXdCb7mfPKuOc1"
        }
    ],
    "abilities": []
}