{
    "schema_version": 2,
    "oldId": "-ue4WpC5LSipm5LnlrO7",
    "name": "Древний Серебряный Дракон (Ancient Silver Dragon)",
    "avatar": "https://tentaculus.ru/monsters/img/cute_monsters/ANCIENT_SILVER_DRAGON.jpg",
    "bio": "",
    "gmnotes": "",
    "defaulttoken": "",
    "tags": "[]",
    "controlledby": "",
    "inplayerjournals": "",
    "attribs": [
        {
            "name": "hitdieroll",
            "current": "4",
            "max": "",
            "id": "-MDyo0kUmJKdV1DdzRlq"
        },
        {
            "name": "showleveler",
            "current": 0,
            "max": "",
            "id": "-GEStUJsJOjzke01J8Qn"
        },
        {
            "name": "invalidXP",
            "current": 0,
            "max": "",
            "id": "-3HVIR6JtjIDQNFwv11d"
        },
        {
            "name": "version",
            "current": 4.21,
            "max": "",
            "id": "-QiKC95VQUB09YnyIdn4"
        },
        {
            "name": "mancer_confirm_flag",
            "current": "",
            "max": "",
            "id": "-i3miarvxUnTdkKq3gmS"
        },
        {
            "name": "mancer_npc",
            "current": "on",
            "max": "",
            "id": "-F0RIBWM6zAlKsRGuA7M"
        },
        {
            "name": "l1mancer_status",
            "current": "completed",
            "max": "",
            "id": "-vB9f3Qt5zyRPV4luWFh"
        },
        {
            "name": "rtype",
            "current": "@{advantagetoggle}",
            "max": "",
            "id": "-ueiEPYg5QFyjvPV3gKA"
        },
        {
            "name": "dtype",
            "current": "full",
            "max": "",
            "id": "-n7xdoM62WpjTtKMKLU8"
        },
        {
            "name": "appliedUpdates",
            "current": "upgrade_to_4_2_1",
            "max": "",
            "id": "-EkSsz9rtTp5BxwwMSMK"
        },
        {
            "name": "npc",
            "current": "1",
            "max": "",
            "id": "-CBdDLeSYWpxC3pUl1Mo"
        },
        {
            "name": "npc_options-flag",
            "current": "0",
            "max": "",
            "id": "-Jl0u1fXB2T01xao4Zpd"
        },
        {
            "name": "ui_flags",
            "current": "",
            "max": "",
            "id": "-i0ht9xGSJSuu4O0Wocq"
        },
        {
            "name": "npc_name",
            "current": "Древний Серебряный Дракон (Ancient Silver Dragon)",
            "max": "",
            "id": "-yroA1W2lCN5HgfdgbHb"
        },
        {
            "name": "npc_type",
            "current": "дракон законно-доброе",
            "max": "",
            "id": "-BDpqSixjzjbVgebzLWR"
        },
        {
            "name": "npc_speed",
            "current": "8 клеток, полет 16 клеток",
            "max": "",
            "id": "-H9STxkkzcrv3TAGlueE"
        },
        {
            "name": "hp",
            "current": "",
            "max": "487",
            "id": "-ug9DUr6djkwu2YmtS0E"
        },
        {
            "name": "npc_ac",
            "current": "22 (естественная броня)",
            "max": "",
            "id": "-WHcXNcskUsvSGd0Bdg7"
        },
        {
            "name": "ac",
            "current": "22 (естественная броня)",
            "max": "",
            "id": "-CsKNy8xMfyiYt6cxLRL"
        },
        {
            "name": "npc_languages",
            "current": "Общий, Драконий",
            "max": "",
            "id": "-5gXuKsCbOu1D37mUS2V"
        },
        {
            "name": "npc_challenge",
            "current": "23",
            "max": "",
            "id": "-S0JPgSVG3MUJmN5AzVG"
        },
        {
            "name": "passive_wisdom",
            "current": "23",
            "max": "",
            "id": "-Trw4POp8GdcanZ0SX2P"
        },
        {
            "name": "initiative_bonus",
            "current": 0,
            "max": "",
            "id": "-JFAt0uPYO0cig5NRAiw"
        },
        {
            "name": "npc_hpformula",
            "current": "25d20 + 225",
            "max": "",
            "id": "-422HzJMM7h4hnWhNKMh"
        },
        {
            "name": "strength_base",
            "current": "30",
            "max": "",
            "id": "-AXwCjwHcMPIwp9XaYf4"
        },
        {
            "name": "strength_flag",
            "current": "0",
            "max": "",
            "id": "-raUPkRPlwZM2ovYfUlp"
        },
        {
            "name": "strength",
            "current": 30,
            "max": "",
            "id": "-d17skXCnkJoIZFZIQFx"
        },
        {
            "name": "strength_mod",
            "current": 10,
            "max": "",
            "id": "-vj9nn7cUdr7Wf0pJNP5"
        },
        {
            "name": "npc_str_negative",
            "current": 0,
            "max": "",
            "id": "-ZcMVQ4EAOzcZpYZRrIS"
        },
        {
            "name": "dexterity_base",
            "current": "10",
            "max": "",
            "id": "-y2El3EH0sANX5zbnaLG"
        },
        {
            "name": "dexterity_flag",
            "current": "0",
            "max": "",
            "id": "-swZdnWMjnLJXzbFTuKE"
        },
        {
            "name": "dexterity",
            "current": 10,
            "max": "",
            "id": "-9VId8qejhu9sv0H5ITQ"
        },
        {
            "name": "dexterity_mod",
            "current": 0,
            "max": "",
            "id": "-0kpNZcB8usd7lmQJM6a"
        },
        {
            "name": "npc_dex_negative",
            "current": 0,
            "max": "",
            "id": "-jYM04D7SsYB9UfTxuS0"
        },
        {
            "name": "constitution_base",
            "current": "29",
            "max": "",
            "id": "-TZaez6LXKgHptq541Gt"
        },
        {
            "name": "constitution_flag",
            "current": "0",
            "max": "",
            "id": "-FHRX9bXSP9p5sfzdf9C"
        },
        {
            "name": "constitution",
            "current": 29,
            "max": "",
            "id": "-24zgajDscDo0JD9nJml"
        },
        {
            "name": "constitution_mod",
            "current": 9,
            "max": "",
            "id": "-50W6JNqMGudgxIBTS9b"
        },
        {
            "name": "npc_con_negative",
            "current": 0,
            "max": "",
            "id": "-hpTEkNZy9xIdvJzQSgY"
        },
        {
            "name": "intelligence_base",
            "current": "18",
            "max": "",
            "id": "-lkT5qFkB8wxKCyBeB9J"
        },
        {
            "name": "intelligence_flag",
            "current": "0",
            "max": "",
            "id": "-tmVBWyF3cezCc3sIZsI"
        },
        {
            "name": "intelligence",
            "current": 18,
            "max": "",
            "id": "-8bTq8aOBEhL3pcwHeTF"
        },
        {
            "name": "intelligence_mod",
            "current": 4,
            "max": "",
            "id": "-s7QoVvJ15PSa8UcfbpT"
        },
        {
            "name": "npc_int_negative",
            "current": 0,
            "max": "",
            "id": "-ZV8kO6ry5k8NR5xqmFy"
        },
        {
            "name": "wisdom_base",
            "current": "15",
            "max": "",
            "id": "-z25TnH3CzwVNhfbfsqC"
        },
        {
            "name": "wisdom_flag",
            "current": "0",
            "max": "",
            "id": "-zPKwc52DuuhqN86mI1c"
        },
        {
            "name": "wisdom",
            "current": 15,
            "max": "",
            "id": "-XNkkvgau87ULexQtY2S"
        },
        {
            "name": "wisdom_mod",
            "current": 2,
            "max": "",
            "id": "-jLx4Nbuy18JQmeGxIVc"
        },
        {
            "name": "npc_wis_negative",
            "current": 0,
            "max": "",
            "id": "-E35P9NwhKedNr0RtMDC"
        },
        {
            "name": "charisma_base",
            "current": "23",
            "max": "",
            "id": "-HKVCtioQxiRYgCE5cg8"
        },
        {
            "name": "charisma_flag",
            "current": "0",
            "max": "",
            "id": "-4xxf6ku2QHHC0PeIR6J"
        },
        {
            "name": "charisma",
            "current": 23,
            "max": "",
            "id": "-KvqQEWPFZbg6pxgsQo3"
        },
        {
            "name": "charisma_mod",
            "current": 6,
            "max": "",
            "id": "-wB7J9YnLhY2m5epYPH0"
        },
        {
            "name": "npc_cha_negative",
            "current": 0,
            "max": "",
            "id": "-Ss72gnaQQpd1Lx1juxm"
        },
        {
            "name": "npc_skills_flag",
            "current": 3,
            "max": "",
            "id": "-ROLpiPgQxbZLon16nyT"
        },
        {
            "name": "npc_arcana_base",
            "current": "11",
            "max": "",
            "id": "-VpvL9Jeb8uOyGaw6Uvd"
        },
        {
            "name": "npc_arcana_flag",
            "current": "1",
            "max": "",
            "id": "-gVLcHI9LlmgwBR0mi6q"
        },
        {
            "name": "npc_arcana",
            "current": 11,
            "max": "",
            "id": "-2toTs74hpJfQNmnxeyG"
        },
        {
            "name": "npc_history_base",
            "current": "11",
            "max": "",
            "id": "-sG2NUDLlwUMPN9mmoQZ"
        },
        {
            "name": "npc_history_flag",
            "current": "1",
            "max": "",
            "id": "-FOdSjWKtHEihzIUioch"
        },
        {
            "name": "npc_history",
            "current": 11,
            "max": "",
            "id": "-gTUE3xmDSiftaVHrzG7"
        },
        {
            "name": "npc_perception_base",
            "current": "16",
            "max": "",
            "id": "-LLzogbDrf2AQvjGdq7D"
        },
        {
            "name": "npc_perception_flag",
            "current": "1",
            "max": "",
            "id": "-iLkI9eyJWHFiAFKqbCW"
        },
        {
            "name": "npc_perception",
            "current": 16,
            "max": "",
            "id": "-ZqKGrkTPLL0vICch4tt"
        },
        {
            "name": "npc_stealth_base",
            "current": "7",
            "max": "",
            "id": "-2wGCFtKypxiRftKIUtv"
        },
        {
            "name": "npc_stealth_flag",
            "current": "1",
            "max": "",
            "id": "-tp5zWr8GJKAmGu65bkC"
        },
        {
            "name": "npc_stealth",
            "current": 7,
            "max": "",
            "id": "-yXcohypP2V7aZX69qoE"
        },
        {
            "name": "npc_saving_flag",
            "current": 7,
            "max": "",
            "id": "-YdizMS1gBCfW8xAZqgn"
        },
        {
            "name": "npc_dex_save_base",
            "current": "7",
            "max": "",
            "id": "-i5vydTtN26Wfpk2qa2d"
        },
        {
            "name": "npc_dex_save_flag",
            "current": 1,
            "max": "",
            "id": "-IxgUOnErmvMM4cpYEkp"
        },
        {
            "name": "npc_dex_save",
            "current": 7,
            "max": "",
            "id": "-4z9IH6dFrtUCH8YL7cD"
        },
        {
            "name": "npc_con_save_base",
            "current": "16",
            "max": "",
            "id": "-Fsz0XYrfpEOf5aEM0d9"
        },
        {
            "name": "npc_con_save_flag",
            "current": 1,
            "max": "",
            "id": "-pnNMyld7rXeRNJBkTFX"
        },
        {
            "name": "npc_con_save",
            "current": 16,
            "max": "",
            "id": "-tyHe9LbfOVcsIIriTkF"
        },
        {
            "name": "npc_wis_save_base",
            "current": "9",
            "max": "",
            "id": "-UOqEdQbvJ7bFLbr6Aj8"
        },
        {
            "name": "npc_wis_save_flag",
            "current": 1,
            "max": "",
            "id": "-YDjTu72hojUIWajv13N"
        },
        {
            "name": "npc_wis_save",
            "current": 9,
            "max": "",
            "id": "-A943FaUxMRpGt7dcfp2"
        },
        {
            "name": "npc_cha_save_base",
            "current": "13",
            "max": "",
            "id": "-DoKvGajyfqXw1peBEQH"
        },
        {
            "name": "npc_cha_save_flag",
            "current": 1,
            "max": "",
            "id": "-9G3WSXEQr8yFsQKulSw"
        },
        {
            "name": "npc_cha_save",
            "current": 13,
            "max": "",
            "id": "-BcNSUSEAcXOs2V2NU2A"
        },
        {
            "name": "npc_immunities",
            "current": "холод",
            "max": "",
            "id": "-d3BHmzwRtX5rdfXmX9w"
        },
        {
            "name": "npc_senses",
            "current": "слепозрение 12 клеток, темнозрение 24 клеток",
            "max": "",
            "id": "-C48lRrf5eQYGDMmSDIg"
        },
        {
            "name": "repeating_npcaction_-JTHvmOLcuKfNPpJuHdb_name",
            "current": "Мультиатака",
            "max": "",
            "id": "-Yf2EDwWUZQV5HfeVMxK"
        },
        {
            "name": "repeating_npcaction_-JTHvmOLcuKfNPpJuHdb_description",
            "current": "Дракон использует Ужасающую Внешность. После этого он проводит 3 атаки: две зубами и одну когтями.",
            "max": "",
            "id": "-x9gYt1ZPwgtUvcFyD6l"
        },
        {
            "name": "repeating_npcaction_-JTHvmOLcuKfNPpJuHdb_attack_tohitrange",
            "current": "+0",
            "max": "",
            "id": "-9VfDZNx14rVx2FQehLd"
        },
        {
            "name": "repeating_npcaction_-JTHvmOLcuKfNPpJuHdb_attack_onhit",
            "current": "",
            "max": "",
            "id": "-Cxw90iICCcl0IBhX7JJ"
        },
        {
            "name": "repeating_npcaction_-JTHvmOLcuKfNPpJuHdb_damage_flag",
            "current": "",
            "max": "",
            "id": "-xIU8Q0yyB5crseQdYfL"
        },
        {
            "name": "repeating_npcaction_-JTHvmOLcuKfNPpJuHdb_attack_crit",
            "current": "",
            "max": "",
            "id": "-TVHNVuymZ2ElXeYhV0C"
        },
        {
            "name": "repeating_npcaction_-JTHvmOLcuKfNPpJuHdb_attack_crit2",
            "current": "",
            "max": "",
            "id": "-QpmgMySAY0y32Jy10fc"
        },
        {
            "name": "repeating_npcaction_-JTHvmOLcuKfNPpJuHdb_rollbase",
            "current": "@{wtype}&{template:npcaction} @{npc_name_flag} {{rname=@{name}}} {{description=@{show_desc}}} @{charname_output}",
            "max": "",
            "id": "-zQxfmthPF1akipUPzmy"
        },
        {
            "name": "repeating_npcaction_-iR3XRxlSFpiEnuiEI3r_name",
            "current": "Укус",
            "max": "",
            "id": "-UA7VlQh8Ydjo2gRfrdH"
        },
        {
            "name": "repeating_npcaction_-iR3XRxlSFpiEnuiEI3r_description",
            "current": "Рукопашное Оружие: +17 к атаке, досягаемость 3 клетки, одна цель. Попадание: 21 (2d10 + 10) колющего урона.",
            "max": "",
            "id": "-IlznOh208QnJ2GjPCr7"
        },
        {
            "name": "repeating_npcaction_-iR3XRxlSFpiEnuiEI3r_attack_flag",
            "current": "on",
            "max": "",
            "id": "-cPkYO2h38P73TuKm0hH"
        },
        {
            "name": "repeating_npcaction_-iR3XRxlSFpiEnuiEI3r_attack_tohitrange",
            "current": "+17",
            "max": "",
            "id": "-o6RamE0oabMKIAeLgyK"
        },
        {
            "name": "repeating_npcaction_-iR3XRxlSFpiEnuiEI3r_attack_onhit",
            "current": "",
            "max": "",
            "id": "-xXH036hdPs2tR7asm4W"
        },
        {
            "name": "repeating_npcaction_-iR3XRxlSFpiEnuiEI3r_attack_tohit",
            "current": "17",
            "max": "",
            "id": "-aCBZW8f6CeBdxMXFBfR"
        },
        {
            "name": "repeating_npcaction_-iR3XRxlSFpiEnuiEI3r_attack_damage",
            "current": "2d10+10",
            "max": "",
            "id": "-SRbkbpOKlEV57L5FnLE"
        },
        {
            "name": "repeating_npcaction_-iR3XRxlSFpiEnuiEI3r_damage_flag",
            "current": "{{damage=1}} {{dmg1flag=1}}",
            "max": "",
            "id": "-gRGFvOngmXGjCDHkL8L"
        },
        {
            "name": "repeating_npcaction_-iR3XRxlSFpiEnuiEI3r_rollbase",
            "current": "@{wtype}&{template:npcaction} {{attack=1}} @{damage_flag} @{npc_name_flag} {{rname=@{name}}} {{r1=[[@{d20}+(@{attack_tohit})]]}} @{rtype}+(@{attack_tohit})]]}} {{dmg1=[[@{attack_damage}]]}} {{dmg1type=@{attack_damagetype}}} {{dmg2=[[@{attack_damage2}+0]]}} {{dmg2type=@{attack_damagetype2}}} {{crit1=[[@{attack_crit}+0]]}} {{crit2=[[@{attack_crit2}+0]]}} {{description=@{show_desc}}} @{charname_output}",
            "max": "",
            "id": "-2iunjzNrQu28nFGSLV6"
        },
        {
            "name": "repeating_npcaction_-iR3XRxlSFpiEnuiEI3r_attack_crit",
            "current": "2d10+10",
            "max": "",
            "id": "-P28N5VdUtoa0L5pvvqq"
        },
        {
            "name": "repeating_npcaction_-iR3XRxlSFpiEnuiEI3r_attack_crit2",
            "current": "",
            "max": "",
            "id": "-3GhxR9G5yZB3r2caVkC"
        },
        {
            "name": "repeating_npcaction_-UI6Kh2iolJC4jsWAVcx_name",
            "current": "Когти",
            "max": "",
            "id": "-zwpr92HWW6I7ISTyw7R"
        },
        {
            "name": "repeating_npcaction_-UI6Kh2iolJC4jsWAVcx_description",
            "current": "Рукопашное Оружие: +17 к атаке, досягаемость: 2 клетки, одна цель. Попадание: 17 (2d6 + 10) рубящего урона.",
            "max": "",
            "id": "-gCzHSRuBTZSt6m96Jrc"
        },
        {
            "name": "repeating_npcaction_-UI6Kh2iolJC4jsWAVcx_attack_flag",
            "current": "on",
            "max": "",
            "id": "-JylrLKFsAId0I3zoWN0"
        },
        {
            "name": "repeating_npcaction_-UI6Kh2iolJC4jsWAVcx_attack_tohitrange",
            "current": "+17",
            "max": "",
            "id": "-fWYCspmhDtF4W50Wytk"
        },
        {
            "name": "repeating_npcaction_-UI6Kh2iolJC4jsWAVcx_attack_onhit",
            "current": "",
            "max": "",
            "id": "-RCuM3WoXFnoQo9oEWHe"
        },
        {
            "name": "repeating_npcaction_-UI6Kh2iolJC4jsWAVcx_attack_tohit",
            "current": "17",
            "max": "",
            "id": "-fnywN60D9SXrZuRuiOE"
        },
        {
            "name": "repeating_npcaction_-UI6Kh2iolJC4jsWAVcx_attack_damage",
            "current": "2d6+10",
            "max": "",
            "id": "-NzWpDjXLzBOwSUuvvqp"
        },
        {
            "name": "repeating_npcaction_-UI6Kh2iolJC4jsWAVcx_damage_flag",
            "current": "{{damage=1}} {{dmg1flag=1}}",
            "max": "",
            "id": "-SoGoMpanXwZHJKL7HJd"
        },
        {
            "name": "repeating_npcaction_-UI6Kh2iolJC4jsWAVcx_rollbase",
            "current": "@{wtype}&{template:npcaction} {{attack=1}} @{damage_flag} @{npc_name_flag} {{rname=@{name}}} {{r1=[[@{d20}+(@{attack_tohit})]]}} @{rtype}+(@{attack_tohit})]]}} {{dmg1=[[@{attack_damage}]]}} {{dmg1type=@{attack_damagetype}}} {{dmg2=[[@{attack_damage2}+0]]}} {{dmg2type=@{attack_damagetype2}}} {{crit1=[[@{attack_crit}+0]]}} {{crit2=[[@{attack_crit2}+0]]}} {{description=@{show_desc}}} @{charname_output}",
            "max": "",
            "id": "-ikoKlzVoNd7w5sBq7ii"
        },
        {
            "name": "repeating_npcaction_-UI6Kh2iolJC4jsWAVcx_attack_crit",
            "current": "2d6+10",
            "max": "",
            "id": "-2nI30jmZWjocSpLq8zt"
        },
        {
            "name": "repeating_npcaction_-UI6Kh2iolJC4jsWAVcx_attack_crit2",
            "current": "",
            "max": "",
            "id": "-pNE0vYz4ZAQXDSv4GiV"
        },
        {
            "name": "repeating_npcaction_-QYFhrwVO65ezrA9qc3L_name",
            "current": "Хвост",
            "max": "",
            "id": "-B3pfXvNOBLRHfNhG3DJ"
        },
        {
            "name": "repeating_npcaction_-QYFhrwVO65ezrA9qc3L_description",
            "current": "Рукопашное Оружие: +17 к атаке, досягаемость 4 клетки, одна цель. Попадание: 19 (2d8 + 10) дробящего урона.",
            "max": "",
            "id": "-XNrWJGf35JLrR9wpp8b"
        },
        {
            "name": "repeating_npcaction_-QYFhrwVO65ezrA9qc3L_attack_flag",
            "current": "on",
            "max": "",
            "id": "-yAMl1zZtskRWvXLy2e4"
        },
        {
            "name": "repeating_npcaction_-QYFhrwVO65ezrA9qc3L_attack_tohitrange",
            "current": "+17",
            "max": "",
            "id": "-CGVRbkf4rdortr3WJlX"
        },
        {
            "name": "repeating_npcaction_-QYFhrwVO65ezrA9qc3L_attack_onhit",
            "current": "",
            "max": "",
            "id": "-rhmfSbxJvVv8S3ubxnh"
        },
        {
            "name": "repeating_npcaction_-QYFhrwVO65ezrA9qc3L_attack_tohit",
            "current": "17",
            "max": "",
            "id": "-EtVX5AGn144S2gU2bRY"
        },
        {
            "name": "repeating_npcaction_-QYFhrwVO65ezrA9qc3L_attack_damage",
            "current": "2d8+10",
            "max": "",
            "id": "-uNSQijMlosM4YhLN1Pg"
        },
        {
            "name": "repeating_npcaction_-QYFhrwVO65ezrA9qc3L_damage_flag",
            "current": "{{damage=1}} {{dmg1flag=1}}",
            "max": "",
            "id": "-IbBQJ6HS0nfCxLPFcVf"
        },
        {
            "name": "repeating_npcaction_-QYFhrwVO65ezrA9qc3L_rollbase",
            "current": "@{wtype}&{template:npcaction} {{attack=1}} @{damage_flag} @{npc_name_flag} {{rname=@{name}}} {{r1=[[@{d20}+(@{attack_tohit})]]}} @{rtype}+(@{attack_tohit})]]}} {{dmg1=[[@{attack_damage}]]}} {{dmg1type=@{attack_damagetype}}} {{dmg2=[[@{attack_damage2}+0]]}} {{dmg2type=@{attack_damagetype2}}} {{crit1=[[@{attack_crit}+0]]}} {{crit2=[[@{attack_crit2}+0]]}} {{description=@{show_desc}}} @{charname_output}",
            "max": "",
            "id": "-7313HU4L7R9OnLRtOV8"
        },
        {
            "name": "repeating_npcaction_-QYFhrwVO65ezrA9qc3L_attack_crit",
            "current": "2d8+10",
            "max": "",
            "id": "-qaNrOrZLIlkK9ibTcAB"
        },
        {
            "name": "repeating_npcaction_-QYFhrwVO65ezrA9qc3L_attack_crit2",
            "current": "",
            "max": "",
            "id": "-mvvoz2YkhVrc5KtgVdz"
        },
        {
            "name": "repeating_npcaction_-9oNTT0TSHwRwTCRgSQq_name",
            "current": "Ужасающая Внешность",
            "max": "",
            "id": "-F4QZQD2FLaPCnHkk3fu"
        },
        {
            "name": "repeating_npcaction_-9oNTT0TSHwRwTCRgSQq_description",
            "current": "Каждое существо по выбору дракона в пределах 24 клеток должно бросить по Мудрости со сложностью 21. В случае неудачи существо становится испуганным. Существо может повторять спасбросок со сложностью в конце каждого своего хода. В случае успеха эфект страха заканчивается и существо становится имунным к Ужасающей Внешности на следующие 24 часа.",
            "max": "",
            "id": "-5TuWxsrydbkzxWFM7td"
        },
        {
            "name": "repeating_npcaction_-9oNTT0TSHwRwTCRgSQq_attack_tohitrange",
            "current": "+0",
            "max": "",
            "id": "-xBI8NUHaFafHt2x1aZP"
        },
        {
            "name": "repeating_npcaction_-9oNTT0TSHwRwTCRgSQq_attack_onhit",
            "current": "",
            "max": "",
            "id": "-41zL39fZogcyOMlDq5E"
        },
        {
            "name": "repeating_npcaction_-9oNTT0TSHwRwTCRgSQq_damage_flag",
            "current": "",
            "max": "",
            "id": "-hhcAMGWDGRZh3o30daX"
        },
        {
            "name": "repeating_npcaction_-9oNTT0TSHwRwTCRgSQq_attack_crit",
            "current": "",
            "max": "",
            "id": "-2CFiW7NzkPPPm5A8Me9"
        },
        {
            "name": "repeating_npcaction_-9oNTT0TSHwRwTCRgSQq_attack_crit2",
            "current": "",
            "max": "",
            "id": "-2dDnxsDufzkyp3oi4BD"
        },
        {
            "name": "repeating_npcaction_-9oNTT0TSHwRwTCRgSQq_rollbase",
            "current": "@{wtype}&{template:npcaction} @{npc_name_flag} {{rname=@{name}}} {{description=@{show_desc}}} @{charname_output}",
            "max": "",
            "id": "-2xVCchyuXLFcsXq2jnI"
        },
        {
            "name": "repeating_npcaction_-8jISTBlN9UY81BtvFaH_name",
            "current": "Оружия Дыхания (Перезарядка 5-6)",
            "max": "",
            "id": "-DxCf4bwM9mG7PUTI2Y6"
        },
        {
            "name": "repeating_npcaction_-8jISTBlN9UY81BtvFaH_description",
            "current": "Дракон использует одно из следующих оружий дыхания.\n\nХолодное Дыхание. Дракон выдыхает поток холодного воздуха конусом размером 18 клеток. Каждое существо в этой области должно бросить спасбросок со сложностью 24 по Телосложению. В случае неудачи существо получает 67 (15d8) урона холодом, и половину урона в случае успеха.\n\nПарализующее Дыхание. Дракон выдыхает парализующий газ конусом размером 18 клеток. Каждое существо в этой области должно бросить спасбросок со сложностью 24 по Телосложению или оно станет парализованным на 1 минуту. Существо может повторять спабсросок в конца каждого своего хода, в случае успеха эффект заканчивается.\n\n",
            "max": "",
            "id": "-y52JNIWS5HmnjlRRAeD"
        },
        {
            "name": "repeating_npcaction_-8jISTBlN9UY81BtvFaH_attack_flag",
            "current": "on",
            "max": "",
            "id": "-VYbp40UjuZiGzVDjZIz"
        },
        {
            "name": "repeating_npcaction_-8jISTBlN9UY81BtvFaH_attack_tohitrange",
            "current": "+",
            "max": "",
            "id": "-qheK0JGH1XePaE7dN77"
        },
        {
            "name": "repeating_npcaction_-8jISTBlN9UY81BtvFaH_attack_onhit",
            "current": "",
            "max": "",
            "id": "-REAXzoT51wjMtd9krwu"
        },
        {
            "name": "repeating_npcaction_-8jISTBlN9UY81BtvFaH_attack_tohit",
            "current": "",
            "max": "",
            "id": "-d4o10cdQJvV1ObHhtFY"
        },
        {
            "name": "repeating_npcaction_-8jISTBlN9UY81BtvFaH_attack_damage",
            "current": "15d8",
            "max": "",
            "id": "-LWDVS0s9BOfPgsaEqeq"
        },
        {
            "name": "repeating_npcaction_-8jISTBlN9UY81BtvFaH_damage_flag",
            "current": "{{damage=1}} {{dmg1flag=1}}",
            "max": "",
            "id": "-J71lL6MxAQw7w5MRosH"
        },
        {
            "name": "repeating_npcaction_-8jISTBlN9UY81BtvFaH_rollbase",
            "current": "@{wtype}&{template:npcaction} {{attack=1}} @{damage_flag} @{npc_name_flag} {{rname=@{name}}} {{r1=[[@{d20}+(@{attack_tohit})]]}} @{rtype}+(@{attack_tohit})]]}} {{dmg1=[[@{attack_damage}]]}} {{dmg1type=@{attack_damagetype}}} {{dmg2=[[@{attack_damage2}+0]]}} {{dmg2type=@{attack_damagetype2}}} {{crit1=[[@{attack_crit}+0]]}} {{crit2=[[@{attack_crit2}+0]]}} {{description=@{show_desc}}} @{charname_output}",
            "max": "",
            "id": "-ep1ASawokmFnKMNKRXO"
        },
        {
            "name": "repeating_npcaction_-8jISTBlN9UY81BtvFaH_attack_crit",
            "current": "15d8",
            "max": "",
            "id": "-MCyxRswcGKTAlN5GKuy"
        },
        {
            "name": "repeating_npcaction_-8jISTBlN9UY81BtvFaH_attack_crit2",
            "current": "",
            "max": "",
            "id": "-KbaeyPaStQmZ8jFlYvs"
        },
        {
            "name": "repeating_npcaction_-2wzE0UohvNRo14mTvdR_name",
            "current": "Изменение Формы",
            "max": "",
            "id": "-HsSvzErq5jwbLYpQdc8"
        },
        {
            "name": "repeating_npcaction_-2wzE0UohvNRo14mTvdR_description",
            "current": [
                "Дракон магически превращается в гуманоида или зверя, класс опасности которого не выше его собственного, либо возвращается в первоначальную форму. Изначальная форма возвращается также в случае смерти. Все предметы, которые есть у дракона либо скрываются в новой форме, либо становятся на него надетыми (по желанию дракона).",
                "В новой форме дракон сохраняет свое мировоззрение, очки здоровья, языки, навыки, Легендарное Сопротивление, Действия Логова, Интеллект, Мудрость и Харизму, и все действия. Остальные параметры приобретаются от существа новой формы, кроме классовых особенностей и легендарных действий."
            ],
            "max": "",
            "id": "-rOmZbpPkWCJtenaKL4x"
        },
        {
            "name": "repeating_npcaction_-2wzE0UohvNRo14mTvdR_attack_tohitrange",
            "current": "+0",
            "max": "",
            "id": "-5wPYhbRLcEWmfnZlhzw"
        },
        {
            "name": "repeating_npcaction_-2wzE0UohvNRo14mTvdR_attack_onhit",
            "current": "",
            "max": "",
            "id": "-DTHiwi5t77tdnFTxT1k"
        },
        {
            "name": "repeating_npcaction_-2wzE0UohvNRo14mTvdR_damage_flag",
            "current": "",
            "max": "",
            "id": "-0v8KEGRNe0Zse4dMQYp"
        },
        {
            "name": "repeating_npcaction_-2wzE0UohvNRo14mTvdR_attack_crit",
            "current": "",
            "max": "",
            "id": "-BxWWMyGVpDTjqal8Y2K"
        },
        {
            "name": "repeating_npcaction_-2wzE0UohvNRo14mTvdR_attack_crit2",
            "current": "",
            "max": "",
            "id": "-RUmm0yIS9BKj9h2q6xU"
        },
        {
            "name": "repeating_npcaction_-2wzE0UohvNRo14mTvdR_rollbase",
            "current": "@{wtype}&{template:npcaction} @{npc_name_flag} {{rname=@{name}}} {{description=@{show_desc}}} @{charname_output}",
            "max": "",
            "id": "-WrvDYKqwBfeJX4YfXtr"
        },
        {
            "name": "repeating_npctrait_-fB3MgbA03YOWSeou6T3_name",
            "current": "Легендарное Сопротивление (3/в день)",
            "max": "",
            "id": "-F64m5JtsyiuI9eP01ce"
        },
        {
            "name": "repeating_npctrait_-fB3MgbA03YOWSeou6T3_description",
            "current": "Если дракон провалил спасбросок, он может вместо этого считать его удачным.",
            "max": "",
            "id": "-flls6PPeyYnw3QlLls8"
        },
        {
            "name": "npcspellcastingflag",
            "current": "0",
            "max": "",
            "id": "-PZLMUHoLlLnMc46Biv6"
        }
    ],
    "abilities": []
}