{
    "schema_version": 2,
    "oldId": "-Rj6qpu023VZjIu4FMYJ",
    "name": "Древний Синий Дракон (Ancient Blue Dragon)",
    "avatar": "https://tentaculus.ru/monsters/img/cute_monsters/ANCIENT_BLUE_DRAGON.jpg",
    "bio": "",
    "gmnotes": "",
    "defaulttoken": "",
    "tags": "[]",
    "controlledby": "",
    "inplayerjournals": "",
    "attribs": [
        {
            "name": "hitdieroll",
            "current": "4",
            "max": "",
            "id": "-DeovqVH9lAbUflvFHqG"
        },
        {
            "name": "showleveler",
            "current": 0,
            "max": "",
            "id": "-oppZj2BxEMQR7umF0Lz"
        },
        {
            "name": "invalidXP",
            "current": 0,
            "max": "",
            "id": "-3EARQiyo75RYtIVVlde"
        },
        {
            "name": "version",
            "current": 4.21,
            "max": "",
            "id": "-OoLqbETm0yWpJMoXv3Z"
        },
        {
            "name": "mancer_confirm_flag",
            "current": "",
            "max": "",
            "id": "-faXSaiWELJcusa3kdTp"
        },
        {
            "name": "mancer_npc",
            "current": "on",
            "max": "",
            "id": "-SlXVyegIhvBVjU5xDM1"
        },
        {
            "name": "l1mancer_status",
            "current": "completed",
            "max": "",
            "id": "-lMO5HmxlqdTMlojtPUK"
        },
        {
            "name": "rtype",
            "current": "@{advantagetoggle}",
            "max": "",
            "id": "-Gk15CVswCkN96MCMQP0"
        },
        {
            "name": "dtype",
            "current": "full",
            "max": "",
            "id": "-5jG4rDMDNPCID6lERSz"
        },
        {
            "name": "appliedUpdates",
            "current": "upgrade_to_4_2_1",
            "max": "",
            "id": "-JjAHREJ6jDFHuaP9FGr"
        },
        {
            "name": "npc",
            "current": "1",
            "max": "",
            "id": "-Zzg13yjHd9NEIEOOLZd"
        },
        {
            "name": "npc_options-flag",
            "current": "0",
            "max": "",
            "id": "-ZGSm0MiQl3mR0CMWdfD"
        },
        {
            "name": "ui_flags",
            "current": "",
            "max": "",
            "id": "-vZNZW6IuScQtrxCVdUM"
        },
        {
            "name": "npc_name",
            "current": "Древний Синий Дракон (Ancient Blue Dragon)",
            "max": "",
            "id": "-ROVccoZGkaICxaKrBC6"
        },
        {
            "name": "npc_type",
            "current": "дракон законно-злое",
            "max": "",
            "id": "-BP4y9h6qLYPHiRuX6is"
        },
        {
            "name": "npc_speed",
            "current": "8 клеток, копание 8 клеток, полет 16 клеток",
            "max": "",
            "id": "-iyAavqbDCRi6bsfu5zG"
        },
        {
            "name": "hp",
            "current": "",
            "max": "481",
            "id": "-6MbkoxC8tHKULBKAOwD"
        },
        {
            "name": "npc_ac",
            "current": "22 (естественная броня)",
            "max": "",
            "id": "-Uq8lpJcDunI4zHh6X6I"
        },
        {
            "name": "ac",
            "current": "22 (естественная броня)",
            "max": "",
            "id": "-uOKveroduDb7hRh2Fwc"
        },
        {
            "name": "npc_languages",
            "current": "Общий, Драконий",
            "max": "",
            "id": "-XBJJE5OfsGF67GZ0hA1"
        },
        {
            "name": "npc_challenge",
            "current": "23",
            "max": "",
            "id": "-B4nGgxYBMms5IstaLaP"
        },
        {
            "name": "passive_wisdom",
            "current": "23",
            "max": "",
            "id": "-fsWbRkHpsejkfvsb6By"
        },
        {
            "name": "initiative_bonus",
            "current": 0,
            "max": "",
            "id": "-msFApXTqxWFgVv4yeAk"
        },
        {
            "name": "npc_hpformula",
            "current": "26d20 + 208",
            "max": "",
            "id": "-oiXujxKS8yeIsdMHzpp"
        },
        {
            "name": "strength_base",
            "current": "29",
            "max": "",
            "id": "-dooQy2WfKoWkjcMtmWv"
        },
        {
            "name": "strength_flag",
            "current": "0",
            "max": "",
            "id": "-w1wm48bcSwxsGhXrVEy"
        },
        {
            "name": "strength",
            "current": 29,
            "max": "",
            "id": "-B7pN7E5EVA87CtXwMxU"
        },
        {
            "name": "strength_mod",
            "current": 9,
            "max": "",
            "id": "-mqrcX9Prjk548vHklO6"
        },
        {
            "name": "npc_str_negative",
            "current": 0,
            "max": "",
            "id": "-3DwBKkAWrEAVFIQ0i4x"
        },
        {
            "name": "dexterity_base",
            "current": "10",
            "max": "",
            "id": "-jb5xHni2tZCtEJA9Rz3"
        },
        {
            "name": "dexterity_flag",
            "current": "0",
            "max": "",
            "id": "-G6N7CEtM9ouAm7UDQKh"
        },
        {
            "name": "dexterity",
            "current": 10,
            "max": "",
            "id": "-eGS5iLNVSVL5MHBRWg7"
        },
        {
            "name": "dexterity_mod",
            "current": 0,
            "max": "",
            "id": "-quk3ow0HOThmuc3c2In"
        },
        {
            "name": "npc_dex_negative",
            "current": 0,
            "max": "",
            "id": "-DzFu7aCg2teuRgCeU8E"
        },
        {
            "name": "constitution_base",
            "current": "27",
            "max": "",
            "id": "-RBsyybuyGBchaJ3TrVd"
        },
        {
            "name": "constitution_flag",
            "current": "0",
            "max": "",
            "id": "-ZSWtGDPX100Ba853CGe"
        },
        {
            "name": "constitution",
            "current": 27,
            "max": "",
            "id": "-xPG7iNneaI2bqyZ4J5v"
        },
        {
            "name": "constitution_mod",
            "current": 8,
            "max": "",
            "id": "-xgGdbLux7Nkq6tA5WiQ"
        },
        {
            "name": "npc_con_negative",
            "current": 0,
            "max": "",
            "id": "-TD9fGN0G87xA8j74IiX"
        },
        {
            "name": "intelligence_base",
            "current": "18",
            "max": "",
            "id": "-9l7Tc5o5K0sHkzpSO5a"
        },
        {
            "name": "intelligence_flag",
            "current": "0",
            "max": "",
            "id": "-Ke40hgrHOIwhpw6CRis"
        },
        {
            "name": "intelligence",
            "current": 18,
            "max": "",
            "id": "-IkFdDH55snGofcCXTFW"
        },
        {
            "name": "intelligence_mod",
            "current": 4,
            "max": "",
            "id": "-dRCufmuzJV0B2sJWYj2"
        },
        {
            "name": "npc_int_negative",
            "current": 0,
            "max": "",
            "id": "-Xq0cPnvBOvo7wLC1HE8"
        },
        {
            "name": "wisdom_base",
            "current": "17",
            "max": "",
            "id": "-0WKBmOZGZUVezLkTCU9"
        },
        {
            "name": "wisdom_flag",
            "current": "0",
            "max": "",
            "id": "-RlMI1XPwpYts4boBUfc"
        },
        {
            "name": "wisdom",
            "current": 17,
            "max": "",
            "id": "-Zs4AiiWfCyQr7jqN2Fq"
        },
        {
            "name": "wisdom_mod",
            "current": 3,
            "max": "",
            "id": "-0DTz5P0tLNdbdfycB0n"
        },
        {
            "name": "npc_wis_negative",
            "current": 0,
            "max": "",
            "id": "-PK9FENNpvz2uxD9GkT2"
        },
        {
            "name": "charisma_base",
            "current": "21",
            "max": "",
            "id": "-ngHzWEPTTaGKBNk7DiM"
        },
        {
            "name": "charisma_flag",
            "current": "0",
            "max": "",
            "id": "-GUPkFWavNxerxoNu7LA"
        },
        {
            "name": "charisma",
            "current": 21,
            "max": "",
            "id": "-2UAX0WlWWGb5lCvpQyd"
        },
        {
            "name": "charisma_mod",
            "current": 5,
            "max": "",
            "id": "-QSlIe77d3tAuSyyxHLn"
        },
        {
            "name": "npc_cha_negative",
            "current": 0,
            "max": "",
            "id": "-nU2LHFr141HilSMJjxl"
        },
        {
            "name": "npc_skills_flag",
            "current": 3,
            "max": "",
            "id": "-RS866H424pKVhUSMKeb"
        },
        {
            "name": "npc_perception_base",
            "current": "17",
            "max": "",
            "id": "-FPHIS2t6AHXdaJPbkeI"
        },
        {
            "name": "npc_perception_flag",
            "current": "1",
            "max": "",
            "id": "-JdOi1SqsJ7F1cW6kO4X"
        },
        {
            "name": "npc_perception",
            "current": 17,
            "max": "",
            "id": "-3uXJYUS7xbhPCE2AC7L"
        },
        {
            "name": "npc_stealth_base",
            "current": "7",
            "max": "",
            "id": "-UdsywrkDvZ05x70H7E6"
        },
        {
            "name": "npc_stealth_flag",
            "current": "1",
            "max": "",
            "id": "-WbpJeBpQrr755lZOvvp"
        },
        {
            "name": "npc_stealth",
            "current": 7,
            "max": "",
            "id": "-YBS4OZIXYYwThQXB41W"
        },
        {
            "name": "npc_saving_flag",
            "current": 7,
            "max": "",
            "id": "-bqO7Y7xTjCEFDYJB5YL"
        },
        {
            "name": "npc_dex_save_base",
            "current": "7",
            "max": "",
            "id": "-nis1RQCXDCD2yaBWmUt"
        },
        {
            "name": "npc_dex_save_flag",
            "current": 1,
            "max": "",
            "id": "-WDgQd9s9exzFhlfuQn8"
        },
        {
            "name": "npc_dex_save",
            "current": 7,
            "max": "",
            "id": "-ylbU3U2jJwXg9PdImPR"
        },
        {
            "name": "npc_con_save_base",
            "current": "15",
            "max": "",
            "id": "-eMmfZaRO2V7E34VjaUE"
        },
        {
            "name": "npc_con_save_flag",
            "current": 1,
            "max": "",
            "id": "-ARw5wwUzb154DzFDisp"
        },
        {
            "name": "npc_con_save",
            "current": 15,
            "max": "",
            "id": "-T5J2l9zjZTD4gTnca5s"
        },
        {
            "name": "npc_wis_save_base",
            "current": "10",
            "max": "",
            "id": "-9s7D7vVvFrAJzuE8L1y"
        },
        {
            "name": "npc_wis_save_flag",
            "current": 1,
            "max": "",
            "id": "-cBERVfkxF6L1RSOH2ba"
        },
        {
            "name": "npc_wis_save",
            "current": 10,
            "max": "",
            "id": "-ATDdRWN4xkTwhull6zS"
        },
        {
            "name": "npc_cha_save_base",
            "current": "12",
            "max": "",
            "id": "-PNBnbzju2Oo2kSzezwl"
        },
        {
            "name": "npc_cha_save_flag",
            "current": 1,
            "max": "",
            "id": "-etMsdKglUoMZi06CFoP"
        },
        {
            "name": "npc_cha_save",
            "current": 12,
            "max": "",
            "id": "-ThZ6MO9XZ9x3RlsdKLQ"
        },
        {
            "name": "npc_immunities",
            "current": "молния",
            "max": "",
            "id": "-ejebLCgJWvA9VAqyrLd"
        },
        {
            "name": "npc_senses",
            "current": "слепозрение 12 клеток, темнозрение 24 клеток",
            "max": "",
            "id": "-wlWrswu1HcSZgpzV1QN"
        },
        {
            "name": "repeating_npcaction_-HFa7OGC4X3v9GuGnOEV_name",
            "current": "Мультиатака",
            "max": "",
            "id": "-Gr7MoMBKMfD2NCrHxjy"
        },
        {
            "name": "repeating_npcaction_-HFa7OGC4X3v9GuGnOEV_description",
            "current": "Дракон использует Ужасающую Внешность. После этого он проводит 3 атаки: две зубами и одну когтями.",
            "max": "",
            "id": "-FJnQk59orD8cViyAuau"
        },
        {
            "name": "repeating_npcaction_-HFa7OGC4X3v9GuGnOEV_attack_tohitrange",
            "current": "+0",
            "max": "",
            "id": "-2MAddXxdBIsp7cYkC7z"
        },
        {
            "name": "repeating_npcaction_-HFa7OGC4X3v9GuGnOEV_attack_onhit",
            "current": "",
            "max": "",
            "id": "-uzwgo7dAkzvyRXwTRmO"
        },
        {
            "name": "repeating_npcaction_-HFa7OGC4X3v9GuGnOEV_damage_flag",
            "current": "",
            "max": "",
            "id": "-eHgxsVkZjAVYnSVijVZ"
        },
        {
            "name": "repeating_npcaction_-HFa7OGC4X3v9GuGnOEV_attack_crit",
            "current": "",
            "max": "",
            "id": "-DzQhQgK0oCupG8xxAHG"
        },
        {
            "name": "repeating_npcaction_-HFa7OGC4X3v9GuGnOEV_attack_crit2",
            "current": "",
            "max": "",
            "id": "-5pt259VpjP13dPFGFeQ"
        },
        {
            "name": "repeating_npcaction_-HFa7OGC4X3v9GuGnOEV_rollbase",
            "current": "@{wtype}&{template:npcaction} @{npc_name_flag} {{rname=@{name}}} {{description=@{show_desc}}} @{charname_output}",
            "max": "",
            "id": "-fS50ph6z3H7keGG3UCh"
        },
        {
            "name": "repeating_npcaction_-3QlKBwMIsPcBoW1a2sg_name",
            "current": "Укус",
            "max": "",
            "id": "-o8UV8jvC9SryhVM00Vw"
        },
        {
            "name": "repeating_npcaction_-3QlKBwMIsPcBoW1a2sg_description",
            "current": "Рукопашное Оружие: +16 к атаке, досягаемость 3 клетки, одна цель. Попадание: 20 (2d10 + 9) колющего урона плюс 11 (2d10) урона молнией.",
            "max": "",
            "id": "-pakBjSvxs0uffdYXJ0i"
        },
        {
            "name": "repeating_npcaction_-3QlKBwMIsPcBoW1a2sg_attack_flag",
            "current": "on",
            "max": "",
            "id": "-HxOV8TB1PTXAeEJjWro"
        },
        {
            "name": "repeating_npcaction_-3QlKBwMIsPcBoW1a2sg_attack_tohitrange",
            "current": "+16",
            "max": "",
            "id": "-ofoyXktjAII2OeL5wUd"
        },
        {
            "name": "repeating_npcaction_-3QlKBwMIsPcBoW1a2sg_attack_onhit",
            "current": "",
            "max": "",
            "id": "-nZA9A2R7SVIEL8sqNMv"
        },
        {
            "name": "repeating_npcaction_-3QlKBwMIsPcBoW1a2sg_attack_tohit",
            "current": "16",
            "max": "",
            "id": "-Rtw1CQoOCXTcaDEw1gN"
        },
        {
            "name": "repeating_npcaction_-3QlKBwMIsPcBoW1a2sg_attack_damage",
            "current": "2d10+9+2d10",
            "max": "",
            "id": "-NLK89dswTqiYmlmf1JC"
        },
        {
            "name": "repeating_npcaction_-3QlKBwMIsPcBoW1a2sg_damage_flag",
            "current": "{{damage=1}} {{dmg1flag=1}}",
            "max": "",
            "id": "-LkPt5Xk1aHMsjHX1lhL"
        },
        {
            "name": "repeating_npcaction_-3QlKBwMIsPcBoW1a2sg_rollbase",
            "current": "@{wtype}&{template:npcaction} {{attack=1}} @{damage_flag} @{npc_name_flag} {{rname=@{name}}} {{r1=[[@{d20}+(@{attack_tohit})]]}} @{rtype}+(@{attack_tohit})]]}} {{dmg1=[[@{attack_damage}]]}} {{dmg1type=@{attack_damagetype}}} {{dmg2=[[@{attack_damage2}+0]]}} {{dmg2type=@{attack_damagetype2}}} {{crit1=[[@{attack_crit}+0]]}} {{crit2=[[@{attack_crit2}+0]]}} {{description=@{show_desc}}} @{charname_output}",
            "max": "",
            "id": "-btPWfPqh7pM1leJZUgG"
        },
        {
            "name": "repeating_npcaction_-3QlKBwMIsPcBoW1a2sg_attack_crit",
            "current": "2d10+9+2d10",
            "max": "",
            "id": "-voewQaIwA2WeRZvyXGC"
        },
        {
            "name": "repeating_npcaction_-3QlKBwMIsPcBoW1a2sg_attack_crit2",
            "current": "",
            "max": "",
            "id": "-cPqNEMkjVoFL04yc83D"
        },
        {
            "name": "repeating_npcaction_-bcdKfq8AYZEAVcoaezb_name",
            "current": "Когти",
            "max": "",
            "id": "-JeMGAEHCvfqwZnvXu5A"
        },
        {
            "name": "repeating_npcaction_-bcdKfq8AYZEAVcoaezb_description",
            "current": "Рукопашное Оружие: +16 к атаке, досягаемость: 2 клетки, одна цель. Попадание: 16 (2d6 + 9) рубящего урона.",
            "max": "",
            "id": "-Kax9Gdz08iSKyhkG0bN"
        },
        {
            "name": "repeating_npcaction_-bcdKfq8AYZEAVcoaezb_attack_flag",
            "current": "on",
            "max": "",
            "id": "-iP8rFTL4S8wek0RmxlS"
        },
        {
            "name": "repeating_npcaction_-bcdKfq8AYZEAVcoaezb_attack_tohitrange",
            "current": "+16",
            "max": "",
            "id": "-JDL751oTjrqAobIbbJT"
        },
        {
            "name": "repeating_npcaction_-bcdKfq8AYZEAVcoaezb_attack_onhit",
            "current": "",
            "max": "",
            "id": "-ZOYP9ukdALIYHvC2nuH"
        },
        {
            "name": "repeating_npcaction_-bcdKfq8AYZEAVcoaezb_attack_tohit",
            "current": "16",
            "max": "",
            "id": "-ZZqCP2yFMDD368f90pi"
        },
        {
            "name": "repeating_npcaction_-bcdKfq8AYZEAVcoaezb_attack_damage",
            "current": "2d6+9",
            "max": "",
            "id": "-40eMtgI21mEncX7kcL4"
        },
        {
            "name": "repeating_npcaction_-bcdKfq8AYZEAVcoaezb_damage_flag",
            "current": "{{damage=1}} {{dmg1flag=1}}",
            "max": "",
            "id": "-C5a6PlOgy6sfCj5X7VT"
        },
        {
            "name": "repeating_npcaction_-bcdKfq8AYZEAVcoaezb_rollbase",
            "current": "@{wtype}&{template:npcaction} {{attack=1}} @{damage_flag} @{npc_name_flag} {{rname=@{name}}} {{r1=[[@{d20}+(@{attack_tohit})]]}} @{rtype}+(@{attack_tohit})]]}} {{dmg1=[[@{attack_damage}]]}} {{dmg1type=@{attack_damagetype}}} {{dmg2=[[@{attack_damage2}+0]]}} {{dmg2type=@{attack_damagetype2}}} {{crit1=[[@{attack_crit}+0]]}} {{crit2=[[@{attack_crit2}+0]]}} {{description=@{show_desc}}} @{charname_output}",
            "max": "",
            "id": "-tylPsRktM8z2GbaSrfy"
        },
        {
            "name": "repeating_npcaction_-bcdKfq8AYZEAVcoaezb_attack_crit",
            "current": "2d6+9",
            "max": "",
            "id": "-dZhFH8lefJ9IVV1pxqx"
        },
        {
            "name": "repeating_npcaction_-bcdKfq8AYZEAVcoaezb_attack_crit2",
            "current": "",
            "max": "",
            "id": "-OGVTYNgC89LCgqYUMeR"
        },
        {
            "name": "repeating_npcaction_-bjovI1QQrDhxCWHQJ1t_name",
            "current": "Хвост",
            "max": "",
            "id": "-dAa7o0H3pA9t56YwWvm"
        },
        {
            "name": "repeating_npcaction_-bjovI1QQrDhxCWHQJ1t_description",
            "current": "Рукопашное Оружие: +16 к атаке, досягаемость 4 клетки, одна цель. Попадание: 18 (2d8 + 9) дробящего урона.",
            "max": "",
            "id": "-EIfCVcj8QoISkNjGS9t"
        },
        {
            "name": "repeating_npcaction_-bjovI1QQrDhxCWHQJ1t_attack_flag",
            "current": "on",
            "max": "",
            "id": "-xJ8eAYiHrtRLbtJI7Kx"
        },
        {
            "name": "repeating_npcaction_-bjovI1QQrDhxCWHQJ1t_attack_tohitrange",
            "current": "+16",
            "max": "",
            "id": "-klystYNOwHFPU6utTTJ"
        },
        {
            "name": "repeating_npcaction_-bjovI1QQrDhxCWHQJ1t_attack_onhit",
            "current": "",
            "max": "",
            "id": "-1hX9uLELZNkTazyp9uK"
        },
        {
            "name": "repeating_npcaction_-bjovI1QQrDhxCWHQJ1t_attack_tohit",
            "current": "16",
            "max": "",
            "id": "-iN0Q4tcuP4ZnAN3Zajh"
        },
        {
            "name": "repeating_npcaction_-bjovI1QQrDhxCWHQJ1t_attack_damage",
            "current": "2d8+9",
            "max": "",
            "id": "-Hv7J7pset1JNVNgFh9z"
        },
        {
            "name": "repeating_npcaction_-bjovI1QQrDhxCWHQJ1t_damage_flag",
            "current": "{{damage=1}} {{dmg1flag=1}}",
            "max": "",
            "id": "-5PkwXj2FeaGLFtXHLP3"
        },
        {
            "name": "repeating_npcaction_-bjovI1QQrDhxCWHQJ1t_rollbase",
            "current": "@{wtype}&{template:npcaction} {{attack=1}} @{damage_flag} @{npc_name_flag} {{rname=@{name}}} {{r1=[[@{d20}+(@{attack_tohit})]]}} @{rtype}+(@{attack_tohit})]]}} {{dmg1=[[@{attack_damage}]]}} {{dmg1type=@{attack_damagetype}}} {{dmg2=[[@{attack_damage2}+0]]}} {{dmg2type=@{attack_damagetype2}}} {{crit1=[[@{attack_crit}+0]]}} {{crit2=[[@{attack_crit2}+0]]}} {{description=@{show_desc}}} @{charname_output}",
            "max": "",
            "id": "-OQcnzYvdHiE9eeENLLm"
        },
        {
            "name": "repeating_npcaction_-bjovI1QQrDhxCWHQJ1t_attack_crit",
            "current": "2d8+9",
            "max": "",
            "id": "-SRIYPYYjcKFIoPfVCsU"
        },
        {
            "name": "repeating_npcaction_-bjovI1QQrDhxCWHQJ1t_attack_crit2",
            "current": "",
            "max": "",
            "id": "-dmAanuhjX94pImZ6aIR"
        },
        {
            "name": "repeating_npcaction_-AqMuIAvjSVqEaz3tKgQ_name",
            "current": "Ужасающая Внешность",
            "max": "",
            "id": "-t1sRIZwiwFfm7R7QabV"
        },
        {
            "name": "repeating_npcaction_-AqMuIAvjSVqEaz3tKgQ_description",
            "current": "Каждое существо по выбору дракона в пределах 24 клеток должно бросить по Мудрости со сложностью 20. В случае неудачи существо становится испуганным. Существо может повторять спасбросок со сложностью в конце каждого своего хода. В случае успеха эфект страха заканчивается и существо становится имунным к Ужасающей Внешности на следующие 24 часа.",
            "max": "",
            "id": "-YkNBnjACbmEu9uhXwZ5"
        },
        {
            "name": "repeating_npcaction_-AqMuIAvjSVqEaz3tKgQ_attack_tohitrange",
            "current": "+0",
            "max": "",
            "id": "-k5cIFteYfZNnvHlevdb"
        },
        {
            "name": "repeating_npcaction_-AqMuIAvjSVqEaz3tKgQ_attack_onhit",
            "current": "",
            "max": "",
            "id": "-8H8uqBAnrRkEVjFrzw5"
        },
        {
            "name": "repeating_npcaction_-AqMuIAvjSVqEaz3tKgQ_damage_flag",
            "current": "",
            "max": "",
            "id": "-OcLq0ecHX4e0LQH0JFD"
        },
        {
            "name": "repeating_npcaction_-AqMuIAvjSVqEaz3tKgQ_attack_crit",
            "current": "",
            "max": "",
            "id": "-pZibJpNfH4RO2mVtC31"
        },
        {
            "name": "repeating_npcaction_-AqMuIAvjSVqEaz3tKgQ_attack_crit2",
            "current": "",
            "max": "",
            "id": "-kqdop9ZOUtNpkLHjfHl"
        },
        {
            "name": "repeating_npcaction_-AqMuIAvjSVqEaz3tKgQ_rollbase",
            "current": "@{wtype}&{template:npcaction} @{npc_name_flag} {{rname=@{name}}} {{description=@{show_desc}}} @{charname_output}",
            "max": "",
            "id": "-6CH3szBlsK2IcqM7mDl"
        },
        {
            "name": "repeating_npcaction_-EsOCElk9DPrlcWNVP3v_name",
            "current": "Дыхание Молнии (Перезарядка 5-6)",
            "max": "",
            "id": "-XAdicBFxkT8FFuEM8df"
        },
        {
            "name": "repeating_npcaction_-EsOCElk9DPrlcWNVP3v_description",
            "current": "Дракон выдыхает молнию линией длиной 24 клетки и шириной 2 клетки. Каждое существо на этой линии make a DC 23 по Ловкости. В случае неудачи существо получает 88 (16d10) урона молнией, и половину урона в случае успеха.",
            "max": "",
            "id": "-43PAoH76bdfPK4eY0Ef"
        },
        {
            "name": "repeating_npcaction_-EsOCElk9DPrlcWNVP3v_attack_flag",
            "current": "on",
            "max": "",
            "id": "-bfua4wNltYUWjSb02Zh"
        },
        {
            "name": "repeating_npcaction_-EsOCElk9DPrlcWNVP3v_attack_tohitrange",
            "current": "+",
            "max": "",
            "id": "-BU2gUqHCNVBU2I0Bvwm"
        },
        {
            "name": "repeating_npcaction_-EsOCElk9DPrlcWNVP3v_attack_onhit",
            "current": "",
            "max": "",
            "id": "-BBf2LaRgevjxCiKp0Nx"
        },
        {
            "name": "repeating_npcaction_-EsOCElk9DPrlcWNVP3v_attack_tohit",
            "current": "",
            "max": "",
            "id": "-KgygcHRtGM6IuxusOAt"
        },
        {
            "name": "repeating_npcaction_-EsOCElk9DPrlcWNVP3v_attack_damage",
            "current": "16d10",
            "max": "",
            "id": "-LvQkNfk0lrw3L5vNnsE"
        },
        {
            "name": "repeating_npcaction_-EsOCElk9DPrlcWNVP3v_damage_flag",
            "current": "{{damage=1}} {{dmg1flag=1}}",
            "max": "",
            "id": "-KIN3EQr22JZMnhMnw7q"
        },
        {
            "name": "repeating_npcaction_-EsOCElk9DPrlcWNVP3v_rollbase",
            "current": "@{wtype}&{template:npcaction} {{attack=1}} @{damage_flag} @{npc_name_flag} {{rname=@{name}}} {{r1=[[@{d20}+(@{attack_tohit})]]}} @{rtype}+(@{attack_tohit})]]}} {{dmg1=[[@{attack_damage}]]}} {{dmg1type=@{attack_damagetype}}} {{dmg2=[[@{attack_damage2}+0]]}} {{dmg2type=@{attack_damagetype2}}} {{crit1=[[@{attack_crit}+0]]}} {{crit2=[[@{attack_crit2}+0]]}} {{description=@{show_desc}}} @{charname_output}",
            "max": "",
            "id": "-NCHkO8vV53h4uTcxpLk"
        },
        {
            "name": "repeating_npcaction_-EsOCElk9DPrlcWNVP3v_attack_crit",
            "current": "16d10",
            "max": "",
            "id": "-GLLN4hFR5qrWOPMKXmU"
        },
        {
            "name": "repeating_npcaction_-EsOCElk9DPrlcWNVP3v_attack_crit2",
            "current": "",
            "max": "",
            "id": "-jElAX4ZlkvP66vTbBrt"
        }
    ],
    "abilities": []
}