{
    "schema_version": 2,
    "oldId": "-7wGwVxby4iSOoXzw3cy",
    "name": "Дретч (Dretch)",
    "avatar": "https://tentaculus.ru/monsters/img/cute_monsters/DRETCH.jpg",
    "bio": "",
    "gmnotes": "",
    "defaulttoken": "",
    "tags": "[]",
    "controlledby": "",
    "inplayerjournals": "",
    "attribs": [
        {
            "name": "hitdieroll",
            "current": "4",
            "max": "",
            "id": "-9hAC64QafYhW8zdHeO7"
        },
        {
            "name": "showleveler",
            "current": 0,
            "max": "",
            "id": "-oau1p8nqZdsL6sfMEjo"
        },
        {
            "name": "invalidXP",
            "current": 0,
            "max": "",
            "id": "-tDleitdCNdse0MJLC2E"
        },
        {
            "name": "version",
            "current": 4.21,
            "max": "",
            "id": "-djWMrJyS4J2gPWH4vp9"
        },
        {
            "name": "mancer_confirm_flag",
            "current": "",
            "max": "",
            "id": "-U7srECkNxXgIde01pfB"
        },
        {
            "name": "mancer_npc",
            "current": "on",
            "max": "",
            "id": "-RwK1IZKyhj24xeqT3lv"
        },
        {
            "name": "l1mancer_status",
            "current": "completed",
            "max": "",
            "id": "-jZeEO7cbF7CZ0TDjvo4"
        },
        {
            "name": "rtype",
            "current": "@{advantagetoggle}",
            "max": "",
            "id": "-ZA1HTE4OVdsDuRtoa5E"
        },
        {
            "name": "dtype",
            "current": "full",
            "max": "",
            "id": "-da4kxQu8wSEb6YS1wmQ"
        },
        {
            "name": "appliedUpdates",
            "current": "upgrade_to_4_2_1",
            "max": "",
            "id": "-qrwDDfh9W2WnRt7SyFJ"
        },
        {
            "name": "npc",
            "current": "1",
            "max": "",
            "id": "-hZzH9nHE6QQS9C1EWig"
        },
        {
            "name": "npc_options-flag",
            "current": "0",
            "max": "",
            "id": "-MA7b5PV89slPDd68W1Q"
        },
        {
            "name": "ui_flags",
            "current": "",
            "max": "",
            "id": "-Zbp01mXr4rH0gAtddXZ"
        },
        {
            "name": "npc_name",
            "current": "Дретч (Dretch)",
            "max": "",
            "id": "-Btmig5nRtfJTiqVEMC7"
        },
        {
            "name": "npc_type",
            "current": "исчадие (демон) хаотично-злое",
            "max": "",
            "id": "-B6fr4Iq3mSxL8FDPEtH"
        },
        {
            "name": "npc_speed",
            "current": "4 клетки",
            "max": "",
            "id": "-06S9aWSYulRmKwou0ll"
        },
        {
            "name": "hp",
            "current": "",
            "max": "18",
            "id": "-pMuaAa0cLDADWYcHDtL"
        },
        {
            "name": "npc_ac",
            "current": "11 (естественная броня)",
            "max": "",
            "id": "-qDF6obfIQ6FHYFmKvZq"
        },
        {
            "name": "ac",
            "current": "11 (естественная броня)",
            "max": "",
            "id": "-smX0QIQCCTmH941lVhj"
        },
        {
            "name": "npc_languages",
            "current": "Бездны, телепатия 12 клетки (только с существами, понимающими язык Бездны)",
            "max": "",
            "id": "-ZwxFmVUWeFxfnLrWbpf"
        },
        {
            "name": "npc_challenge",
            "current": "1/4",
            "max": "",
            "id": "-UiwTSULlUYlkagTzari"
        },
        {
            "name": "passive_wisdom",
            "current": "1/4",
            "max": "",
            "id": "-ZhD53wOSvxtGYVOU9HG"
        },
        {
            "name": "initiative_bonus",
            "current": 0,
            "max": "",
            "id": "-cbrOLrsNYXn0E4LxHYo"
        },
        {
            "name": "npc_hpformula",
            "current": "4d6 + 4",
            "max": "",
            "id": "-8DqAWHS3N07e41ia2bm"
        },
        {
            "name": "strength_base",
            "current": "11",
            "max": "",
            "id": "-ceQIHtd6SjTTa8Eg9Tj"
        },
        {
            "name": "strength_flag",
            "current": "0",
            "max": "",
            "id": "-uzEf5KPU5pzW4NEfV76"
        },
        {
            "name": "strength",
            "current": 11,
            "max": "",
            "id": "-q6eK9qCfq8sBLiY15OE"
        },
        {
            "name": "strength_mod",
            "current": 0,
            "max": "",
            "id": "-22VeCOQTPh470Yaxxma"
        },
        {
            "name": "npc_str_negative",
            "current": 0,
            "max": "",
            "id": "-VpPTf3e11X9GKxEcDL4"
        },
        {
            "name": "dexterity_base",
            "current": "11",
            "max": "",
            "id": "-rr6cc9vAB8IMnh4iOuy"
        },
        {
            "name": "dexterity_flag",
            "current": "0",
            "max": "",
            "id": "-46u2280CTMz9xabNa0H"
        },
        {
            "name": "dexterity",
            "current": 11,
            "max": "",
            "id": "-GCm4C1LZ23XwqBGTueQ"
        },
        {
            "name": "dexterity_mod",
            "current": 0,
            "max": "",
            "id": "-1OF4T83HxYlIgwnpqpO"
        },
        {
            "name": "npc_dex_negative",
            "current": 0,
            "max": "",
            "id": "-IBByeKJwGCTJ5Y2aKv3"
        },
        {
            "name": "constitution_base",
            "current": "12",
            "max": "",
            "id": "-KktiH5FV1lSlvmt1VDl"
        },
        {
            "name": "constitution_flag",
            "current": "0",
            "max": "",
            "id": "-0fPm0ylazxJs5eaocF1"
        },
        {
            "name": "constitution",
            "current": 12,
            "max": "",
            "id": "-O2wx4nafIHBBfn1iDfl"
        },
        {
            "name": "constitution_mod",
            "current": 1,
            "max": "",
            "id": "-FBW5DV1Kr3rj2CGSldr"
        },
        {
            "name": "npc_con_negative",
            "current": 0,
            "max": "",
            "id": "-wAuJe9qUFMiAU9OfEKO"
        },
        {
            "name": "intelligence_base",
            "current": "5",
            "max": "",
            "id": "-hVVy3tsAPmTFEUbr3Y0"
        },
        {
            "name": "intelligence_flag",
            "current": "0",
            "max": "",
            "id": "-x2j2MeCJvbABHGT5ArM"
        },
        {
            "name": "intelligence",
            "current": 5,
            "max": "",
            "id": "-I7ozUzi4NXb0p0xqqn2"
        },
        {
            "name": "intelligence_mod",
            "current": -3,
            "max": "",
            "id": "-cTrLtNZRl7a9G04yJi7"
        },
        {
            "name": "npc_int_negative",
            "current": 1,
            "max": "",
            "id": "-10HUED9rIPvqW4nwMJX"
        },
        {
            "name": "wisdom_base",
            "current": "8",
            "max": "",
            "id": "-UAVz15LTF62PDhNexKU"
        },
        {
            "name": "wisdom_flag",
            "current": "0",
            "max": "",
            "id": "-Ju9yMi2GlXWGbKSyHUb"
        },
        {
            "name": "wisdom",
            "current": 8,
            "max": "",
            "id": "-8vBsqw776klvZ7JSD8d"
        },
        {
            "name": "wisdom_mod",
            "current": -1,
            "max": "",
            "id": "-T4bfRW4ez7I03NAY2lj"
        },
        {
            "name": "npc_wis_negative",
            "current": 1,
            "max": "",
            "id": "-kL7pxkRxjhJakZmT8Sg"
        },
        {
            "name": "charisma_base",
            "current": "3",
            "max": "",
            "id": "-36MJtYSdyjZpyNrRqn6"
        },
        {
            "name": "charisma_flag",
            "current": "0",
            "max": "",
            "id": "-TW1KKs4v46z1vandxnk"
        },
        {
            "name": "charisma",
            "current": 3,
            "max": "",
            "id": "-PayyxCgFhhqS3ivFTNP"
        },
        {
            "name": "charisma_mod",
            "current": -4,
            "max": "",
            "id": "-sSf2ir9mwbOqlJ1ps5J"
        },
        {
            "name": "npc_cha_negative",
            "current": 1,
            "max": "",
            "id": "-lnuXcUxWL3jL0SXz1OT"
        },
        {
            "name": "npc_resistances",
            "current": "холод, огонь, молния",
            "max": "",
            "id": "-YztCdKAPkhbDxbxToaH"
        },
        {
            "name": "npc_immunities",
            "current": "яд",
            "max": "",
            "id": "-Twqb7FcOBzT5A0rQKLp"
        },
        {
            "name": "npc_condition_immunities",
            "current": "отравление",
            "max": "",
            "id": "-0Md76on9kUZzKs3Y4VU"
        },
        {
            "name": "npc_senses",
            "current": "темнозрение 12 клетки",
            "max": "",
            "id": "-PxD2UPZUgE7lK8ZbJHm"
        },
        {
            "name": "repeating_npcaction_-DFD5RnnngETjdm4PU6J_name",
            "current": "Мультиатака",
            "max": "",
            "id": "-hzCnXDtYV9jeq0Z40UQ"
        },
        {
            "name": "repeating_npcaction_-DFD5RnnngETjdm4PU6J_description",
            "current": "Дретч проводит две атаки: одну Укусом и одну Когтями.",
            "max": "",
            "id": "-PHxmPowEoZSDj9TWtb3"
        },
        {
            "name": "repeating_npcaction_-DFD5RnnngETjdm4PU6J_attack_tohitrange",
            "current": "+0",
            "max": "",
            "id": "-QcMwW0I6f8LQUTvIe7t"
        },
        {
            "name": "repeating_npcaction_-DFD5RnnngETjdm4PU6J_attack_onhit",
            "current": "",
            "max": "",
            "id": "-IbhyMMCntZSVsB57r9n"
        },
        {
            "name": "repeating_npcaction_-DFD5RnnngETjdm4PU6J_damage_flag",
            "current": "",
            "max": "",
            "id": "-tiVdMGUNPfgYFvsoocS"
        },
        {
            "name": "repeating_npcaction_-DFD5RnnngETjdm4PU6J_attack_crit",
            "current": "",
            "max": "",
            "id": "-eFTEENkTYVzEYPhWKGc"
        },
        {
            "name": "repeating_npcaction_-DFD5RnnngETjdm4PU6J_attack_crit2",
            "current": "",
            "max": "",
            "id": "-s4tkTaYhSvxqzM0y6Gp"
        },
        {
            "name": "repeating_npcaction_-DFD5RnnngETjdm4PU6J_rollbase",
            "current": "@{wtype}&{template:npcaction} @{npc_name_flag} {{rname=@{name}}} {{description=@{show_desc}}} @{charname_output}",
            "max": "",
            "id": "-FAraoPvZS5SCCkQuo23"
        },
        {
            "name": "repeating_npcaction_-AZxPwIbZlpYi29ERrvL_name",
            "current": "Укус",
            "max": "",
            "id": "-9TwGd14Yl1SXsrPzc8d"
        },
        {
            "name": "repeating_npcaction_-AZxPwIbZlpYi29ERrvL_description",
            "current": "Рукопашное Оружие: +2 к атаке, досягаемость: 1 клетка, одна цель. Попадание: 3 (1d6) колющего урона.",
            "max": "",
            "id": "-9acgu4wbR4IJaMqWW7u"
        },
        {
            "name": "repeating_npcaction_-AZxPwIbZlpYi29ERrvL_attack_flag",
            "current": "on",
            "max": "",
            "id": "-xDD7EXVqWjuL1BSeQU7"
        },
        {
            "name": "repeating_npcaction_-AZxPwIbZlpYi29ERrvL_attack_tohitrange",
            "current": "+2",
            "max": "",
            "id": "-wHVF668O0r7lRBdA5UP"
        },
        {
            "name": "repeating_npcaction_-AZxPwIbZlpYi29ERrvL_attack_onhit",
            "current": "",
            "max": "",
            "id": "-MyPVBMPFrQMMMxV55FZ"
        },
        {
            "name": "repeating_npcaction_-AZxPwIbZlpYi29ERrvL_attack_tohit",
            "current": "2",
            "max": "",
            "id": "-hMhps57ARmt6CwFNVKs"
        },
        {
            "name": "repeating_npcaction_-AZxPwIbZlpYi29ERrvL_attack_damage",
            "current": "1d6",
            "max": "",
            "id": "-KjnLvwrgHowy2CoxoQh"
        },
        {
            "name": "repeating_npcaction_-AZxPwIbZlpYi29ERrvL_damage_flag",
            "current": "{{damage=1}} {{dmg1flag=1}}",
            "max": "",
            "id": "-0OsUbGkakSqGF0UgX81"
        },
        {
            "name": "repeating_npcaction_-AZxPwIbZlpYi29ERrvL_rollbase",
            "current": "@{wtype}&{template:npcaction} {{attack=1}} @{damage_flag} @{npc_name_flag} {{rname=@{name}}} {{r1=[[@{d20}+(@{attack_tohit})]]}} @{rtype}+(@{attack_tohit})]]}} {{dmg1=[[@{attack_damage}]]}} {{dmg1type=@{attack_damagetype}}} {{dmg2=[[@{attack_damage2}+0]]}} {{dmg2type=@{attack_damagetype2}}} {{crit1=[[@{attack_crit}+0]]}} {{crit2=[[@{attack_crit2}+0]]}} {{description=@{show_desc}}} @{charname_output}",
            "max": "",
            "id": "-TefsS26RiwEuTVapsJ2"
        },
        {
            "name": "repeating_npcaction_-AZxPwIbZlpYi29ERrvL_attack_crit",
            "current": "1d6",
            "max": "",
            "id": "-cEvfrS0RkbJ7FMFIIao"
        },
        {
            "name": "repeating_npcaction_-AZxPwIbZlpYi29ERrvL_attack_crit2",
            "current": "",
            "max": "",
            "id": "-chbYUorK14nIoWdSDpF"
        },
        {
            "name": "repeating_npcaction_-GVB6elXbiC7ZRZp7VRm_name",
            "current": "Когти",
            "max": "",
            "id": "-QjfA7uWLapoU9LttRd9"
        },
        {
            "name": "repeating_npcaction_-GVB6elXbiC7ZRZp7VRm_description",
            "current": "Рукопашное Оружие: +2 к атаке, досягаемость: 1 клетка, одна цель. Попадание: 5 (2d4) рубящего урона.",
            "max": "",
            "id": "-pDOS5YHlRHLIg7Qv6p8"
        },
        {
            "name": "repeating_npcaction_-GVB6elXbiC7ZRZp7VRm_attack_flag",
            "current": "on",
            "max": "",
            "id": "-YNF4Nhlm0vQMrRGY7R6"
        },
        {
            "name": "repeating_npcaction_-GVB6elXbiC7ZRZp7VRm_attack_tohitrange",
            "current": "+2",
            "max": "",
            "id": "-WXINAZc5DW4yyGLnRwz"
        },
        {
            "name": "repeating_npcaction_-GVB6elXbiC7ZRZp7VRm_attack_onhit",
            "current": "",
            "max": "",
            "id": "-a1MPJKDLipGdfvnPOz3"
        },
        {
            "name": "repeating_npcaction_-GVB6elXbiC7ZRZp7VRm_attack_tohit",
            "current": "2",
            "max": "",
            "id": "-GX3YKMB2o18huzSyK43"
        },
        {
            "name": "repeating_npcaction_-GVB6elXbiC7ZRZp7VRm_attack_damage",
            "current": "2d4",
            "max": "",
            "id": "-T5n8pcw6ecFryNEEjjb"
        },
        {
            "name": "repeating_npcaction_-GVB6elXbiC7ZRZp7VRm_damage_flag",
            "current": "{{damage=1}} {{dmg1flag=1}}",
            "max": "",
            "id": "-N15he0r0lnCuS64gUQt"
        },
        {
            "name": "repeating_npcaction_-GVB6elXbiC7ZRZp7VRm_rollbase",
            "current": "@{wtype}&{template:npcaction} {{attack=1}} @{damage_flag} @{npc_name_flag} {{rname=@{name}}} {{r1=[[@{d20}+(@{attack_tohit})]]}} @{rtype}+(@{attack_tohit})]]}} {{dmg1=[[@{attack_damage}]]}} {{dmg1type=@{attack_damagetype}}} {{dmg2=[[@{attack_damage2}+0]]}} {{dmg2type=@{attack_damagetype2}}} {{crit1=[[@{attack_crit}+0]]}} {{crit2=[[@{attack_crit2}+0]]}} {{description=@{show_desc}}} @{charname_output}",
            "max": "",
            "id": "-v1B1xUtHMLEOoTBpSDG"
        },
        {
            "name": "repeating_npcaction_-GVB6elXbiC7ZRZp7VRm_attack_crit",
            "current": "2d4",
            "max": "",
            "id": "-kN7II39QXEuqnXFi8VW"
        },
        {
            "name": "repeating_npcaction_-GVB6elXbiC7ZRZp7VRm_attack_crit2",
            "current": "",
            "max": "",
            "id": "-og5QGwmIIuAsEGvDr1L"
        },
        {
            "name": "repeating_npcaction_-zgj1Bt4XeGUU9QQUHdA_name",
            "current": "Вонючее облако (раз в день)",
            "max": "",
            "id": "-SP6nvm4A5936MiXLrkf"
        },
        {
            "name": "repeating_npcaction_-zgj1Bt4XeGUU9QQUHdA_description",
            "current": "Облако отвратительного газа радиусом 2 клетки исходит из дретча. Газ заворачивает за углы, область, занимаемая газом, слегка подсвечивается. Облако существует 1 минуту или пока сильный ветер не развеет его. Любое существо в радиусе действия должно выполнить успешный спасбросок со сложностью 11 по Телосложению или стать отравленным до начала его следующего хода. Пока цель отравлена, она может совершать либо основное, либо бонусное действия, но не оба сразу, и не может выполнять действия реакции.",
            "max": "",
            "id": "-YPfofMjFLnDAgfG3dJO"
        },
        {
            "name": "repeating_npcaction_-zgj1Bt4XeGUU9QQUHdA_attack_tohitrange",
            "current": "+0",
            "max": "",
            "id": "-xcCRalCupqhfq43Og1N"
        },
        {
            "name": "repeating_npcaction_-zgj1Bt4XeGUU9QQUHdA_attack_onhit",
            "current": "",
            "max": "",
            "id": "-I9LPNtVbrfVPvTMhtGG"
        },
        {
            "name": "repeating_npcaction_-zgj1Bt4XeGUU9QQUHdA_damage_flag",
            "current": "",
            "max": "",
            "id": "-2D89vbGYOtcyYqxWQe8"
        },
        {
            "name": "repeating_npcaction_-zgj1Bt4XeGUU9QQUHdA_attack_crit",
            "current": "",
            "max": "",
            "id": "-DU0QSqh7jAI0agnFaur"
        },
        {
            "name": "repeating_npcaction_-zgj1Bt4XeGUU9QQUHdA_attack_crit2",
            "current": "",
            "max": "",
            "id": "-ciQYgg0dJW3Nm3siQwf"
        },
        {
            "name": "repeating_npcaction_-zgj1Bt4XeGUU9QQUHdA_rollbase",
            "current": "@{wtype}&{template:npcaction} @{npc_name_flag} {{rname=@{name}}} {{description=@{show_desc}}} @{charname_output}",
            "max": "",
            "id": "-QaDyFpMormU8GRgPxtE"
        }
    ],
    "abilities": []
}