{
    "schema_version": 2,
    "oldId": "-3dowIH2kv6169KIHetw",
    "name": "Пожиратель разума (Intellect Devourer)",
    "avatar": "https://tentaculus.ru/monsters/img/cute_monsters/INTELLECT_DEVOURER.jpg",
    "bio": "",
    "gmnotes": "",
    "defaulttoken": "",
    "tags": "[]",
    "controlledby": "",
    "inplayerjournals": "",
    "attribs": [
        {
            "name": "hitdieroll",
            "current": "4",
            "max": "",
            "id": "-K3co3wd5WaW91wToWXK"
        },
        {
            "name": "showleveler",
            "current": 0,
            "max": "",
            "id": "-MlywAd6rP4YoLkiY3Qg"
        },
        {
            "name": "invalidXP",
            "current": 0,
            "max": "",
            "id": "-NyAXK99m3TfWLBIDnIr"
        },
        {
            "name": "version",
            "current": 4.21,
            "max": "",
            "id": "-QgmOkVTmTQQfLICq6Hd"
        },
        {
            "name": "mancer_confirm_flag",
            "current": "",
            "max": "",
            "id": "-2P1s6dnrJq5PLoyDAXR"
        },
        {
            "name": "mancer_npc",
            "current": "on",
            "max": "",
            "id": "-q8tAC24zgZW1a4tDAaM"
        },
        {
            "name": "l1mancer_status",
            "current": "completed",
            "max": "",
            "id": "-k4O7rDbujChFcOdlv38"
        },
        {
            "name": "rtype",
            "current": "@{advantagetoggle}",
            "max": "",
            "id": "-cbjcrHQPzXUnsXy6boO"
        },
        {
            "name": "dtype",
            "current": "full",
            "max": "",
            "id": "-2TUHFsQdYcxD8wHQxIw"
        },
        {
            "name": "appliedUpdates",
            "current": "upgrade_to_4_2_1",
            "max": "",
            "id": "-FBjo8omlreARz5C9BQi"
        },
        {
            "name": "npc",
            "current": "1",
            "max": "",
            "id": "-DakkncYntucdv7G8a8h"
        },
        {
            "name": "npc_options-flag",
            "current": "0",
            "max": "",
            "id": "-Ti8te2lxWbtvfkSku26"
        },
        {
            "name": "ui_flags",
            "current": "",
            "max": "",
            "id": "-eeKcQBtSAmnNmoHyqqn"
        },
        {
            "name": "npc_name",
            "current": "Пожиратель разума (Intellect Devourer)",
            "max": "",
            "id": "-D2WAKuHg9b5cFHMhReB"
        },
        {
            "name": "npc_type",
            "current": "аберрация законно-злое",
            "max": "",
            "id": "-lmPH9iDsih4WnOcrg4v"
        },
        {
            "name": "npc_speed",
            "current": "8 клеток",
            "max": "",
            "id": "-vCy7BXgBJkS5fUghwfe"
        },
        {
            "name": "hp",
            "current": "",
            "max": "21",
            "id": "-1Lty9ablV53MEWqGfjv"
        },
        {
            "name": "npc_ac",
            "current": "12",
            "max": "",
            "id": "-bIYkaSo9JNFo4jyAauH"
        },
        {
            "name": "ac",
            "current": "12",
            "max": "",
            "id": "-KmnPkg0BqzLny5yl25y"
        },
        {
            "name": "npc_languages",
            "current": "понимает Глубинная Речь но не может разговаривать, телепатия 12 клеток",
            "max": "",
            "id": "-8N6Ac0xMth5BiPPlNso"
        },
        {
            "name": "npc_challenge",
            "current": "2",
            "max": "",
            "id": "-AiwTvl4j5vucWp8iiNl"
        },
        {
            "name": "passive_wisdom",
            "current": "2",
            "max": "",
            "id": "-gYazr1jC0YaGB2wegkm"
        },
        {
            "name": "initiative_bonus",
            "current": 2,
            "max": "",
            "id": "-lrLWNhYxmBTnK4yU34q"
        },
        {
            "name": "npc_hpformula",
            "current": "6d4 + 6",
            "max": "",
            "id": "-fx8VnYzLe2HmO5SCnzn"
        },
        {
            "name": "strength_base",
            "current": "6",
            "max": "",
            "id": "-2EfJIROKjsolJCc9vTV"
        },
        {
            "name": "strength_flag",
            "current": "0",
            "max": "",
            "id": "-6D8fVYVnzZ4wSlmjLW1"
        },
        {
            "name": "strength",
            "current": 6,
            "max": "",
            "id": "-PIvW4yJzWFdXkkhYZ9n"
        },
        {
            "name": "strength_mod",
            "current": -2,
            "max": "",
            "id": "-pVIdyk9ExYbmkBEm2KG"
        },
        {
            "name": "npc_str_negative",
            "current": 1,
            "max": "",
            "id": "-a5cd5ohFPRlJJKjBRNf"
        },
        {
            "name": "dexterity_base",
            "current": "14",
            "max": "",
            "id": "-ADAJRP7L7NDzCTxfbCu"
        },
        {
            "name": "dexterity_flag",
            "current": "0",
            "max": "",
            "id": "-d7szl3DZplSSetJOzNN"
        },
        {
            "name": "dexterity",
            "current": 14,
            "max": "",
            "id": "-T2PDX4eYdOKWVcsJ7Z4"
        },
        {
            "name": "dexterity_mod",
            "current": 2,
            "max": "",
            "id": "-s1z1lWd6P6r53JZdI1I"
        },
        {
            "name": "npc_dex_negative",
            "current": 0,
            "max": "",
            "id": "-tg4rGG4R2NfxLDvVrAI"
        },
        {
            "name": "constitution_base",
            "current": "13",
            "max": "",
            "id": "-ugaM9aTnzDFSCxlIbef"
        },
        {
            "name": "constitution_flag",
            "current": "0",
            "max": "",
            "id": "-PJgffve7aMyfaTLkNUv"
        },
        {
            "name": "constitution",
            "current": 13,
            "max": "",
            "id": "-846ADaiTFFi1ENnQkWn"
        },
        {
            "name": "constitution_mod",
            "current": 1,
            "max": "",
            "id": "-HRRkF1DidUDVIsWMmIS"
        },
        {
            "name": "npc_con_negative",
            "current": 0,
            "max": "",
            "id": "-jxyzACPiNBbspryZERg"
        },
        {
            "name": "intelligence_base",
            "current": "12",
            "max": "",
            "id": "-pnBG8IsaU7kED8wUyCs"
        },
        {
            "name": "intelligence_flag",
            "current": "0",
            "max": "",
            "id": "-POaT7QcdyUgghDgtefU"
        },
        {
            "name": "intelligence",
            "current": 12,
            "max": "",
            "id": "-grfuoEsRWc3hp7mEosd"
        },
        {
            "name": "intelligence_mod",
            "current": 1,
            "max": "",
            "id": "-izfFyn9QtFXgOzGD0GX"
        },
        {
            "name": "npc_int_negative",
            "current": 0,
            "max": "",
            "id": "-Zzx5c8hGLKRGe7fj0qH"
        },
        {
            "name": "wisdom_base",
            "current": "11",
            "max": "",
            "id": "-Sqg4HUSEQhwRjECFPI5"
        },
        {
            "name": "wisdom_flag",
            "current": "0",
            "max": "",
            "id": "-gueC9coFin4uOd6MbBC"
        },
        {
            "name": "wisdom",
            "current": 11,
            "max": "",
            "id": "-w36oUO02XiNvSrPVP5R"
        },
        {
            "name": "wisdom_mod",
            "current": 0,
            "max": "",
            "id": "-n427R8LCrzB9LUCz0gY"
        },
        {
            "name": "npc_wis_negative",
            "current": 0,
            "max": "",
            "id": "-3gMGQQud347dwiAgLiV"
        },
        {
            "name": "charisma_base",
            "current": "10",
            "max": "",
            "id": "-LmJXIXSqSauZ1QUsomf"
        },
        {
            "name": "charisma_flag",
            "current": "0",
            "max": "",
            "id": "-MXkJzdiER7w1pW1AXjn"
        },
        {
            "name": "charisma",
            "current": 10,
            "max": "",
            "id": "-g50SHToqfBWgh6vz8wD"
        },
        {
            "name": "charisma_mod",
            "current": 0,
            "max": "",
            "id": "-jckl8pUKylXrMrK2oYL"
        },
        {
            "name": "npc_cha_negative",
            "current": 0,
            "max": "",
            "id": "-GX9oZgDKxpQ7wuJvXh2"
        },
        {
            "name": "npc_skills_flag",
            "current": 3,
            "max": "",
            "id": "-WPGt5ONnDSHF29YPEzC"
        },
        {
            "name": "npc_perception_base",
            "current": "2",
            "max": "",
            "id": "-D7T00E7AUtdAqhN4v44"
        },
        {
            "name": "npc_perception_flag",
            "current": "1",
            "max": "",
            "id": "-7tUOsxKSM5SfuMIXnAr"
        },
        {
            "name": "npc_perception",
            "current": 2,
            "max": "",
            "id": "-H4mzj2WEMGMJN9Z5Q7Y"
        },
        {
            "name": "npc_stealth_base",
            "current": "4",
            "max": "",
            "id": "-ijnloBfwXNJmE8PQJNy"
        },
        {
            "name": "npc_stealth_flag",
            "current": "1",
            "max": "",
            "id": "-UFhFVjqCOWGrou5DTsZ"
        },
        {
            "name": "npc_stealth",
            "current": 4,
            "max": "",
            "id": "-OpYFLnpQ8b0OSrBguuf"
        },
        {
            "name": "npc_resistances",
            "current": "дробящий, колющий, и рубящий от немагического оружия",
            "max": "",
            "id": "-xCc8oTaYYGtp7LYXWEc"
        },
        {
            "name": "npc_condition_immunities",
            "current": "ослепление",
            "max": "",
            "id": "-ZMOEkSjP7ZjTKlkB6O5"
        },
        {
            "name": "npc_senses",
            "current": "слепозрение 12 клеток (вне этого радиуса полностью слепой)",
            "max": "",
            "id": "-XiILXkTFV5kuxSMtXGX"
        },
        {
            "name": "repeating_npcaction_-kV80sw2XISSZnNgQjWw_name",
            "current": "Мультиатака",
            "max": "",
            "id": "-gYbhgDIz2XNPaJQKuKR"
        },
        {
            "name": "repeating_npcaction_-kV80sw2XISSZnNgQjWw_description",
            "current": "Пожиратель разума проводит 1 атаку Когтями и 1 Поглотить разум.",
            "max": "",
            "id": "-BFvVn6yS82huRYwxWtc"
        },
        {
            "name": "repeating_npcaction_-kV80sw2XISSZnNgQjWw_attack_tohitrange",
            "current": "+0",
            "max": "",
            "id": "-in5BJCVVcqBccyGkADk"
        },
        {
            "name": "repeating_npcaction_-kV80sw2XISSZnNgQjWw_attack_onhit",
            "current": "",
            "max": "",
            "id": "-psA0WktVUkR3A4EQ90B"
        },
        {
            "name": "repeating_npcaction_-kV80sw2XISSZnNgQjWw_damage_flag",
            "current": "",
            "max": "",
            "id": "-DZjo14IRg8FXk57YxU5"
        },
        {
            "name": "repeating_npcaction_-kV80sw2XISSZnNgQjWw_attack_crit",
            "current": "",
            "max": "",
            "id": "-8jXkX7csPCWzTeEXVpK"
        },
        {
            "name": "repeating_npcaction_-kV80sw2XISSZnNgQjWw_attack_crit2",
            "current": "",
            "max": "",
            "id": "-vO1YyERCVhjkqcxtN9x"
        },
        {
            "name": "repeating_npcaction_-kV80sw2XISSZnNgQjWw_rollbase",
            "current": "@{wtype}&{template:npcaction} @{npc_name_flag} {{rname=@{name}}} {{description=@{show_desc}}} @{charname_output}",
            "max": "",
            "id": "-9HcKHdQHYxLgR1QQpPP"
        },
        {
            "name": "repeating_npcaction_-rYtL8cp94SJcTdwBMme_name",
            "current": "Когти",
            "max": "",
            "id": "-gGQTf1CfX2XfVya9r5h"
        },
        {
            "name": "repeating_npcaction_-rYtL8cp94SJcTdwBMme_description",
            "current": "Рукопашное Оружие: +4 к атаке, досягаемость: 1 клетка, одна цель. Попадание: 7 (2d4 + 2) рубящего урона.",
            "max": "",
            "id": "-Xsm9AqjM64CvVTZhLhf"
        },
        {
            "name": "repeating_npcaction_-rYtL8cp94SJcTdwBMme_attack_flag",
            "current": "on",
            "max": "",
            "id": "-Otkbh5RYlhfTnJr56co"
        },
        {
            "name": "repeating_npcaction_-rYtL8cp94SJcTdwBMme_attack_tohitrange",
            "current": "+4",
            "max": "",
            "id": "-g6raPHoS8hVA1s7wP1c"
        },
        {
            "name": "repeating_npcaction_-rYtL8cp94SJcTdwBMme_attack_onhit",
            "current": "",
            "max": "",
            "id": "-VZYXikuLI596isbToS5"
        },
        {
            "name": "repeating_npcaction_-rYtL8cp94SJcTdwBMme_attack_tohit",
            "current": "4",
            "max": "",
            "id": "-PUeXRSwRhTDd5eKJpun"
        },
        {
            "name": "repeating_npcaction_-rYtL8cp94SJcTdwBMme_attack_damage",
            "current": "2d4+2",
            "max": "",
            "id": "-kD7wraOnTarG7cCwAP4"
        },
        {
            "name": "repeating_npcaction_-rYtL8cp94SJcTdwBMme_damage_flag",
            "current": "{{damage=1}} {{dmg1flag=1}}",
            "max": "",
            "id": "-U8k5jY6YRI9bcO16pga"
        },
        {
            "name": "repeating_npcaction_-rYtL8cp94SJcTdwBMme_rollbase",
            "current": "@{wtype}&{template:npcaction} {{attack=1}} @{damage_flag} @{npc_name_flag} {{rname=@{name}}} {{r1=[[@{d20}+(@{attack_tohit})]]}} @{rtype}+(@{attack_tohit})]]}} {{dmg1=[[@{attack_damage}]]}} {{dmg1type=@{attack_damagetype}}} {{dmg2=[[@{attack_damage2}+0]]}} {{dmg2type=@{attack_damagetype2}}} {{crit1=[[@{attack_crit}+0]]}} {{crit2=[[@{attack_crit2}+0]]}} {{description=@{show_desc}}} @{charname_output}",
            "max": "",
            "id": "-nclgnYhOJlHVmlLTZWl"
        },
        {
            "name": "repeating_npcaction_-rYtL8cp94SJcTdwBMme_attack_crit",
            "current": "2d4+2",
            "max": "",
            "id": "-a00s7GE6Gc97vZHsS7T"
        },
        {
            "name": "repeating_npcaction_-rYtL8cp94SJcTdwBMme_attack_crit2",
            "current": "",
            "max": "",
            "id": "-MnneT31ELmWhPKHiUnA"
        },
        {
            "name": "repeating_npcaction_-N8zWYCQcaMFBKMXQA5G_name",
            "current": "Поглотить разум",
            "max": "",
            "id": "-CE1J2xqBlj5KL5gvUpe"
        },
        {
            "name": "repeating_npcaction_-N8zWYCQcaMFBKMXQA5G_description",
            "current": "Пожиратель разума атакует одно существо которое он может видеть в пределах 2х клеток он него, у которого есть мозг. Цель должна выполнить успешный спасбросок со сложностью 12 по Интеллекту против этой магии. В случае неудачи существо получает 11 (2d10) физического урона. Также в случае неудачи, бростье 3d6: Если выпавшая сумма больше Интеллекта цели, Интеллект цели становится равным 0. Цель ошеломлена пока не восстановит хотя бы 1 очко интеллекта.",
            "max": "",
            "id": "-eK0BXB79wp8oxN8CGkF"
        },
        {
            "name": "repeating_npcaction_-N8zWYCQcaMFBKMXQA5G_attack_tohitrange",
            "current": "+0",
            "max": "",
            "id": "-gWRQUmqA5wDhbHziTGf"
        },
        {
            "name": "repeating_npcaction_-N8zWYCQcaMFBKMXQA5G_attack_onhit",
            "current": "",
            "max": "",
            "id": "-gBAAajKtMRbB43s6IEX"
        },
        {
            "name": "repeating_npcaction_-N8zWYCQcaMFBKMXQA5G_damage_flag",
            "current": "",
            "max": "",
            "id": "-Ditf9hs5621dPDMGGAM"
        },
        {
            "name": "repeating_npcaction_-N8zWYCQcaMFBKMXQA5G_attack_crit",
            "current": "",
            "max": "",
            "id": "-4iS4vFqzjyHS2GiLzF0"
        },
        {
            "name": "repeating_npcaction_-N8zWYCQcaMFBKMXQA5G_attack_crit2",
            "current": "",
            "max": "",
            "id": "-WfjaEs0QwiN06pCsfaL"
        },
        {
            "name": "repeating_npcaction_-N8zWYCQcaMFBKMXQA5G_rollbase",
            "current": "@{wtype}&{template:npcaction} @{npc_name_flag} {{rname=@{name}}} {{description=@{show_desc}}} @{charname_output}",
            "max": "",
            "id": "-Be94OokGKRmPoLiHatX"
        },
        {
            "name": "repeating_npcaction_-DKF6xj0nt00H07PCka2_name",
            "current": "Кража тела",
            "max": "",
            "id": "-fXcTqYbJ9eEDWn26UBy"
        },
        {
            "name": "repeating_npcaction_-DKF6xj0nt00H07PCka2_description",
            "current": [
                "Пожиратель разума проводит соревнование Интеллекта с небоеспособным гуманоидом в соседней клетке от него. Если пожираетель побеждает, он магически поглощает мозг цели, телепортируется в череп цели, и получает контроль над ее телом. Находясь внутри существа, пожиратель имеет полный покров от всех атак и эффектов снаружи этого существа. Пожиратель разума сохраняет значение Интеллекта, Мудрости, и Харизмы, а также знание Глубинной Речи, телепатию и другие способности. Остальные характеристики замещаются характеристиками цели. Пожирателю известно все, что известно цели, в том числе все ее заклинания.",
                "Если очки здоровья цели уменьшаются до 0, пожиратель должен покинуть тело. Заклинание защиты от добра и зла также заставляет пожирателя покинуть тело. Также ему придется покинуть тело, если существо восстанавливает свой мозг с помощью заклинания Желание. Пожиратель может добровольно покинуть тело, используя 1 клетку своего движения, телепортируясь в соседнюю клетку от тела. Тело умирает, если не восстанавливает свой мозг за 1 раунд."
            ],
            "max": "",
            "id": "-YyTLO2ynPEviE2tPgxJ"
        },
        {
            "name": "repeating_npcaction_-DKF6xj0nt00H07PCka2_attack_tohitrange",
            "current": "+0",
            "max": "",
            "id": "-4pXi7sK9v3GzHYPIEIB"
        },
        {
            "name": "repeating_npcaction_-DKF6xj0nt00H07PCka2_attack_onhit",
            "current": "",
            "max": "",
            "id": "-uVR11GkohCPcCxMrI08"
        },
        {
            "name": "repeating_npcaction_-DKF6xj0nt00H07PCka2_damage_flag",
            "current": "",
            "max": "",
            "id": "-06GEvKbvgvGnqfUrspI"
        },
        {
            "name": "repeating_npcaction_-DKF6xj0nt00H07PCka2_attack_crit",
            "current": "",
            "max": "",
            "id": "-185jwauyItEGhxp63Zw"
        },
        {
            "name": "repeating_npcaction_-DKF6xj0nt00H07PCka2_attack_crit2",
            "current": "",
            "max": "",
            "id": "-4lH4sntkWenCAGQ9xRv"
        },
        {
            "name": "repeating_npcaction_-DKF6xj0nt00H07PCka2_rollbase",
            "current": "@{wtype}&{template:npcaction} @{npc_name_flag} {{rname=@{name}}} {{description=@{show_desc}}} @{charname_output}",
            "max": "",
            "id": "-Cny3wn9nQ6lJXhxdZA6"
        },
        {
            "name": "repeating_npctrait_-PeMYTlbizUdMqAj9pCq_name",
            "current": "Обнаружить разум",
            "max": "",
            "id": "-D1KqEqbrQSPUMTBj5xy"
        },
        {
            "name": "repeating_npctrait_-PeMYTlbizUdMqAj9pCq_description",
            "current": "Пожиратель разума может чувствовать присутствие и местоположение любого существа в пределах 60 клеток от него, если у существа Интеллект 3 или выше, игнорируя любые барьеры, кроме заклинания Чистый Разум.",
            "max": "",
            "id": "-CYMKb9KejmuIfMHNXUs"
        },
        {
            "name": "npcspellcastingflag",
            "current": "0",
            "max": "",
            "id": "-MXMoDuO6PS2poeCW8Wg"
        }
    ],
    "abilities": []
}