{
    "schema_version": 2,
    "oldId": "-xtxr0ncB3bKgkiWfvlJ",
    "name": "Пожиратель [Devourer]",
    "avatar": "https://tentaculus.ru/monsters/img/cute_monsters/DEVOURER.jpg",
    "bio": "",
    "gmnotes": "",
    "defaulttoken": "",
    "tags": "[]",
    "controlledby": "",
    "inplayerjournals": "",
    "attribs": [
        {
            "name": "hitdieroll",
            "current": "4",
            "max": "",
            "id": "-rdzDkU93tKesWREDxNm"
        },
        {
            "name": "showleveler",
            "current": 0,
            "max": "",
            "id": "-okg1Gnx1KOYM8TDlBYX"
        },
        {
            "name": "invalidXP",
            "current": 0,
            "max": "",
            "id": "-O67YmdDkCPf8v4QhANt"
        },
        {
            "name": "version",
            "current": 4.21,
            "max": "",
            "id": "-dQYHcoWOgbrHxoNlyvQ"
        },
        {
            "name": "mancer_confirm_flag",
            "current": "",
            "max": "",
            "id": "-64ZPxg7dAevUx1lN1bY"
        },
        {
            "name": "mancer_npc",
            "current": "on",
            "max": "",
            "id": "-soAVnZORQfzVJpNtAwC"
        },
        {
            "name": "l1mancer_status",
            "current": "completed",
            "max": "",
            "id": "-cGZYsM139TALaSVDHs6"
        },
        {
            "name": "rtype",
            "current": "@{advantagetoggle}",
            "max": "",
            "id": "-6AMIpPHeXp2oBE8bNoL"
        },
        {
            "name": "dtype",
            "current": "full",
            "max": "",
            "id": "-CayhDgkhX5SwZNas3d7"
        },
        {
            "name": "appliedUpdates",
            "current": "upgrade_to_4_2_1",
            "max": "",
            "id": "-3CnAHgd58I5t93XHAeI"
        },
        {
            "name": "npc",
            "current": "1",
            "max": "",
            "id": "-ldyBu5e8zwlRWo5QipL"
        },
        {
            "name": "npc_options-flag",
            "current": "0",
            "max": "",
            "id": "-z2wRVR6sZKiZyzAIWxE"
        },
        {
            "name": "ui_flags",
            "current": "",
            "max": "",
            "id": "-q7I5gF57q1PnnLKEASm"
        },
        {
            "name": "npc_name",
            "current": "Пожиратель [Devourer]",
            "max": "",
            "id": "-C9bQ1pULbjumJJtI3v4"
        },
        {
            "name": "npc_type",
            "current": "исчадие хаотично-злой",
            "max": "",
            "id": "-UauRzX92v2QlrkaDXGC"
        },
        {
            "name": "npc_speed",
            "current": "6 клеток",
            "max": "",
            "id": "-TZD6TrdgWypmE46Ao6r"
        },
        {
            "name": "hp",
            "current": "",
            "max": "178",
            "id": "-KfTQgvQq1jKFbIfHFMs"
        },
        {
            "name": "npc_ac",
            "current": "16 (естественная броня)",
            "max": "",
            "id": "-lwHSYlirh83hs5uYOaK"
        },
        {
            "name": "ac",
            "current": "16 (естественная броня)",
            "max": "",
            "id": "-vWhcMQJNmxujR0gjskr"
        },
        {
            "name": "npc_languages",
            "current": "Бездны, телепатия 120 фт.",
            "max": "",
            "id": "-zSrBEz3JwkqLUf9YnN6"
        },
        {
            "name": "npc_challenge",
            "current": "13",
            "max": "",
            "id": "-rwypNAxQURTAOGDLr49"
        },
        {
            "name": "passive_wisdom",
            "current": "13",
            "max": "",
            "id": "-iZA6Lba8owSfRBYxYDj"
        },
        {
            "name": "initiative_bonus",
            "current": 1,
            "max": "",
            "id": "-V2CzumOWmex9oLsCIvN"
        },
        {
            "name": "npc_hpformula",
            "current": "17d10 + 85",
            "max": "",
            "id": "-fc8EZg7dM3cvwiAXyLk"
        },
        {
            "name": "strength_base",
            "current": "20",
            "max": "",
            "id": "-phLapyFk9eFKyBkNJgg"
        },
        {
            "name": "strength_flag",
            "current": "0",
            "max": "",
            "id": "-42pXMsOcYx01ZdIh7I5"
        },
        {
            "name": "strength",
            "current": 20,
            "max": "",
            "id": "-51df6hHj1pKqtZKLljT"
        },
        {
            "name": "strength_mod",
            "current": 5,
            "max": "",
            "id": "-zbLSN9501AoUu0vt1yU"
        },
        {
            "name": "npc_str_negative",
            "current": 0,
            "max": "",
            "id": "-8BCr2uhBj0TMgzAp8n4"
        },
        {
            "name": "dexterity_base",
            "current": "12",
            "max": "",
            "id": "-t3g6MuzLD9BKiPIDI1I"
        },
        {
            "name": "dexterity_flag",
            "current": "0",
            "max": "",
            "id": "-HvqG0IxRwrxhxSVUMjM"
        },
        {
            "name": "dexterity",
            "current": 12,
            "max": "",
            "id": "-NJPBlfmoyEmoY2jMmML"
        },
        {
            "name": "dexterity_mod",
            "current": 1,
            "max": "",
            "id": "-UbSRqNAJNsv7DQhvtVx"
        },
        {
            "name": "npc_dex_negative",
            "current": 0,
            "max": "",
            "id": "-hHmG7j8uu7ZnkW75Bit"
        },
        {
            "name": "constitution_base",
            "current": "20",
            "max": "",
            "id": "-DgfA8SoVSMXGyaxhEu4"
        },
        {
            "name": "constitution_flag",
            "current": "0",
            "max": "",
            "id": "-ctdtrLZLht2HIMFjFTS"
        },
        {
            "name": "constitution",
            "current": 20,
            "max": "",
            "id": "-HPIc7jMTzw0LqfjAZwu"
        },
        {
            "name": "constitution_mod",
            "current": 5,
            "max": "",
            "id": "-NVMPOvsUUTXBrhoGSDI"
        },
        {
            "name": "npc_con_negative",
            "current": 0,
            "max": "",
            "id": "-po7G2ZluoO3kybijuLS"
        },
        {
            "name": "intelligence_base",
            "current": "13",
            "max": "",
            "id": "-0qpa5grESTVwQndXP1w"
        },
        {
            "name": "intelligence_flag",
            "current": "0",
            "max": "",
            "id": "-oMpafESa8tvw2JvtMGi"
        },
        {
            "name": "intelligence",
            "current": 13,
            "max": "",
            "id": "-CMHeay2bLSvxwRXnbbt"
        },
        {
            "name": "intelligence_mod",
            "current": 1,
            "max": "",
            "id": "-KQ6CS0QusZ5hkNQGYDn"
        },
        {
            "name": "npc_int_negative",
            "current": 0,
            "max": "",
            "id": "-BeIwaxAtsGirzhBFo41"
        },
        {
            "name": "wisdom_base",
            "current": "10",
            "max": "",
            "id": "-IqVEGiigaFcDlnpfqmM"
        },
        {
            "name": "wisdom_flag",
            "current": "0",
            "max": "",
            "id": "-srvDLtjInnrjN6zvzoq"
        },
        {
            "name": "wisdom",
            "current": 10,
            "max": "",
            "id": "-ns6qgMrGCN2RE5fJtDM"
        },
        {
            "name": "wisdom_mod",
            "current": 0,
            "max": "",
            "id": "-wwMybMEeeq5GxSnhUYl"
        },
        {
            "name": "npc_wis_negative",
            "current": 0,
            "max": "",
            "id": "-v2csLJXEgZl3VR7YLqU"
        },
        {
            "name": "charisma_base",
            "current": "16",
            "max": "",
            "id": "-RH5PPMmrkpJYO7KEZy5"
        },
        {
            "name": "charisma_flag",
            "current": "0",
            "max": "",
            "id": "-y7XY1ERMXKkvr382w7G"
        },
        {
            "name": "charisma",
            "current": 16,
            "max": "",
            "id": "-kdmhyvQZoKYA8reUq0X"
        },
        {
            "name": "charisma_mod",
            "current": 3,
            "max": "",
            "id": "-zOT6Q5ADGRrLcetfbem"
        },
        {
            "name": "npc_cha_negative",
            "current": 0,
            "max": "",
            "id": "-htJ5kR8OmvTIpNcum4s"
        },
        {
            "name": "npc_resistances",
            "current": "холод, огонь, электричество",
            "max": "",
            "id": "-G5poVXxvte4bVBR9dXE"
        },
        {
            "name": "npc_immunities",
            "current": "яд",
            "max": "",
            "id": "-KvFmdoS6gjAQwnkf5cp"
        },
        {
            "name": "npc_condition_immunities",
            "current": "отравлен",
            "max": "",
            "id": "-eitFYrgOfvozuUtt22K"
        },
        {
            "name": "npc_senses",
            "current": "тёмное зрение 120 фт",
            "max": "",
            "id": "-dpnZVGOONpQRvp9nZI0"
        },
        {
            "name": "repeating_npcaction_-htjtsbHxAjdYUfSIVrr_name",
            "current": "Мультиатака",
            "max": "",
            "id": "-TfzlcRcUtzQDVFlqZR9"
        },
        {
            "name": "repeating_npcaction_-htjtsbHxAjdYUfSIVrr_description",
            "current": "Пожиратель делает две атаки когтями и может использовать Заточение Души или Разрыв Душ.",
            "max": "",
            "id": "-OKq4W5k5ybfMnE5Nnpr"
        },
        {
            "name": "repeating_npcaction_-htjtsbHxAjdYUfSIVrr_attack_tohitrange",
            "current": "+0",
            "max": "",
            "id": "-JjFtXIlSQksdylVWoFy"
        },
        {
            "name": "repeating_npcaction_-htjtsbHxAjdYUfSIVrr_attack_onhit",
            "current": "",
            "max": "",
            "id": "-zv7RPnQ4cj0yiERXxJl"
        },
        {
            "name": "repeating_npcaction_-htjtsbHxAjdYUfSIVrr_damage_flag",
            "current": "",
            "max": "",
            "id": "-GYYRChL0qSIIWwEarFk"
        },
        {
            "name": "repeating_npcaction_-htjtsbHxAjdYUfSIVrr_attack_crit",
            "current": "",
            "max": "",
            "id": "-tM5OXNneDP41oSv5rXI"
        },
        {
            "name": "repeating_npcaction_-htjtsbHxAjdYUfSIVrr_attack_crit2",
            "current": "",
            "max": "",
            "id": "-on1n3JTgFdRpD0CZ5fM"
        },
        {
            "name": "repeating_npcaction_-htjtsbHxAjdYUfSIVrr_rollbase",
            "current": "@{wtype}&{template:npcaction} @{npc_name_flag} {{rname=@{name}}} {{description=@{show_desc}}} @{charname_output}",
            "max": "",
            "id": "-lAAt2PBlB5VmxQpsu5p"
        },
        {
            "name": "repeating_npcaction_-KExZ39ul8VvGKL9IVJs_name",
            "current": "Когти",
            "max": "",
            "id": "-IQxnaUnp8PZRq9j0jxU"
        },
        {
            "name": "repeating_npcaction_-KExZ39ul8VvGKL9IVJs_description",
            "current": "Рукопашная атака оружием: +10 к попаданию, досягаемость 5 фт., одна цель. Попадание: 12 (2к6 + 5) режущего урона плюс 21 (6к6) некротического урона.",
            "max": "",
            "id": "-q3R1THGMpa4zXfQcmYj"
        },
        {
            "name": "repeating_npcaction_-KExZ39ul8VvGKL9IVJs_attack_tohitrange",
            "current": "+0",
            "max": "",
            "id": "-k5Gy0BQoAxEGK427epV"
        },
        {
            "name": "repeating_npcaction_-KExZ39ul8VvGKL9IVJs_attack_onhit",
            "current": "",
            "max": "",
            "id": "-RsHc0xFVBKexjFgHBfE"
        },
        {
            "name": "repeating_npcaction_-KExZ39ul8VvGKL9IVJs_damage_flag",
            "current": "",
            "max": "",
            "id": "-mfZJg132mwyfqzE53F4"
        },
        {
            "name": "repeating_npcaction_-KExZ39ul8VvGKL9IVJs_attack_crit",
            "current": "",
            "max": "",
            "id": "-BqCpW21HBrcnixXBwLT"
        },
        {
            "name": "repeating_npcaction_-KExZ39ul8VvGKL9IVJs_attack_crit2",
            "current": "",
            "max": "",
            "id": "-jlFp1HxaIXruS3xpska"
        },
        {
            "name": "repeating_npcaction_-KExZ39ul8VvGKL9IVJs_rollbase",
            "current": "@{wtype}&{template:npcaction} @{npc_name_flag} {{rname=@{name}}} {{description=@{show_desc}}} @{charname_output}",
            "max": "",
            "id": "-toZ94tq63xbUN6vxjKw"
        },
        {
            "name": "repeating_npcaction_-sTyYS093pS16Vah3mZ5_name",
            "current": "Заточение Души",
            "max": "",
            "id": "-3SZtG7NNz6S20mWENTn"
        },
        {
            "name": "repeating_npcaction_-sTyYS093pS16Vah3mZ5_description",
            "current": "Пожиратель выбирает живого гуманоида с 0 хитов, которого он может видеть, и не далее 30 футов от себя. Существо телепортируется внутрь грудной клетки пожирателя и заточается в ней. Заточенное таким образом существо получает помеху на спасброски от смерти. Если оно умирает будучи заточенным, то пожиратель восстанавливает 25 хитов, сразу же перезаряжается Разрыв Душ и получает дополнительное действие на свой следующий ход. Кроме того, в начале его следующего хода пожиратель извергает убитое существо бонусным действием и оно становится нежитью. Если у жертвы было 2 или менее Кости Хитов, <i><a href='https://tentaculus.ru/spells/#q=zombie&view=text'>то она становится зомби [zombie]</a></i>. Если у нее было от 3 до 5 Костей Хитов, <i><a href='https://tentaculus.ru/spells/#q=ghoul&view=text'>то она становится упырем [ghoul]</a></i>. <i><a href='https://tentaculus.ru/spells/#q=wight&view=text'>В любом другом случае она становится умертвием [wight]</a></i>. Пожиратель может заточать одновременно лишь одно существо.",
            "max": "",
            "id": "-gOc1CCUJQ06h55efecA"
        },
        {
            "name": "repeating_npcaction_-sTyYS093pS16Vah3mZ5_attack_tohitrange",
            "current": "+0",
            "max": "",
            "id": "-VhgCFbvNViLZf7yAswe"
        },
        {
            "name": "repeating_npcaction_-sTyYS093pS16Vah3mZ5_attack_onhit",
            "current": "",
            "max": "",
            "id": "-rhjQJiyQ2nmAQ2rLJ1b"
        },
        {
            "name": "repeating_npcaction_-sTyYS093pS16Vah3mZ5_damage_flag",
            "current": "",
            "max": "",
            "id": "-fqlOp4P0kiR2QM7rnrI"
        },
        {
            "name": "repeating_npcaction_-sTyYS093pS16Vah3mZ5_attack_crit",
            "current": "",
            "max": "",
            "id": "-TH8K40ZofbNqG0MpkLc"
        },
        {
            "name": "repeating_npcaction_-sTyYS093pS16Vah3mZ5_attack_crit2",
            "current": "",
            "max": "",
            "id": "-GLH2T1q8D1GNWm60X8J"
        },
        {
            "name": "repeating_npcaction_-sTyYS093pS16Vah3mZ5_rollbase",
            "current": "@{wtype}&{template:npcaction} @{npc_name_flag} {{rname=@{name}}} {{description=@{show_desc}}} @{charname_output}",
            "max": "",
            "id": "-7n0yhad6HcUPJE0DCHv"
        },
        {
            "name": "repeating_npcaction_-MDzxoQbhjXx1p1r1UjG_name",
            "current": "Разрыв Душ (Перезарядка 6)",
            "max": "",
            "id": "-WmR2A0fJNjnbarsydtU"
        },
        {
            "name": "repeating_npcaction_-MDzxoQbhjXx1p1r1UjG_description",
            "current": "Пожиратель создает воронку энергии, высасывающей жизнь, с радиусом в 20 футов и центром в себе. Каждый гуманоид в этой области должен пройти спасбросок Телосложения Сл 18 и получить 44 (8к10) некротического урона при провале или половину этого урона при успехе. Увеличьте урона на 10 за каждого живого гуманоида с 0 хитов в этой области.",
            "max": "",
            "id": "-gU40mQtxZhQuC42y1zG"
        },
        {
            "name": "repeating_npcaction_-MDzxoQbhjXx1p1r1UjG_attack_tohitrange",
            "current": "+0",
            "max": "",
            "id": "-t5ju98qHX8ATKQWMePJ"
        },
        {
            "name": "repeating_npcaction_-MDzxoQbhjXx1p1r1UjG_attack_onhit",
            "current": "",
            "max": "",
            "id": "-SCFtu2nJ8vseFfS1wtD"
        },
        {
            "name": "repeating_npcaction_-MDzxoQbhjXx1p1r1UjG_damage_flag",
            "current": "",
            "max": "",
            "id": "-DUUlPjkupaDJwr2JzMb"
        },
        {
            "name": "repeating_npcaction_-MDzxoQbhjXx1p1r1UjG_attack_crit",
            "current": "",
            "max": "",
            "id": "-geEQe1UZsKF0zZHwLXR"
        },
        {
            "name": "repeating_npcaction_-MDzxoQbhjXx1p1r1UjG_attack_crit2",
            "current": "",
            "max": "",
            "id": "-6XoLgpqQ1QoHUBifiRo"
        },
        {
            "name": "repeating_npcaction_-MDzxoQbhjXx1p1r1UjG_rollbase",
            "current": "@{wtype}&{template:npcaction} @{npc_name_flag} {{rname=@{name}}} {{description=@{show_desc}}} @{charname_output}",
            "max": "",
            "id": "-JLMfBaFdrtdHUMydB99"
        }
    ],
    "abilities": []
}