{
    "schema_version": 2,
    "oldId": "-DBTEKAb50Stl0E36bfu",
    "name": "Полуогр (Огриллон) (Half-Ogre (Ogrillon))",
    "avatar": "https://tentaculus.ru/monsters/img/cute_monsters/OGRILLON.jpg",
    "bio": "",
    "gmnotes": "",
    "defaulttoken": "",
    "tags": "[]",
    "controlledby": "",
    "inplayerjournals": "",
    "attribs": [
        {
            "name": "hitdieroll",
            "current": "4",
            "max": "",
            "id": "-pKCkrwPZtp1RNH7vhQV"
        },
        {
            "name": "showleveler",
            "current": 0,
            "max": "",
            "id": "-7ymKoccA6HY0TfhrYe9"
        },
        {
            "name": "invalidXP",
            "current": 0,
            "max": "",
            "id": "-scrlgW2bk5YyCrIEEER"
        },
        {
            "name": "version",
            "current": 4.21,
            "max": "",
            "id": "-BaajG3Zie29hzjT2ixW"
        },
        {
            "name": "mancer_confirm_flag",
            "current": "",
            "max": "",
            "id": "-K4UgMTuVhoaI2zkwRmc"
        },
        {
            "name": "mancer_npc",
            "current": "on",
            "max": "",
            "id": "-KA5B1f2cPo7vUmmbdIu"
        },
        {
            "name": "l1mancer_status",
            "current": "completed",
            "max": "",
            "id": "-I5BmR3rIWV4KnjrHEwv"
        },
        {
            "name": "rtype",
            "current": "@{advantagetoggle}",
            "max": "",
            "id": "-3WeDltejdjgBjDR3gRs"
        },
        {
            "name": "dtype",
            "current": "full",
            "max": "",
            "id": "-XgkUecHE4eSNoUBPLzY"
        },
        {
            "name": "appliedUpdates",
            "current": "upgrade_to_4_2_1",
            "max": "",
            "id": "-XWxKdzoV76fKSVtUAZy"
        },
        {
            "name": "npc",
            "current": "1",
            "max": "",
            "id": "-S2YbaUFRWcJoI2XpPVS"
        },
        {
            "name": "npc_options-flag",
            "current": "0",
            "max": "",
            "id": "-iFwq3oavP7QDSl2AoIy"
        },
        {
            "name": "ui_flags",
            "current": "",
            "max": "",
            "id": "-vjOOdHGXnyfSdrjiGOo"
        },
        {
            "name": "npc_name",
            "current": "Полуогр (Огриллон) (Half-Ogre (Ogrillon))",
            "max": "",
            "id": "-ve6dxd5a98pn2WZKpSp"
        },
        {
            "name": "npc_type",
            "current": "великан любое хаотическое",
            "max": "",
            "id": "-lxpoNdMyUOBtlrLjaPw"
        },
        {
            "name": "npc_speed",
            "current": "6 клеток",
            "max": "",
            "id": "-v69JK70mqxc8bult6ZT"
        },
        {
            "name": "hp",
            "current": "",
            "max": "30",
            "id": "-0QfbgwKq7hD8wuRqabK"
        },
        {
            "name": "npc_ac",
            "current": "12 (доспех из шкур)",
            "max": "",
            "id": "-ADzNGg74NWi8BZJx3Of"
        },
        {
            "name": "ac",
            "current": "12 (доспех из шкур)",
            "max": "",
            "id": "-E8tBPOo91Gum9ljwc6v"
        },
        {
            "name": "npc_languages",
            "current": "Общий, Великаний",
            "max": "",
            "id": "-yKEqF3WST4GQ0E9MVya"
        },
        {
            "name": "npc_challenge",
            "current": "1",
            "max": "",
            "id": "-bijlL3mygJZb9XA743L"
        },
        {
            "name": "passive_wisdom",
            "current": "1",
            "max": "",
            "id": "-aJHQxCKlFVwcs4kvnVs"
        },
        {
            "name": "initiative_bonus",
            "current": 0,
            "max": "",
            "id": "-3PLPTkWSwAsnyQXPE37"
        },
        {
            "name": "npc_hpformula",
            "current": "4d10 + 8",
            "max": "",
            "id": "-iW5BGlwEY8PqHm5wFd6"
        },
        {
            "name": "strength_base",
            "current": "17",
            "max": "",
            "id": "-zJF5G3m6u1J4VUTexkN"
        },
        {
            "name": "strength_flag",
            "current": "0",
            "max": "",
            "id": "-kiTEN6W7m6SB9T98Irl"
        },
        {
            "name": "strength",
            "current": 17,
            "max": "",
            "id": "-C7WyAQPomVwXDlFbtbp"
        },
        {
            "name": "strength_mod",
            "current": 3,
            "max": "",
            "id": "-wbilh7BZbpFBwYBDnPe"
        },
        {
            "name": "npc_str_negative",
            "current": 0,
            "max": "",
            "id": "-4ZQhIZcyBWf2yoPMntD"
        },
        {
            "name": "dexterity_base",
            "current": "10",
            "max": "",
            "id": "-oWC6DXShKFlVJwiGDE3"
        },
        {
            "name": "dexterity_flag",
            "current": "0",
            "max": "",
            "id": "-Il9y7NJSGpUoZX8oquP"
        },
        {
            "name": "dexterity",
            "current": 10,
            "max": "",
            "id": "-CTQwmnVOnEScnvDRPDY"
        },
        {
            "name": "dexterity_mod",
            "current": 0,
            "max": "",
            "id": "-VIA8zcSkgzNFccv6bWQ"
        },
        {
            "name": "npc_dex_negative",
            "current": 0,
            "max": "",
            "id": "-vD4YfKqBoM0FnHA5wgY"
        },
        {
            "name": "constitution_base",
            "current": "14",
            "max": "",
            "id": "-0esYsQmM8Nml72FiXIn"
        },
        {
            "name": "constitution_flag",
            "current": "0",
            "max": "",
            "id": "-knGF9sRB70yIw0SInMs"
        },
        {
            "name": "constitution",
            "current": 14,
            "max": "",
            "id": "-WhkMJITeEHAqCGXpnVJ"
        },
        {
            "name": "constitution_mod",
            "current": 2,
            "max": "",
            "id": "-AbHqStTsyaT3KSMpP6F"
        },
        {
            "name": "npc_con_negative",
            "current": 0,
            "max": "",
            "id": "-L8wisV705umNZ0YLxFJ"
        },
        {
            "name": "intelligence_base",
            "current": "7",
            "max": "",
            "id": "-5cumHDkd86RdoedhoXy"
        },
        {
            "name": "intelligence_flag",
            "current": "0",
            "max": "",
            "id": "-oVU7MFpyx4nfTGQfDrm"
        },
        {
            "name": "intelligence",
            "current": 7,
            "max": "",
            "id": "-36hWYW5TMPuigMvtf94"
        },
        {
            "name": "intelligence_mod",
            "current": -2,
            "max": "",
            "id": "-UBg559SfYyvf5mzGzAg"
        },
        {
            "name": "npc_int_negative",
            "current": 1,
            "max": "",
            "id": "-TPtpToK3PBQWeDL8uZv"
        },
        {
            "name": "wisdom_base",
            "current": "9",
            "max": "",
            "id": "-2tGi64oFsKhShVS5E63"
        },
        {
            "name": "wisdom_flag",
            "current": "0",
            "max": "",
            "id": "-rHtMUy6M1EoprNpChHk"
        },
        {
            "name": "wisdom",
            "current": 9,
            "max": "",
            "id": "-DzKVqSmLBLI2QVRHlTu"
        },
        {
            "name": "wisdom_mod",
            "current": -1,
            "max": "",
            "id": "-Be7DrAKKl8c4qYYCyDK"
        },
        {
            "name": "npc_wis_negative",
            "current": 1,
            "max": "",
            "id": "-iUy35ZOD7HS0upmeUZH"
        },
        {
            "name": "charisma_base",
            "current": "10",
            "max": "",
            "id": "-FyOKLxjJ87CxZLvGI9v"
        },
        {
            "name": "charisma_flag",
            "current": "0",
            "max": "",
            "id": "-HF4LGWUucnbumqnwbeD"
        },
        {
            "name": "charisma",
            "current": 10,
            "max": "",
            "id": "-ZPYAq4uATcNlNmBGNx7"
        },
        {
            "name": "charisma_mod",
            "current": 0,
            "max": "",
            "id": "-dAPoq9FsMOwpusAiM4Y"
        },
        {
            "name": "npc_cha_negative",
            "current": 0,
            "max": "",
            "id": "-B7VaLqUN5eXSiNFdHmT"
        },
        {
            "name": "npc_senses",
            "current": "темнозрение 12 клеток",
            "max": "",
            "id": "-W1d9cTR3kZLDnSSCo23"
        },
        {
            "name": "repeating_npcaction_-ceNUxl71coqBzSXR2aK_name",
            "current": "Боевая секира (Одной рукой)",
            "max": "",
            "id": "-FhJnL2X62DWAalBkg82"
        },
        {
            "name": "repeating_npcaction_-ceNUxl71coqBzSXR2aK_description",
            "current": "Рукопашное Оружие: +5 к атаке, досягаемость: 1 клетка, одна цель. Попадание: 12 (2d8 + 3) рубящего урона, или 14 (2d10 + 3) рубящего урона если использует как двуручное.",
            "max": "",
            "id": "-zsLd99UC5T6nUsKxA4A"
        },
        {
            "name": "repeating_npcaction_-ceNUxl71coqBzSXR2aK_attack_flag",
            "current": "on",
            "max": "",
            "id": "-dk5Fd5nhw4o0GYqRTqz"
        },
        {
            "name": "repeating_npcaction_-ceNUxl71coqBzSXR2aK_attack_tohitrange",
            "current": "+5",
            "max": "",
            "id": "-1cBhyj0DQ0V0Kq0BWlM"
        },
        {
            "name": "repeating_npcaction_-ceNUxl71coqBzSXR2aK_attack_onhit",
            "current": "",
            "max": "",
            "id": "-JcBQKmKqDRKtlpijsu8"
        },
        {
            "name": "repeating_npcaction_-ceNUxl71coqBzSXR2aK_attack_tohit",
            "current": "5",
            "max": "",
            "id": "-AAgyLigSmevPXfoDk1B"
        },
        {
            "name": "repeating_npcaction_-ceNUxl71coqBzSXR2aK_attack_damage",
            "current": "2d8+3",
            "max": "",
            "id": "-nWTFE9nktMdo8fwltK5"
        },
        {
            "name": "repeating_npcaction_-ceNUxl71coqBzSXR2aK_damage_flag",
            "current": "{{damage=1}} {{dmg1flag=1}}",
            "max": "",
            "id": "-ZqFVKriO4QDxTXwN6Zj"
        },
        {
            "name": "repeating_npcaction_-ceNUxl71coqBzSXR2aK_rollbase",
            "current": "@{wtype}&{template:npcaction} {{attack=1}} @{damage_flag} @{npc_name_flag} {{rname=@{name}}} {{r1=[[@{d20}+(@{attack_tohit})]]}} @{rtype}+(@{attack_tohit})]]}} {{dmg1=[[@{attack_damage}]]}} {{dmg1type=@{attack_damagetype}}} {{dmg2=[[@{attack_damage2}+0]]}} {{dmg2type=@{attack_damagetype2}}} {{crit1=[[@{attack_crit}+0]]}} {{crit2=[[@{attack_crit2}+0]]}} {{description=@{show_desc}}} @{charname_output}",
            "max": "",
            "id": "-mZysQwJOV8oVuei2kh8"
        },
        {
            "name": "repeating_npcaction_-ceNUxl71coqBzSXR2aK_attack_crit",
            "current": "2d8+3",
            "max": "",
            "id": "-A6l5XYbJjQmDzf1vN7f"
        },
        {
            "name": "repeating_npcaction_-ceNUxl71coqBzSXR2aK_attack_crit2",
            "current": "",
            "max": "",
            "id": "-QMrKt6j1xJZBRg60ESu"
        },
        {
            "name": "repeating_npcaction_-fgKydglhLhj7zdT5RPz_name",
            "current": "Боевая секира (Двумя руками)",
            "max": "",
            "id": "-K6RhIubiY4IClmddmj7"
        },
        {
            "name": "repeating_npcaction_-fgKydglhLhj7zdT5RPz_description",
            "current": "Рукопашное Оружие: +5 к атаке, досягаемость: 1 клетка, одна цель. Попадание: 12 (2d8 + 3) рубящего урона, или 14 (2d10 + 3) рубящего урона если использует как двуручное.",
            "max": "",
            "id": "-YIuK7k44iMy8u2EuJ1q"
        },
        {
            "name": "repeating_npcaction_-fgKydglhLhj7zdT5RPz_attack_flag",
            "current": "on",
            "max": "",
            "id": "-ta7XgPto75VB563KiNT"
        },
        {
            "name": "repeating_npcaction_-fgKydglhLhj7zdT5RPz_attack_tohitrange",
            "current": "+5",
            "max": "",
            "id": "-19TMHwFrZzVKf9jQ1vE"
        },
        {
            "name": "repeating_npcaction_-fgKydglhLhj7zdT5RPz_attack_onhit",
            "current": "",
            "max": "",
            "id": "-FhyptQQpGyIvu3RFTPX"
        },
        {
            "name": "repeating_npcaction_-fgKydglhLhj7zdT5RPz_attack_tohit",
            "current": "5",
            "max": "",
            "id": "-pcHVuwol7nQCxmNXvz3"
        },
        {
            "name": "repeating_npcaction_-fgKydglhLhj7zdT5RPz_attack_damage",
            "current": "2d10+3",
            "max": "",
            "id": "-uTKYFGwHoaqxmRnUmpv"
        },
        {
            "name": "repeating_npcaction_-fgKydglhLhj7zdT5RPz_damage_flag",
            "current": "{{damage=1}} {{dmg1flag=1}}",
            "max": "",
            "id": "-b3fmvUZPvwQnHVufhaI"
        },
        {
            "name": "repeating_npcaction_-fgKydglhLhj7zdT5RPz_rollbase",
            "current": "@{wtype}&{template:npcaction} {{attack=1}} @{damage_flag} @{npc_name_flag} {{rname=@{name}}} {{r1=[[@{d20}+(@{attack_tohit})]]}} @{rtype}+(@{attack_tohit})]]}} {{dmg1=[[@{attack_damage}]]}} {{dmg1type=@{attack_damagetype}}} {{dmg2=[[@{attack_damage2}+0]]}} {{dmg2type=@{attack_damagetype2}}} {{crit1=[[@{attack_crit}+0]]}} {{crit2=[[@{attack_crit2}+0]]}} {{description=@{show_desc}}} @{charname_output}",
            "max": "",
            "id": "-HlnhYv4ZS75lncxSmQs"
        },
        {
            "name": "repeating_npcaction_-fgKydglhLhj7zdT5RPz_attack_crit",
            "current": "2d10+3",
            "max": "",
            "id": "-aNlwCUHkIvMGeVhyOTP"
        },
        {
            "name": "repeating_npcaction_-fgKydglhLhj7zdT5RPz_attack_crit2",
            "current": "",
            "max": "",
            "id": "-QKhhxufMN8pkj00Y9rY"
        },
        {
            "name": "repeating_npcaction_-m6ctdrnP2f4Bk7I7HjG_name",
            "current": "Метательное копье",
            "max": "",
            "id": "-PwC5exnnJnN7Ls2U1by"
        },
        {
            "name": "repeating_npcaction_-m6ctdrnP2f4Bk7I7HjG_description",
            "current": "Рукопашное или Дальнобойное Оружие: +5 к атаке, досягаемость: 1 клетка или дальнобойное 6/24 клетки, одна цель. Попадание: 10 (2d6 + 3) колющего урона.",
            "max": "",
            "id": "-t3fZqKZNaAIisSGxHEO"
        },
        {
            "name": "repeating_npcaction_-m6ctdrnP2f4Bk7I7HjG_attack_flag",
            "current": "on",
            "max": "",
            "id": "-2t4WQlX1ppGZAnppVVP"
        },
        {
            "name": "repeating_npcaction_-m6ctdrnP2f4Bk7I7HjG_attack_tohitrange",
            "current": "+5",
            "max": "",
            "id": "-g9xeKlTelc2QUGF1qxZ"
        },
        {
            "name": "repeating_npcaction_-m6ctdrnP2f4Bk7I7HjG_attack_onhit",
            "current": "",
            "max": "",
            "id": "-YQywXsDhX506BorPHXD"
        },
        {
            "name": "repeating_npcaction_-m6ctdrnP2f4Bk7I7HjG_attack_tohit",
            "current": "5",
            "max": "",
            "id": "-TpxZqO1KjI6oUGQD6eH"
        },
        {
            "name": "repeating_npcaction_-m6ctdrnP2f4Bk7I7HjG_attack_damage",
            "current": "2d6+3",
            "max": "",
            "id": "-GHmm5dOHIPC9b5zgfiC"
        },
        {
            "name": "repeating_npcaction_-m6ctdrnP2f4Bk7I7HjG_damage_flag",
            "current": "{{damage=1}} {{dmg1flag=1}}",
            "max": "",
            "id": "-ySAIkZ6WWzF7iICT4tH"
        },
        {
            "name": "repeating_npcaction_-m6ctdrnP2f4Bk7I7HjG_rollbase",
            "current": "@{wtype}&{template:npcaction} {{attack=1}} @{damage_flag} @{npc_name_flag} {{rname=@{name}}} {{r1=[[@{d20}+(@{attack_tohit})]]}} @{rtype}+(@{attack_tohit})]]}} {{dmg1=[[@{attack_damage}]]}} {{dmg1type=@{attack_damagetype}}} {{dmg2=[[@{attack_damage2}+0]]}} {{dmg2type=@{attack_damagetype2}}} {{crit1=[[@{attack_crit}+0]]}} {{crit2=[[@{attack_crit2}+0]]}} {{description=@{show_desc}}} @{charname_output}",
            "max": "",
            "id": "-xoxjmVert4AGHHHWoEN"
        },
        {
            "name": "repeating_npcaction_-m6ctdrnP2f4Bk7I7HjG_attack_crit",
            "current": "2d6+3",
            "max": "",
            "id": "-Urc8S0i6asrRz6JWDz9"
        },
        {
            "name": "repeating_npcaction_-m6ctdrnP2f4Bk7I7HjG_attack_crit2",
            "current": "",
            "max": "",
            "id": "-ZVCx6OYBijByrGPuaba"
        }
    ],
    "abilities": []
}