{
    "schema_version": 2,
    "oldId": "-xgmLnJyHXA72oRJefui",
    "name": "Ползущая насыпь (Shambling Mound)",
    "avatar": "https://tentaculus.ru/monsters/img/cute_monsters/SHAMBLING_MOUND.jpg",
    "bio": "",
    "gmnotes": "",
    "defaulttoken": "",
    "tags": "[]",
    "controlledby": "",
    "inplayerjournals": "",
    "attribs": [
        {
            "name": "hitdieroll",
            "current": "4",
            "max": "",
            "id": "-tvI29QxGhPFVyKji4t9"
        },
        {
            "name": "showleveler",
            "current": 0,
            "max": "",
            "id": "-VboEVJoUqKSSH7iZQm6"
        },
        {
            "name": "invalidXP",
            "current": 0,
            "max": "",
            "id": "-boixz8BTs01EpPPhKiX"
        },
        {
            "name": "version",
            "current": 4.21,
            "max": "",
            "id": "-zPCecKD28dbExgXyrnv"
        },
        {
            "name": "mancer_confirm_flag",
            "current": "",
            "max": "",
            "id": "-OANcRfmFVJRCYpUAxdA"
        },
        {
            "name": "mancer_npc",
            "current": "on",
            "max": "",
            "id": "-VDn3Z1ncbkZ2B3Mq8a0"
        },
        {
            "name": "l1mancer_status",
            "current": "completed",
            "max": "",
            "id": "-XX0qVtE06x5dGjYTGlp"
        },
        {
            "name": "rtype",
            "current": "@{advantagetoggle}",
            "max": "",
            "id": "-jcLbcx8OfO9BSDOcnUu"
        },
        {
            "name": "dtype",
            "current": "full",
            "max": "",
            "id": "-NY8gwf3F4IiiKcoEK3Y"
        },
        {
            "name": "appliedUpdates",
            "current": "upgrade_to_4_2_1",
            "max": "",
            "id": "-6MLgVNeGgkeDL5W0EHQ"
        },
        {
            "name": "npc",
            "current": "1",
            "max": "",
            "id": "-Nw9ESjEshcxzxgvhbTw"
        },
        {
            "name": "npc_options-flag",
            "current": "0",
            "max": "",
            "id": "-Y0XsHA5obPEbPD1aGCF"
        },
        {
            "name": "ui_flags",
            "current": "",
            "max": "",
            "id": "-AxCFc9JoeJMePovlwqt"
        },
        {
            "name": "npc_name",
            "current": "Ползущая насыпь (Shambling Mound)",
            "max": "",
            "id": "-xguo72N61yzWmyOQvMW"
        },
        {
            "name": "npc_type",
            "current": "растение без мировоззрения",
            "max": "",
            "id": "-5EpKIGcpXgF1mVpRo6M"
        },
        {
            "name": "npc_speed",
            "current": "4 клетки, плавая 4 клетки",
            "max": "",
            "id": "-809n2U42euxfv4Fvzvy"
        },
        {
            "name": "hp",
            "current": "",
            "max": "136",
            "id": "-P6qw3H8ak7jpy36DVLo"
        },
        {
            "name": "npc_ac",
            "current": "15 (естественная броня)",
            "max": "",
            "id": "-UF0aRnwZa4H22zHdUmI"
        },
        {
            "name": "ac",
            "current": "15 (естественная броня)",
            "max": "",
            "id": "-4YH8Q3Z3wqkF0RzTFdS"
        },
        {
            "name": "npc_languages",
            "current": "",
            "max": "",
            "id": "-dtzJV5LzgGhnQivvaYN"
        },
        {
            "name": "npc_challenge",
            "current": "5",
            "max": "",
            "id": "-vFKRonPH3UCGqVmSEZm"
        },
        {
            "name": "passive_wisdom",
            "current": "5",
            "max": "",
            "id": "-fxG1LZb2c7fvIE70nDc"
        },
        {
            "name": "initiative_bonus",
            "current": -1,
            "max": "",
            "id": "-prwoaqaSZEaFCIlXgGy"
        },
        {
            "name": "npc_hpformula",
            "current": "16d10 + 48",
            "max": "",
            "id": "-SqnuXdkVqBcljp0KBoc"
        },
        {
            "name": "strength_base",
            "current": "18",
            "max": "",
            "id": "-3QGtFjUFlpke319qW41"
        },
        {
            "name": "strength_flag",
            "current": "0",
            "max": "",
            "id": "-a6okorAElWrNxgr1OcK"
        },
        {
            "name": "strength",
            "current": 18,
            "max": "",
            "id": "-Rniv9AdOWMsaC9GZ2sq"
        },
        {
            "name": "strength_mod",
            "current": 4,
            "max": "",
            "id": "-xZFy61NUvizUPCmjaJb"
        },
        {
            "name": "npc_str_negative",
            "current": 0,
            "max": "",
            "id": "-qPYWg4z8hqoSwOK3rWi"
        },
        {
            "name": "dexterity_base",
            "current": "8",
            "max": "",
            "id": "-qtcRzKSi7TePjf9YsBq"
        },
        {
            "name": "dexterity_flag",
            "current": "0",
            "max": "",
            "id": "-coT5cZCNuABdbBsALyP"
        },
        {
            "name": "dexterity",
            "current": 8,
            "max": "",
            "id": "-lwC1N5ZyCFbHnzAYArC"
        },
        {
            "name": "dexterity_mod",
            "current": -1,
            "max": "",
            "id": "-kjGqp9foTiyNv9EA0jF"
        },
        {
            "name": "npc_dex_negative",
            "current": 1,
            "max": "",
            "id": "-w4dN1huAcfinahUrdj2"
        },
        {
            "name": "constitution_base",
            "current": "16",
            "max": "",
            "id": "-pY006sW4QW57RFJkpMv"
        },
        {
            "name": "constitution_flag",
            "current": "0",
            "max": "",
            "id": "-E8ubNjnI3JIISNDEQTW"
        },
        {
            "name": "constitution",
            "current": 16,
            "max": "",
            "id": "-hGoF8oCYeRKKfaeT43u"
        },
        {
            "name": "constitution_mod",
            "current": 3,
            "max": "",
            "id": "-qdh1pYKS32QvIVfZ0KX"
        },
        {
            "name": "npc_con_negative",
            "current": 0,
            "max": "",
            "id": "-Px8neeFUP54sB818dim"
        },
        {
            "name": "intelligence_base",
            "current": "5",
            "max": "",
            "id": "-ius2ltb4U5J5xYXfVks"
        },
        {
            "name": "intelligence_flag",
            "current": "0",
            "max": "",
            "id": "-2wpxj2yCgnUvlk662zT"
        },
        {
            "name": "intelligence",
            "current": 5,
            "max": "",
            "id": "-sUCYzssKebGW6LjlGm3"
        },
        {
            "name": "intelligence_mod",
            "current": -3,
            "max": "",
            "id": "-tRO71ajcppgBt3ghFCP"
        },
        {
            "name": "npc_int_negative",
            "current": 1,
            "max": "",
            "id": "-Bn6vXyJyzENJxS7CUwi"
        },
        {
            "name": "wisdom_base",
            "current": "10",
            "max": "",
            "id": "-yXaIN5E8F3zrqXAMjNJ"
        },
        {
            "name": "wisdom_flag",
            "current": "0",
            "max": "",
            "id": "-xPzH4yp5Fzoic5jYvXp"
        },
        {
            "name": "wisdom",
            "current": 10,
            "max": "",
            "id": "-AWnkefm953iq1HFHWCj"
        },
        {
            "name": "wisdom_mod",
            "current": 0,
            "max": "",
            "id": "-KO5bJoh2PKkakkxdCFi"
        },
        {
            "name": "npc_wis_negative",
            "current": 0,
            "max": "",
            "id": "-ZvE4Ie56PVLPUcMQv1p"
        },
        {
            "name": "charisma_base",
            "current": "5",
            "max": "",
            "id": "-iERVwqsj23prwe8tr3z"
        },
        {
            "name": "charisma_flag",
            "current": "0",
            "max": "",
            "id": "-PPg4rBfpYpAjBIXvEms"
        },
        {
            "name": "charisma",
            "current": 5,
            "max": "",
            "id": "-5cQvI1yc5uJXX9mmBcQ"
        },
        {
            "name": "charisma_mod",
            "current": -3,
            "max": "",
            "id": "-CvilKldRDn1vBoxW0aK"
        },
        {
            "name": "npc_cha_negative",
            "current": 1,
            "max": "",
            "id": "-7UUV43w5nYRVE1j680E"
        },
        {
            "name": "npc_skills_flag",
            "current": 3,
            "max": "",
            "id": "-kqniz6YO1T7h3RTDiIF"
        },
        {
            "name": "npc_stealth_base",
            "current": "2",
            "max": "",
            "id": "-78cMiiKB9oibzxTCj2T"
        },
        {
            "name": "npc_stealth_flag",
            "current": "1",
            "max": "",
            "id": "-fxFRjGDtPS0xGjBxgTE"
        },
        {
            "name": "npc_stealth",
            "current": 2,
            "max": "",
            "id": "-eRUkyYnOjXrdrDzdc3Z"
        },
        {
            "name": "npc_resistances",
            "current": "холод, огонь",
            "max": "",
            "id": "-YMpFKu1UDjRfPWuH7hY"
        },
        {
            "name": "npc_immunities",
            "current": "молния",
            "max": "",
            "id": "-OLs8XJLTYGtZjfSC14B"
        },
        {
            "name": "npc_condition_immunities",
            "current": "ослепление, оглушение, истощение",
            "max": "",
            "id": "-ain2xHnxxVkJ5tYQI3i"
        },
        {
            "name": "npc_senses",
            "current": "слепозрение 12 клетки (вне этого радиуса полностью слепой)",
            "max": "",
            "id": "-eDpr2JSSXUmZ8nGZldO"
        },
        {
            "name": "repeating_npcaction_-hRvosnpJggcpXH8UO9W_name",
            "current": "Мультиатака",
            "max": "",
            "id": "-WTgunHYBYtTwGBgOQCD"
        },
        {
            "name": "repeating_npcaction_-hRvosnpJggcpXH8UO9W_description",
            "current": "Ползущая насыпь проводит 2 атаки Ударом. Если обе атаки попадают по цели размером Средняя или меньше, цель становится захваченой (сложность освобождения 14), и ползущая насыпь засасывает ее (см Засасывание).",
            "max": "",
            "id": "-znB96IVhhmaApuVAPlg"
        },
        {
            "name": "repeating_npcaction_-hRvosnpJggcpXH8UO9W_attack_tohitrange",
            "current": "+0",
            "max": "",
            "id": "-yRTwkmitbWtU5O9z1t9"
        },
        {
            "name": "repeating_npcaction_-hRvosnpJggcpXH8UO9W_attack_onhit",
            "current": "",
            "max": "",
            "id": "-03mLFE6J8kmwFXtlTNo"
        },
        {
            "name": "repeating_npcaction_-hRvosnpJggcpXH8UO9W_damage_flag",
            "current": "",
            "max": "",
            "id": "-EcI1KgbnpwDYB4xtAOW"
        },
        {
            "name": "repeating_npcaction_-hRvosnpJggcpXH8UO9W_attack_crit",
            "current": "",
            "max": "",
            "id": "-9WkNifLyzUL4FzjhWhP"
        },
        {
            "name": "repeating_npcaction_-hRvosnpJggcpXH8UO9W_attack_crit2",
            "current": "",
            "max": "",
            "id": "-2ICU2NVuWBzjUQxQ2lI"
        },
        {
            "name": "repeating_npcaction_-hRvosnpJggcpXH8UO9W_rollbase",
            "current": "@{wtype}&{template:npcaction} @{npc_name_flag} {{rname=@{name}}} {{description=@{show_desc}}} @{charname_output}",
            "max": "",
            "id": "-67VeUBb4BXnOVOtNk8f"
        },
        {
            "name": "repeating_npcaction_-UqiujjT1dAmENgLGL04_name",
            "current": "Удар",
            "max": "",
            "id": "-7KWe0LUMQ3YB0yL4L1A"
        },
        {
            "name": "repeating_npcaction_-UqiujjT1dAmENgLGL04_description",
            "current": "Рукопашное Оружие: +7 к атаке, досягаемость: 1 клетка, одна цель. Попадание: 13 (2d8 + 4) дробящего урона.",
            "max": "",
            "id": "-8pZ9bquW3GFJvq2PsDx"
        },
        {
            "name": "repeating_npcaction_-UqiujjT1dAmENgLGL04_attack_flag",
            "current": "on",
            "max": "",
            "id": "-3B2sjONWyX6wgTc2Ddd"
        },
        {
            "name": "repeating_npcaction_-UqiujjT1dAmENgLGL04_attack_tohitrange",
            "current": "+7",
            "max": "",
            "id": "-LZMCgX9esG1M01JTfRG"
        },
        {
            "name": "repeating_npcaction_-UqiujjT1dAmENgLGL04_attack_onhit",
            "current": "",
            "max": "",
            "id": "-WNVzjDXPzCkIqwm50KO"
        },
        {
            "name": "repeating_npcaction_-UqiujjT1dAmENgLGL04_attack_tohit",
            "current": "7",
            "max": "",
            "id": "-X1y6z4lDsUCwXm9nBVt"
        },
        {
            "name": "repeating_npcaction_-UqiujjT1dAmENgLGL04_attack_damage",
            "current": "2d8+4",
            "max": "",
            "id": "-Wyj2igbCeHMrZyuInvS"
        },
        {
            "name": "repeating_npcaction_-UqiujjT1dAmENgLGL04_damage_flag",
            "current": "{{damage=1}} {{dmg1flag=1}}",
            "max": "",
            "id": "-AiT1YC4DpX5CumT3mTJ"
        },
        {
            "name": "repeating_npcaction_-UqiujjT1dAmENgLGL04_rollbase",
            "current": "@{wtype}&{template:npcaction} {{attack=1}} @{damage_flag} @{npc_name_flag} {{rname=@{name}}} {{r1=[[@{d20}+(@{attack_tohit})]]}} @{rtype}+(@{attack_tohit})]]}} {{dmg1=[[@{attack_damage}]]}} {{dmg1type=@{attack_damagetype}}} {{dmg2=[[@{attack_damage2}+0]]}} {{dmg2type=@{attack_damagetype2}}} {{crit1=[[@{attack_crit}+0]]}} {{crit2=[[@{attack_crit2}+0]]}} {{description=@{show_desc}}} @{charname_output}",
            "max": "",
            "id": "-cxDhMs9RyFhDiRJu22q"
        },
        {
            "name": "repeating_npcaction_-UqiujjT1dAmENgLGL04_attack_crit",
            "current": "2d8+4",
            "max": "",
            "id": "-J8D9UsHGgXufVqQ72Od"
        },
        {
            "name": "repeating_npcaction_-UqiujjT1dAmENgLGL04_attack_crit2",
            "current": "",
            "max": "",
            "id": "-n4mROjtVlDhfHJP6nd9"
        },
        {
            "name": "repeating_npcaction_-kPH48aAyjyd7WHY4ei3_name",
            "current": "Засасывание",
            "max": "",
            "id": "-4y3MYBmMZOtb1kmdKZL"
        },
        {
            "name": "repeating_npcaction_-kPH48aAyjyd7WHY4ei3_description",
            "current": "Ползущая насыпь засасывает захваченное существо. Цель при этом ослеплена, удерживается, не может дышать, и должна бросать спасбросок сложностью 14 по Телосложению в начале каждого хода насыпи. В случае неудачи существо получает 13 (2d8 + 4) дробящего урона. Когда насыпь двигается, цель двигается вместе с ней. Одномоментно насыпь способна засосать только 1 существо.",
            "max": "",
            "id": "-szO5CioksoKIimjU13U"
        },
        {
            "name": "repeating_npcaction_-kPH48aAyjyd7WHY4ei3_attack_tohitrange",
            "current": "+0",
            "max": "",
            "id": "-FjpXzX1MMA01oqxHgg4"
        },
        {
            "name": "repeating_npcaction_-kPH48aAyjyd7WHY4ei3_attack_onhit",
            "current": "",
            "max": "",
            "id": "-OThnB7DbyD99D0DegwQ"
        },
        {
            "name": "repeating_npcaction_-kPH48aAyjyd7WHY4ei3_damage_flag",
            "current": "",
            "max": "",
            "id": "-HS68OeW1tFUwsHmF98V"
        },
        {
            "name": "repeating_npcaction_-kPH48aAyjyd7WHY4ei3_attack_crit",
            "current": "",
            "max": "",
            "id": "-nkqgdnYyh3ZSzREShKG"
        },
        {
            "name": "repeating_npcaction_-kPH48aAyjyd7WHY4ei3_attack_crit2",
            "current": "",
            "max": "",
            "id": "-fy8XXOPSFgP5UV5RL8w"
        },
        {
            "name": "repeating_npcaction_-kPH48aAyjyd7WHY4ei3_rollbase",
            "current": "@{wtype}&{template:npcaction} @{npc_name_flag} {{rname=@{name}}} {{description=@{show_desc}}} @{charname_output}",
            "max": "",
            "id": "-juKK6ExFoEDnSxk8QWk"
        },
        {
            "name": "repeating_npctrait_-8XuI7Wkax5LY0icm3Nu_name",
            "current": "Поглощение молнии",
            "max": "",
            "id": "-EcAaB7UCnhPpEpfAVGK"
        },
        {
            "name": "repeating_npctrait_-8XuI7Wkax5LY0icm3Nu_description",
            "current": "Когда ползущая насыпь получае урон молнией, вместо этого восстанавливает очки здоровья в количестве равным полученному урону",
            "max": "",
            "id": "-asj3yrz890WKhQVw5qi"
        },
        {
            "name": "npcspellcastingflag",
            "current": "0",
            "max": "",
            "id": "-Ncvw1qtvk2tcL0kzGnX"
        }
    ],
    "abilities": []
}