{
    "schema_version": 2,
    "oldId": "-nCp7j5u5xvpOBvMa2IY",
    "name": "Пантера (Panther)",
    "avatar": "https://tentaculus.ru/monsters/img/cute_monsters/PANTHER.jpg",
    "bio": "",
    "gmnotes": "",
    "defaulttoken": "",
    "tags": "[]",
    "controlledby": "",
    "inplayerjournals": "",
    "attribs": [
        {
            "name": "hitdieroll",
            "current": "4",
            "max": "",
            "id": "-q9xoAncU109SfCU93eX"
        },
        {
            "name": "showleveler",
            "current": 0,
            "max": "",
            "id": "-t6xMHIvwh5unVteu3S2"
        },
        {
            "name": "invalidXP",
            "current": 0,
            "max": "",
            "id": "-FyD0WeqBdVvr84PFXfB"
        },
        {
            "name": "version",
            "current": 4.21,
            "max": "",
            "id": "-eor57x0kK1cUTYS1vdL"
        },
        {
            "name": "mancer_confirm_flag",
            "current": "",
            "max": "",
            "id": "-6VVULlMaxw0058vB3Fy"
        },
        {
            "name": "mancer_npc",
            "current": "on",
            "max": "",
            "id": "-Dug8izw1I1iEpJJQ1gP"
        },
        {
            "name": "l1mancer_status",
            "current": "completed",
            "max": "",
            "id": "-AskoXBP1UT6DXUejh2F"
        },
        {
            "name": "rtype",
            "current": "@{advantagetoggle}",
            "max": "",
            "id": "-d8fVjGJJgNfQwoxPxnl"
        },
        {
            "name": "dtype",
            "current": "full",
            "max": "",
            "id": "-0C185xN8KPLhfEouYtN"
        },
        {
            "name": "appliedUpdates",
            "current": "upgrade_to_4_2_1",
            "max": "",
            "id": "-Bgc0SvTCC4PPiJvMdzK"
        },
        {
            "name": "npc",
            "current": "1",
            "max": "",
            "id": "-YfJFpTtAe6YWhqdd3lw"
        },
        {
            "name": "npc_options-flag",
            "current": "0",
            "max": "",
            "id": "-npAAZDg85mQDXHfnDI8"
        },
        {
            "name": "ui_flags",
            "current": "",
            "max": "",
            "id": "-r5x6e6QWQv8p8K4YQqv"
        },
        {
            "name": "npc_name",
            "current": "Пантера (Panther)",
            "max": "",
            "id": "-7bVgcqWEUKuYJd0IlDR"
        },
        {
            "name": "npc_type",
            "current": "зверь без мировоззрения",
            "max": "",
            "id": "-DUJQPND4htdzx0ouMk5"
        },
        {
            "name": "npc_speed",
            "current": "10 клеток, лазание 8 клеток",
            "max": "",
            "id": "-nWZgPAdR6PlDpMcshO1"
        },
        {
            "name": "hp",
            "current": "",
            "max": "13",
            "id": "-FVFIVLGJSqQcXxLBdGD"
        },
        {
            "name": "npc_ac",
            "current": "12",
            "max": "",
            "id": "-71Ayg7IbQR20XBJTTkq"
        },
        {
            "name": "ac",
            "current": "12",
            "max": "",
            "id": "-i3nWhXcx9WWfTqZGtBA"
        },
        {
            "name": "npc_languages",
            "current": "",
            "max": "",
            "id": "-0g3vXU7qGmu3P1roidy"
        },
        {
            "name": "npc_challenge",
            "current": "1/4",
            "max": "",
            "id": "-RHYHKFAulWp6J4JpmPC"
        },
        {
            "name": "passive_wisdom",
            "current": "1/4",
            "max": "",
            "id": "-4wREgUz61gluGNEv1Hu"
        },
        {
            "name": "initiative_bonus",
            "current": 2,
            "max": "",
            "id": "-9gfi2NqivwPssjk3Vri"
        },
        {
            "name": "npc_hpformula",
            "current": "3d8",
            "max": "",
            "id": "-MDf8GekNByB9B3EIYHA"
        },
        {
            "name": "strength_base",
            "current": "14",
            "max": "",
            "id": "-oOo6G1zT75eMZXpGsrc"
        },
        {
            "name": "strength_flag",
            "current": "0",
            "max": "",
            "id": "-8JjUSxLlC5TGI6rdMrU"
        },
        {
            "name": "strength",
            "current": 14,
            "max": "",
            "id": "-BlQSUz0HH68o1WQsnTa"
        },
        {
            "name": "strength_mod",
            "current": 2,
            "max": "",
            "id": "-QYyKBzd5BvuSpUpl28f"
        },
        {
            "name": "npc_str_negative",
            "current": 0,
            "max": "",
            "id": "-ctEQ8a8PwyoOrTZGbbl"
        },
        {
            "name": "dexterity_base",
            "current": "15",
            "max": "",
            "id": "-bL7BiWaSbOwgbYFyFE6"
        },
        {
            "name": "dexterity_flag",
            "current": "0",
            "max": "",
            "id": "-m5OodxrjqqNRrezfAzL"
        },
        {
            "name": "dexterity",
            "current": 15,
            "max": "",
            "id": "-BtQ4oYjShhEAWODB5Nt"
        },
        {
            "name": "dexterity_mod",
            "current": 2,
            "max": "",
            "id": "-Z0Ejo9B3vlCRNfbvdKu"
        },
        {
            "name": "npc_dex_negative",
            "current": 0,
            "max": "",
            "id": "-QP1y7emCrA7blXUq4Qh"
        },
        {
            "name": "constitution_base",
            "current": "10",
            "max": "",
            "id": "-j9OgB6k2SZkL5aHpQXo"
        },
        {
            "name": "constitution_flag",
            "current": "0",
            "max": "",
            "id": "-sj72RN5dDUZQZk5QUA0"
        },
        {
            "name": "constitution",
            "current": 10,
            "max": "",
            "id": "-L3VayCo1aplUd1FuxxS"
        },
        {
            "name": "constitution_mod",
            "current": 0,
            "max": "",
            "id": "-EcRSeKLLoVNrHgvvPAW"
        },
        {
            "name": "npc_con_negative",
            "current": 0,
            "max": "",
            "id": "-IaSrBknWdEmCX39TuPP"
        },
        {
            "name": "intelligence_base",
            "current": "3",
            "max": "",
            "id": "-2iZ567M8xOiThQFtHfo"
        },
        {
            "name": "intelligence_flag",
            "current": "0",
            "max": "",
            "id": "-nIP39j4DnEtBiIaeYBb"
        },
        {
            "name": "intelligence",
            "current": 3,
            "max": "",
            "id": "-XOYENJ33yJLPNRnouXz"
        },
        {
            "name": "intelligence_mod",
            "current": -4,
            "max": "",
            "id": "-P2yaK4voCMrdkkLubwh"
        },
        {
            "name": "npc_int_negative",
            "current": 1,
            "max": "",
            "id": "-BfC27sKvQ4xe6LgzO3a"
        },
        {
            "name": "wisdom_base",
            "current": "14",
            "max": "",
            "id": "-5qNlxKv6VHQOOdhqdgo"
        },
        {
            "name": "wisdom_flag",
            "current": "0",
            "max": "",
            "id": "-jiL8cxANexGOEAUiAXD"
        },
        {
            "name": "wisdom",
            "current": 14,
            "max": "",
            "id": "-rnVckyNXGXEloSMV7mX"
        },
        {
            "name": "wisdom_mod",
            "current": 2,
            "max": "",
            "id": "-sjKU331NnqdF8AeW6Xf"
        },
        {
            "name": "npc_wis_negative",
            "current": 0,
            "max": "",
            "id": "-c3cCm6Ac3K3FBny6uKU"
        },
        {
            "name": "charisma_base",
            "current": "7",
            "max": "",
            "id": "-SDkFZQIpsB1e67FAAHY"
        },
        {
            "name": "charisma_flag",
            "current": "0",
            "max": "",
            "id": "-oLn39CecTBZ5v3mrzfn"
        },
        {
            "name": "charisma",
            "current": 7,
            "max": "",
            "id": "-EPmBDrxEqcCoG1O3z1f"
        },
        {
            "name": "charisma_mod",
            "current": -2,
            "max": "",
            "id": "-p80oWRyhM0SAksDkwAr"
        },
        {
            "name": "npc_cha_negative",
            "current": 1,
            "max": "",
            "id": "-W7NlRiGdfcMug2twNWD"
        },
        {
            "name": "npc_skills_flag",
            "current": 3,
            "max": "",
            "id": "-H7fbh641aq2xKIMVS2F"
        },
        {
            "name": "npc_perception_base",
            "current": "4",
            "max": "",
            "id": "-GafkWiwplx4kKHBPCjT"
        },
        {
            "name": "npc_perception_flag",
            "current": "1",
            "max": "",
            "id": "-W4xHe7DNO6ZUat2kNut"
        },
        {
            "name": "npc_perception",
            "current": 4,
            "max": "",
            "id": "-LYk8pyzupJl6m3tn6rA"
        },
        {
            "name": "npc_stealth_base",
            "current": "6",
            "max": "",
            "id": "-FOTnDudEKmZjw975FCB"
        },
        {
            "name": "npc_stealth_flag",
            "current": "1",
            "max": "",
            "id": "-bTzjFOAZJwishUSQWzS"
        },
        {
            "name": "npc_stealth",
            "current": 6,
            "max": "",
            "id": "-tNghJ64xfEVsFqcuhMU"
        },
        {
            "name": "repeating_npcaction_-swtMyuioEvjvpouTosZ_name",
            "current": "Укус",
            "max": "",
            "id": "-w8CKsSfhhD4tKAYK0hy"
        },
        {
            "name": "repeating_npcaction_-swtMyuioEvjvpouTosZ_description",
            "current": "Рукопашное Оружие: +4 к атаке, досягаемость: 1 клетка, одна цель. Попадание: 5 (1d6 + 2) колющего урона.",
            "max": "",
            "id": "-ocqP6EpH0MjdczPO2m6"
        },
        {
            "name": "repeating_npcaction_-swtMyuioEvjvpouTosZ_attack_flag",
            "current": "on",
            "max": "",
            "id": "-XGpSUCuGGk6DwXYMljd"
        },
        {
            "name": "repeating_npcaction_-swtMyuioEvjvpouTosZ_attack_tohitrange",
            "current": "+4",
            "max": "",
            "id": "-Kjy7QmkLKYiEHcyxkhK"
        },
        {
            "name": "repeating_npcaction_-swtMyuioEvjvpouTosZ_attack_onhit",
            "current": "",
            "max": "",
            "id": "-DfXWLWCRvyU26D7uwex"
        },
        {
            "name": "repeating_npcaction_-swtMyuioEvjvpouTosZ_attack_tohit",
            "current": "4",
            "max": "",
            "id": "-lyNAPRagMcJoeU1mDQ3"
        },
        {
            "name": "repeating_npcaction_-swtMyuioEvjvpouTosZ_attack_damage",
            "current": "1d6+2",
            "max": "",
            "id": "-q5Z3v0a9kyrAExgmUXj"
        },
        {
            "name": "repeating_npcaction_-swtMyuioEvjvpouTosZ_damage_flag",
            "current": "{{damage=1}} {{dmg1flag=1}}",
            "max": "",
            "id": "-YU1uMU7xQ1MSPQo8LJx"
        },
        {
            "name": "repeating_npcaction_-swtMyuioEvjvpouTosZ_rollbase",
            "current": "@{wtype}&{template:npcaction} {{attack=1}} @{damage_flag} @{npc_name_flag} {{rname=@{name}}} {{r1=[[@{d20}+(@{attack_tohit})]]}} @{rtype}+(@{attack_tohit})]]}} {{dmg1=[[@{attack_damage}]]}} {{dmg1type=@{attack_damagetype}}} {{dmg2=[[@{attack_damage2}+0]]}} {{dmg2type=@{attack_damagetype2}}} {{crit1=[[@{attack_crit}+0]]}} {{crit2=[[@{attack_crit2}+0]]}} {{description=@{show_desc}}} @{charname_output}",
            "max": "",
            "id": "-9ys6gQupvK55M51WgZe"
        },
        {
            "name": "repeating_npcaction_-swtMyuioEvjvpouTosZ_attack_crit",
            "current": "1d6+2",
            "max": "",
            "id": "-7vhlaXkF6eC17b7nyFI"
        },
        {
            "name": "repeating_npcaction_-swtMyuioEvjvpouTosZ_attack_crit2",
            "current": "",
            "max": "",
            "id": "-IJAWfKXrtaPSDlRYJVb"
        },
        {
            "name": "repeating_npcaction_-XdSTjKMVm0rrjtbGbms_name",
            "current": "Когти",
            "max": "",
            "id": "-NPwI3Fha1QPGjLR7qu2"
        },
        {
            "name": "repeating_npcaction_-XdSTjKMVm0rrjtbGbms_description",
            "current": "Рукопашное Оружие: +4 к атаке, досягаемость: 1 клетка, одна цель. Попадание: 4 (1d4 + 2) рубящего урона.",
            "max": "",
            "id": "-oLznZN97xpNvHmYOlGA"
        },
        {
            "name": "repeating_npcaction_-XdSTjKMVm0rrjtbGbms_attack_flag",
            "current": "on",
            "max": "",
            "id": "-ywQmTCPLZZy57gPvQD7"
        },
        {
            "name": "repeating_npcaction_-XdSTjKMVm0rrjtbGbms_attack_tohitrange",
            "current": "+4",
            "max": "",
            "id": "-OktT69pzGEU5oh5o1W6"
        },
        {
            "name": "repeating_npcaction_-XdSTjKMVm0rrjtbGbms_attack_onhit",
            "current": "",
            "max": "",
            "id": "-LR8E1CKBARJDRbrPr6k"
        },
        {
            "name": "repeating_npcaction_-XdSTjKMVm0rrjtbGbms_attack_tohit",
            "current": "4",
            "max": "",
            "id": "-S1Ty7EcJCjMtzvUyvHI"
        },
        {
            "name": "repeating_npcaction_-XdSTjKMVm0rrjtbGbms_attack_damage",
            "current": "1d4+2",
            "max": "",
            "id": "-sJpWNiKqBAe4ubPIA1r"
        },
        {
            "name": "repeating_npcaction_-XdSTjKMVm0rrjtbGbms_damage_flag",
            "current": "{{damage=1}} {{dmg1flag=1}}",
            "max": "",
            "id": "-qMoZcobI1ta50PVP4yi"
        },
        {
            "name": "repeating_npcaction_-XdSTjKMVm0rrjtbGbms_rollbase",
            "current": "@{wtype}&{template:npcaction} {{attack=1}} @{damage_flag} @{npc_name_flag} {{rname=@{name}}} {{r1=[[@{d20}+(@{attack_tohit})]]}} @{rtype}+(@{attack_tohit})]]}} {{dmg1=[[@{attack_damage}]]}} {{dmg1type=@{attack_damagetype}}} {{dmg2=[[@{attack_damage2}+0]]}} {{dmg2type=@{attack_damagetype2}}} {{crit1=[[@{attack_crit}+0]]}} {{crit2=[[@{attack_crit2}+0]]}} {{description=@{show_desc}}} @{charname_output}",
            "max": "",
            "id": "-j1OCinnflmMl6nI1rLF"
        },
        {
            "name": "repeating_npcaction_-XdSTjKMVm0rrjtbGbms_attack_crit",
            "current": "1d4+2",
            "max": "",
            "id": "-vQ97940YYri71olUf1K"
        },
        {
            "name": "repeating_npcaction_-XdSTjKMVm0rrjtbGbms_attack_crit2",
            "current": "",
            "max": "",
            "id": "-8TluFOZDGDHNhBflpZP"
        },
        {
            "name": "repeating_npctrait_-OPYlOfWMnQld62xqRTh_name",
            "current": "Чуткий Нюх",
            "max": "",
            "id": "-zMKGKdFzvWJmxDHA4i8"
        },
        {
            "name": "repeating_npctrait_-OPYlOfWMnQld62xqRTh_description",
            "current": "Пантера имеет преимущество на проверки Мудрости (Внимательность) которые полагаются на нюх.",
            "max": "",
            "id": "-srzZg068VoBChgfc3lm"
        },
        {
            "name": "repeating_npctrait_-A0MI1IO2abWajugYBJX_name",
            "current": "Бросок",
            "max": "",
            "id": "-uAn3XKYcTisX1mGfmux"
        },
        {
            "name": "repeating_npctrait_-A0MI1IO2abWajugYBJX_description",
            "current": "Если пантера передвигается как минимум на 4 клетки в направлении к существу и затем попадает по нему атакой когтями в тот же ход, эта цель должна выполнить успешный спасбросок со сложностью 12 по Силе или будет сбита с ног. Если цель сбита с ног, пантера может провести одну атаку Укусом против нее бонусным действием.",
            "max": "",
            "id": "-dAaPUZglP4UZMWCUfeI"
        },
        {
            "name": "npcspellcastingflag",
            "current": "0",
            "max": "",
            "id": "-zQYeUI51vpPV9qQCXnb"
        }
    ],
    "abilities": []
}