{
    "schema_version": 2,
    "oldId": "-AqAoseymPSNRNyievyj",
    "name": "Железный голем (Iron Golem)",
    "avatar": "https://tentaculus.ru/monsters/img/cute_monsters/IRON_GOLEM.jpg",
    "bio": "",
    "gmnotes": "",
    "defaulttoken": "",
    "tags": "[]",
    "controlledby": "",
    "inplayerjournals": "",
    "attribs": [
        {
            "name": "hitdieroll",
            "current": "4",
            "max": "",
            "id": "-Z2CEVM0FatGcZg2QGkg"
        },
        {
            "name": "showleveler",
            "current": 0,
            "max": "",
            "id": "-Yp6Y9Zti1k0ihezSbEK"
        },
        {
            "name": "invalidXP",
            "current": 0,
            "max": "",
            "id": "-Gz99jvT9IBljvafuvH0"
        },
        {
            "name": "version",
            "current": 4.21,
            "max": "",
            "id": "-IkTCBX9II6vkImwVcbK"
        },
        {
            "name": "mancer_confirm_flag",
            "current": "",
            "max": "",
            "id": "-adnyqNR6KMmTH8rxjl7"
        },
        {
            "name": "mancer_npc",
            "current": "on",
            "max": "",
            "id": "-E0vLIBqubz338Mq4PEJ"
        },
        {
            "name": "l1mancer_status",
            "current": "completed",
            "max": "",
            "id": "-d5b7We4fuL4sWHMF4fJ"
        },
        {
            "name": "rtype",
            "current": "@{advantagetoggle}",
            "max": "",
            "id": "-c36BFi8NUftHGIY67sk"
        },
        {
            "name": "dtype",
            "current": "full",
            "max": "",
            "id": "-RwKdJ0CfXYPzQa0D3XW"
        },
        {
            "name": "appliedUpdates",
            "current": "upgrade_to_4_2_1",
            "max": "",
            "id": "-pawCd2VHKsNthAiF4fN"
        },
        {
            "name": "npc",
            "current": "1",
            "max": "",
            "id": "-ad8nJ6WnWfWzT5lwGtu"
        },
        {
            "name": "npc_options-flag",
            "current": "0",
            "max": "",
            "id": "-sEajMIZmWRkLq9y2psj"
        },
        {
            "name": "ui_flags",
            "current": "",
            "max": "",
            "id": "-gJQlKSbDMFBe8HN41rs"
        },
        {
            "name": "npc_name",
            "current": "Железный голем (Iron Golem)",
            "max": "",
            "id": "-v2qol2B9bgE1sObDdiQ"
        },
        {
            "name": "npc_type",
            "current": "конструкт без мировоззрения",
            "max": "",
            "id": "-T4Q5xvFRQf7Ew26Uh71"
        },
        {
            "name": "npc_speed",
            "current": "6 клеток",
            "max": "",
            "id": "-WIYwpQDvKiZAYWkTTzj"
        },
        {
            "name": "hp",
            "current": "",
            "max": "210",
            "id": "-ImxwoSStB3cSMPwbXym"
        },
        {
            "name": "npc_ac",
            "current": "20 (естественная броня)",
            "max": "",
            "id": "-2SAtl0dCbYhZfsZEDYI"
        },
        {
            "name": "ac",
            "current": "20 (естественная броня)",
            "max": "",
            "id": "-0Mv1Z0QJsmSroet3pqR"
        },
        {
            "name": "npc_languages",
            "current": "понимает все языки известные его создателю, но не может разговаривать",
            "max": "",
            "id": "-64cJ76MMfzt2cng8CSv"
        },
        {
            "name": "npc_challenge",
            "current": "16",
            "max": "",
            "id": "-edrOGT3aCOaoEksTccB"
        },
        {
            "name": "passive_wisdom",
            "current": "16",
            "max": "",
            "id": "-ygW7SD4Uk076A3hMTbX"
        },
        {
            "name": "initiative_bonus",
            "current": -1,
            "max": "",
            "id": "-HiOFLE1DemMjhot6vXS"
        },
        {
            "name": "npc_hpformula",
            "current": "20d10 + 100",
            "max": "",
            "id": "-aghcGysvoKAWOmgnogu"
        },
        {
            "name": "strength_base",
            "current": "24",
            "max": "",
            "id": "-dxTeefJ6kut8fz24Zlr"
        },
        {
            "name": "strength_flag",
            "current": "0",
            "max": "",
            "id": "-KpJ9UrF0lKHDrr7pQDj"
        },
        {
            "name": "strength",
            "current": 24,
            "max": "",
            "id": "-7n8eNT0BIuyYUv8rJTp"
        },
        {
            "name": "strength_mod",
            "current": 7,
            "max": "",
            "id": "-j02NdqKYgbUo0kZdO3l"
        },
        {
            "name": "npc_str_negative",
            "current": 0,
            "max": "",
            "id": "-0RKinnkhVYyVtJM4GWE"
        },
        {
            "name": "dexterity_base",
            "current": "9",
            "max": "",
            "id": "-vis11P6LXEDt8qXbDkE"
        },
        {
            "name": "dexterity_flag",
            "current": "0",
            "max": "",
            "id": "-xlooDMXTXWWTa8omNqm"
        },
        {
            "name": "dexterity",
            "current": 9,
            "max": "",
            "id": "-RLzyHwD8E1xr8nbT8bB"
        },
        {
            "name": "dexterity_mod",
            "current": -1,
            "max": "",
            "id": "-Mmr0teAdbKaJ5aRLwTr"
        },
        {
            "name": "npc_dex_negative",
            "current": 1,
            "max": "",
            "id": "-KtOI8HxtHnlMlZysQVS"
        },
        {
            "name": "constitution_base",
            "current": "20",
            "max": "",
            "id": "-SyCFxLcz3IB0VAW3XKY"
        },
        {
            "name": "constitution_flag",
            "current": "0",
            "max": "",
            "id": "-udsSQmfWkDML6zt11Ho"
        },
        {
            "name": "constitution",
            "current": 20,
            "max": "",
            "id": "-lDC89r5N0rVFqiq9XEq"
        },
        {
            "name": "constitution_mod",
            "current": 5,
            "max": "",
            "id": "-IrrIZEb5WU4byupK1ql"
        },
        {
            "name": "npc_con_negative",
            "current": 0,
            "max": "",
            "id": "-f7qSuNbwe7wWynTPGlJ"
        },
        {
            "name": "intelligence_base",
            "current": "3",
            "max": "",
            "id": "-mdrYFpqSkQqxlaI51px"
        },
        {
            "name": "intelligence_flag",
            "current": "0",
            "max": "",
            "id": "-G1Bs7CV1bSwMWwaRdvC"
        },
        {
            "name": "intelligence",
            "current": 3,
            "max": "",
            "id": "-pBp59arUMCyry5aNVsq"
        },
        {
            "name": "intelligence_mod",
            "current": -4,
            "max": "",
            "id": "-sr01YAlNmDSJkVwu41y"
        },
        {
            "name": "npc_int_negative",
            "current": 1,
            "max": "",
            "id": "-PWRIQKEOxLahkIvqWG9"
        },
        {
            "name": "wisdom_base",
            "current": "11",
            "max": "",
            "id": "-k6t5nzcJ0TcW4HNl2UR"
        },
        {
            "name": "wisdom_flag",
            "current": "0",
            "max": "",
            "id": "-g35pI8kNnK59oAj8QgZ"
        },
        {
            "name": "wisdom",
            "current": 11,
            "max": "",
            "id": "-AqOYiVx9gdmq5zMIMdt"
        },
        {
            "name": "wisdom_mod",
            "current": 0,
            "max": "",
            "id": "-yBZC9w9ozSupVODG2hc"
        },
        {
            "name": "npc_wis_negative",
            "current": 0,
            "max": "",
            "id": "-50iBTGdT4Yv47cVeQVi"
        },
        {
            "name": "charisma_base",
            "current": "1",
            "max": "",
            "id": "-jyXrrRLeoN1kOLjBxrw"
        },
        {
            "name": "charisma_flag",
            "current": "0",
            "max": "",
            "id": "-Y28i3Zm9Tnf1V18tZCb"
        },
        {
            "name": "charisma",
            "current": 1,
            "max": "",
            "id": "-dABDnpJ8YLtTdSse3Ws"
        },
        {
            "name": "charisma_mod",
            "current": -5,
            "max": "",
            "id": "-afIIgB3szDMvuYGfi6O"
        },
        {
            "name": "npc_cha_negative",
            "current": 1,
            "max": "",
            "id": "-RsdsNtYboKekfVPZn7S"
        },
        {
            "name": "npc_immunities",
            "current": "огонь, яд, психика; дробящий, колющий, и рубящий от немагического оружия кроме адамантиевого",
            "max": "",
            "id": "-eZYIUdwdTw9cS4vZKN5"
        },
        {
            "name": "npc_condition_immunities",
            "current": "очарование, истощение, испуг, паралич, окаменение, отравление",
            "max": "",
            "id": "-J9ZBLbTAUup5aAV5OUF"
        },
        {
            "name": "npc_senses",
            "current": "темнозрение 24 клетки",
            "max": "",
            "id": "-UlRUmQZZoownZ9W972q"
        },
        {
            "name": "repeating_npcaction_-tQI5QdTDwrJQrhkwq9b_name",
            "current": "Мультиатака",
            "max": "",
            "id": "-3ghbn6SmU35eakXD3KB"
        },
        {
            "name": "repeating_npcaction_-tQI5QdTDwrJQrhkwq9b_description",
            "current": "Голем проводит 2 ближних атаки оружием.",
            "max": "",
            "id": "-aiUplRrpHAnqxhLOwYx"
        },
        {
            "name": "repeating_npcaction_-tQI5QdTDwrJQrhkwq9b_attack_tohitrange",
            "current": "+0",
            "max": "",
            "id": "-GmERuyH5UGcKHgrdwXS"
        },
        {
            "name": "repeating_npcaction_-tQI5QdTDwrJQrhkwq9b_attack_onhit",
            "current": "",
            "max": "",
            "id": "-WF1xugE191tqNQBCzIF"
        },
        {
            "name": "repeating_npcaction_-tQI5QdTDwrJQrhkwq9b_damage_flag",
            "current": "",
            "max": "",
            "id": "-u3AGs2NuFbk01VDuPqj"
        },
        {
            "name": "repeating_npcaction_-tQI5QdTDwrJQrhkwq9b_attack_crit",
            "current": "",
            "max": "",
            "id": "-Y25RTc3SpKlwAqiJhPV"
        },
        {
            "name": "repeating_npcaction_-tQI5QdTDwrJQrhkwq9b_attack_crit2",
            "current": "",
            "max": "",
            "id": "-7C6UZKTdD7VrJXIsI9t"
        },
        {
            "name": "repeating_npcaction_-tQI5QdTDwrJQrhkwq9b_rollbase",
            "current": "@{wtype}&{template:npcaction} @{npc_name_flag} {{rname=@{name}}} {{description=@{show_desc}}} @{charname_output}",
            "max": "",
            "id": "-9UHKw20pySPyu7pV1qI"
        },
        {
            "name": "repeating_npcaction_-2ta4cSeLO1oA3qRADxG_name",
            "current": "Удар",
            "max": "",
            "id": "-yWAGSVOYJAP8R0tPoCF"
        },
        {
            "name": "repeating_npcaction_-2ta4cSeLO1oA3qRADxG_description",
            "current": "Рукопашное Оружие: +13 к атаке, досягаемость: 1 клетка, одна цель. Попадание: 20 (3d8 + 7) дробящего урона.",
            "max": "",
            "id": "-iXKEWZskfxYyEoQEp0E"
        },
        {
            "name": "repeating_npcaction_-2ta4cSeLO1oA3qRADxG_attack_flag",
            "current": "on",
            "max": "",
            "id": "-Gb84icpnA2kuOecJ5G2"
        },
        {
            "name": "repeating_npcaction_-2ta4cSeLO1oA3qRADxG_attack_tohitrange",
            "current": "+13",
            "max": "",
            "id": "-YyesvEpw1QjEsTGBeIX"
        },
        {
            "name": "repeating_npcaction_-2ta4cSeLO1oA3qRADxG_attack_onhit",
            "current": "",
            "max": "",
            "id": "-LRqBq1eJOTxe5h8lERv"
        },
        {
            "name": "repeating_npcaction_-2ta4cSeLO1oA3qRADxG_attack_tohit",
            "current": "13",
            "max": "",
            "id": "-5GWgPgAPnhVsLMVQ9wV"
        },
        {
            "name": "repeating_npcaction_-2ta4cSeLO1oA3qRADxG_attack_damage",
            "current": "3d8+7",
            "max": "",
            "id": "-sdKy7HrrnYc6vuwYA3M"
        },
        {
            "name": "repeating_npcaction_-2ta4cSeLO1oA3qRADxG_damage_flag",
            "current": "{{damage=1}} {{dmg1flag=1}}",
            "max": "",
            "id": "-8BwlqHcNFUkETJNq7v5"
        },
        {
            "name": "repeating_npcaction_-2ta4cSeLO1oA3qRADxG_rollbase",
            "current": "@{wtype}&{template:npcaction} {{attack=1}} @{damage_flag} @{npc_name_flag} {{rname=@{name}}} {{r1=[[@{d20}+(@{attack_tohit})]]}} @{rtype}+(@{attack_tohit})]]}} {{dmg1=[[@{attack_damage}]]}} {{dmg1type=@{attack_damagetype}}} {{dmg2=[[@{attack_damage2}+0]]}} {{dmg2type=@{attack_damagetype2}}} {{crit1=[[@{attack_crit}+0]]}} {{crit2=[[@{attack_crit2}+0]]}} {{description=@{show_desc}}} @{charname_output}",
            "max": "",
            "id": "-95iV22bdCBebDEoBbWB"
        },
        {
            "name": "repeating_npcaction_-2ta4cSeLO1oA3qRADxG_attack_crit",
            "current": "3d8+7",
            "max": "",
            "id": "-0FjkhWyll0l38Iku4ai"
        },
        {
            "name": "repeating_npcaction_-2ta4cSeLO1oA3qRADxG_attack_crit2",
            "current": "",
            "max": "",
            "id": "-h5lJGwjeVinCHrKWkYH"
        },
        {
            "name": "repeating_npcaction_-sNk4wcBJjILXCTS3mSh_name",
            "current": "Меч",
            "max": "",
            "id": "-3S6O3dus9QXkMAWDHfg"
        },
        {
            "name": "repeating_npcaction_-sNk4wcBJjILXCTS3mSh_description",
            "current": "Рукопашное Оружие: +13 к атаке, досягаемость: 2 клетки, одна цель. Попадание: 23 (3d10 + 7) рубящего урона.",
            "max": "",
            "id": "-hZ5gqVPIQPE4em9udl4"
        },
        {
            "name": "repeating_npcaction_-sNk4wcBJjILXCTS3mSh_attack_flag",
            "current": "on",
            "max": "",
            "id": "-rKymJaUvvz4dxfwqd06"
        },
        {
            "name": "repeating_npcaction_-sNk4wcBJjILXCTS3mSh_attack_tohitrange",
            "current": "+13",
            "max": "",
            "id": "-6ZznOXgmsoMpvKaXWsS"
        },
        {
            "name": "repeating_npcaction_-sNk4wcBJjILXCTS3mSh_attack_onhit",
            "current": "",
            "max": "",
            "id": "-4ofYvDtTE0tIXEkjYGk"
        },
        {
            "name": "repeating_npcaction_-sNk4wcBJjILXCTS3mSh_attack_tohit",
            "current": "13",
            "max": "",
            "id": "-agqhTwflUQHbq06ONgQ"
        },
        {
            "name": "repeating_npcaction_-sNk4wcBJjILXCTS3mSh_attack_damage",
            "current": "3d10+7",
            "max": "",
            "id": "-Nzzm4I3ZpIwA5CuG4UP"
        },
        {
            "name": "repeating_npcaction_-sNk4wcBJjILXCTS3mSh_damage_flag",
            "current": "{{damage=1}} {{dmg1flag=1}}",
            "max": "",
            "id": "-8oUwntGdK8RULYFlsa4"
        },
        {
            "name": "repeating_npcaction_-sNk4wcBJjILXCTS3mSh_rollbase",
            "current": "@{wtype}&{template:npcaction} {{attack=1}} @{damage_flag} @{npc_name_flag} {{rname=@{name}}} {{r1=[[@{d20}+(@{attack_tohit})]]}} @{rtype}+(@{attack_tohit})]]}} {{dmg1=[[@{attack_damage}]]}} {{dmg1type=@{attack_damagetype}}} {{dmg2=[[@{attack_damage2}+0]]}} {{dmg2type=@{attack_damagetype2}}} {{crit1=[[@{attack_crit}+0]]}} {{crit2=[[@{attack_crit2}+0]]}} {{description=@{show_desc}}} @{charname_output}",
            "max": "",
            "id": "-gdzMe2oc3qcP31XL8R1"
        },
        {
            "name": "repeating_npcaction_-sNk4wcBJjILXCTS3mSh_attack_crit",
            "current": "3d10+7",
            "max": "",
            "id": "-Vmm1OMaslAhrWHWaSsV"
        },
        {
            "name": "repeating_npcaction_-sNk4wcBJjILXCTS3mSh_attack_crit2",
            "current": "",
            "max": "",
            "id": "-8QKqPXFjLs9JxpNe3lL"
        },
        {
            "name": "repeating_npcaction_-kfYbtOVO308Nht621oD_name",
            "current": "Ядовитое Дыхание (Перезарядка 5-6)",
            "max": "",
            "id": "-aNOEW4swXxdOBHFYHIh"
        },
        {
            "name": "repeating_npcaction_-kfYbtOVO308Nht621oD_description",
            "current": "Голем выдыхает ядовитый газ конусом размером 3 клетки. Каждое существо в этой области должно бросить спасбросок со сложностью 19 по Телосложению. В случае неудачи существо получает 45 (l0d8) урона ядом, и половину урона в случае успеха.",
            "max": "",
            "id": "-CoZZahVtlGqV7pwh5tV"
        },
        {
            "name": "repeating_npcaction_-kfYbtOVO308Nht621oD_attack_flag",
            "current": "on",
            "max": "",
            "id": "-J8wGt2eBA35O4pH4p4v"
        },
        {
            "name": "repeating_npcaction_-kfYbtOVO308Nht621oD_attack_tohitrange",
            "current": "+",
            "max": "",
            "id": "-iwq6weRCEivUGSyHCGd"
        },
        {
            "name": "repeating_npcaction_-kfYbtOVO308Nht621oD_attack_onhit",
            "current": "",
            "max": "",
            "id": "-9ZDXIQwAta6eXIsyU98"
        },
        {
            "name": "repeating_npcaction_-kfYbtOVO308Nht621oD_attack_tohit",
            "current": "",
            "max": "",
            "id": "-b6gT36PIU1bwWnAau8U"
        },
        {
            "name": "repeating_npcaction_-kfYbtOVO308Nht621oD_attack_damage",
            "current": "10d8",
            "max": "",
            "id": "-14bEJGMkyW7HrexvnGt"
        },
        {
            "name": "repeating_npcaction_-kfYbtOVO308Nht621oD_damage_flag",
            "current": "{{damage=1}} {{dmg1flag=1}}",
            "max": "",
            "id": "-63d5MsCl535QKI5b1c6"
        },
        {
            "name": "repeating_npcaction_-kfYbtOVO308Nht621oD_rollbase",
            "current": "@{wtype}&{template:npcaction} {{attack=1}} @{damage_flag} @{npc_name_flag} {{rname=@{name}}} {{r1=[[@{d20}+(@{attack_tohit})]]}} @{rtype}+(@{attack_tohit})]]}} {{dmg1=[[@{attack_damage}]]}} {{dmg1type=@{attack_damagetype}}} {{dmg2=[[@{attack_damage2}+0]]}} {{dmg2type=@{attack_damagetype2}}} {{crit1=[[@{attack_crit}+0]]}} {{crit2=[[@{attack_crit2}+0]]}} {{description=@{show_desc}}} @{charname_output}",
            "max": "",
            "id": "-sTGRMGTZ4fNWoXhTmTi"
        },
        {
            "name": "repeating_npcaction_-kfYbtOVO308Nht621oD_attack_crit",
            "current": "10d8",
            "max": "",
            "id": "-vMEj1VFwpNjpmne9IyM"
        },
        {
            "name": "repeating_npcaction_-kfYbtOVO308Nht621oD_attack_crit2",
            "current": "",
            "max": "",
            "id": "-pisqjFewK1nWvMpcaf8"
        },
        {
            "name": "repeating_npctrait_-t1d3qWIT8kseX6Wjd9j_name",
            "current": "Поглощение огня",
            "max": "",
            "id": "-0h0bV80scAUQPzVhBwZ"
        },
        {
            "name": "repeating_npctrait_-t1d3qWIT8kseX6Wjd9j_description",
            "current": "Каждый раз когда голем получает урон огнем, он вместо этого восстанавливает очки здоровья в количестве равным полученному урону.",
            "max": "",
            "id": "-0nanFHV5tygW2enYffV"
        },
        {
            "name": "repeating_npctrait_-tA1Yxg7g4M39jkf5xe4_name",
            "current": "Неизменная форма",
            "max": "",
            "id": "-1NZQ0dWV6bHjXntPjZB"
        },
        {
            "name": "repeating_npctrait_-tA1Yxg7g4M39jkf5xe4_description",
            "current": "Голем обладает иммунитетом к любым эффектам или заклинаниям, изменяющим его форму.",
            "max": "",
            "id": "-mC1VtOKoQUJkpoHTaeS"
        },
        {
            "name": "repeating_npctrait_-EBVqnc5FAzx4xtJHlBI_name",
            "current": "Сопротивление Магии",
            "max": "",
            "id": "-C66ojBuQuji6nf2N1w9"
        },
        {
            "name": "repeating_npctrait_-EBVqnc5FAzx4xtJHlBI_description",
            "current": "Голем имеет преимущество в спасбросках против заклинаний и других магических эффектов.",
            "max": "",
            "id": "-H4nVVuUX5ed2SMOb2Ej"
        },
        {
            "name": "repeating_npctrait_-ejEa9pkMfF18GXF67D0_name",
            "current": "Магические Оружия",
            "max": "",
            "id": "-nE0DWeDNaNtSIeKHDNY"
        },
        {
            "name": "repeating_npctrait_-ejEa9pkMfF18GXF67D0_description",
            "current": "Атаки любым оружием считаются атаками магическим оружием.",
            "max": "",
            "id": "-utPaZwd9QIpIOZQ5Of0"
        },
        {
            "name": "npcspellcastingflag",
            "current": "0",
            "max": "",
            "id": "-7FCaQR7HWW8hRD0iIRt"
        }
    ],
    "abilities": []
}