{
    "schema_version": 2,
    "oldId": "-hAItZWadYVK1G2KMH9V",
    "name": "Совомедведь (Owlbear)",
    "avatar": "https://tentaculus.ru/monsters/img/cute_monsters/OWLBEAR.jpg",
    "bio": "",
    "gmnotes": "",
    "defaulttoken": "",
    "tags": "[]",
    "controlledby": "",
    "inplayerjournals": "",
    "attribs": [
        {
            "name": "hitdieroll",
            "current": "4",
            "max": "",
            "id": "-GBpeA4EWporaY33p3yG"
        },
        {
            "name": "showleveler",
            "current": 0,
            "max": "",
            "id": "-vD7pwqB1fk32p9K52ez"
        },
        {
            "name": "invalidXP",
            "current": 0,
            "max": "",
            "id": "-2B3Iy73P0BSna4BCVKg"
        },
        {
            "name": "version",
            "current": 4.21,
            "max": "",
            "id": "-k0ArPIoVG0dWh81bUuS"
        },
        {
            "name": "mancer_confirm_flag",
            "current": "",
            "max": "",
            "id": "-KsVzavlDTxexgJUimw2"
        },
        {
            "name": "mancer_npc",
            "current": "on",
            "max": "",
            "id": "-PrTS9KuNdcvSjV7BceY"
        },
        {
            "name": "l1mancer_status",
            "current": "completed",
            "max": "",
            "id": "-0cmRvQXnJGFwbN9x2RV"
        },
        {
            "name": "rtype",
            "current": "@{advantagetoggle}",
            "max": "",
            "id": "-UtV8UvEQFzdNcvEFTHN"
        },
        {
            "name": "dtype",
            "current": "full",
            "max": "",
            "id": "-R29GOp19rFC5M3JrGUq"
        },
        {
            "name": "appliedUpdates",
            "current": "upgrade_to_4_2_1",
            "max": "",
            "id": "-5W5yVP9gYrgcYf7lMfG"
        },
        {
            "name": "npc",
            "current": "1",
            "max": "",
            "id": "-wjcicnEqP2yAueQddgF"
        },
        {
            "name": "npc_options-flag",
            "current": "0",
            "max": "",
            "id": "-ey2XQb27tPU5mGI5sd5"
        },
        {
            "name": "ui_flags",
            "current": "",
            "max": "",
            "id": "-awPqzOJvqVGNKt7QxaK"
        },
        {
            "name": "npc_name",
            "current": "Совомедведь (Owlbear)",
            "max": "",
            "id": "-dEeDo0yDuzBJu0mh1bv"
        },
        {
            "name": "npc_type",
            "current": "монстр без мировоззрения",
            "max": "",
            "id": "-3mWpbZjQ3jQ4w5bb371"
        },
        {
            "name": "npc_speed",
            "current": "8 клеток",
            "max": "",
            "id": "-trS2qxWJ31qUKoHXJTk"
        },
        {
            "name": "hp",
            "current": "",
            "max": "59",
            "id": "-Z49wd6vEu6FX9uJrzsB"
        },
        {
            "name": "npc_ac",
            "current": "13 (естественная броня)",
            "max": "",
            "id": "-hom1ihvcV4OGkmg16yZ"
        },
        {
            "name": "ac",
            "current": "13 (естественная броня)",
            "max": "",
            "id": "-RINaawiiZBpUSbpbnde"
        },
        {
            "name": "npc_languages",
            "current": "",
            "max": "",
            "id": "-Cnnm34xowYHQtZRAG7K"
        },
        {
            "name": "npc_challenge",
            "current": "3",
            "max": "",
            "id": "-yTGL3GRCzHLuOlXozI3"
        },
        {
            "name": "passive_wisdom",
            "current": "3",
            "max": "",
            "id": "-UihRzyoMHdNs5aVtjzK"
        },
        {
            "name": "initiative_bonus",
            "current": 1,
            "max": "",
            "id": "-KGFde6YqfM4ZzXoHEGK"
        },
        {
            "name": "npc_hpformula",
            "current": "7d10 + 21",
            "max": "",
            "id": "-UlKRiNk7244L2snSvjf"
        },
        {
            "name": "strength_base",
            "current": "20",
            "max": "",
            "id": "-XsrrKSeGkHpdXwXwaI4"
        },
        {
            "name": "strength_flag",
            "current": "0",
            "max": "",
            "id": "-cxDfxdj2fy1b9WmV4rQ"
        },
        {
            "name": "strength",
            "current": 20,
            "max": "",
            "id": "-AWMPs7p2K2lDFuCzlOY"
        },
        {
            "name": "strength_mod",
            "current": 5,
            "max": "",
            "id": "-CRX3Z4gOiyg9ReTeGEv"
        },
        {
            "name": "npc_str_negative",
            "current": 0,
            "max": "",
            "id": "-htdfCvpyo8EK9c9rrps"
        },
        {
            "name": "dexterity_base",
            "current": "12",
            "max": "",
            "id": "-ozG850LPUMwVB4sevn2"
        },
        {
            "name": "dexterity_flag",
            "current": "0",
            "max": "",
            "id": "-jB9xoaQevpJ44EtLizz"
        },
        {
            "name": "dexterity",
            "current": 12,
            "max": "",
            "id": "-tHFoXuTu0imq4RFmmNm"
        },
        {
            "name": "dexterity_mod",
            "current": 1,
            "max": "",
            "id": "-gnveRfY0N2SYK3XbV58"
        },
        {
            "name": "npc_dex_negative",
            "current": 0,
            "max": "",
            "id": "-hoA5jYk2vWo9uQxaV3e"
        },
        {
            "name": "constitution_base",
            "current": "17",
            "max": "",
            "id": "-iD5dPUsEisfzD4YcS5j"
        },
        {
            "name": "constitution_flag",
            "current": "0",
            "max": "",
            "id": "-caGZKm4UE1iCsDnGCld"
        },
        {
            "name": "constitution",
            "current": 17,
            "max": "",
            "id": "-SpdNQPJBzQ4ZRW77fag"
        },
        {
            "name": "constitution_mod",
            "current": 3,
            "max": "",
            "id": "-4lPLOb3KbsGL3B8f7cs"
        },
        {
            "name": "npc_con_negative",
            "current": 0,
            "max": "",
            "id": "-ClkG5SJzClk7VMQCzcV"
        },
        {
            "name": "intelligence_base",
            "current": "3",
            "max": "",
            "id": "-Qs7oFm9PtRfWcIQxWwL"
        },
        {
            "name": "intelligence_flag",
            "current": "0",
            "max": "",
            "id": "-IC9auSkB1ELQalIUVjw"
        },
        {
            "name": "intelligence",
            "current": 3,
            "max": "",
            "id": "-v9Q7U5ng41b5vEzOQrD"
        },
        {
            "name": "intelligence_mod",
            "current": -4,
            "max": "",
            "id": "-D17kVltjYrOdfpijstK"
        },
        {
            "name": "npc_int_negative",
            "current": 1,
            "max": "",
            "id": "-nIP4OjkIsIvcJMTBmQ8"
        },
        {
            "name": "wisdom_base",
            "current": "12",
            "max": "",
            "id": "-sOYhoX5RRZBDUmHwIhJ"
        },
        {
            "name": "wisdom_flag",
            "current": "0",
            "max": "",
            "id": "-yKzuIrYT7X473K2XQvt"
        },
        {
            "name": "wisdom",
            "current": 12,
            "max": "",
            "id": "-rpK0We9FIABwKMFRfKR"
        },
        {
            "name": "wisdom_mod",
            "current": 1,
            "max": "",
            "id": "-3FkMDOCX8nhwPHAeFsa"
        },
        {
            "name": "npc_wis_negative",
            "current": 0,
            "max": "",
            "id": "-f3CpVetbgxYjIHDmarL"
        },
        {
            "name": "charisma_base",
            "current": "7",
            "max": "",
            "id": "-abCPdqq0RPBfJ81FOLE"
        },
        {
            "name": "charisma_flag",
            "current": "0",
            "max": "",
            "id": "-0kbHv1sM2NuuNaZiitd"
        },
        {
            "name": "charisma",
            "current": 7,
            "max": "",
            "id": "-WONCOI1bTl5KsYcQPvl"
        },
        {
            "name": "charisma_mod",
            "current": -2,
            "max": "",
            "id": "-6SYNcKRgDN9AJ2dv508"
        },
        {
            "name": "npc_cha_negative",
            "current": 1,
            "max": "",
            "id": "-jrDnvYgjtK7gBN4MFXg"
        },
        {
            "name": "npc_skills_flag",
            "current": 3,
            "max": "",
            "id": "-V6nRi5ZWsAb7590d5E9"
        },
        {
            "name": "npc_perception_base",
            "current": "3",
            "max": "",
            "id": "-SpNEAbQWob5xCK1UEBd"
        },
        {
            "name": "npc_perception_flag",
            "current": "1",
            "max": "",
            "id": "-j3Do5M6jamMLfJweTEq"
        },
        {
            "name": "npc_perception",
            "current": 3,
            "max": "",
            "id": "-xRqJ0EV6k5bbhJaYtlG"
        },
        {
            "name": "npc_senses",
            "current": "темнозрение 12 клеток",
            "max": "",
            "id": "-tCsv8ad3LLIqF0YwCqc"
        },
        {
            "name": "repeating_npcaction_-lK1n3vgaNguULlhnHma_name",
            "current": "Мультиатака",
            "max": "",
            "id": "-4vD4qxEnrR5sDIsqeXQ"
        },
        {
            "name": "repeating_npcaction_-lK1n3vgaNguULlhnHma_description",
            "current": "Совомедведь проводит две атаки: одну клювом, одну когтями.",
            "max": "",
            "id": "-VwgLBDEXdDsdxM8SNTa"
        },
        {
            "name": "repeating_npcaction_-lK1n3vgaNguULlhnHma_attack_tohitrange",
            "current": "+0",
            "max": "",
            "id": "-urJXz7RTPvYrB0rSqjS"
        },
        {
            "name": "repeating_npcaction_-lK1n3vgaNguULlhnHma_attack_onhit",
            "current": "",
            "max": "",
            "id": "-IRSq6vfq6ib6IyHq1OP"
        },
        {
            "name": "repeating_npcaction_-lK1n3vgaNguULlhnHma_damage_flag",
            "current": "",
            "max": "",
            "id": "-cpRK2mlXtEYdigGxX4m"
        },
        {
            "name": "repeating_npcaction_-lK1n3vgaNguULlhnHma_attack_crit",
            "current": "",
            "max": "",
            "id": "-nrvd6Jlsun8jgVrMQ6m"
        },
        {
            "name": "repeating_npcaction_-lK1n3vgaNguULlhnHma_attack_crit2",
            "current": "",
            "max": "",
            "id": "-1sS8uoLaMMZAoI5dxWn"
        },
        {
            "name": "repeating_npcaction_-lK1n3vgaNguULlhnHma_rollbase",
            "current": "@{wtype}&{template:npcaction} @{npc_name_flag} {{rname=@{name}}} {{description=@{show_desc}}} @{charname_output}",
            "max": "",
            "id": "-jlJZPPywWsIl91j3nQl"
        },
        {
            "name": "repeating_npcaction_-6BMr2qe4LiyzT92iZ45_name",
            "current": "Клюв",
            "max": "",
            "id": "-6IE5qaCIUI8GbEd3kht"
        },
        {
            "name": "repeating_npcaction_-6BMr2qe4LiyzT92iZ45_description",
            "current": "Рукопашное Оружие: +7 к атаке, досягаемость: 1 клетка, одно существо. Попадание: 10 (1d10 + 5) колющего урона.",
            "max": "",
            "id": "-wbWUCrlqiFJUnknyKSW"
        },
        {
            "name": "repeating_npcaction_-6BMr2qe4LiyzT92iZ45_attack_flag",
            "current": "on",
            "max": "",
            "id": "-ivxayIBBG5OB3B7CPdO"
        },
        {
            "name": "repeating_npcaction_-6BMr2qe4LiyzT92iZ45_attack_tohitrange",
            "current": "+7",
            "max": "",
            "id": "-JGsuyUleYuN8AJelMcC"
        },
        {
            "name": "repeating_npcaction_-6BMr2qe4LiyzT92iZ45_attack_onhit",
            "current": "",
            "max": "",
            "id": "-4LdStcR6RBNpJICkVyg"
        },
        {
            "name": "repeating_npcaction_-6BMr2qe4LiyzT92iZ45_attack_tohit",
            "current": "7",
            "max": "",
            "id": "-pwCJnn1Z8FDdOiXLQsY"
        },
        {
            "name": "repeating_npcaction_-6BMr2qe4LiyzT92iZ45_attack_damage",
            "current": "1d10+5",
            "max": "",
            "id": "-AQCjxQ7TM0Kmo2AudeY"
        },
        {
            "name": "repeating_npcaction_-6BMr2qe4LiyzT92iZ45_damage_flag",
            "current": "{{damage=1}} {{dmg1flag=1}}",
            "max": "",
            "id": "-aWcxMta2reOF0RN7i6b"
        },
        {
            "name": "repeating_npcaction_-6BMr2qe4LiyzT92iZ45_rollbase",
            "current": "@{wtype}&{template:npcaction} {{attack=1}} @{damage_flag} @{npc_name_flag} {{rname=@{name}}} {{r1=[[@{d20}+(@{attack_tohit})]]}} @{rtype}+(@{attack_tohit})]]}} {{dmg1=[[@{attack_damage}]]}} {{dmg1type=@{attack_damagetype}}} {{dmg2=[[@{attack_damage2}+0]]}} {{dmg2type=@{attack_damagetype2}}} {{crit1=[[@{attack_crit}+0]]}} {{crit2=[[@{attack_crit2}+0]]}} {{description=@{show_desc}}} @{charname_output}",
            "max": "",
            "id": "-GOrDGNcGSTvp5QbRVm6"
        },
        {
            "name": "repeating_npcaction_-6BMr2qe4LiyzT92iZ45_attack_crit",
            "current": "1d10+5",
            "max": "",
            "id": "-jxWqJJk5Nh72dPfEVRQ"
        },
        {
            "name": "repeating_npcaction_-6BMr2qe4LiyzT92iZ45_attack_crit2",
            "current": "",
            "max": "",
            "id": "-sdrKGNrNGvGA9Jx0Okr"
        },
        {
            "name": "repeating_npcaction_-GmF9SseJbvt7IZe36Ae_name",
            "current": "Когти",
            "max": "",
            "id": "-UVyktmmuXuNKvExWBzJ"
        },
        {
            "name": "repeating_npcaction_-GmF9SseJbvt7IZe36Ae_description",
            "current": "Рукопашное Оружие: +7 к атаке, досягаемость: 1 клетка, одна цель. Попадание: 14 (2d8 + 5) рубящего урона.",
            "max": "",
            "id": "-agJkaRB8iQMgrXmq7e1"
        },
        {
            "name": "repeating_npcaction_-GmF9SseJbvt7IZe36Ae_attack_flag",
            "current": "on",
            "max": "",
            "id": "-pazWsb7e5aoWjbME4Hb"
        },
        {
            "name": "repeating_npcaction_-GmF9SseJbvt7IZe36Ae_attack_tohitrange",
            "current": "+7",
            "max": "",
            "id": "-YdFd1sGlUA0Nt404st7"
        },
        {
            "name": "repeating_npcaction_-GmF9SseJbvt7IZe36Ae_attack_onhit",
            "current": "",
            "max": "",
            "id": "-TkPb3zGN52MwP6KeOlN"
        },
        {
            "name": "repeating_npcaction_-GmF9SseJbvt7IZe36Ae_attack_tohit",
            "current": "7",
            "max": "",
            "id": "-FEBAhZWvm63jIlAU8Bg"
        },
        {
            "name": "repeating_npcaction_-GmF9SseJbvt7IZe36Ae_attack_damage",
            "current": "2d8+5",
            "max": "",
            "id": "-9laHUSLfoQauKrcZkMb"
        },
        {
            "name": "repeating_npcaction_-GmF9SseJbvt7IZe36Ae_damage_flag",
            "current": "{{damage=1}} {{dmg1flag=1}}",
            "max": "",
            "id": "-ZyltAVd4AtfUO16fxDD"
        },
        {
            "name": "repeating_npcaction_-GmF9SseJbvt7IZe36Ae_rollbase",
            "current": "@{wtype}&{template:npcaction} {{attack=1}} @{damage_flag} @{npc_name_flag} {{rname=@{name}}} {{r1=[[@{d20}+(@{attack_tohit})]]}} @{rtype}+(@{attack_tohit})]]}} {{dmg1=[[@{attack_damage}]]}} {{dmg1type=@{attack_damagetype}}} {{dmg2=[[@{attack_damage2}+0]]}} {{dmg2type=@{attack_damagetype2}}} {{crit1=[[@{attack_crit}+0]]}} {{crit2=[[@{attack_crit2}+0]]}} {{description=@{show_desc}}} @{charname_output}",
            "max": "",
            "id": "-eu3jstFkQ8pqfo2yIb4"
        },
        {
            "name": "repeating_npcaction_-GmF9SseJbvt7IZe36Ae_attack_crit",
            "current": "2d8+5",
            "max": "",
            "id": "-HhjpZbZYwgnEtcfyqFS"
        },
        {
            "name": "repeating_npcaction_-GmF9SseJbvt7IZe36Ae_attack_crit2",
            "current": "",
            "max": "",
            "id": "-qzHbzZwFpmrMoFCaRZ4"
        },
        {
            "name": "repeating_npctrait_-zudE5NeQlZy5yQVeVpy_name",
            "current": "Острое зрение и нюх",
            "max": "",
            "id": "-BO92BfMjumTUCx4kU79"
        },
        {
            "name": "repeating_npctrait_-zudE5NeQlZy5yQVeVpy_description",
            "current": "Совомедведь имеет преимущество на проверки Мудрости (Внимательность) которые полагаются на зрение или нюх.",
            "max": "",
            "id": "-q0iHyh3XiZzIdfnqrLY"
        },
        {
            "name": "npcspellcastingflag",
            "current": "0",
            "max": "",
            "id": "-vya8Aw4HVcjytDvRXHW"
        }
    ],
    "abilities": []
}