{
    "schema_version": 2,
    "oldId": "-CEaZlPKHRQzZUo2xqqi",
    "name": "Солар (Solar)",
    "avatar": "https://tentaculus.ru/monsters/img/cute_monsters/SOLAR.jpg",
    "bio": "<p>Солар подобен богу по своей славе и силе. Меч солара самостоятельно летает по полю боя, а одна-единственная стрела из его лука может запросто убить цель. Настолько велика мощь солара, что даже демонические князья содрогаются от его звучных команд.</p> <p>Говорят, что существует всего двадцать четыре солара. Известно, что несколько соларов являются верными помощниками некоторых богов. Остальные отдыхают в состоянии созерцания, ожидая, когда их услуги понадобятся для противостояния огромной угрозе силам добра.</p>",
    "gmnotes": "",
    "defaulttoken": "",
    "tags": "[]",
    "controlledby": "",
    "inplayerjournals": "",
    "attribs": [
        {
            "name": "hitdieroll",
            "current": "4",
            "max": "",
            "id": "-mXtVHOv5y5Rj9sOix6c"
        },
        {
            "name": "showleveler",
            "current": 0,
            "max": "",
            "id": "-kNTbDBoQXZIZUJ56IeO"
        },
        {
            "name": "invalidXP",
            "current": 0,
            "max": "",
            "id": "-GyBpqEbE7dm4upN8YbH"
        },
        {
            "name": "version",
            "current": 4.21,
            "max": "",
            "id": "-tR2TAMWRLj17UGmbQy0"
        },
        {
            "name": "mancer_confirm_flag",
            "current": "",
            "max": "",
            "id": "-2LPzzoNohCBiaLZ6KJv"
        },
        {
            "name": "mancer_npc",
            "current": "on",
            "max": "",
            "id": "-gIAU9Bp9bl7Vvgh7OoZ"
        },
        {
            "name": "l1mancer_status",
            "current": "completed",
            "max": "",
            "id": "-EYNHSjFwHrpzlAKhhmf"
        },
        {
            "name": "rtype",
            "current": "@{advantagetoggle}",
            "max": "",
            "id": "-qe5F1npID9OcE5TS78y"
        },
        {
            "name": "dtype",
            "current": "full",
            "max": "",
            "id": "-8YeXt9PqJdn4nHMdCPn"
        },
        {
            "name": "appliedUpdates",
            "current": "upgrade_to_4_2_1",
            "max": "",
            "id": "-d8knqZIeb70yUWjZniQ"
        },
        {
            "name": "npc",
            "current": "1",
            "max": "",
            "id": "-EKIzyPoh70XN3nJo1xa"
        },
        {
            "name": "npc_options-flag",
            "current": "0",
            "max": "",
            "id": "-8D9ciiz6zUCtlgI0uXj"
        },
        {
            "name": "ui_flags",
            "current": "",
            "max": "",
            "id": "-juEr6yG1ed5tcdUXOIz"
        },
        {
            "name": "npc_name",
            "current": "Солар (Solar)",
            "max": "",
            "id": "-Nshww1iWRcZ2VaSTiLO"
        },
        {
            "name": "npc_type",
            "current": "небожитель законно-добрый",
            "max": "",
            "id": "-kEon9RIorcOvy4Wd1bi"
        },
        {
            "name": "npc_speed",
            "current": "10 клеток, летая 30 клеток",
            "max": "",
            "id": "-e83vBeovneCx9QBEKTo"
        },
        {
            "name": "hp",
            "current": "",
            "max": "243",
            "id": "-WF23cvS9IWbhCUmzVEY"
        },
        {
            "name": "npc_ac",
            "current": "21 (естественная броня)",
            "max": "",
            "id": "-zQ1OpiPa6XFQ7zOoPBb"
        },
        {
            "name": "ac",
            "current": "21 (естественная броня)",
            "max": "",
            "id": "-eUXY4JCF7s7RJQUpoFj"
        },
        {
            "name": "npc_languages",
            "current": "любые, телепатия 24 клетки",
            "max": "",
            "id": "-HeZXCm3lAYmOK1TeqkF"
        },
        {
            "name": "npc_challenge",
            "current": "21",
            "max": "",
            "id": "-5gQM5seE5ZZdmwKTBRv"
        },
        {
            "name": "passive_wisdom",
            "current": "21",
            "max": "",
            "id": "-ouIfpjCk2PW4mFCj5zo"
        },
        {
            "name": "initiative_bonus",
            "current": 6,
            "max": "",
            "id": "-lahHAvBnMEq6yidVPnY"
        },
        {
            "name": "npc_hpformula",
            "current": "18d10 + 144",
            "max": "",
            "id": "-7uYs4Ri3kIPdPAHx3jR"
        },
        {
            "name": "strength_base",
            "current": "26",
            "max": "",
            "id": "-HW1cqm3WPMZ9bbEkdP2"
        },
        {
            "name": "strength_flag",
            "current": "0",
            "max": "",
            "id": "-miYh2iTqVe2wUqiSmW6"
        },
        {
            "name": "strength",
            "current": 26,
            "max": "",
            "id": "-MFuu7OfYg60PVNcxx7l"
        },
        {
            "name": "strength_mod",
            "current": 8,
            "max": "",
            "id": "-EtgQTffcF07Xogmoz8M"
        },
        {
            "name": "npc_str_negative",
            "current": 0,
            "max": "",
            "id": "-HI8mM1dGM6ZAqYiRpsb"
        },
        {
            "name": "dexterity_base",
            "current": "22",
            "max": "",
            "id": "-pMlh2jydybvvDPMebzF"
        },
        {
            "name": "dexterity_flag",
            "current": "0",
            "max": "",
            "id": "-NpeGsQurfQjPCAXYkZD"
        },
        {
            "name": "dexterity",
            "current": 22,
            "max": "",
            "id": "-qPPlwBd29dfoqlVZW3F"
        },
        {
            "name": "dexterity_mod",
            "current": 6,
            "max": "",
            "id": "-PBZ45o07SYGuZr5F0dz"
        },
        {
            "name": "npc_dex_negative",
            "current": 0,
            "max": "",
            "id": "-ZLf5FSlvpPenbYmChWR"
        },
        {
            "name": "constitution_base",
            "current": "26",
            "max": "",
            "id": "-nyRSEMl94i43qiwdguy"
        },
        {
            "name": "constitution_flag",
            "current": "0",
            "max": "",
            "id": "-TKugVqkHlE3hhStrcbn"
        },
        {
            "name": "constitution",
            "current": 26,
            "max": "",
            "id": "-mIjSwncaamH65A5vupz"
        },
        {
            "name": "constitution_mod",
            "current": 8,
            "max": "",
            "id": "-glH2wMoX5H2MlqQ8GAB"
        },
        {
            "name": "npc_con_negative",
            "current": 0,
            "max": "",
            "id": "-WokExygOYvkWiwppGz8"
        },
        {
            "name": "intelligence_base",
            "current": "25",
            "max": "",
            "id": "-ifM4giMQSQ2MVROov8y"
        },
        {
            "name": "intelligence_flag",
            "current": "0",
            "max": "",
            "id": "-ZBF1w9ZUiMO1FRKDFSI"
        },
        {
            "name": "intelligence",
            "current": 25,
            "max": "",
            "id": "-IZmVcF1yMo9fplULuYN"
        },
        {
            "name": "intelligence_mod",
            "current": 7,
            "max": "",
            "id": "-iZA4zbmAFDg9nJJzNLE"
        },
        {
            "name": "npc_int_negative",
            "current": 0,
            "max": "",
            "id": "-muGmNBjJOevB6kDD22W"
        },
        {
            "name": "wisdom_base",
            "current": "25",
            "max": "",
            "id": "-wcF69mhpiAyi6X7nNGh"
        },
        {
            "name": "wisdom_flag",
            "current": "0",
            "max": "",
            "id": "-eoTDKEuFzXYSqwyfqyx"
        },
        {
            "name": "wisdom",
            "current": 25,
            "max": "",
            "id": "-FkuBP4eL0SryyCqYr5e"
        },
        {
            "name": "wisdom_mod",
            "current": 7,
            "max": "",
            "id": "-gB7wwlkRG96swnL7K1T"
        },
        {
            "name": "npc_wis_negative",
            "current": 0,
            "max": "",
            "id": "-Mn4nuXauhAwWCC0d3Xx"
        },
        {
            "name": "charisma_base",
            "current": "30",
            "max": "",
            "id": "-LpLdtGWkckgNGnoceD1"
        },
        {
            "name": "charisma_flag",
            "current": "0",
            "max": "",
            "id": "-sbhZtc4ucHM8nKQ4ZCT"
        },
        {
            "name": "charisma",
            "current": 30,
            "max": "",
            "id": "-POEfgSSfbyb3O2ewD9Z"
        },
        {
            "name": "charisma_mod",
            "current": 10,
            "max": "",
            "id": "-8ZVmWh6JoQyn0jDwPYC"
        },
        {
            "name": "npc_cha_negative",
            "current": 0,
            "max": "",
            "id": "-i5DV3EwXKTIVWI2MZb5"
        },
        {
            "name": "npc_skills_flag",
            "current": 3,
            "max": "",
            "id": "-B9ryTFn3YWFaXFcAuKB"
        },
        {
            "name": "npc_perception_base",
            "current": "14",
            "max": "",
            "id": "-DfkmVv0vXhfZfEQsvns"
        },
        {
            "name": "npc_perception_flag",
            "current": "1",
            "max": "",
            "id": "-6PeZ81w1rHN91zo1pI2"
        },
        {
            "name": "npc_perception",
            "current": 14,
            "max": "",
            "id": "-emBXx3Q7OzAGkQ80V8s"
        },
        {
            "name": "npc_saving_flag",
            "current": 7,
            "max": "",
            "id": "-lQkI3GyzD4EP6DxPMa8"
        },
        {
            "name": "npc_int_save_base",
            "current": "14",
            "max": "",
            "id": "-dHBVmOaEJjqCJ4EwVxb"
        },
        {
            "name": "npc_int_save_flag",
            "current": 1,
            "max": "",
            "id": "-A9KF6I20hsZOyynwQyN"
        },
        {
            "name": "npc_int_save",
            "current": 14,
            "max": "",
            "id": "-jXz9AJMH0rKm1n9d1cU"
        },
        {
            "name": "npc_wis_save_base",
            "current": "14",
            "max": "",
            "id": "-esaKVZpguDlQkOmwASO"
        },
        {
            "name": "npc_wis_save_flag",
            "current": 1,
            "max": "",
            "id": "-vW1BCRyyLvvTnSpNxGm"
        },
        {
            "name": "npc_wis_save",
            "current": 14,
            "max": "",
            "id": "-U90rGzkkLzIBIC15TmN"
        },
        {
            "name": "npc_cha_save_base",
            "current": "17",
            "max": "",
            "id": "-AsZr0XHMEHTLKOKfakB"
        },
        {
            "name": "npc_cha_save_flag",
            "current": 1,
            "max": "",
            "id": "-zQ6NsaDDa90yR88f8a8"
        },
        {
            "name": "npc_cha_save",
            "current": 17,
            "max": "",
            "id": "-auHiis1BVlf0QDG84Mg"
        },
        {
            "name": "npc_resistances",
            "current": "излучение; дробящий, колющий, и рубящий от немагического оружия",
            "max": "",
            "id": "-X8EFhPXkxgwE4vU5d4L"
        },
        {
            "name": "npc_immunities",
            "current": "некротика, яд",
            "max": "",
            "id": "-yYkvXAfSw3lDYIxygQH"
        },
        {
            "name": "npc_condition_immunities",
            "current": "очарование, истощение, испуг, отравление",
            "max": "",
            "id": "-qXtKqSXbMWWlGP9PhLg"
        },
        {
            "name": "npc_senses",
            "current": "истинное зрение 24 клетки",
            "max": "",
            "id": "-isgTDPBHliiT1CQPAl8"
        },
        {
            "name": "repeating_npcaction_-7IuiKn46vijjPkhFqiR_name",
            "current": "Мультиатака",
            "max": "",
            "id": "-3npoaxxHvo9r5YonWKX"
        },
        {
            "name": "repeating_npcaction_-7IuiKn46vijjPkhFqiR_description",
            "current": "Солар проводит 2 атаки двуручным мечом.",
            "max": "",
            "id": "-cJgVIwcZGlzIH3p2qKA"
        },
        {
            "name": "repeating_npcaction_-7IuiKn46vijjPkhFqiR_attack_tohitrange",
            "current": "+0",
            "max": "",
            "id": "-PLrmv9k3XMTdcI0CTVg"
        },
        {
            "name": "repeating_npcaction_-7IuiKn46vijjPkhFqiR_attack_onhit",
            "current": "",
            "max": "",
            "id": "-VRFRWuGVM2pOe2FuMpi"
        },
        {
            "name": "repeating_npcaction_-7IuiKn46vijjPkhFqiR_damage_flag",
            "current": "",
            "max": "",
            "id": "-2oIuYiE2YKH0mdlgIvb"
        },
        {
            "name": "repeating_npcaction_-7IuiKn46vijjPkhFqiR_attack_crit",
            "current": "",
            "max": "",
            "id": "-0lz9l38Z6O1SDPn7Szr"
        },
        {
            "name": "repeating_npcaction_-7IuiKn46vijjPkhFqiR_attack_crit2",
            "current": "",
            "max": "",
            "id": "-z5mgSggnH4EM4pXYRlq"
        },
        {
            "name": "repeating_npcaction_-7IuiKn46vijjPkhFqiR_rollbase",
            "current": "@{wtype}&{template:npcaction} @{npc_name_flag} {{rname=@{name}}} {{description=@{show_desc}}} @{charname_output}",
            "max": "",
            "id": "-LAYq5J35k0WPyrnhVgb"
        },
        {
            "name": "repeating_npcaction_-0HKV8DbeCvrV3Bq8dem_name",
            "current": "Двуручный меч",
            "max": "",
            "id": "-oOL55uCg4Og7wmQsoKP"
        },
        {
            "name": "repeating_npcaction_-0HKV8DbeCvrV3Bq8dem_description",
            "current": "\nРукопашное Оружие:\n +15 к атаке, досягаемость 1 клетка, одна цель. \nПопадание:\n 22 (4d6+8) рубящего урона плюс 27(6d8) урона излучением.",
            "max": "",
            "id": "-2d8fZE1pre3jgq3cFVu"
        },
        {
            "name": "repeating_npcaction_-0HKV8DbeCvrV3Bq8dem_attack_flag",
            "current": "on",
            "max": "",
            "id": "-IkEXopO63ZVAdRtFKov"
        },
        {
            "name": "repeating_npcaction_-0HKV8DbeCvrV3Bq8dem_attack_tohitrange",
            "current": "+15",
            "max": "",
            "id": "-k0tBXk3jEiOGVmPFE4O"
        },
        {
            "name": "repeating_npcaction_-0HKV8DbeCvrV3Bq8dem_attack_onhit",
            "current": "",
            "max": "",
            "id": "-m50pfCeFYhcKuvWL4lm"
        },
        {
            "name": "repeating_npcaction_-0HKV8DbeCvrV3Bq8dem_attack_tohit",
            "current": "15",
            "max": "",
            "id": "-bRXSw5siKedvM6osafs"
        },
        {
            "name": "repeating_npcaction_-0HKV8DbeCvrV3Bq8dem_attack_damage",
            "current": "4d6+8+6d8",
            "max": "",
            "id": "-Um5p8gW912L1ciZbVtq"
        },
        {
            "name": "repeating_npcaction_-0HKV8DbeCvrV3Bq8dem_damage_flag",
            "current": "{{damage=1}} {{dmg1flag=1}}",
            "max": "",
            "id": "-eu2hfW23WyTTwQ84WrE"
        },
        {
            "name": "repeating_npcaction_-0HKV8DbeCvrV3Bq8dem_rollbase",
            "current": "@{wtype}&{template:npcaction} {{attack=1}} @{damage_flag} @{npc_name_flag} {{rname=@{name}}} {{r1=[[@{d20}+(@{attack_tohit})]]}} @{rtype}+(@{attack_tohit})]]}} {{dmg1=[[@{attack_damage}]]}} {{dmg1type=@{attack_damagetype}}} {{dmg2=[[@{attack_damage2}+0]]}} {{dmg2type=@{attack_damagetype2}}} {{crit1=[[@{attack_crit}+0]]}} {{crit2=[[@{attack_crit2}+0]]}} {{description=@{show_desc}}} @{charname_output}",
            "max": "",
            "id": "-CBv10DuQYU9pR7UKzkh"
        },
        {
            "name": "repeating_npcaction_-0HKV8DbeCvrV3Bq8dem_attack_crit",
            "current": "4d6+8+6d8",
            "max": "",
            "id": "-GMyXQHiI7ApjRcrrZhB"
        },
        {
            "name": "repeating_npcaction_-0HKV8DbeCvrV3Bq8dem_attack_crit2",
            "current": "",
            "max": "",
            "id": "-YBcN20Q3pc7Mc4OlCUc"
        },
        {
            "name": "repeating_npcaction_-hzojzdADxGpFrK5aFsH_name",
            "current": "Убийственный Длинный лук",
            "max": "",
            "id": "-Z1ZeEhszGV2RT4RjjDG"
        },
        {
            "name": "repeating_npcaction_-hzojzdADxGpFrK5aFsH_description",
            "current": "\nДальнобойное оружие:\n +13 к атаке, досягаемость 24/120 клеток, одна цель. \nПопадание:\n 15(2d8+6) колющего урона плюс 27(6d8) урона излучением. Если цель - существо у которого 190 очков здоровья или меньше, оно должно бросить спасбросок сложностью 15 по Телосложению или умереть.",
            "max": "",
            "id": "-A9cAfN1kpTTkwsdy7Vg"
        },
        {
            "name": "repeating_npcaction_-hzojzdADxGpFrK5aFsH_attack_flag",
            "current": "on",
            "max": "",
            "id": "-lLK8USu0JoIgrKXHm0X"
        },
        {
            "name": "repeating_npcaction_-hzojzdADxGpFrK5aFsH_attack_tohitrange",
            "current": "+13",
            "max": "",
            "id": "-JhxIXWTYITbrG3nGhwg"
        },
        {
            "name": "repeating_npcaction_-hzojzdADxGpFrK5aFsH_attack_onhit",
            "current": "",
            "max": "",
            "id": "-aMmc0INZe3UYdeTBIzc"
        },
        {
            "name": "repeating_npcaction_-hzojzdADxGpFrK5aFsH_attack_tohit",
            "current": "13",
            "max": "",
            "id": "-4B1uYceYna2Yw9ascJF"
        },
        {
            "name": "repeating_npcaction_-hzojzdADxGpFrK5aFsH_attack_damage",
            "current": "2d8+6+6d8",
            "max": "",
            "id": "-CkaMQYs9if6k5bZewdO"
        },
        {
            "name": "repeating_npcaction_-hzojzdADxGpFrK5aFsH_damage_flag",
            "current": "{{damage=1}} {{dmg1flag=1}}",
            "max": "",
            "id": "-4IoZCtPCf5D37zC6zjy"
        },
        {
            "name": "repeating_npcaction_-hzojzdADxGpFrK5aFsH_rollbase",
            "current": "@{wtype}&{template:npcaction} {{attack=1}} @{damage_flag} @{npc_name_flag} {{rname=@{name}}} {{r1=[[@{d20}+(@{attack_tohit})]]}} @{rtype}+(@{attack_tohit})]]}} {{dmg1=[[@{attack_damage}]]}} {{dmg1type=@{attack_damagetype}}} {{dmg2=[[@{attack_damage2}+0]]}} {{dmg2type=@{attack_damagetype2}}} {{crit1=[[@{attack_crit}+0]]}} {{crit2=[[@{attack_crit2}+0]]}} {{description=@{show_desc}}} @{charname_output}",
            "max": "",
            "id": "-RaExIrxMTk554Tq89Ps"
        },
        {
            "name": "repeating_npcaction_-hzojzdADxGpFrK5aFsH_attack_crit",
            "current": "2d8+6+6d8",
            "max": "",
            "id": "-5VyTDXMDqX9BKhcscNc"
        },
        {
            "name": "repeating_npcaction_-hzojzdADxGpFrK5aFsH_attack_crit2",
            "current": "",
            "max": "",
            "id": "-umUoF1NKVOhQKNjCiBq"
        },
        {
            "name": "repeating_npcaction_-lpxv1Kf4lXb2H41gI4o_name",
            "current": "Летающий меч",
            "max": "",
            "id": "-BWGpV1Sbe4UBrC6mCWD"
        },
        {
            "name": "repeating_npcaction_-lpxv1Kf4lXb2H41gI4o_description",
            "current": "Солар отпускает свой меч и тот магически парит в соседней с ним клетке. Если солар видит меч, то он может ментально приказать ему пролететь на расстояние до 10 клеток и либо атаковать существо, либо вернуться в руку. Если меч подвергается какому либо эффекту, то считается что при этом всегда солар держит его в руках. Меч падает когда солар умирает.",
            "max": "",
            "id": "-Gky07nXw6GNbM0rRuc4"
        },
        {
            "name": "repeating_npcaction_-lpxv1Kf4lXb2H41gI4o_attack_tohitrange",
            "current": "+0",
            "max": "",
            "id": "-Rhf3E8xmm9QDHRRjrRy"
        },
        {
            "name": "repeating_npcaction_-lpxv1Kf4lXb2H41gI4o_attack_onhit",
            "current": "",
            "max": "",
            "id": "-Gq0Ixp3jhSkGvZ92CQF"
        },
        {
            "name": "repeating_npcaction_-lpxv1Kf4lXb2H41gI4o_damage_flag",
            "current": "",
            "max": "",
            "id": "-PMMMyzk4UeGqw7XUMOF"
        },
        {
            "name": "repeating_npcaction_-lpxv1Kf4lXb2H41gI4o_attack_crit",
            "current": "",
            "max": "",
            "id": "-GGUWj9Ebmq0XQUhLiq7"
        },
        {
            "name": "repeating_npcaction_-lpxv1Kf4lXb2H41gI4o_attack_crit2",
            "current": "",
            "max": "",
            "id": "-pJMnYXUk0EYoPL6JcMJ"
        },
        {
            "name": "repeating_npcaction_-lpxv1Kf4lXb2H41gI4o_rollbase",
            "current": "@{wtype}&{template:npcaction} @{npc_name_flag} {{rname=@{name}}} {{description=@{show_desc}}} @{charname_output}",
            "max": "",
            "id": "-epAyC3DFnaUKJXX0tbl"
        },
        {
            "name": "repeating_npcaction_-Syf17vWCldlEiIyHcPq_name",
            "current": "Исцеляющее прикосновение (4/день)",
            "max": "",
            "id": "-brcHlUcnwh73T0q2d9z"
        },
        {
            "name": "repeating_npcaction_-Syf17vWCldlEiIyHcPq_description",
            "current": "Солар прикасается к другому существу. Цель магически восстанавливает 40(8d8+4) очков здоровья освобождается от любых проклятий, ядов, слепоты, или глухоты.",
            "max": "",
            "id": "-FT3blDHf1zl228xaKDW"
        },
        {
            "name": "repeating_npcaction_-Syf17vWCldlEiIyHcPq_attack_tohitrange",
            "current": "+0",
            "max": "",
            "id": "-6EEnkEcIaGDoaZ2F1Xv"
        },
        {
            "name": "repeating_npcaction_-Syf17vWCldlEiIyHcPq_attack_onhit",
            "current": "",
            "max": "",
            "id": "-kDx8UJ2WFoLL7keQUBH"
        },
        {
            "name": "repeating_npcaction_-Syf17vWCldlEiIyHcPq_damage_flag",
            "current": "",
            "max": "",
            "id": "-frvq1MXGNiurH8Nbo8k"
        },
        {
            "name": "repeating_npcaction_-Syf17vWCldlEiIyHcPq_attack_crit",
            "current": "",
            "max": "",
            "id": "-iV0ylLHs8mGvo5kkQfy"
        },
        {
            "name": "repeating_npcaction_-Syf17vWCldlEiIyHcPq_attack_crit2",
            "current": "",
            "max": "",
            "id": "-Mj1E7PjtzyHHBUyOnhI"
        },
        {
            "name": "repeating_npcaction_-Syf17vWCldlEiIyHcPq_rollbase",
            "current": "@{wtype}&{template:npcaction} @{npc_name_flag} {{rname=@{name}}} {{description=@{show_desc}}} @{charname_output}",
            "max": "",
            "id": "-6BgWIHpX5OqDwoaewpq"
        },
        {
            "name": "repeating_npctrait_-Hy9DfcxDr0fY3MLuiZs_name",
            "current": "Ангельское оружие",
            "max": "",
            "id": "-LuhS3jzmPUg3lFa1uSf"
        },
        {
            "name": "repeating_npctrait_-Hy9DfcxDr0fY3MLuiZs_description",
            "current": "Атаки любым оружием считаются атаками магическим оружием. Когда солар попадает атакой, это оружие наносит дополнительно 6d8 урона излучением (включено в атаку).",
            "max": "",
            "id": "-3Xs0tVRyHkqnhVMww5O"
        },
        {
            "name": "repeating_npctrait_-yUyicOUjZRKtoTBdHpE_name",
            "current": "Божественная проницательность",
            "max": "",
            "id": "-f9pZEhpMjjcFyfxZ82L"
        },
        {
            "name": "repeating_npctrait_-yUyicOUjZRKtoTBdHpE_description",
            "current": "Солар всегда знает, когда слышит ложь.",
            "max": "",
            "id": "-W6Vxc1LuJVxRPrxAfTY"
        },
        {
            "name": "repeating_npctrait_-jxmTkEe957xIypdKRdv_name",
            "current": "Прирожденный Заклинатель",
            "max": "",
            "id": "-6gCCxx65XSn4IVdNKVv"
        },
        {
            "name": "repeating_spell-1_-2RMthQikd01LVeIRjyL_spellname",
            "current": "ОБНАРУЖЕНИЕ ЗЛА И ДОБРА",
            "max": "",
            "id": "-ZE3vRlKc9MVfSzrXwJq"
        },
        {
            "name": "repeating_spell-1_-2RMthQikd01LVeIRjyL_spellschool",
            "current": "divination",
            "max": "",
            "id": "-MbXpTcH1sRDZRueeq3j"
        },
        {
            "name": "repeating_spell-1_-2RMthQikd01LVeIRjyL_spellcastingtime",
            "current": "1 действие",
            "max": "",
            "id": "-rJnQRXl4JxYmXafGxgo"
        },
        {
            "name": "repeating_spell-1_-2RMthQikd01LVeIRjyL_spellrange",
            "current": "заклинатель",
            "max": "",
            "id": "-gxyGGJY6XJ6wbxArwzl"
        },
        {
            "name": "repeating_spell-1_-2RMthQikd01LVeIRjyL_spelltarget",
            "current": "",
            "max": "",
            "id": "-R8XICDvEyzZ6ZgqXwD8"
        },
        {
            "name": "repeating_spell-1_-2RMthQikd01LVeIRjyL_spellcomp_materials",
            "current": "",
            "max": "",
            "id": "-Mfny8cm2sFhb347sUvr"
        },
        {
            "name": "repeating_spell-1_-2RMthQikd01LVeIRjyL_spelldescription",
            "current": "Пока действует заклинание, вы узнаете, когда в пределах 30 футов от вас появляется аберрация, божественное существо, элементаль, фея, демон или нежить, а также местоположение этих существ. Аналогично, вы узнаете, если в пределах этого радиуса есть предметы, которые были освящены или прокляты. Заклинание проходит через большинство препятствий, но его останавливает камень толщиной 1 фут, металл толщиной 1 дюйм, тонкий слой свинца, дерево или земля толщиной 3 фута.",
            "max": "",
            "id": "-Oy2MDkHvb076uF1vfyL"
        },
        {
            "name": "repeating_spell-1_-2RMthQikd01LVeIRjyL_spellduration",
            "current": "К-ция, до 10 минут",
            "max": "",
            "id": "-k7q3sR2fucppnuOJ7I8"
        },
        {
            "name": "repeating_spell-1_-2RMthQikd01LVeIRjyL_spellcomp_v",
            "current": "{{v=1}}",
            "max": "",
            "id": "-GIOhtygOo3lmkmg1cE2"
        },
        {
            "name": "repeating_spell-1_-2RMthQikd01LVeIRjyL_spellcomp_s",
            "current": "{{s=1}}",
            "max": "",
            "id": "-gyRfP6FxfWI6vqCyzGI"
        },
        {
            "name": "repeating_spell-1_-2RMthQikd01LVeIRjyL_spellcomp_m",
            "current": "0",
            "max": "",
            "id": "-EmxQf9K1NDYwx16vm7C"
        },
        {
            "name": "repeating_spell-1_-2RMthQikd01LVeIRjyL_spellsource",
            "current": "PHB",
            "max": "",
            "id": "-Vwud7Nunngq3fXhRo6t"
        },
        {
            "name": "repeating_spell-1_-2RMthQikd01LVeIRjyL_details-flag",
            "current": "0",
            "max": "",
            "id": "-3dRnuFUU6llMUPjWUYO"
        },
        {
            "name": "repeating_spell-1_-2RMthQikd01LVeIRjyL_options-flag",
            "current": "0",
            "max": "",
            "id": "-ZKR7FxSAlGBCePjoT48"
        },
        {
            "name": "repeating_spell-2_-5JTifPT5wTxIUtPK2td_spellname",
            "current": "НЕВИДИМОСТЬ",
            "max": "",
            "id": "-dtIgbz5OJwNB5FzQHGb"
        },
        {
            "name": "repeating_spell-2_-5JTifPT5wTxIUtPK2td_spellschool",
            "current": "illusion",
            "max": "",
            "id": "-yCKujZxQpKVGpursYXt"
        },
        {
            "name": "repeating_spell-2_-5JTifPT5wTxIUtPK2td_spellcastingtime",
            "current": "1 действие",
            "max": "",
            "id": "-S8oyQh9gsj1W511R6yx"
        },
        {
            "name": "repeating_spell-2_-5JTifPT5wTxIUtPK2td_spellrange",
            "current": "Касание",
            "max": "",
            "id": "-EBxru3CBghkNyHfx3Ym"
        },
        {
            "name": "repeating_spell-2_-5JTifPT5wTxIUtPK2td_spelltarget",
            "current": "",
            "max": "",
            "id": "-eN8REepSz6FKmKsfVjg"
        },
        {
            "name": "repeating_spell-2_-5JTifPT5wTxIUtPK2td_spellcomp_materials",
            "current": "ресница, покрытая гуммиарабиком",
            "max": "",
            "id": "-D5nVgOdqcnE1BgDJ7l6"
        },
        {
            "name": "repeating_spell-2_-5JTifPT5wTxIUtPK2td_spelldescription",
            "current": "Существо, которого вы коснулись, становится невидимым на время действия заклинания. Все снаряжение персонажа также становится невидимым до тех пор, пока оно на нем. Заклинание заканчивается, если цель атакует или произносит заклинание.   На более высоких уровнях. Если вы произносите заклинание, используя ячейку 3 круга или выше, вы можете использовать его на одну дополнительную цель за каждый круг выше второго.",
            "max": "",
            "id": "-mbIAqLPm1Hh8oNTU3Xq"
        },
        {
            "name": "repeating_spell-2_-5JTifPT5wTxIUtPK2td_spellduration",
            "current": "конц-я, до 1 часа",
            "max": "",
            "id": "-ZsKjA0QnDmKQqVTPhLA"
        },
        {
            "name": "repeating_spell-2_-5JTifPT5wTxIUtPK2td_spellcomp_v",
            "current": "{{v=1}}",
            "max": "",
            "id": "-tHSD4S2vp4WJtFTXO1t"
        },
        {
            "name": "repeating_spell-2_-5JTifPT5wTxIUtPK2td_spellcomp_s",
            "current": "{{s=1}}",
            "max": "",
            "id": "-GwRbuuZ7ryBgPGD1N43"
        },
        {
            "name": "repeating_spell-2_-5JTifPT5wTxIUtPK2td_spellcomp_m",
            "current": "{{m=1}}",
            "max": "",
            "id": "-Wx9RamWGfyTb9gpyVjY"
        },
        {
            "name": "repeating_spell-2_-5JTifPT5wTxIUtPK2td_spellsource",
            "current": "PHB",
            "max": "",
            "id": "-xFDU2ixkYL735J4kSFy"
        },
        {
            "name": "repeating_spell-2_-5JTifPT5wTxIUtPK2td_details-flag",
            "current": "0",
            "max": "",
            "id": "-k3XkdN8CuNmWDuhSOzR"
        },
        {
            "name": "repeating_spell-2_-5JTifPT5wTxIUtPK2td_options-flag",
            "current": "0",
            "max": "",
            "id": "-RlS8qZcBoApjoSjxjkY"
        },
        {
            "name": "repeating_spell-6_-q3fTeHTX6EqPq9b4LMP_spellname",
            "current": "СТЕНА КЛИНКОВ",
            "max": "",
            "id": "-plwAjE8H9iuBO5eLTkv"
        },
        {
            "name": "repeating_spell-6_-q3fTeHTX6EqPq9b4LMP_spellschool",
            "current": "evocation",
            "max": "",
            "id": "-hrmBBq4Y7agbgp5MmjJ"
        },
        {
            "name": "repeating_spell-6_-q3fTeHTX6EqPq9b4LMP_spellcastingtime",
            "current": "1 действие",
            "max": "",
            "id": "-h8rubFaZTECyy0oD1nn"
        },
        {
            "name": "repeating_spell-6_-q3fTeHTX6EqPq9b4LMP_spellrange",
            "current": "90 футов",
            "max": "",
            "id": "-T0TGqZzxzUMvItHoPqn"
        },
        {
            "name": "repeating_spell-6_-q3fTeHTX6EqPq9b4LMP_spelltarget",
            "current": "",
            "max": "",
            "id": "-RzDNtxwyIw34p2oqBWb"
        },
        {
            "name": "repeating_spell-6_-q3fTeHTX6EqPq9b4LMP_spellcomp_materials",
            "current": "",
            "max": "",
            "id": "-rhqc0tL4YxZfdJZREqM"
        },
        {
            "name": "repeating_spell-6_-q3fTeHTX6EqPq9b4LMP_spelldescription",
            "current": "Вы создаете вертикальную стену, состояющую из очень острых, вращающихся клинков магической энергии. Стена появляется в пределах дальности заклинания и существует пока действует заклинание. Вы можете создать прямую стену длиной до 100 футов, высотой до 20 футов и толщиной до 5 футов или кольцо диаметром 60 футов, высотой 20 футов и толщиной 5 футов. Стена дает укрытие 75% всем существам, которые находятся за ней, и считается труднопроходимой местностью.  Когда существо входит в стену первый раз за ход или начинает свой ход внутри, оно должно сделать спасбросок по Ловкости. В случае провала существо получает 6d10 режущего урона, а в случае успеха - половину этого урона.",
            "max": "",
            "id": "-oTwA0XIgNQ7UQG5vi2f"
        },
        {
            "name": "repeating_spell-6_-q3fTeHTX6EqPq9b4LMP_spellduration",
            "current": "К-ция, до 10 минут",
            "max": "",
            "id": "-m6rtDKN1rQQceu3UXw4"
        },
        {
            "name": "repeating_spell-6_-q3fTeHTX6EqPq9b4LMP_spellcomp_v",
            "current": "{{v=1}}",
            "max": "",
            "id": "-roKBkwguFkhR1ZxLqWJ"
        },
        {
            "name": "repeating_spell-6_-q3fTeHTX6EqPq9b4LMP_spellcomp_s",
            "current": "{{s=1}}",
            "max": "",
            "id": "-b9nWmI2cBjIOiTke7rC"
        },
        {
            "name": "repeating_spell-6_-q3fTeHTX6EqPq9b4LMP_spellcomp_m",
            "current": "0",
            "max": "",
            "id": "-gpGaO7UMOGfN6Ond7X9"
        },
        {
            "name": "repeating_spell-6_-q3fTeHTX6EqPq9b4LMP_spellsource",
            "current": "PHB",
            "max": "",
            "id": "-JmkiTj3ntL8HG4MAXoo"
        },
        {
            "name": "repeating_spell-6_-q3fTeHTX6EqPq9b4LMP_details-flag",
            "current": "0",
            "max": "",
            "id": "-3EDtTxof6NcWFnNhpp5"
        },
        {
            "name": "repeating_spell-6_-q3fTeHTX6EqPq9b4LMP_options-flag",
            "current": "0",
            "max": "",
            "id": "-SqHO2edjMu3L7Vbs1me"
        },
        {
            "name": "repeating_spell-5_-BnEIo8U1nDUHkWPpoVR_spellname",
            "current": "РАЗВЕЯТЬ ЗЛО И ДОБРО",
            "max": "",
            "id": "-Hc5RNllatgMpj6lhqeP"
        },
        {
            "name": "repeating_spell-5_-BnEIo8U1nDUHkWPpoVR_spellschool",
            "current": "abjuration",
            "max": "",
            "id": "-OzracCqG7KeKzh83k1j"
        },
        {
            "name": "repeating_spell-5_-BnEIo8U1nDUHkWPpoVR_spellcastingtime",
            "current": "1 действие",
            "max": "",
            "id": "-iYlH6W9BryKSxoMCMRH"
        },
        {
            "name": "repeating_spell-5_-BnEIo8U1nDUHkWPpoVR_spellrange",
            "current": "1 действие",
            "max": "",
            "id": "-YY0SXuGI95zehJFaPyf"
        },
        {
            "name": "repeating_spell-5_-BnEIo8U1nDUHkWPpoVR_spelltarget",
            "current": "",
            "max": "",
            "id": "-dKENQYZ2xq77wSc8UF6"
        },
        {
            "name": "repeating_spell-5_-BnEIo8U1nDUHkWPpoVR_spellcomp_materials",
            "current": "святая вода или порошок серебра и железа",
            "max": "",
            "id": "-tjjRwwfQaC0cVokZrOL"
        },
        {
            "name": "repeating_spell-5_-BnEIo8U1nDUHkWPpoVR_spelldescription",
            "current": "Вас окружает мерцающая энергия, защищающая от фей, нежити и существ, происходящих не с Материального Плана. Пока заклинание активно, исчадия, небожители, нежить, феи и элементали совершают по вам броски атаки с помехой.<br>Вы можете закончить заклинание преждевременно, выбрав один из представленных ниже вариантов:<br>изгнание. Вы совершаете действием рукопашную атаку заклинанием по исчадию, небожителю, нежити, фее или элементалю в пределах досягаемости. При попадании вы пытаетесь изгнать существо на его родной план. Существо должно преуспеть в спасброске Харизмы, иначе оно будет отправлено на свой родной план (если только оно уже не находится там). Нежить отправляется в Царство Теней, а феи в Страну Фей.<br>Поломка чар. Вы касаетесь действием существа, до которого можете дотянуться, и которое очаровано, испугано или одержимо исчадием, небожителем, нежитью, феей или элементалем. Это существо перестаёт быть очарованным, испуганным или одержимым такими существами.",
            "max": "",
            "id": "-egUFBUKhkV2hvYMeX6t"
        },
        {
            "name": "repeating_spell-5_-BnEIo8U1nDUHkWPpoVR_spellduration",
            "current": "К-ция, вплоть до 1 минуты",
            "max": "",
            "id": "-Nbdbsn5Y3qtDM8IyKhf"
        },
        {
            "name": "repeating_spell-5_-BnEIo8U1nDUHkWPpoVR_spellcomp_v",
            "current": "{{v=1}}",
            "max": "",
            "id": "-BQwL5sxkcp73MtiGmrn"
        },
        {
            "name": "repeating_spell-5_-BnEIo8U1nDUHkWPpoVR_spellcomp_s",
            "current": "{{s=1}}",
            "max": "",
            "id": "-JpnUSH0v26i4tLF7Xxr"
        },
        {
            "name": "repeating_spell-5_-BnEIo8U1nDUHkWPpoVR_spellcomp_m",
            "current": "0",
            "max": "",
            "id": "-A85KSkJbCG1g2devbkV"
        },
        {
            "name": "repeating_spell-5_-BnEIo8U1nDUHkWPpoVR_spellsource",
            "current": "PHB",
            "max": "",
            "id": "-fn4GrQMQn7VUwza2ynw"
        },
        {
            "name": "repeating_spell-5_-BnEIo8U1nDUHkWPpoVR_details-flag",
            "current": "0",
            "max": "",
            "id": "-za3b4spXGPq86mqRjYg"
        },
        {
            "name": "repeating_spell-5_-BnEIo8U1nDUHkWPpoVR_options-flag",
            "current": "0",
            "max": "",
            "id": "-M1k7A4HQ1ERXNoW8FHb"
        },
        {
            "name": "repeating_spell-7_-b9U8DulRBvRV6Vfh0f0_spellname",
            "current": "ВОСКРЕШЕНИЕ",
            "max": "",
            "id": "-UP2vvSHbXrwZ0mqsHVb"
        },
        {
            "name": "repeating_spell-7_-b9U8DulRBvRV6Vfh0f0_spellschool",
            "current": "necromancy",
            "max": "",
            "id": "-ixzNRTQ4yIP9O8CXWLo"
        },
        {
            "name": "repeating_spell-7_-b9U8DulRBvRV6Vfh0f0_spellcastingtime",
            "current": "1 час",
            "max": "",
            "id": "-f02w57GO9nDrxK0VZDO"
        },
        {
            "name": "repeating_spell-7_-b9U8DulRBvRV6Vfh0f0_spellrange",
            "current": "Касание",
            "max": "",
            "id": "-U3CcaH7L1Eon9a53lni"
        },
        {
            "name": "repeating_spell-7_-b9U8DulRBvRV6Vfh0f0_spelltarget",
            "current": "",
            "max": "",
            "id": "-DDMsAdWwQi3oAX3tm1u"
        },
        {
            "name": "repeating_spell-7_-b9U8DulRBvRV6Vfh0f0_spellcomp_materials",
            "current": "Алмаз, стоимостью не менее 1000 зм, который расходуется при произнесении заклинания",
            "max": "",
            "id": "-6ZMTyYQfrFvuWiGAJHU"
        },
        {
            "name": "repeating_spell-7_-b9U8DulRBvRV6Vfh0f0_spelldescription",
            "current": "Вы касаетесь мертвого существа, которое умерло не более века назад. Оно не должно умереть от старости и не быть нежитью. Если его душа свободна и желает вернуться, то цель возвращается к жизни, полностью восстанавливая ОЗ. Это заклинание неитрализует все яды и болезни, которые действовали на существо в момент смерти. Однако оно не снимает магические болезни, проклятья и тому подобное",
            "max": "",
            "id": "-wr3EnbmYRJpTlPG78bw"
        },
        {
            "name": "repeating_spell-7_-b9U8DulRBvRV6Vfh0f0_spellduration",
            "current": "Мгновенно",
            "max": "",
            "id": "-KloYOeUDKr2EsxUbXed"
        },
        {
            "name": "repeating_spell-7_-b9U8DulRBvRV6Vfh0f0_spellcomp_v",
            "current": "{{v=1}}",
            "max": "",
            "id": "-0ii7BVP7aALDfQjAqOF"
        },
        {
            "name": "repeating_spell-7_-b9U8DulRBvRV6Vfh0f0_spellcomp_s",
            "current": "{{s=1}}",
            "max": "",
            "id": "-0OKtFWuUlXtmoCzC1MT"
        },
        {
            "name": "repeating_spell-7_-b9U8DulRBvRV6Vfh0f0_spellcomp_m",
            "current": "{{m=1}}",
            "max": "",
            "id": "-jFJpkBee7cehvzaxURp"
        },
        {
            "name": "repeating_spell-7_-b9U8DulRBvRV6Vfh0f0_spellsource",
            "current": "PHB",
            "max": "",
            "id": "-Cl8Ck8uYRxNkmihpwB6"
        },
        {
            "name": "repeating_spell-7_-b9U8DulRBvRV6Vfh0f0_details-flag",
            "current": "0",
            "max": "",
            "id": "-6BxUd31P2JMaGxunC9p"
        },
        {
            "name": "repeating_spell-7_-b9U8DulRBvRV6Vfh0f0_options-flag",
            "current": "0",
            "max": "",
            "id": "-WBn7SxFsrnHXxQapQ2z"
        },
        {
            "name": "repeating_spell-5_-hz1L4FgfyoCNgUJVXw6_spellname",
            "current": "ОЗАРЕНИЕ",
            "max": "",
            "id": "-sBV7jWNfjZR44AHUV9p"
        },
        {
            "name": "repeating_spell-5_-hz1L4FgfyoCNgUJVXw6_spellschool",
            "current": "divination",
            "max": "",
            "id": "-vFUz9JTLLL1pLyYO8EG"
        },
        {
            "name": "repeating_spell-5_-hz1L4FgfyoCNgUJVXw6_spellcastingtime",
            "current": "1 минута",
            "max": "",
            "id": "-Qn7X6eRq6dsleE8BRUi"
        },
        {
            "name": "repeating_spell-5_-hz1L4FgfyoCNgUJVXw6_spellrange",
            "current": "заклинатель",
            "max": "",
            "id": "-kDmt6fXjyIyNcyJxvq4"
        },
        {
            "name": "repeating_spell-5_-hz1L4FgfyoCNgUJVXw6_spelltarget",
            "current": "",
            "max": "",
            "id": "-WhDHILyRFh2FKTwtLMw"
        },
        {
            "name": "repeating_spell-5_-hz1L4FgfyoCNgUJVXw6_spellcomp_materials",
            "current": "фимиам и флакон со святой или проклятой водой",
            "max": "",
            "id": "-6M5DkUKnkS8tyzKmInr"
        },
        {
            "name": "repeating_spell-5_-hz1L4FgfyoCNgUJVXw6_spelldescription",
            "current": "Вы связываетесь с вашим богом или божественным представителем и задаете до трех вопросов, на которые тот может ответить да или нет. Вы должны задать вопросы до того, как закончится заклинание. Вы получаете верный ответ на каждый вопрос. Божественные существа не всегда всезнающи, поэтому вы можете получить ответ неясно, если вопрос лежит за пределами знаний божества. В случае, если однословный ответ может привести недопониманию или противоречию, МП может использовать короткую фразу.   Если вы произнесете это заклинание два или более раз, не отдохнув полностью, то каждая попытка после первой увеличивает шанс случайного результата на 25%. МП делает этот бросок в тайне.",
            "max": "",
            "id": "-gyTMYldyanHMjGtCGvi"
        },
        {
            "name": "repeating_spell-5_-hz1L4FgfyoCNgUJVXw6_spellduration",
            "current": "1 минута",
            "max": "",
            "id": "-swAaG32EbnXbqDTpUCV"
        },
        {
            "name": "repeating_spell-5_-hz1L4FgfyoCNgUJVXw6_spellcomp_v",
            "current": "{{v=1}}",
            "max": "",
            "id": "-rOJ7YG9rjdJY0u7qci3"
        },
        {
            "name": "repeating_spell-5_-hz1L4FgfyoCNgUJVXw6_spellcomp_s",
            "current": "{{s=1}}",
            "max": "",
            "id": "-ezgjzpMWkC3UvABgHSY"
        },
        {
            "name": "repeating_spell-5_-hz1L4FgfyoCNgUJVXw6_spellcomp_m",
            "current": "{{m=1}}",
            "max": "",
            "id": "-akcoJivjGHQd27S0iGR"
        },
        {
            "name": "repeating_spell-5_-hz1L4FgfyoCNgUJVXw6_spellsource",
            "current": "PHB",
            "max": "",
            "id": "-Zq8FsJqTo4Zoe2NEJqA"
        },
        {
            "name": "repeating_spell-5_-hz1L4FgfyoCNgUJVXw6_details-flag",
            "current": "0",
            "max": "",
            "id": "-RQWBKjXe3xEZGC5uMBi"
        },
        {
            "name": "repeating_spell-5_-hz1L4FgfyoCNgUJVXw6_options-flag",
            "current": "0",
            "max": "",
            "id": "-J3AR43i4yKaB9xgL6JH"
        },
        {
            "name": "repeating_spell-8_-oz7ir1jVI9RpbXMLTYd_spellname",
            "current": "ВЛАСТЬ НАД ПОГОДОЙ",
            "max": "",
            "id": "-VS0rJyYP6yYzxe4b8Kn"
        },
        {
            "name": "repeating_spell-8_-oz7ir1jVI9RpbXMLTYd_spellschool",
            "current": "transmutation",
            "max": "",
            "id": "-fyLeSznUB4NxDQAhfox"
        },
        {
            "name": "repeating_spell-8_-oz7ir1jVI9RpbXMLTYd_spellcastingtime",
            "current": "10 минут",
            "max": "",
            "id": "-H6UUa2YEPhq06DNkjwT"
        },
        {
            "name": "repeating_spell-8_-oz7ir1jVI9RpbXMLTYd_spellrange",
            "current": "Вы (5 миль радиус)",
            "max": "",
            "id": "-Pbr9Q90tiXlKVOzV2Nl"
        },
        {
            "name": "repeating_spell-8_-oz7ir1jVI9RpbXMLTYd_spelltarget",
            "current": "",
            "max": "",
            "id": "-KHRUqZhzo0w98FgX4HX"
        },
        {
            "name": "repeating_spell-8_-oz7ir1jVI9RpbXMLTYd_spellcomp_materials",
            "current": "горящий фимиам и кусочки земли и дерева, смешанные в воде",
            "max": "",
            "id": "-O7oKDuuYI8CjizcAC3v"
        },
        {
            "name": "repeating_spell-8_-oz7ir1jVI9RpbXMLTYd_spelldescription",
            "current": "Вы контролируете погоду в радиусе 5 миль вокруг вас, пока действует заклинание. Вы должны находиться на открытом воздухе, чтобы произносить это заклинание. Перемещение в область, где у вас нет свободного доступа к небу, досрочно прерывает заклинание. Произнеся заклинания, вы изменяете текущие погодные условия. Вы можете изменять осадки, температуру и ветер. Для того, чтобы новые условия вступили в силу, требуется 1d4 х 10 минут. После этого вы можете снова изменить условия. Когда заклинание заканчивается, погода постепенно возвращается в норму. изменяя погодные условия, найдите текущие условия в таблице. Вы можете изменить их на одну ступень вверх или вниз. изменяя ветер, вы можете поменять его направление.",
            "max": "",
            "id": "-chAHfEyNsGuESW2NZYV"
        },
        {
            "name": "repeating_spell-8_-oz7ir1jVI9RpbXMLTYd_spellduration",
            "current": "конц-я, до 8 часов",
            "max": "",
            "id": "-bAvW3WsdzHwZ6t1Rjia"
        },
        {
            "name": "repeating_spell-8_-oz7ir1jVI9RpbXMLTYd_spellcomp_v",
            "current": "{{v=1}}",
            "max": "",
            "id": "-CkiCblc4TMVBbsK4mzT"
        },
        {
            "name": "repeating_spell-8_-oz7ir1jVI9RpbXMLTYd_spellcomp_s",
            "current": "{{s=1}}",
            "max": "",
            "id": "-yAZw8al3CQ3LnKxMbrb"
        },
        {
            "name": "repeating_spell-8_-oz7ir1jVI9RpbXMLTYd_spellcomp_m",
            "current": "{{m=1}}",
            "max": "",
            "id": "-Trtl6NCZqZWIRURY7T0"
        },
        {
            "name": "repeating_spell-8_-oz7ir1jVI9RpbXMLTYd_spellsource",
            "current": "PHB",
            "max": "",
            "id": "-rK2eGnDmm6xDctCz2T0"
        },
        {
            "name": "repeating_spell-8_-oz7ir1jVI9RpbXMLTYd_details-flag",
            "current": "0",
            "max": "",
            "id": "-B6ebz1hi0zongXPTlyA"
        },
        {
            "name": "repeating_spell-8_-oz7ir1jVI9RpbXMLTYd_options-flag",
            "current": "0",
            "max": "",
            "id": "-E7YT8iPQd3qkUbnrcBV"
        },
        {
            "name": "repeating_npctrait_-jxmTkEe957xIypdKRdv_description",
            "current": "Характеристика для заклинаний - Харизма (сложность спасброска 25). Он может врожденно колдовать следующие заклинания, без использования материальных компонентов: \n\nПо желанию:\n detect_evil_and_good \nобнаружение зла и добра [detect evil and good]: \n,\n invisibility невидимость [invisibility]: \n(только на себя)\n\n\n3 раза в день каждое:\n blade_barrier \nстена клинков [blade barrier]: \n,\n dispel_evil_and_good развеять зло и добро [dispel evil and good]: \n,\n resurrection\n\n воскрешение [resurrection]\n: \n\n\n1 раз в день каждое:\n commune \nозарение [commune]: \n,\n control_weather власть над погодой [control weather]: \n\n\n\n",
            "max": "",
            "id": "-9WHKij5UoUGDn3SgxUf"
        },
        {
            "name": "repeating_npctrait_-4GczxlgkGxRc38MPTm7_name",
            "current": "Сопротивление Магии",
            "max": "",
            "id": "-dQM59cwUDqkDqtF2SxF"
        },
        {
            "name": "repeating_npctrait_-4GczxlgkGxRc38MPTm7_description",
            "current": "Солар имеет преимущество в спасбросках против заклинаний и других магических эффектов.",
            "max": "",
            "id": "-1XV4nKjKBuDTvCvKW80"
        },
        {
            "name": "npcspellcastingflag",
            "current": "1",
            "max": "",
            "id": "-5vLl5JbPHedtsvrZzMN"
        }
    ],
    "abilities": []
}