{
    "schema_version": 2,
    "oldId": "-b5OEENYFnHyfn0mDzEL",
    "name": "Скелет-минотавр (Minotaur Skeleton)",
    "avatar": "https://tentaculus.ru/monsters/img/cute_monsters/MINOTAUR_SKELETON.jpg",
    "bio": "",
    "gmnotes": "",
    "defaulttoken": "",
    "tags": "[]",
    "controlledby": "",
    "inplayerjournals": "",
    "attribs": [
        {
            "name": "hitdieroll",
            "current": "4",
            "max": "",
            "id": "-OxewuvBvVjZYOGkoSyu"
        },
        {
            "name": "showleveler",
            "current": 0,
            "max": "",
            "id": "-3RxbVDPbYcCOLvhYGIh"
        },
        {
            "name": "invalidXP",
            "current": 0,
            "max": "",
            "id": "-Xiyf0dhKGHpNGjy6tKr"
        },
        {
            "name": "version",
            "current": 4.21,
            "max": "",
            "id": "-jrfcgVMyOXu3ulMJhNx"
        },
        {
            "name": "mancer_confirm_flag",
            "current": "",
            "max": "",
            "id": "-7c13HTbSrlfwuMMUEoM"
        },
        {
            "name": "mancer_npc",
            "current": "on",
            "max": "",
            "id": "-iZXW30gPUUKacxxtOQw"
        },
        {
            "name": "l1mancer_status",
            "current": "completed",
            "max": "",
            "id": "-hFrJzzjRUYht4fu4ae5"
        },
        {
            "name": "rtype",
            "current": "@{advantagetoggle}",
            "max": "",
            "id": "-5FEr3i0SlbPgxQiMe8i"
        },
        {
            "name": "dtype",
            "current": "full",
            "max": "",
            "id": "-XbGAOlafJUG9PROUm1D"
        },
        {
            "name": "appliedUpdates",
            "current": "upgrade_to_4_2_1",
            "max": "",
            "id": "-qCFcPMr89CO8RB1CVt3"
        },
        {
            "name": "npc",
            "current": "1",
            "max": "",
            "id": "-N3IQVvrs5iWPTpvpRyo"
        },
        {
            "name": "npc_options-flag",
            "current": "0",
            "max": "",
            "id": "-fC4wtjUcGUhKJoMlmnU"
        },
        {
            "name": "ui_flags",
            "current": "",
            "max": "",
            "id": "-T7Uhe8txk53nrLiUbEq"
        },
        {
            "name": "npc_name",
            "current": "Скелет-минотавр (Minotaur Skeleton)",
            "max": "",
            "id": "-xB9M9Giy4AlH6WqA7or"
        },
        {
            "name": "npc_type",
            "current": "нежить законно-злое",
            "max": "",
            "id": "-IB2vLfH945yZjBrUO4z"
        },
        {
            "name": "npc_speed",
            "current": "8 клеток",
            "max": "",
            "id": "-GyvDJ0Bxrm0MUEbjkIE"
        },
        {
            "name": "hp",
            "current": "",
            "max": "67",
            "id": "-TB56UzpFHFtSREBjX56"
        },
        {
            "name": "npc_ac",
            "current": "12 (естественная броня)",
            "max": "",
            "id": "-Q3JagvnGQXbHdmfK671"
        },
        {
            "name": "ac",
            "current": "12 (естественная броня)",
            "max": "",
            "id": "-QzMliCQL7BEF8VDiFLN"
        },
        {
            "name": "npc_languages",
            "current": "понимает Бездны но не может разговаривать",
            "max": "",
            "id": "-Y3jM1ZIYfB5IdySDywk"
        },
        {
            "name": "npc_challenge",
            "current": "2",
            "max": "",
            "id": "-0JovNTPxPAwGsp0XayW"
        },
        {
            "name": "passive_wisdom",
            "current": "2",
            "max": "",
            "id": "-Uu7j5P9l15NwhkbsrRU"
        },
        {
            "name": "initiative_bonus",
            "current": 0,
            "max": "",
            "id": "-tgAHHRqs7okbLBkGtxh"
        },
        {
            "name": "npc_hpformula",
            "current": "9d10 + 18",
            "max": "",
            "id": "-eTT9kaUkYYKU14vh6Ml"
        },
        {
            "name": "strength_base",
            "current": "18",
            "max": "",
            "id": "-qBMzqk0NNws8uzBbA62"
        },
        {
            "name": "strength_flag",
            "current": "0",
            "max": "",
            "id": "-5DXFKQTcny5LTq75Cl3"
        },
        {
            "name": "strength",
            "current": 18,
            "max": "",
            "id": "-IQonuHTvy8WNH7Jy5JY"
        },
        {
            "name": "strength_mod",
            "current": 4,
            "max": "",
            "id": "-lESg87dp0jwEzmsedKs"
        },
        {
            "name": "npc_str_negative",
            "current": 0,
            "max": "",
            "id": "-wcalnUaKaA0wAGNJ7IP"
        },
        {
            "name": "dexterity_base",
            "current": "11",
            "max": "",
            "id": "-BNmkAgykHavpwzCG4WD"
        },
        {
            "name": "dexterity_flag",
            "current": "0",
            "max": "",
            "id": "-h52C6sPvOhjOZznXnPe"
        },
        {
            "name": "dexterity",
            "current": 11,
            "max": "",
            "id": "-6iNj7Gxw8kUiTU6vMQX"
        },
        {
            "name": "dexterity_mod",
            "current": 0,
            "max": "",
            "id": "-zhGppirULZjYQPpWlQz"
        },
        {
            "name": "npc_dex_negative",
            "current": 0,
            "max": "",
            "id": "-dHYkuUcGuIYyTaXZxEL"
        },
        {
            "name": "constitution_base",
            "current": "15",
            "max": "",
            "id": "-S6OxL5YOBoROCZgSmlO"
        },
        {
            "name": "constitution_flag",
            "current": "0",
            "max": "",
            "id": "-MgsqpxvVD1ItzcLPpaJ"
        },
        {
            "name": "constitution",
            "current": 15,
            "max": "",
            "id": "-9WQYbdUkKdxKpajxQAN"
        },
        {
            "name": "constitution_mod",
            "current": 2,
            "max": "",
            "id": "-hYSnkwRc7jOmQFJpY5I"
        },
        {
            "name": "npc_con_negative",
            "current": 0,
            "max": "",
            "id": "-VtSc8zga3usTGyXZGyk"
        },
        {
            "name": "intelligence_base",
            "current": "6",
            "max": "",
            "id": "-GYjZ1UD1fVChiLgqePg"
        },
        {
            "name": "intelligence_flag",
            "current": "0",
            "max": "",
            "id": "-QFTdjRemdxP18v4T0cA"
        },
        {
            "name": "intelligence",
            "current": 6,
            "max": "",
            "id": "-RedMmM7XCuvmqWvDSi1"
        },
        {
            "name": "intelligence_mod",
            "current": -2,
            "max": "",
            "id": "-wx2VOKnhU0gPHDNHR04"
        },
        {
            "name": "npc_int_negative",
            "current": 1,
            "max": "",
            "id": "-SzAHTKp4fV0tfXffA9n"
        },
        {
            "name": "wisdom_base",
            "current": "8",
            "max": "",
            "id": "-tdo1W4OSDLMNuJESc9R"
        },
        {
            "name": "wisdom_flag",
            "current": "0",
            "max": "",
            "id": "-XcvyY7e7xxYDkR5s0d5"
        },
        {
            "name": "wisdom",
            "current": 8,
            "max": "",
            "id": "-TsuLq0sXlFTG7YaErJL"
        },
        {
            "name": "wisdom_mod",
            "current": -1,
            "max": "",
            "id": "-qtNCXjER5NzJjHw5Lkh"
        },
        {
            "name": "npc_wis_negative",
            "current": 1,
            "max": "",
            "id": "-q30rEm6Q0CuMoAwoFTo"
        },
        {
            "name": "charisma_base",
            "current": "5",
            "max": "",
            "id": "-zolDgCUvvGl6HMgL4Qs"
        },
        {
            "name": "charisma_flag",
            "current": "0",
            "max": "",
            "id": "-HGHoKvma8AnqKiYXicy"
        },
        {
            "name": "charisma",
            "current": 5,
            "max": "",
            "id": "-k57kBufmmuCA95IqJZW"
        },
        {
            "name": "charisma_mod",
            "current": -3,
            "max": "",
            "id": "-INkvLlKDj5ZOJBkx0a3"
        },
        {
            "name": "npc_cha_negative",
            "current": 1,
            "max": "",
            "id": "-k8C0Rwt6E3f6M6bndQ1"
        },
        {
            "name": "npc_immunities",
            "current": "яд",
            "max": "",
            "id": "-7hTJrQZ199mHoPYFdf5"
        },
        {
            "name": "npc_condition_immunities",
            "current": "истощение, отравление",
            "max": "",
            "id": "-Hc9DTb0U408IIHmLdLG"
        },
        {
            "name": "npc_vulnerabilities",
            "current": "дробящий",
            "max": "",
            "id": "-0b78tDockFjNTvu5oz2"
        },
        {
            "name": "npc_senses",
            "current": "темнозрение 12 клетки",
            "max": "",
            "id": "-AQA1JWA5WVNn9FFx9Us"
        },
        {
            "name": "repeating_npcaction_-IrwUufBR6qWx7MDf7aQ_name",
            "current": "Секира",
            "max": "",
            "id": "-mikLLzxAM6jSDBhkFcb"
        },
        {
            "name": "repeating_npcaction_-IrwUufBR6qWx7MDf7aQ_description",
            "current": "Рукопашное Оружие: +6 к атаке, досягаемость: 1 клетка, одна цель. Попадание: 17 (2d12 + 4) рубящего урона.",
            "max": "",
            "id": "-TdSBbd9qIXHLXLSbd9j"
        },
        {
            "name": "repeating_npcaction_-IrwUufBR6qWx7MDf7aQ_attack_flag",
            "current": "on",
            "max": "",
            "id": "-4xiAPmC79LDMcqLQYAM"
        },
        {
            "name": "repeating_npcaction_-IrwUufBR6qWx7MDf7aQ_attack_tohitrange",
            "current": "+6",
            "max": "",
            "id": "-McgWhTSBimkQYXFLamN"
        },
        {
            "name": "repeating_npcaction_-IrwUufBR6qWx7MDf7aQ_attack_onhit",
            "current": "",
            "max": "",
            "id": "-ghVyS3cRSQhOmtA0VkM"
        },
        {
            "name": "repeating_npcaction_-IrwUufBR6qWx7MDf7aQ_attack_tohit",
            "current": "6",
            "max": "",
            "id": "-iibrVEOcthLYAcUyPXM"
        },
        {
            "name": "repeating_npcaction_-IrwUufBR6qWx7MDf7aQ_attack_damage",
            "current": "2d12+4",
            "max": "",
            "id": "-uauxbg9ywMSW2jPQ9RJ"
        },
        {
            "name": "repeating_npcaction_-IrwUufBR6qWx7MDf7aQ_damage_flag",
            "current": "{{damage=1}} {{dmg1flag=1}}",
            "max": "",
            "id": "-DccdCPL6JBogXJILZZX"
        },
        {
            "name": "repeating_npcaction_-IrwUufBR6qWx7MDf7aQ_rollbase",
            "current": "@{wtype}&{template:npcaction} {{attack=1}} @{damage_flag} @{npc_name_flag} {{rname=@{name}}} {{r1=[[@{d20}+(@{attack_tohit})]]}} @{rtype}+(@{attack_tohit})]]}} {{dmg1=[[@{attack_damage}]]}} {{dmg1type=@{attack_damagetype}}} {{dmg2=[[@{attack_damage2}+0]]}} {{dmg2type=@{attack_damagetype2}}} {{crit1=[[@{attack_crit}+0]]}} {{crit2=[[@{attack_crit2}+0]]}} {{description=@{show_desc}}} @{charname_output}",
            "max": "",
            "id": "-PHSVxfZhBNNDv2Z2VuD"
        },
        {
            "name": "repeating_npcaction_-IrwUufBR6qWx7MDf7aQ_attack_crit",
            "current": "2d12+4",
            "max": "",
            "id": "-ioujBhIV0sdDZzWnxsj"
        },
        {
            "name": "repeating_npcaction_-IrwUufBR6qWx7MDf7aQ_attack_crit2",
            "current": "",
            "max": "",
            "id": "-WJLD4M9u2gBV8RJvNqf"
        },
        {
            "name": "repeating_npcaction_-A4u6PUlUub35W8vMMAf_name",
            "current": "Бодание",
            "max": "",
            "id": "-Y6PyQ5HzPJR8GCOUL2H"
        },
        {
            "name": "repeating_npcaction_-A4u6PUlUub35W8vMMAf_description",
            "current": "Рукопашное Оружие: +6 к атаке, досягаемость: 1 клетка, одна цель. Попадание: 13 (2d8 + 4) колющего урона.",
            "max": "",
            "id": "-n2PKfzHJ3qI3hkY1bx7"
        },
        {
            "name": "repeating_npcaction_-A4u6PUlUub35W8vMMAf_attack_flag",
            "current": "on",
            "max": "",
            "id": "-W0jovPyrXak0eDlWdu4"
        },
        {
            "name": "repeating_npcaction_-A4u6PUlUub35W8vMMAf_attack_tohitrange",
            "current": "+6",
            "max": "",
            "id": "-77FEvCETOwSLmQqYMm7"
        },
        {
            "name": "repeating_npcaction_-A4u6PUlUub35W8vMMAf_attack_onhit",
            "current": "",
            "max": "",
            "id": "-FZn8RRLousPJILbhI0i"
        },
        {
            "name": "repeating_npcaction_-A4u6PUlUub35W8vMMAf_attack_tohit",
            "current": "6",
            "max": "",
            "id": "-UHkXrJac1Ccgs2vVtSw"
        },
        {
            "name": "repeating_npcaction_-A4u6PUlUub35W8vMMAf_attack_damage",
            "current": "2d8+4",
            "max": "",
            "id": "-vtmx1BQDVpJFjJ8HEUP"
        },
        {
            "name": "repeating_npcaction_-A4u6PUlUub35W8vMMAf_damage_flag",
            "current": "{{damage=1}} {{dmg1flag=1}}",
            "max": "",
            "id": "-0A2sdSDpzGBlaZbHsFL"
        },
        {
            "name": "repeating_npcaction_-A4u6PUlUub35W8vMMAf_rollbase",
            "current": "@{wtype}&{template:npcaction} {{attack=1}} @{damage_flag} @{npc_name_flag} {{rname=@{name}}} {{r1=[[@{d20}+(@{attack_tohit})]]}} @{rtype}+(@{attack_tohit})]]}} {{dmg1=[[@{attack_damage}]]}} {{dmg1type=@{attack_damagetype}}} {{dmg2=[[@{attack_damage2}+0]]}} {{dmg2type=@{attack_damagetype2}}} {{crit1=[[@{attack_crit}+0]]}} {{crit2=[[@{attack_crit2}+0]]}} {{description=@{show_desc}}} @{charname_output}",
            "max": "",
            "id": "-nqEcYTvrARJAkSEw2uZ"
        },
        {
            "name": "repeating_npcaction_-A4u6PUlUub35W8vMMAf_attack_crit",
            "current": "2d8+4",
            "max": "",
            "id": "-y2S5IVQy0mwHZovzvtM"
        },
        {
            "name": "repeating_npcaction_-A4u6PUlUub35W8vMMAf_attack_crit2",
            "current": "",
            "max": "",
            "id": "-YAGnwmfuilyIjjlwlxQ"
        },
        {
            "name": "repeating_npctrait_-f05r4NO3mQLUQ2qYK2i_name",
            "current": "Рывок",
            "max": "",
            "id": "-c3uGWJeFTo5KSO3n1d3"
        },
        {
            "name": "repeating_npctrait_-f05r4NO3mQLUQ2qYK2i_description",
            "current": "Если скелет передвигается как минимум на 2 клетки в направлении к цели, а затем поражает цель атакой Бодание в тот же ход, цель получает дополнительно 9 (2d8) колющего урона. Если цель - существо, оно должно бросить спасбросок сложностью 14 по Силе или будет отброшено на расстояние до 2 клеток и сбито с ног.",
            "max": "",
            "id": "-f2fZZ8RRx2I3udMI5eO"
        },
        {
            "name": "npcspellcastingflag",
            "current": "0",
            "max": "",
            "id": "-OuKPkQ5RVm0MyvE5SDr"
        }
    ],
    "abilities": []
}