{
    "schema_version": 2,
    "oldId": "-A675V8ILnAKPqkzyXNZ",
    "name": "Скорпион (Scorpion)",
    "avatar": "https://tentaculus.ru/monsters/img/cute_monsters/SCORPION.jpg",
    "bio": "",
    "gmnotes": "",
    "defaulttoken": "",
    "tags": "[]",
    "controlledby": "",
    "inplayerjournals": "",
    "attribs": [
        {
            "name": "hitdieroll",
            "current": "4",
            "max": "",
            "id": "-EoSPd7t9pNA7omDcNdO"
        },
        {
            "name": "showleveler",
            "current": 0,
            "max": "",
            "id": "-Cf6gVOcY4rCxN1JmddZ"
        },
        {
            "name": "invalidXP",
            "current": 0,
            "max": "",
            "id": "-v46BUXBw8XFUKeca5Ws"
        },
        {
            "name": "version",
            "current": 4.21,
            "max": "",
            "id": "-qzErD86XNlRJQg0AfP8"
        },
        {
            "name": "mancer_confirm_flag",
            "current": "",
            "max": "",
            "id": "-a5LBMTIw7SV4NwQrkxK"
        },
        {
            "name": "mancer_npc",
            "current": "on",
            "max": "",
            "id": "-nB4TiFkAwUhXfzDJ4rK"
        },
        {
            "name": "l1mancer_status",
            "current": "completed",
            "max": "",
            "id": "-4d6T4INH95EpHpoKiYm"
        },
        {
            "name": "rtype",
            "current": "@{advantagetoggle}",
            "max": "",
            "id": "-k7l0IiwqnD1lfGVkmUP"
        },
        {
            "name": "dtype",
            "current": "full",
            "max": "",
            "id": "-UZL31g3OdLWq2aQbqTK"
        },
        {
            "name": "appliedUpdates",
            "current": "upgrade_to_4_2_1",
            "max": "",
            "id": "-wipf7VFW7De864Dno5G"
        },
        {
            "name": "npc",
            "current": "1",
            "max": "",
            "id": "-iyCN4dBlloztcAc4EvG"
        },
        {
            "name": "npc_options-flag",
            "current": "0",
            "max": "",
            "id": "-bpW0FUnlAYVNQDgT92d"
        },
        {
            "name": "ui_flags",
            "current": "",
            "max": "",
            "id": "-02V0zWpo7LV36H1ZMAZ"
        },
        {
            "name": "npc_name",
            "current": "Скорпион (Scorpion)",
            "max": "",
            "id": "-GO7PuKHQJOXVjFWJ74L"
        },
        {
            "name": "npc_type",
            "current": "зверь без мировоззрения",
            "max": "",
            "id": "-TmbTdym8GmDViEmR0rk"
        },
        {
            "name": "npc_speed",
            "current": "2 клетки",
            "max": "",
            "id": "-E3osMUUZSKjwOjnttvh"
        },
        {
            "name": "hp",
            "current": "",
            "max": "1",
            "id": "-V0ZrbWojY8aCzGWBaPu"
        },
        {
            "name": "npc_ac",
            "current": "11 (естественная броня)",
            "max": "",
            "id": "-bFcZa9znhrM7vXduGXb"
        },
        {
            "name": "ac",
            "current": "11 (естественная броня)",
            "max": "",
            "id": "-XrJHHWc6aY50edNtbyu"
        },
        {
            "name": "npc_languages",
            "current": "",
            "max": "",
            "id": "-8113zhvAnBbYFz3JWmh"
        },
        {
            "name": "npc_challenge",
            "current": "0",
            "max": "",
            "id": "-TIoyPpTOj9IoM0SZafO"
        },
        {
            "name": "passive_wisdom",
            "current": "0",
            "max": "",
            "id": "-WQs8KuWOpLH8NBe9J5V"
        },
        {
            "name": "initiative_bonus",
            "current": 0,
            "max": "",
            "id": "-ukcAZCUSS3aDrpJ9Wsn"
        },
        {
            "name": "npc_hpformula",
            "current": "1d4-1",
            "max": "",
            "id": "-zGTymt49yZwLGMOjdvg"
        },
        {
            "name": "strength_base",
            "current": "2",
            "max": "",
            "id": "-Bod5gnjaiQfbY6Bo1LO"
        },
        {
            "name": "strength_flag",
            "current": "0",
            "max": "",
            "id": "-ZvPCUJeC6ncZcTWPtkY"
        },
        {
            "name": "strength",
            "current": 2,
            "max": "",
            "id": "-j0c19z9ICniYdjbNJHJ"
        },
        {
            "name": "strength_mod",
            "current": -4,
            "max": "",
            "id": "-hLomKnNpjyJfEKZou1d"
        },
        {
            "name": "npc_str_negative",
            "current": 1,
            "max": "",
            "id": "-S2nfYBL9SBfddPHyhBg"
        },
        {
            "name": "dexterity_base",
            "current": "11",
            "max": "",
            "id": "-p1MFu9Fv8e4k91u6i9B"
        },
        {
            "name": "dexterity_flag",
            "current": "0",
            "max": "",
            "id": "-W7kD8ZL2eLG8O7LV32c"
        },
        {
            "name": "dexterity",
            "current": 11,
            "max": "",
            "id": "-807vZkULaY0x1KDhf1e"
        },
        {
            "name": "dexterity_mod",
            "current": 0,
            "max": "",
            "id": "-KK6DwXRvgw9UzMQbMnm"
        },
        {
            "name": "npc_dex_negative",
            "current": 0,
            "max": "",
            "id": "-XYplnEm49nzgfW2rB2q"
        },
        {
            "name": "constitution_base",
            "current": "8",
            "max": "",
            "id": "-lMzLjPuh0U3D5SCUMen"
        },
        {
            "name": "constitution_flag",
            "current": "0",
            "max": "",
            "id": "-r2mvBnjbOiZooTUQtZd"
        },
        {
            "name": "constitution",
            "current": 8,
            "max": "",
            "id": "-bGHGR7BtcJvIokaiger"
        },
        {
            "name": "constitution_mod",
            "current": -1,
            "max": "",
            "id": "-NGzgsusc7Ny04H09653"
        },
        {
            "name": "npc_con_negative",
            "current": 1,
            "max": "",
            "id": "-vw62pOWK48w599uOOND"
        },
        {
            "name": "intelligence_base",
            "current": "1",
            "max": "",
            "id": "-RpjC7UqhGMjk664USsP"
        },
        {
            "name": "intelligence_flag",
            "current": "0",
            "max": "",
            "id": "-qEb48LhLCxYSGzILI4B"
        },
        {
            "name": "intelligence",
            "current": 1,
            "max": "",
            "id": "-bRP3EdK1ln1QXPDbPsz"
        },
        {
            "name": "intelligence_mod",
            "current": -5,
            "max": "",
            "id": "-AouSQWugxZIbOpV27zP"
        },
        {
            "name": "npc_int_negative",
            "current": 1,
            "max": "",
            "id": "-zCSAodvZg5mCcbCMkew"
        },
        {
            "name": "wisdom_base",
            "current": "8",
            "max": "",
            "id": "-60dKkQyeUUQv7CSfTRo"
        },
        {
            "name": "wisdom_flag",
            "current": "0",
            "max": "",
            "id": "-oVmCeXQbSigBdFxlsL0"
        },
        {
            "name": "wisdom",
            "current": 8,
            "max": "",
            "id": "-KUDMJfwhQqL5Jj2K4ga"
        },
        {
            "name": "wisdom_mod",
            "current": -1,
            "max": "",
            "id": "-Qu4WiigusjMuy1xNWUR"
        },
        {
            "name": "npc_wis_negative",
            "current": 1,
            "max": "",
            "id": "-Y34LZVvE1Sk13GJ3e2E"
        },
        {
            "name": "charisma_base",
            "current": "2",
            "max": "",
            "id": "-wCyp2BQfGoAglST88Xd"
        },
        {
            "name": "charisma_flag",
            "current": "0",
            "max": "",
            "id": "-1Rv2AceZSOglIliZoGn"
        },
        {
            "name": "charisma",
            "current": 2,
            "max": "",
            "id": "-1kvVWXtOQJbYBFSJZ22"
        },
        {
            "name": "charisma_mod",
            "current": -4,
            "max": "",
            "id": "-b9wv8bnBuFhKyllFDnG"
        },
        {
            "name": "npc_cha_negative",
            "current": 1,
            "max": "",
            "id": "-EaGCgw9xH70sBeUYrMG"
        },
        {
            "name": "npc_senses",
            "current": "слепозрение 2 клетки",
            "max": "",
            "id": "-d7IVBOx8bGgjkP2FZG2"
        },
        {
            "name": "repeating_npcaction_-mFLjI1DtnTOu1xqAwHt_name",
            "current": "Жало",
            "max": "",
            "id": "-nd0q8baowxTq0x6IBh1"
        },
        {
            "name": "repeating_npcaction_-mFLjI1DtnTOu1xqAwHt_description",
            "current": "Рукопашное Оружие: +2 к атаке, досягаемость: 1 клетка, одно существо. Попадание: 1 колющего урона. Цель должна бросить спасбросок со сложностью со сложностью 9 по Телосложению. В случае неудачи существо получает 4 (1d8) урона ядом, и половину урона в случае успеха.",
            "max": "",
            "id": "-DBEvLfZ4fcP7aCAY98k"
        },
        {
            "name": "repeating_npcaction_-mFLjI1DtnTOu1xqAwHt_attack_flag",
            "current": "on",
            "max": "",
            "id": "-VoK99r8fqbbmLNMmbmg"
        },
        {
            "name": "repeating_npcaction_-mFLjI1DtnTOu1xqAwHt_attack_tohitrange",
            "current": "+2",
            "max": "",
            "id": "-AJ6Y5eIk6EOwkZecqZJ"
        },
        {
            "name": "repeating_npcaction_-mFLjI1DtnTOu1xqAwHt_attack_onhit",
            "current": "",
            "max": "",
            "id": "-FSynuWu7yDtGb31lezM"
        },
        {
            "name": "repeating_npcaction_-mFLjI1DtnTOu1xqAwHt_attack_tohit",
            "current": "2",
            "max": "",
            "id": "-ypP01Lljxk75du2vDdK"
        },
        {
            "name": "repeating_npcaction_-mFLjI1DtnTOu1xqAwHt_attack_damage",
            "current": "1",
            "max": "",
            "id": "-l9UaJOn8oJLsLF95Mse"
        },
        {
            "name": "repeating_npcaction_-mFLjI1DtnTOu1xqAwHt_damage_flag",
            "current": "{{damage=1}} {{dmg1flag=1}}",
            "max": "",
            "id": "-Q3JxBbhLWkT5WUfWKA8"
        },
        {
            "name": "repeating_npcaction_-mFLjI1DtnTOu1xqAwHt_rollbase",
            "current": "@{wtype}&{template:npcaction} {{attack=1}} @{damage_flag} @{npc_name_flag} {{rname=@{name}}} {{r1=[[@{d20}+(@{attack_tohit})]]}} @{rtype}+(@{attack_tohit})]]}} {{dmg1=[[@{attack_damage}]]}} {{dmg1type=@{attack_damagetype}}} {{dmg2=[[@{attack_damage2}+0]]}} {{dmg2type=@{attack_damagetype2}}} {{crit1=[[@{attack_crit}+0]]}} {{crit2=[[@{attack_crit2}+0]]}} {{description=@{show_desc}}} @{charname_output}",
            "max": "",
            "id": "-dvCcpFIs6aGXA6jSlIL"
        },
        {
            "name": "repeating_npcaction_-mFLjI1DtnTOu1xqAwHt_attack_crit",
            "current": "1",
            "max": "",
            "id": "-IrXinihe4o6XdrBYvOA"
        },
        {
            "name": "repeating_npcaction_-mFLjI1DtnTOu1xqAwHt_attack_crit2",
            "current": "",
            "max": "",
            "id": "-6c4rIsE5tQfibkr3VJo"
        }
    ],
    "abilities": []
}