{
    "schema_version": 2,
    "oldId": "-ictzNMm0WOef8XkEbHJ",
    "name": "Скелет боевого коня (Warhorse Skeleton)",
    "avatar": "https://tentaculus.ru/monsters/img/cute_monsters/WARHORSE_SKELETON.jpg",
    "bio": "",
    "gmnotes": "",
    "defaulttoken": "",
    "tags": "[]",
    "controlledby": "",
    "inplayerjournals": "",
    "attribs": [
        {
            "name": "hitdieroll",
            "current": "4",
            "max": "",
            "id": "-fHfsIf2ty8P7XXENBNO"
        },
        {
            "name": "showleveler",
            "current": 0,
            "max": "",
            "id": "-ByGaiemzqZJIfmRgLO3"
        },
        {
            "name": "invalidXP",
            "current": 0,
            "max": "",
            "id": "-DWnOUgIW3OURwgnilg5"
        },
        {
            "name": "version",
            "current": 4.21,
            "max": "",
            "id": "-FELZzXOHNYTd8UeVmqj"
        },
        {
            "name": "mancer_confirm_flag",
            "current": "",
            "max": "",
            "id": "-YPRBk7jb8BRBCkvWEbh"
        },
        {
            "name": "mancer_npc",
            "current": "on",
            "max": "",
            "id": "-ZV7nG4XLuiR685Ytk0b"
        },
        {
            "name": "l1mancer_status",
            "current": "completed",
            "max": "",
            "id": "-tcmpLjIsBnQTfqC2hOQ"
        },
        {
            "name": "rtype",
            "current": "@{advantagetoggle}",
            "max": "",
            "id": "-kWSIK9mpt5sNyiMRcP4"
        },
        {
            "name": "dtype",
            "current": "full",
            "max": "",
            "id": "-MHKsds3WVuWwJzbHc3O"
        },
        {
            "name": "appliedUpdates",
            "current": "upgrade_to_4_2_1",
            "max": "",
            "id": "-JfyIbeZEQLs9hNmdVP8"
        },
        {
            "name": "npc",
            "current": "1",
            "max": "",
            "id": "-09BBMCjeU5kjToqs63S"
        },
        {
            "name": "npc_options-flag",
            "current": "0",
            "max": "",
            "id": "-hPPsUuq76V9t5adPxF1"
        },
        {
            "name": "ui_flags",
            "current": "",
            "max": "",
            "id": "-uGDF4syadfW2Kxow9Nr"
        },
        {
            "name": "npc_name",
            "current": "Скелет боевого коня (Warhorse Skeleton)",
            "max": "",
            "id": "-ky64epIsMxy2AEMwJQG"
        },
        {
            "name": "npc_type",
            "current": "нежить законно-злое",
            "max": "",
            "id": "-TkTTzOIZaTMnEQIo5le"
        },
        {
            "name": "npc_speed",
            "current": "12 клетки",
            "max": "",
            "id": "-y1qJnmknoxdoNz8EgiP"
        },
        {
            "name": "hp",
            "current": "",
            "max": "22",
            "id": "-zXpAzXhIlCyqX90ceP7"
        },
        {
            "name": "npc_ac",
            "current": "13 (остатки лошадиной брони)",
            "max": "",
            "id": "-j4j4m7Gd5BRhH9fhJe7"
        },
        {
            "name": "ac",
            "current": "13 (остатки лошадиной брони)",
            "max": "",
            "id": "-j3UfzQKZtueSiMhtchm"
        },
        {
            "name": "npc_languages",
            "current": "",
            "max": "",
            "id": "-y15ymzJ6CxTERklHoBk"
        },
        {
            "name": "npc_challenge",
            "current": "1/2",
            "max": "",
            "id": "-XCc8dtNqCmbM4MjELzG"
        },
        {
            "name": "passive_wisdom",
            "current": "1/2",
            "max": "",
            "id": "-HsuBAa5C0INWqx4K76W"
        },
        {
            "name": "initiative_bonus",
            "current": 1,
            "max": "",
            "id": "-HXUj9WYk7epiJfUmFMH"
        },
        {
            "name": "npc_hpformula",
            "current": "3d10 + 6",
            "max": "",
            "id": "-DkiuaSLgP2Lc2qATwcN"
        },
        {
            "name": "strength_base",
            "current": "18",
            "max": "",
            "id": "-54ruRd3WXt8ae4vdpIg"
        },
        {
            "name": "strength_flag",
            "current": "0",
            "max": "",
            "id": "-EYPapcmUMbKf55T43Ex"
        },
        {
            "name": "strength",
            "current": 18,
            "max": "",
            "id": "-OHctE4H8T11r0TjLbbl"
        },
        {
            "name": "strength_mod",
            "current": 4,
            "max": "",
            "id": "-exdiLXnIKZq9mj5jzHY"
        },
        {
            "name": "npc_str_negative",
            "current": 0,
            "max": "",
            "id": "-0A7Uiw8UhMaJhw9TUnJ"
        },
        {
            "name": "dexterity_base",
            "current": "12",
            "max": "",
            "id": "-Ob9whKk6RrNDbThu7af"
        },
        {
            "name": "dexterity_flag",
            "current": "0",
            "max": "",
            "id": "-4XlrrhfUas1WEVGI4Qo"
        },
        {
            "name": "dexterity",
            "current": 12,
            "max": "",
            "id": "-TlL9r88YTiXYDVEOkIy"
        },
        {
            "name": "dexterity_mod",
            "current": 1,
            "max": "",
            "id": "-cK2Q4H4NsHT93RRWh6c"
        },
        {
            "name": "npc_dex_negative",
            "current": 0,
            "max": "",
            "id": "-KAAEVigFNt8SmbsAObC"
        },
        {
            "name": "constitution_base",
            "current": "15",
            "max": "",
            "id": "-4SRljWr5JZX1vYBqJGV"
        },
        {
            "name": "constitution_flag",
            "current": "0",
            "max": "",
            "id": "-wXp83v8IijmZNyxbJId"
        },
        {
            "name": "constitution",
            "current": 15,
            "max": "",
            "id": "-XMPVSjh2R36yrqy1n2a"
        },
        {
            "name": "constitution_mod",
            "current": 2,
            "max": "",
            "id": "-IBPunQSvN4TlqUlegKs"
        },
        {
            "name": "npc_con_negative",
            "current": 0,
            "max": "",
            "id": "-jdtPZ2RAIYYEajYTbus"
        },
        {
            "name": "intelligence_base",
            "current": "2",
            "max": "",
            "id": "-IIZwbxjn5rqjgmRmojk"
        },
        {
            "name": "intelligence_flag",
            "current": "0",
            "max": "",
            "id": "-9zwvblR4y1VLIl2kj13"
        },
        {
            "name": "intelligence",
            "current": 2,
            "max": "",
            "id": "-dxO4zDXmSldSsqANDbS"
        },
        {
            "name": "intelligence_mod",
            "current": -4,
            "max": "",
            "id": "-otRKEVBS4nztfPPxc0o"
        },
        {
            "name": "npc_int_negative",
            "current": 1,
            "max": "",
            "id": "-igFs3WAJz7NMbq9I66X"
        },
        {
            "name": "wisdom_base",
            "current": "8",
            "max": "",
            "id": "-4SJ8i8914xyq2foB8wO"
        },
        {
            "name": "wisdom_flag",
            "current": "0",
            "max": "",
            "id": "-OpZ4gtzD2v5sQmCyTkk"
        },
        {
            "name": "wisdom",
            "current": 8,
            "max": "",
            "id": "-fs2VOLgCtQBqDlK1S3q"
        },
        {
            "name": "wisdom_mod",
            "current": -1,
            "max": "",
            "id": "-lsjn3z5fCMQoC1HC9tc"
        },
        {
            "name": "npc_wis_negative",
            "current": 1,
            "max": "",
            "id": "-CM6Xk2GL7noUAFehjQ3"
        },
        {
            "name": "charisma_base",
            "current": "5",
            "max": "",
            "id": "-eNj41XqZuiqGzivrk3P"
        },
        {
            "name": "charisma_flag",
            "current": "0",
            "max": "",
            "id": "-EDOChxTlgoS2EiV7Pmi"
        },
        {
            "name": "charisma",
            "current": 5,
            "max": "",
            "id": "-DdGLRd1Wx61qvv37ukx"
        },
        {
            "name": "charisma_mod",
            "current": -3,
            "max": "",
            "id": "-TyfWsUoPj8paKPnBQe2"
        },
        {
            "name": "npc_cha_negative",
            "current": 1,
            "max": "",
            "id": "-qjB7fmbGxvyXogG6Bvl"
        },
        {
            "name": "npc_immunities",
            "current": "яд",
            "max": "",
            "id": "-R2QwP1iyrAZe4CDHhCX"
        },
        {
            "name": "npc_condition_immunities",
            "current": "истощение, отравление",
            "max": "",
            "id": "-p6C3CGcAjSF9eVbzLky"
        },
        {
            "name": "npc_vulnerabilities",
            "current": "дробящий",
            "max": "",
            "id": "-6DSxecSu6OIX5FAv5Az"
        },
        {
            "name": "npc_senses",
            "current": "темнозрение 12 клетки",
            "max": "",
            "id": "-KA6G05ltIBk7czJBJnS"
        },
        {
            "name": "repeating_npcaction_-0QS5qpxg9b4t41WUeZa_name",
            "current": "Копыта",
            "max": "",
            "id": "-7FFyzbMNgqpERME3fpw"
        },
        {
            "name": "repeating_npcaction_-0QS5qpxg9b4t41WUeZa_description",
            "current": "Рукопашное Оружие: +6 к атаке, досягаемость: 1 клетка, одна цель. Попадание: 11 (2d6 + 4) дробящего урона.",
            "max": "",
            "id": "-gF2jOpus31guTIZ7BpB"
        },
        {
            "name": "repeating_npcaction_-0QS5qpxg9b4t41WUeZa_attack_flag",
            "current": "on",
            "max": "",
            "id": "-hMATmEicvdtOmtPIYzf"
        },
        {
            "name": "repeating_npcaction_-0QS5qpxg9b4t41WUeZa_attack_tohitrange",
            "current": "+6",
            "max": "",
            "id": "-NAnnp22UTkCAx3weH3i"
        },
        {
            "name": "repeating_npcaction_-0QS5qpxg9b4t41WUeZa_attack_onhit",
            "current": "",
            "max": "",
            "id": "-wTy0Zlhe9ld1zS8Q7ze"
        },
        {
            "name": "repeating_npcaction_-0QS5qpxg9b4t41WUeZa_attack_tohit",
            "current": "6",
            "max": "",
            "id": "-T8fkX7VbPrhDw1nL7W6"
        },
        {
            "name": "repeating_npcaction_-0QS5qpxg9b4t41WUeZa_attack_damage",
            "current": "2d6+4",
            "max": "",
            "id": "-wfjUjmPTElEUkP0r7qf"
        },
        {
            "name": "repeating_npcaction_-0QS5qpxg9b4t41WUeZa_damage_flag",
            "current": "{{damage=1}} {{dmg1flag=1}}",
            "max": "",
            "id": "-DmAL23BbjkdJBtf1Zox"
        },
        {
            "name": "repeating_npcaction_-0QS5qpxg9b4t41WUeZa_rollbase",
            "current": "@{wtype}&{template:npcaction} {{attack=1}} @{damage_flag} @{npc_name_flag} {{rname=@{name}}} {{r1=[[@{d20}+(@{attack_tohit})]]}} @{rtype}+(@{attack_tohit})]]}} {{dmg1=[[@{attack_damage}]]}} {{dmg1type=@{attack_damagetype}}} {{dmg2=[[@{attack_damage2}+0]]}} {{dmg2type=@{attack_damagetype2}}} {{crit1=[[@{attack_crit}+0]]}} {{crit2=[[@{attack_crit2}+0]]}} {{description=@{show_desc}}} @{charname_output}",
            "max": "",
            "id": "-yzilefSdSJ2vWFc3osJ"
        },
        {
            "name": "repeating_npcaction_-0QS5qpxg9b4t41WUeZa_attack_crit",
            "current": "2d6+4",
            "max": "",
            "id": "-TlEvQ5mHzUOhnFYbTPy"
        },
        {
            "name": "repeating_npcaction_-0QS5qpxg9b4t41WUeZa_attack_crit2",
            "current": "",
            "max": "",
            "id": "-OUKtX2cg0TBJwQWdz6G"
        }
    ],
    "abilities": []
}