{
    "schema_version": 2,
    "oldId": "-oM2KOsWo13cwkorVas3",
    "name": "Тиран Смерти (Death Tyrant)",
    "avatar": "https://tentaculus.ru/monsters/img/cute_monsters/DEATH_TYRANT.jpg",
    "bio": "",
    "gmnotes": "",
    "defaulttoken": "",
    "tags": "[]",
    "controlledby": "",
    "inplayerjournals": "",
    "attribs": [
        {
            "name": "hitdieroll",
            "current": "4",
            "max": "",
            "id": "-wBm93roXjl0mTdaoJoe"
        },
        {
            "name": "showleveler",
            "current": 0,
            "max": "",
            "id": "-XhZDOVu2VldJW7jrk9V"
        },
        {
            "name": "invalidXP",
            "current": 0,
            "max": "",
            "id": "-zww3ov4HqDD7Ytruq3E"
        },
        {
            "name": "version",
            "current": 4.21,
            "max": "",
            "id": "-V9pYB1XHSUw1LIMqeuC"
        },
        {
            "name": "mancer_confirm_flag",
            "current": "",
            "max": "",
            "id": "-asNfUsbXvqnvwauDVad"
        },
        {
            "name": "mancer_npc",
            "current": "on",
            "max": "",
            "id": "-e9eR9XJuoQcKcccwzLc"
        },
        {
            "name": "l1mancer_status",
            "current": "completed",
            "max": "",
            "id": "-5pu9UcN9BrUSJXRRnly"
        },
        {
            "name": "rtype",
            "current": "@{advantagetoggle}",
            "max": "",
            "id": "-cQIgqHcdXSgcecGwqe6"
        },
        {
            "name": "dtype",
            "current": "full",
            "max": "",
            "id": "-tlvU0iA2fpjF1Boagoi"
        },
        {
            "name": "appliedUpdates",
            "current": "upgrade_to_4_2_1",
            "max": "",
            "id": "-kqfJ1FWZZIVu0mqW7HY"
        },
        {
            "name": "npc",
            "current": "1",
            "max": "",
            "id": "-tThk3gwyZ8mlH79UACI"
        },
        {
            "name": "npc_options-flag",
            "current": "0",
            "max": "",
            "id": "-EowVMgGpMPgS4m5sSNO"
        },
        {
            "name": "ui_flags",
            "current": "",
            "max": "",
            "id": "-5rIl7Zylf8a6MgP69ku"
        },
        {
            "name": "npc_name",
            "current": "Тиран Смерти (Death Tyrant)",
            "max": "",
            "id": "-vkS72DxCiPP0ioGyjzp"
        },
        {
            "name": "npc_type",
            "current": "нежить законно-злое",
            "max": "",
            "id": "-QhhOSzWX541dgBJgLzd"
        },
        {
            "name": "npc_speed",
            "current": "0 клеток, полет 20 клеток (парение)",
            "max": "",
            "id": "-iQLT39zqOblBjwyO14P"
        },
        {
            "name": "hp",
            "current": "",
            "max": "187",
            "id": "-70gEgx1QKhK51jtAyO3"
        },
        {
            "name": "npc_ac",
            "current": "19 (естественная броня)",
            "max": "",
            "id": "-d3IjreSYoJErBFpfttu"
        },
        {
            "name": "ac",
            "current": "19 (естественная броня)",
            "max": "",
            "id": "-GBC2ejEbryZ1AYedAmW"
        },
        {
            "name": "npc_languages",
            "current": "Глубинная Речь, Подземный",
            "max": "",
            "id": "-YHWb8YLtTJebVFn2ISW"
        },
        {
            "name": "npc_challenge",
            "current": "14",
            "max": "",
            "id": "-rZPDBC3RmWFf4bFNjki"
        },
        {
            "name": "passive_wisdom",
            "current": "14",
            "max": "",
            "id": "-taTGG4DK7Yh6RH5Pguy"
        },
        {
            "name": "initiative_bonus",
            "current": 2,
            "max": "",
            "id": "-sLoL9YmPbKdEsd876Qs"
        },
        {
            "name": "npc_hpformula",
            "current": "25d10 + 50",
            "max": "",
            "id": "-fnyCop5LlgculqSHz8X"
        },
        {
            "name": "strength_base",
            "current": "10",
            "max": "",
            "id": "-znZkINGndgW4mi2VKNk"
        },
        {
            "name": "strength_flag",
            "current": "0",
            "max": "",
            "id": "-VRgYvDk9DU6LCH98UPX"
        },
        {
            "name": "strength",
            "current": 10,
            "max": "",
            "id": "-566iLL8aXtaahNHBAgJ"
        },
        {
            "name": "strength_mod",
            "current": 0,
            "max": "",
            "id": "-TgkW286HHHIwFLJQHoh"
        },
        {
            "name": "npc_str_negative",
            "current": 0,
            "max": "",
            "id": "-hitQpXcE0YxNN32c7fp"
        },
        {
            "name": "dexterity_base",
            "current": "14",
            "max": "",
            "id": "-tqKBPIaT79Ldo7O7YNK"
        },
        {
            "name": "dexterity_flag",
            "current": "0",
            "max": "",
            "id": "-pbIvzIAHC2azcD5u9lb"
        },
        {
            "name": "dexterity",
            "current": 14,
            "max": "",
            "id": "-tt2yRWtBpj7gBD2kYUp"
        },
        {
            "name": "dexterity_mod",
            "current": 2,
            "max": "",
            "id": "-UUJKlWr3pdzkh0iJ8te"
        },
        {
            "name": "npc_dex_negative",
            "current": 0,
            "max": "",
            "id": "-pfgGD0MYjXRN1wMt6VH"
        },
        {
            "name": "constitution_base",
            "current": "14",
            "max": "",
            "id": "-8KKP06MtD37syBVNt1u"
        },
        {
            "name": "constitution_flag",
            "current": "0",
            "max": "",
            "id": "-btoqM6haHgZuQf3EXBX"
        },
        {
            "name": "constitution",
            "current": 14,
            "max": "",
            "id": "-J6JQV54QUpfO3ZgtoA5"
        },
        {
            "name": "constitution_mod",
            "current": 2,
            "max": "",
            "id": "-4OIAtFkYQRDWMvw1Jig"
        },
        {
            "name": "npc_con_negative",
            "current": 0,
            "max": "",
            "id": "-S5i3QSoIKyf0lVXGOeT"
        },
        {
            "name": "intelligence_base",
            "current": "19",
            "max": "",
            "id": "-h2qRDeZiEKBu9i6YJyP"
        },
        {
            "name": "intelligence_flag",
            "current": "0",
            "max": "",
            "id": "-q88LgcoB35YH9ACT0Bp"
        },
        {
            "name": "intelligence",
            "current": 19,
            "max": "",
            "id": "-OPOQCIWRhUZxyW1p8Rd"
        },
        {
            "name": "intelligence_mod",
            "current": 4,
            "max": "",
            "id": "-A9K6JkdsjnkCHDKFgg4"
        },
        {
            "name": "npc_int_negative",
            "current": 0,
            "max": "",
            "id": "-FJQQaJwlPi78eLuuEgK"
        },
        {
            "name": "wisdom_base",
            "current": "15",
            "max": "",
            "id": "-l1NwlKBRTUDkWEHL9GN"
        },
        {
            "name": "wisdom_flag",
            "current": "0",
            "max": "",
            "id": "-ggCBB72pRqmcMPFmL5c"
        },
        {
            "name": "wisdom",
            "current": 15,
            "max": "",
            "id": "-pC7Z5cBWRbhIegQysej"
        },
        {
            "name": "wisdom_mod",
            "current": 2,
            "max": "",
            "id": "-7IN8ffYwpwmwmk462Gc"
        },
        {
            "name": "npc_wis_negative",
            "current": 0,
            "max": "",
            "id": "-Bq5EoThpaylWWsNOMwA"
        },
        {
            "name": "charisma_base",
            "current": "19",
            "max": "",
            "id": "-vvhlmopfrMrXEiFv22b"
        },
        {
            "name": "charisma_flag",
            "current": "0",
            "max": "",
            "id": "-ZmtSQZu1RtMFl0xegvd"
        },
        {
            "name": "charisma",
            "current": 19,
            "max": "",
            "id": "-VhWpTwbExV1XaqcfaT6"
        },
        {
            "name": "charisma_mod",
            "current": 4,
            "max": "",
            "id": "-sLiDS2dz9RngAMYR7a7"
        },
        {
            "name": "npc_cha_negative",
            "current": 0,
            "max": "",
            "id": "-fOa89zeO46qnKgh0f2q"
        },
        {
            "name": "npc_skills_flag",
            "current": 3,
            "max": "",
            "id": "-6bnc0FiYpZQ0GqwKNIz"
        },
        {
            "name": "npc_perception_base",
            "current": "12",
            "max": "",
            "id": "-ulzHMN0SHYjTsB8tc23"
        },
        {
            "name": "npc_perception_flag",
            "current": "1",
            "max": "",
            "id": "-8hUQ0hZlAaSpp5QfqQO"
        },
        {
            "name": "npc_perception",
            "current": 12,
            "max": "",
            "id": "-eaoesYTShe8scd6bIGu"
        },
        {
            "name": "npc_saving_flag",
            "current": 7,
            "max": "",
            "id": "-8J4QLRJeecSbLmnF8Yr"
        },
        {
            "name": "npc_str_save_base",
            "current": "5",
            "max": "",
            "id": "-S3F33mqKx9arWO2Q6Wp"
        },
        {
            "name": "npc_str_save_flag",
            "current": 1,
            "max": "",
            "id": "-j25MzCLfc7rettwhn0z"
        },
        {
            "name": "npc_str_save",
            "current": 5,
            "max": "",
            "id": "-Ir8triE0OIyGkflXl2K"
        },
        {
            "name": "npc_con_save_base",
            "current": "7",
            "max": "",
            "id": "-XLMXZs3efFwNWTcpAQ9"
        },
        {
            "name": "npc_con_save_flag",
            "current": 1,
            "max": "",
            "id": "-sHfPfwwpfIYVKZiBbYk"
        },
        {
            "name": "npc_con_save",
            "current": 7,
            "max": "",
            "id": "-3rHPgbtMZnKZb9hpNCo"
        },
        {
            "name": "npc_int_save_base",
            "current": "9",
            "max": "",
            "id": "-wnzuE2HiGyUmqvHxscq"
        },
        {
            "name": "npc_int_save_flag",
            "current": 1,
            "max": "",
            "id": "-hkdvxv0uDRB6lyCuLwg"
        },
        {
            "name": "npc_int_save",
            "current": 9,
            "max": "",
            "id": "-rDDhkG2Y1PjHo55pUXY"
        },
        {
            "name": "npc_wis_save_base",
            "current": "7",
            "max": "",
            "id": "-9MTazjr90G41lbJM4Ke"
        },
        {
            "name": "npc_wis_save_flag",
            "current": 1,
            "max": "",
            "id": "-NViqhm5GNRZE7pNwMPw"
        },
        {
            "name": "npc_wis_save",
            "current": 7,
            "max": "",
            "id": "-uGI6uH4srGZqOUvx0pY"
        },
        {
            "name": "npc_cha_save_base",
            "current": "9",
            "max": "",
            "id": "-V1WxrqfS78Obeoumfdt"
        },
        {
            "name": "npc_cha_save_flag",
            "current": 1,
            "max": "",
            "id": "-jVzvToMCuMH4jx5YcPO"
        },
        {
            "name": "npc_cha_save",
            "current": 9,
            "max": "",
            "id": "-Lu2ZjUwREKyD42CUguH"
        },
        {
            "name": "npc_immunities",
            "current": "яд",
            "max": "",
            "id": "-1lO6AAs56M5IGUxki99"
        },
        {
            "name": "npc_condition_immunities",
            "current": "очарование, истощение, паралич, окаменение, отравление, сбивание с ног",
            "max": "",
            "id": "-KPIeTFlTjO9lJxTUhSy"
        },
        {
            "name": "npc_senses",
            "current": "темнозрение 24 клетки",
            "max": "",
            "id": "-Erb7mupW71esU9VFyxQ"
        },
        {
            "name": "repeating_npcaction_-QCRREFOET2dCkDrz5Cu_name",
            "current": "Укус",
            "max": "",
            "id": "-bwMJDnF1xUo3tK7pfQj"
        },
        {
            "name": "repeating_npcaction_-QCRREFOET2dCkDrz5Cu_description",
            "current": "Рукопашное Оружие: +5 к атаке, досягаемость: 1 клетка, одна цель. Попадание: 14 (4d6) колющего урона.",
            "max": "",
            "id": "-CE1Lha2cnGSDwjprlba"
        },
        {
            "name": "repeating_npcaction_-QCRREFOET2dCkDrz5Cu_attack_flag",
            "current": "on",
            "max": "",
            "id": "-2JH3Xt51sukEPVOEKB8"
        },
        {
            "name": "repeating_npcaction_-QCRREFOET2dCkDrz5Cu_attack_tohitrange",
            "current": "+5",
            "max": "",
            "id": "-2vEZlTLh1cYDlugFcgM"
        },
        {
            "name": "repeating_npcaction_-QCRREFOET2dCkDrz5Cu_attack_onhit",
            "current": "",
            "max": "",
            "id": "-opLzzMHqiluw9vCqyn3"
        },
        {
            "name": "repeating_npcaction_-QCRREFOET2dCkDrz5Cu_attack_tohit",
            "current": "5",
            "max": "",
            "id": "-Pn06rpn76JiGtM8jzRC"
        },
        {
            "name": "repeating_npcaction_-QCRREFOET2dCkDrz5Cu_attack_damage",
            "current": "4d6",
            "max": "",
            "id": "-ghpRbtCEr9TTpqMpT08"
        },
        {
            "name": "repeating_npcaction_-QCRREFOET2dCkDrz5Cu_damage_flag",
            "current": "{{damage=1}} {{dmg1flag=1}}",
            "max": "",
            "id": "-U3JVjkwW4xHL1ZuqNVj"
        },
        {
            "name": "repeating_npcaction_-QCRREFOET2dCkDrz5Cu_rollbase",
            "current": "@{wtype}&{template:npcaction} {{attack=1}} @{damage_flag} @{npc_name_flag} {{rname=@{name}}} {{r1=[[@{d20}+(@{attack_tohit})]]}} @{rtype}+(@{attack_tohit})]]}} {{dmg1=[[@{attack_damage}]]}} {{dmg1type=@{attack_damagetype}}} {{dmg2=[[@{attack_damage2}+0]]}} {{dmg2type=@{attack_damagetype2}}} {{crit1=[[@{attack_crit}+0]]}} {{crit2=[[@{attack_crit2}+0]]}} {{description=@{show_desc}}} @{charname_output}",
            "max": "",
            "id": "-hrxmYMu9CEXQjNBIwpZ"
        },
        {
            "name": "repeating_npcaction_-QCRREFOET2dCkDrz5Cu_attack_crit",
            "current": "4d6",
            "max": "",
            "id": "-K3ZOd3nrrLYt5dw47dc"
        },
        {
            "name": "repeating_npcaction_-QCRREFOET2dCkDrz5Cu_attack_crit2",
            "current": "",
            "max": "",
            "id": "-z5MjQW0dBHytxvOxFRJ"
        },
        {
            "name": "repeating_npcaction_-lZsnIqCfxv2hteoHknT_name",
            "current": "Лучи из глаз",
            "max": "",
            "id": "-yK5MTG0nbBPdRFfy0w9"
        },
        {
            "name": "repeating_npcaction_-lZsnIqCfxv2hteoHknT_description",
            "current": [
                "Тиран смерти выстреливает 3 случайных луча (повторы должны быть переброшены), выбирая от одной до трех целей которые он может видеть в пределах 24 клетки от него:",
                "1. Луч Очарования. Существо являющееся целью должно выполнить успешный спасбросок со сложностью 17 по Мудрости или оно станет очарованым тираном смерти на 1 час, или пока тиран смерти не нанесет урон этому существу.",
                "2. Парализующий Луч. Существо являющееся целью должно выполнить успешный спасбросок со сложностью 17 по Телосложению или оно станет парализованным на 1 минуту. Цель может повторять спасбросок в конце каждого своего хода. В случае успешного спасброска эффект заканчивается.",
                "3. Луч Страха. Существо являющееся целью должно выполнить успешный спасбросок со сложностью 17 по Мудрости либо стать испуганным на 1 минуту. Цель может повторять спасбросок в конце каждого своего хода. В случае успешного спасброска эффект заканчивается.",
                "4. Замедляющий Луч. Существо являющееся целью должно выполнить успешный спасбросок со сложностью 17 по Ловкости. В случае неудачи, скорость цели уменьшается наполовину на 1 минуту. Кроме того, существо не может совершать действия реакции, и оно может сделать либо основное действие, либо бонусное, но не оба. Существо может повторять спасбросок в конце каждого своего хода. В случае успешного спасброска эффект заканчивается.",
                "5. Ослабляющий Луч. Существо являющееся целью должно сделать спасбросок со сложностью 17 по Телосложению. В случае неудачи существо получает 36 (8d8) урона некротикой, и половину урона в случае успеха.",
                "6. Луч Телекинеза. Если цель - существо, оно должно бросить спасбросок сложностью 17 по Силе или тиран смерти перемещает его на расстояние до 6 клеток в любом направлении. Оно удерживается лучом до начала следующего хода тирана смерти или пока тиран смерти боеспособен.",
                "Если цель - объект весом до 135 кг (300 фунтов) и он не надет и не находится в руках, объект также перемещается на расстояние до 6 клеток в любом направлении. Тиран смерти может проводить простые манипуляции с объектом с помощью луча - такие как открытие двери либо сундука.",
                "7. Луч Сна. Существо являющееся целью должно выполнить успешный спасбросок со сложностью 17 по Мудрости или засыпает и остается без сознания на 1 минуту. Цель просыпается если она получает урон или другое существо использует основное действие чтобы ее разбудить. Этот луч не оказывает влияния на нежить и конструкты.",
                "8. Луч Окаменения. Существо являющееся целью должно сделать спасбросок со сложностью 17 по Ловкости. В случае неудачи, существо начинает превращаться в камень и становится удерживаемым. Цель должна повторять спасбросок в конце каждого своего хода. В случае успеха эффект заканчивается. В случае неудачи, существо превращается в камень до тех пор пока это состояние не будет снято заклинанием<i> <a href='https://tentaculus.ru/spells/#q=greater_restoration'> улучшенное восстановление [greater restoration]</a></i> или другой магией способной сделать это.",
                "9. Луч Дезинтеграции. Если цель - существо, оно должно бросить спасбросок сложностью 17 по Ловкости. В случае неудачи существо получает 45 (10d8) урона силовым полем. Если этот урон опускает очки здоровья существа до 0, его тело превращается в кучку серой пыли.",
                "Если цель - предмет размера Большой, или меньшего размера, либо объект призванный с помощью магии, он дезинтегрируется без спасброска. Если это предмет размера Огромный или больше - заклинание дезинтегрирует из него куб со стороной в 2 клетки.",
                "10. Луч Смерти. Существо являющееся целью должно выполнить успешный спасбросок со сложностью 17 по Ловкости. В случае неудачи существо получает 55 (10d10) урона некротикой. Цель сразу умирает, если этот луч уменьшает ее очки здоровья до 0."
            ],
            "max": "",
            "id": "-M6mnIEkV7ay1XzP0u0Q"
        },
        {
            "name": "repeating_npcaction_-lZsnIqCfxv2hteoHknT_attack_tohitrange",
            "current": "+0",
            "max": "",
            "id": "-hzcAOemokNpggwHSfNp"
        },
        {
            "name": "repeating_npcaction_-lZsnIqCfxv2hteoHknT_attack_onhit",
            "current": "",
            "max": "",
            "id": "-DEw6CcLIdZhp0tsQMMh"
        },
        {
            "name": "repeating_npcaction_-lZsnIqCfxv2hteoHknT_damage_flag",
            "current": "",
            "max": "",
            "id": "-PMUimQ4zEqpmToB4RQq"
        },
        {
            "name": "repeating_npcaction_-lZsnIqCfxv2hteoHknT_attack_crit",
            "current": "",
            "max": "",
            "id": "-D9oQ1UD4bAQ8GKaYN6B"
        },
        {
            "name": "repeating_npcaction_-lZsnIqCfxv2hteoHknT_attack_crit2",
            "current": "",
            "max": "",
            "id": "-7gtIFjqqBk5aoSScCGB"
        },
        {
            "name": "repeating_npcaction_-lZsnIqCfxv2hteoHknT_rollbase",
            "current": "@{wtype}&{template:npcaction} @{npc_name_flag} {{rname=@{name}}} {{description=@{show_desc}}} @{charname_output}",
            "max": "",
            "id": "-WsjYp17VIHyrwti8uCL"
        },
        {
            "name": "repeating_npctrait_-Cs2Nff9EH5u9U0tZ6AU_name",
            "current": "Конус негативной энергии",
            "max": "",
            "id": "-jbWqNwpwb2QvckYos30"
        },
        {
            "name": "repeating_npctrait_-Cs2Nff9EH5u9U0tZ6AU_description",
            "current": "Центральный глаз тирана смерти излучает конус отрицательной энергии размером 30 клеток. В начале каждого своего хода тиран решает будет ли конус активирован и в какую сторону он будет направлен.\n\nЛюбое существо в этой области не может восстанавливать очки здоровья. Любой гуманоид умерший в этой области становится зомби под управлением тирана. Мертвый гуманоид сохраняет свое место в порядке инициативы и оживает в начале своего следующего хода, при условии что его тело не было дезинтегрировано.\n\n",
            "max": "",
            "id": "-VpfJxlagX2kp5IBjLB1"
        },
        {
            "name": "npcspellcastingflag",
            "current": "0",
            "max": "",
            "id": "-tvQg7aVX59mR5o8fv4m"
        }
    ],
    "abilities": []
}