{
    "schema_version": 2,
    "oldId": "-pRvIS1b6f5B9RAtdKY7",
    "name": "Тигр-оборотен (Weretiger)",
    "avatar": "https://tentaculus.ru/monsters/img/cute_monsters/WERETIGER.jpg",
    "bio": "",
    "gmnotes": "",
    "defaulttoken": "",
    "tags": "[]",
    "controlledby": "",
    "inplayerjournals": "",
    "attribs": [
        {
            "name": "hitdieroll",
            "current": "4",
            "max": "",
            "id": "-nCbL1UqtpkuBget9vDt"
        },
        {
            "name": "showleveler",
            "current": 0,
            "max": "",
            "id": "-tRilnIBdaf1lhQ2mu6a"
        },
        {
            "name": "invalidXP",
            "current": 0,
            "max": "",
            "id": "-ypGDCjcUvCG0926YgX4"
        },
        {
            "name": "version",
            "current": 4.21,
            "max": "",
            "id": "-lBs2aSz9HhkPG7eQZqh"
        },
        {
            "name": "mancer_confirm_flag",
            "current": "",
            "max": "",
            "id": "-bXLIbzVq2CyIXuWblZG"
        },
        {
            "name": "mancer_npc",
            "current": "on",
            "max": "",
            "id": "-MYc2NgEzP3siI1v4UeH"
        },
        {
            "name": "l1mancer_status",
            "current": "completed",
            "max": "",
            "id": "-hJKej1dSvm80kFdwHQC"
        },
        {
            "name": "rtype",
            "current": "@{advantagetoggle}",
            "max": "",
            "id": "-Tv8zsGJZtmocEWQmRWg"
        },
        {
            "name": "dtype",
            "current": "full",
            "max": "",
            "id": "-7NxiNkKzZ4rYHzlLOnA"
        },
        {
            "name": "appliedUpdates",
            "current": "upgrade_to_4_2_1",
            "max": "",
            "id": "-EuVlmqCZzAq2uOHSbCs"
        },
        {
            "name": "npc",
            "current": "1",
            "max": "",
            "id": "-2kVLcDcznPxgqUuT5df"
        },
        {
            "name": "npc_options-flag",
            "current": "0",
            "max": "",
            "id": "-rRccE72hXedu4yp0YNA"
        },
        {
            "name": "ui_flags",
            "current": "",
            "max": "",
            "id": "-z7nuDFLoPB29y4HeBJD"
        },
        {
            "name": "npc_name",
            "current": "Тигр-оборотен (Weretiger)",
            "max": "",
            "id": "-7kwLhUquzmLkmd0IWBd"
        },
        {
            "name": "npc_type",
            "current": "гуманоид (человек, перевертыш) нейтральное",
            "max": "",
            "id": "-jlDZvMZeDLbR7KUDtG8"
        },
        {
            "name": "npc_speed",
            "current": "6 клеток (8 клеток в форме тигра)",
            "max": "",
            "id": "-WoxNrwgVDb9WkXBqvnJ"
        },
        {
            "name": "hp",
            "current": "",
            "max": "120",
            "id": "-t1tLTZNhbJNQ67ZGuiX"
        },
        {
            "name": "npc_ac",
            "current": "12",
            "max": "",
            "id": "-xJC0W5yZquCEyRbh67C"
        },
        {
            "name": "ac",
            "current": "12",
            "max": "",
            "id": "-0L9eR9OFpstHjja2IsX"
        },
        {
            "name": "npc_languages",
            "current": "Общий (не может разговаривать в форме тигра)",
            "max": "",
            "id": "-Rc2gl8pmwx1NPrASNS0"
        },
        {
            "name": "npc_challenge",
            "current": "4",
            "max": "",
            "id": "-Sxdp1AKrpYdefebJ2cf"
        },
        {
            "name": "passive_wisdom",
            "current": "4",
            "max": "",
            "id": "-oAMM5OyfICeslOBYExz"
        },
        {
            "name": "initiative_bonus",
            "current": 2,
            "max": "",
            "id": "-xw1wlvMdj5bAMApndX7"
        },
        {
            "name": "npc_hpformula",
            "current": "16d8 + 48",
            "max": "",
            "id": "-BmgtHk0HviICgSeNChi"
        },
        {
            "name": "strength_base",
            "current": "17",
            "max": "",
            "id": "-DLe223S1xWq6uGhVPV8"
        },
        {
            "name": "strength_flag",
            "current": "0",
            "max": "",
            "id": "-3K6X4USry9Uvdd0lBkz"
        },
        {
            "name": "strength",
            "current": 17,
            "max": "",
            "id": "-EEVhFhWKAOh8vc1DNbH"
        },
        {
            "name": "strength_mod",
            "current": 3,
            "max": "",
            "id": "-nVMdazAcBRohIfvbdVC"
        },
        {
            "name": "npc_str_negative",
            "current": 0,
            "max": "",
            "id": "-C9BsDUAPpZNAuW34WWg"
        },
        {
            "name": "dexterity_base",
            "current": "15",
            "max": "",
            "id": "-3kElWrAkGVJWaOmxRMh"
        },
        {
            "name": "dexterity_flag",
            "current": "0",
            "max": "",
            "id": "-ZN2I3kYHUTDqJPoVAOS"
        },
        {
            "name": "dexterity",
            "current": 15,
            "max": "",
            "id": "-Nb6sJIdEy9u9FxuSuoL"
        },
        {
            "name": "dexterity_mod",
            "current": 2,
            "max": "",
            "id": "-Z3vFHdvtWFv9MHveDF1"
        },
        {
            "name": "npc_dex_negative",
            "current": 0,
            "max": "",
            "id": "-td4TnfRifpsofO7mklW"
        },
        {
            "name": "constitution_base",
            "current": "16",
            "max": "",
            "id": "-ZdAtyptXwqd1DKYQmHU"
        },
        {
            "name": "constitution_flag",
            "current": "0",
            "max": "",
            "id": "-TXCaOnnHutHaZXCfHTZ"
        },
        {
            "name": "constitution",
            "current": 16,
            "max": "",
            "id": "-HgaN5f76O4YM90Xcme4"
        },
        {
            "name": "constitution_mod",
            "current": 3,
            "max": "",
            "id": "-0dOXLebHz5Ktp1LxWEe"
        },
        {
            "name": "npc_con_negative",
            "current": 0,
            "max": "",
            "id": "-mrhrXovmFmECpMwSq91"
        },
        {
            "name": "intelligence_base",
            "current": "10",
            "max": "",
            "id": "-Y9yFkCeeQh3ww7EM14n"
        },
        {
            "name": "intelligence_flag",
            "current": "0",
            "max": "",
            "id": "-3jr8oZ0YDoznNdEDAmM"
        },
        {
            "name": "intelligence",
            "current": 10,
            "max": "",
            "id": "-8HvfhhPEOPQaqtsoy3i"
        },
        {
            "name": "intelligence_mod",
            "current": 0,
            "max": "",
            "id": "-eim5maDPQi2Y9LNjwWq"
        },
        {
            "name": "npc_int_negative",
            "current": 0,
            "max": "",
            "id": "-ToBY02jkc41mMCifzvc"
        },
        {
            "name": "wisdom_base",
            "current": "13",
            "max": "",
            "id": "-5GywKez1nLb916zd2sc"
        },
        {
            "name": "wisdom_flag",
            "current": "0",
            "max": "",
            "id": "-oI0Huj61UyjhahKkwAN"
        },
        {
            "name": "wisdom",
            "current": 13,
            "max": "",
            "id": "-1n7JUYSEdTODW6etCEd"
        },
        {
            "name": "wisdom_mod",
            "current": 1,
            "max": "",
            "id": "-XgNPcu71nhxMJJ7D5DY"
        },
        {
            "name": "npc_wis_negative",
            "current": 0,
            "max": "",
            "id": "-fSQVqPZw3FITaq173qi"
        },
        {
            "name": "charisma_base",
            "current": "11",
            "max": "",
            "id": "-tlrYVQqo5vEecr8kOsZ"
        },
        {
            "name": "charisma_flag",
            "current": "0",
            "max": "",
            "id": "-KkYKZ6mgFuskUy6qi0m"
        },
        {
            "name": "charisma",
            "current": 11,
            "max": "",
            "id": "-oUMG5sxPj17jfQvQC3U"
        },
        {
            "name": "charisma_mod",
            "current": 0,
            "max": "",
            "id": "-FmEyBbXNRKa0htK6gVs"
        },
        {
            "name": "npc_cha_negative",
            "current": 0,
            "max": "",
            "id": "-aL79dkNzxRz1NRgzGrH"
        },
        {
            "name": "npc_skills_flag",
            "current": 3,
            "max": "",
            "id": "-L1qsxfzBojb5Y6Bf365"
        },
        {
            "name": "npc_perception_base",
            "current": "5",
            "max": "",
            "id": "-cjtVTdTKu661JBxW4el"
        },
        {
            "name": "npc_perception_flag",
            "current": "1",
            "max": "",
            "id": "-ex4J3RRUvbTbjbalxmw"
        },
        {
            "name": "npc_perception",
            "current": 5,
            "max": "",
            "id": "-OAInqTkhYi16ceu8kq9"
        },
        {
            "name": "npc_stealth_base",
            "current": "4",
            "max": "",
            "id": "-nlhAVgD2PATKCuZ303J"
        },
        {
            "name": "npc_stealth_flag",
            "current": "1",
            "max": "",
            "id": "-WmtQbTC6RrqEDj8Lvmv"
        },
        {
            "name": "npc_stealth",
            "current": 4,
            "max": "",
            "id": "-hij0rZbcjz2zoFBsm23"
        },
        {
            "name": "npc_immunities",
            "current": "дробящий, колющий, and рубящего урона от немагического оружия кроме посеребренного",
            "max": "",
            "id": "-3j43Yo9218TuNfKIWBc"
        },
        {
            "name": "npc_senses",
            "current": "темнозрение 12 клеток",
            "max": "",
            "id": "-l71PP46y4pTXNMcjhFM"
        },
        {
            "name": "repeating_npcaction_-X8855n2AekzgOVSyzeW_name",
            "current": "Мультиатака (Форма гуманоида или гибридная)",
            "max": "",
            "id": "-5uGv1vbRnv4d8u7neBu"
        },
        {
            "name": "repeating_npcaction_-X8855n2AekzgOVSyzeW_description",
            "current": "В форме гуманоида тигр-оборотень проводит 2 атаки скимитаром или две атаки длинным луком. В гибридной форме он также может использовать атаки гуманоида или проводит две атаки Когтями.",
            "max": "",
            "id": "-LK9CTihNO7i4WpiHGox"
        },
        {
            "name": "repeating_npcaction_-X8855n2AekzgOVSyzeW_attack_tohitrange",
            "current": "+0",
            "max": "",
            "id": "-3V4Ad7tgm25PLT3oCBA"
        },
        {
            "name": "repeating_npcaction_-X8855n2AekzgOVSyzeW_attack_onhit",
            "current": "",
            "max": "",
            "id": "-I77bxnHBEmTdwbLdwUN"
        },
        {
            "name": "repeating_npcaction_-X8855n2AekzgOVSyzeW_damage_flag",
            "current": "",
            "max": "",
            "id": "-UpT71fgkp83MkN7SQrC"
        },
        {
            "name": "repeating_npcaction_-X8855n2AekzgOVSyzeW_attack_crit",
            "current": "",
            "max": "",
            "id": "-IIjsZMjPvJBS5HutwXY"
        },
        {
            "name": "repeating_npcaction_-X8855n2AekzgOVSyzeW_attack_crit2",
            "current": "",
            "max": "",
            "id": "-GV9vXzCXIU44i3Z5Bl5"
        },
        {
            "name": "repeating_npcaction_-X8855n2AekzgOVSyzeW_rollbase",
            "current": "@{wtype}&{template:npcaction} @{npc_name_flag} {{rname=@{name}}} {{description=@{show_desc}}} @{charname_output}",
            "max": "",
            "id": "-x0UST8ZMe4tfP2diknk"
        },
        {
            "name": "repeating_npcaction_-1c8ji6wqpW5HtxANWVT_name",
            "current": "Укус (Форма тигра или гибридная)",
            "max": "",
            "id": "-8v5ODBtm6Cxtc5tLYcG"
        },
        {
            "name": "repeating_npcaction_-1c8ji6wqpW5HtxANWVT_description",
            "current": "Рукопашное Оружие: +5 к атаке, досягаемость: 1 клетка, одна цель. Попадание: 8 (1d10 + 3) колющего урона. Если цель - гуманоид, она должна бросить спасбросок сложностью 13 по Телосложению или станет проклятой with weretiger ликантропией.",
            "max": "",
            "id": "-3i1VzvqwlNuDFusHEH1"
        },
        {
            "name": "repeating_npcaction_-1c8ji6wqpW5HtxANWVT_attack_flag",
            "current": "on",
            "max": "",
            "id": "-A6FVuxY2LcwU4rXpoKR"
        },
        {
            "name": "repeating_npcaction_-1c8ji6wqpW5HtxANWVT_attack_tohitrange",
            "current": "+5",
            "max": "",
            "id": "-D5DnLLb0rYVX7KCDRNN"
        },
        {
            "name": "repeating_npcaction_-1c8ji6wqpW5HtxANWVT_attack_onhit",
            "current": "",
            "max": "",
            "id": "-jVFfC3wxT7cfCZxGYiH"
        },
        {
            "name": "repeating_npcaction_-1c8ji6wqpW5HtxANWVT_attack_tohit",
            "current": "5",
            "max": "",
            "id": "-rvwMAXWhPMiuLCKbYzu"
        },
        {
            "name": "repeating_npcaction_-1c8ji6wqpW5HtxANWVT_attack_damage",
            "current": "1d10+3",
            "max": "",
            "id": "-ClR6CyezLrO5o27aX8R"
        },
        {
            "name": "repeating_npcaction_-1c8ji6wqpW5HtxANWVT_damage_flag",
            "current": "{{damage=1}} {{dmg1flag=1}}",
            "max": "",
            "id": "-DlCbb0avxFPhyKZLkZR"
        },
        {
            "name": "repeating_npcaction_-1c8ji6wqpW5HtxANWVT_rollbase",
            "current": "@{wtype}&{template:npcaction} {{attack=1}} @{damage_flag} @{npc_name_flag} {{rname=@{name}}} {{r1=[[@{d20}+(@{attack_tohit})]]}} @{rtype}+(@{attack_tohit})]]}} {{dmg1=[[@{attack_damage}]]}} {{dmg1type=@{attack_damagetype}}} {{dmg2=[[@{attack_damage2}+0]]}} {{dmg2type=@{attack_damagetype2}}} {{crit1=[[@{attack_crit}+0]]}} {{crit2=[[@{attack_crit2}+0]]}} {{description=@{show_desc}}} @{charname_output}",
            "max": "",
            "id": "-UcVpLr2BeD64qH1Qz6Y"
        },
        {
            "name": "repeating_npcaction_-1c8ji6wqpW5HtxANWVT_attack_crit",
            "current": "1d10+3",
            "max": "",
            "id": "-rib0vKy6joE430VsvDX"
        },
        {
            "name": "repeating_npcaction_-1c8ji6wqpW5HtxANWVT_attack_crit2",
            "current": "",
            "max": "",
            "id": "-dqeD1oD5Rs1qOi0MNcR"
        },
        {
            "name": "repeating_npcaction_-6xmwiJyUlc9f6gWoAsX_name",
            "current": "Когти (Форма тигра или гибридная)",
            "max": "",
            "id": "-vZJMx1Zj56idUwYtDdC"
        },
        {
            "name": "repeating_npcaction_-6xmwiJyUlc9f6gWoAsX_description",
            "current": "Рукопашное Оружие: +5 к атаке, досягаемость: 1 клетка, одна цель. Попадание: 7 (1d8 + 3) рубящего урона.",
            "max": "",
            "id": "-DuQJemXrXz5F93jMAlF"
        },
        {
            "name": "repeating_npcaction_-6xmwiJyUlc9f6gWoAsX_attack_flag",
            "current": "on",
            "max": "",
            "id": "-Nc2B7C80krgCE6qr7sE"
        },
        {
            "name": "repeating_npcaction_-6xmwiJyUlc9f6gWoAsX_attack_tohitrange",
            "current": "+5",
            "max": "",
            "id": "-3aiV473rVhDKNoHnwYU"
        },
        {
            "name": "repeating_npcaction_-6xmwiJyUlc9f6gWoAsX_attack_onhit",
            "current": "",
            "max": "",
            "id": "-MC4cpmd8Ibrl14FEOPU"
        },
        {
            "name": "repeating_npcaction_-6xmwiJyUlc9f6gWoAsX_attack_tohit",
            "current": "5",
            "max": "",
            "id": "-AGzXV3N0p2lpqAczVK1"
        },
        {
            "name": "repeating_npcaction_-6xmwiJyUlc9f6gWoAsX_attack_damage",
            "current": "1d8+3",
            "max": "",
            "id": "-MKssw5gHWmh6ireaPpw"
        },
        {
            "name": "repeating_npcaction_-6xmwiJyUlc9f6gWoAsX_damage_flag",
            "current": "{{damage=1}} {{dmg1flag=1}}",
            "max": "",
            "id": "-HczOzREQRNdNRIDBeHK"
        },
        {
            "name": "repeating_npcaction_-6xmwiJyUlc9f6gWoAsX_rollbase",
            "current": "@{wtype}&{template:npcaction} {{attack=1}} @{damage_flag} @{npc_name_flag} {{rname=@{name}}} {{r1=[[@{d20}+(@{attack_tohit})]]}} @{rtype}+(@{attack_tohit})]]}} {{dmg1=[[@{attack_damage}]]}} {{dmg1type=@{attack_damagetype}}} {{dmg2=[[@{attack_damage2}+0]]}} {{dmg2type=@{attack_damagetype2}}} {{crit1=[[@{attack_crit}+0]]}} {{crit2=[[@{attack_crit2}+0]]}} {{description=@{show_desc}}} @{charname_output}",
            "max": "",
            "id": "-YxdgUxY1xxSxL3JmFRb"
        },
        {
            "name": "repeating_npcaction_-6xmwiJyUlc9f6gWoAsX_attack_crit",
            "current": "1d8+3",
            "max": "",
            "id": "-cquJANJ4Jv2HC0MfSKg"
        },
        {
            "name": "repeating_npcaction_-6xmwiJyUlc9f6gWoAsX_attack_crit2",
            "current": "",
            "max": "",
            "id": "-JLulQ04VP8fSbtxwPVt"
        },
        {
            "name": "repeating_npcaction_-zNtPfTqK2nxkvRkSOBz_name",
            "current": "Скимитар (Форма гуманоида или гибридная)",
            "max": "",
            "id": "-TL7dW7QWfyiYygoRuvh"
        },
        {
            "name": "repeating_npcaction_-zNtPfTqK2nxkvRkSOBz_description",
            "current": "Рукопашное Оружие: +5 к атаке, досягаемость: 1 клетка, одна цель. Попадание: 6 (1d6 + 3) рубящего урона.",
            "max": "",
            "id": "-VPlfRxlpJwNb7RxIdq3"
        },
        {
            "name": "repeating_npcaction_-zNtPfTqK2nxkvRkSOBz_attack_flag",
            "current": "on",
            "max": "",
            "id": "-CwfLQvyrMilkqrtBej6"
        },
        {
            "name": "repeating_npcaction_-zNtPfTqK2nxkvRkSOBz_attack_tohitrange",
            "current": "+5",
            "max": "",
            "id": "-dwpV7Uou1vL3340Wycv"
        },
        {
            "name": "repeating_npcaction_-zNtPfTqK2nxkvRkSOBz_attack_onhit",
            "current": "",
            "max": "",
            "id": "-0GbqIBnU8jZzlednJHz"
        },
        {
            "name": "repeating_npcaction_-zNtPfTqK2nxkvRkSOBz_attack_tohit",
            "current": "5",
            "max": "",
            "id": "-cnP8nwrR8nOnGPqrJQM"
        },
        {
            "name": "repeating_npcaction_-zNtPfTqK2nxkvRkSOBz_attack_damage",
            "current": "1d6+3",
            "max": "",
            "id": "-S8UCG2yeT60fkzhowuH"
        },
        {
            "name": "repeating_npcaction_-zNtPfTqK2nxkvRkSOBz_damage_flag",
            "current": "{{damage=1}} {{dmg1flag=1}}",
            "max": "",
            "id": "-QoOOnyQN1XKrH6JmHMG"
        },
        {
            "name": "repeating_npcaction_-zNtPfTqK2nxkvRkSOBz_rollbase",
            "current": "@{wtype}&{template:npcaction} {{attack=1}} @{damage_flag} @{npc_name_flag} {{rname=@{name}}} {{r1=[[@{d20}+(@{attack_tohit})]]}} @{rtype}+(@{attack_tohit})]]}} {{dmg1=[[@{attack_damage}]]}} {{dmg1type=@{attack_damagetype}}} {{dmg2=[[@{attack_damage2}+0]]}} {{dmg2type=@{attack_damagetype2}}} {{crit1=[[@{attack_crit}+0]]}} {{crit2=[[@{attack_crit2}+0]]}} {{description=@{show_desc}}} @{charname_output}",
            "max": "",
            "id": "-krL8dAlWnP7WszFy35W"
        },
        {
            "name": "repeating_npcaction_-zNtPfTqK2nxkvRkSOBz_attack_crit",
            "current": "1d6+3",
            "max": "",
            "id": "-LkZ9pnAHxom4jZmEgdC"
        },
        {
            "name": "repeating_npcaction_-zNtPfTqK2nxkvRkSOBz_attack_crit2",
            "current": "",
            "max": "",
            "id": "-Eem6sBjX2m4Ga39MPow"
        },
        {
            "name": "repeating_npcaction_-1td4UelwNUCJdFhwODj_name",
            "current": "Длинный лук (Форма гуманоида или гибридная)",
            "max": "",
            "id": "-zfryR8e49hTl7UbbsA0"
        },
        {
            "name": "repeating_npcaction_-1td4UelwNUCJdFhwODj_description",
            "current": "Дальнобойное оружие: +4 к атаке, досягаемость 30/120 клеток, одна цель. Попадание: 6 (1d8 + 2) колющего урона.",
            "max": "",
            "id": "-61g4f2kvqNNvOTT0DPH"
        },
        {
            "name": "repeating_npcaction_-1td4UelwNUCJdFhwODj_attack_flag",
            "current": "on",
            "max": "",
            "id": "-zxGaTOMjG3wtElhc2wN"
        },
        {
            "name": "repeating_npcaction_-1td4UelwNUCJdFhwODj_attack_tohitrange",
            "current": "+4",
            "max": "",
            "id": "-SWCB7dcqozxDkRxS3ne"
        },
        {
            "name": "repeating_npcaction_-1td4UelwNUCJdFhwODj_attack_onhit",
            "current": "",
            "max": "",
            "id": "-yj286hX5iqHrDi5A1KX"
        },
        {
            "name": "repeating_npcaction_-1td4UelwNUCJdFhwODj_attack_tohit",
            "current": "4",
            "max": "",
            "id": "-9F8FRmiSJxweBpUlOiC"
        },
        {
            "name": "repeating_npcaction_-1td4UelwNUCJdFhwODj_attack_damage",
            "current": "1d8+2",
            "max": "",
            "id": "-vQBKbCOJcNQi7Gde4OM"
        },
        {
            "name": "repeating_npcaction_-1td4UelwNUCJdFhwODj_damage_flag",
            "current": "{{damage=1}} {{dmg1flag=1}}",
            "max": "",
            "id": "-YzpXy6iWssdCwIfpefY"
        },
        {
            "name": "repeating_npcaction_-1td4UelwNUCJdFhwODj_rollbase",
            "current": "@{wtype}&{template:npcaction} {{attack=1}} @{damage_flag} @{npc_name_flag} {{rname=@{name}}} {{r1=[[@{d20}+(@{attack_tohit})]]}} @{rtype}+(@{attack_tohit})]]}} {{dmg1=[[@{attack_damage}]]}} {{dmg1type=@{attack_damagetype}}} {{dmg2=[[@{attack_damage2}+0]]}} {{dmg2type=@{attack_damagetype2}}} {{crit1=[[@{attack_crit}+0]]}} {{crit2=[[@{attack_crit2}+0]]}} {{description=@{show_desc}}} @{charname_output}",
            "max": "",
            "id": "-PiQ2jshWVGN2jBM4HAO"
        },
        {
            "name": "repeating_npcaction_-1td4UelwNUCJdFhwODj_attack_crit",
            "current": "1d8+2",
            "max": "",
            "id": "-cKymwRGLvtGnzcFgVIi"
        },
        {
            "name": "repeating_npcaction_-1td4UelwNUCJdFhwODj_attack_crit2",
            "current": "",
            "max": "",
            "id": "-aUA1BH587yQpzvC11SS"
        },
        {
            "name": "repeating_npctrait_-8GTOBYp9OI3tQLmexfz_name",
            "current": "Перевертыш",
            "max": "",
            "id": "-7zmaNa6vLtXf8E1Qyc5"
        },
        {
            "name": "repeating_npctrait_-8GTOBYp9OI3tQLmexfz_description",
            "current": "Тигр-оборотень может использовать основное действие чтобы превратиться в тигрочеловека или в тигра, или возвращается в истинную форму - гуманоида. Все характеристики, кроме размера, одинаковы для любой формы. Все вещи, носимые либо надетые, не трансформируются. После смерти возвращается в истинную форму.",
            "max": "",
            "id": "-MVatNJfQrBsM0lGFnUC"
        },
        {
            "name": "repeating_npctrait_-RO5DALqlmDlHpCB9ZQq_name",
            "current": "Чуткий слух и нюх",
            "max": "",
            "id": "-lGW6xEsE43ti9vGfye8"
        },
        {
            "name": "repeating_npctrait_-RO5DALqlmDlHpCB9ZQq_description",
            "current": "Тигр-оборотень имеет преимущество на проверки Мудрости (Внимательность) которые полагаются на слух или обоняние.",
            "max": "",
            "id": "-v3o1pyvhA0Prw7Ny90z"
        },
        {
            "name": "repeating_npctrait_-t4DAYCdSD9YVKZqCoCb_name",
            "current": "Бросок (Форма тигра или гибридная)",
            "max": "",
            "id": "-BRJ2MSenmO1MjHLGZYs"
        },
        {
            "name": "repeating_npctrait_-t4DAYCdSD9YVKZqCoCb_description",
            "current": "Если тигр-оборотень передвигается как минимум на 3 клетки в направлении к существу и затем попадает по нему атакой когтями в тот же ход, эта цель должна выполнить успешный спасбросок со сложностью 14 по Силе или будет сбито с ног. Если цель сбита с ног, тигр-оборотень может провести одну атаку Укусом против нее бонусным действием.",
            "max": "",
            "id": "-5FBbzt2StnJAx0gQgfV"
        },
        {
            "name": "npcspellcastingflag",
            "current": "0",
            "max": "",
            "id": "-A7wsBMLAj7FxKhmlWKm"
        }
    ],
    "abilities": []
}