{
    "schema_version": 2,
    "oldId": "-nvbJY1899HmzndPI6rt",
    "name": "Сахуагин (Sahuagin)",
    "avatar": "https://tentaculus.ru/monsters/img/cute_monsters/SAHUAGIN.jpg",
    "bio": "",
    "gmnotes": "",
    "defaulttoken": "",
    "tags": "[]",
    "controlledby": "",
    "inplayerjournals": "",
    "attribs": [
        {
            "name": "hitdieroll",
            "current": "4",
            "max": "",
            "id": "-pxI3w7JuArRur2bKCa0"
        },
        {
            "name": "showleveler",
            "current": 0,
            "max": "",
            "id": "-ZHFe9PZf5i9sGQKJ70E"
        },
        {
            "name": "invalidXP",
            "current": 0,
            "max": "",
            "id": "-e2Tx8DjonjSHBWaUf2c"
        },
        {
            "name": "version",
            "current": 4.21,
            "max": "",
            "id": "-8QAOQcNZLvNypCChpfA"
        },
        {
            "name": "mancer_confirm_flag",
            "current": "",
            "max": "",
            "id": "-3k9j5rX2pzhehwZu9g9"
        },
        {
            "name": "mancer_npc",
            "current": "on",
            "max": "",
            "id": "-gjhUgIgX7u1w0q9wBYM"
        },
        {
            "name": "l1mancer_status",
            "current": "completed",
            "max": "",
            "id": "-JSLSrmmqQ7USxbEcHNa"
        },
        {
            "name": "rtype",
            "current": "@{advantagetoggle}",
            "max": "",
            "id": "-y0qhPD5y6I7jATMeO1E"
        },
        {
            "name": "dtype",
            "current": "full",
            "max": "",
            "id": "-jXasUtXebzmmpkRBiFS"
        },
        {
            "name": "appliedUpdates",
            "current": "upgrade_to_4_2_1",
            "max": "",
            "id": "-cR6tFSTHyxCFiw67CPE"
        },
        {
            "name": "npc",
            "current": "1",
            "max": "",
            "id": "-AVKEk7FB10hG8wFxwtX"
        },
        {
            "name": "npc_options-flag",
            "current": "0",
            "max": "",
            "id": "-v9OSucplW5tS3K2vqF8"
        },
        {
            "name": "ui_flags",
            "current": "",
            "max": "",
            "id": "-5SKTCIaLZpxDaeevVe6"
        },
        {
            "name": "npc_name",
            "current": "Сахуагин (Sahuagin)",
            "max": "",
            "id": "-iptWLGIex0WHa5wpYi4"
        },
        {
            "name": "npc_type",
            "current": "гуманоид (сахуагин) законно-злое",
            "max": "",
            "id": "-ei2ylMzzPUUZzLMBr5h"
        },
        {
            "name": "npc_speed",
            "current": "6 клеток, плавание 8 клеток",
            "max": "",
            "id": "-te1rY0uXnO1k23qE5ZQ"
        },
        {
            "name": "hp",
            "current": "",
            "max": "22",
            "id": "-a0kqHpRT1M8997GjpUs"
        },
        {
            "name": "npc_ac",
            "current": "12 (естественная броня)",
            "max": "",
            "id": "-KtERbxYaHd54yXWytXF"
        },
        {
            "name": "ac",
            "current": "12 (естественная броня)",
            "max": "",
            "id": "-pDNm8Ebu1xPcRPNqFva"
        },
        {
            "name": "npc_languages",
            "current": "Sahuagin",
            "max": "",
            "id": "-dwOmmhKdqFi1TT7Yz58"
        },
        {
            "name": "npc_challenge",
            "current": "1/2",
            "max": "",
            "id": "-T4LUs7Yz7C3q5whcctF"
        },
        {
            "name": "passive_wisdom",
            "current": "1/2",
            "max": "",
            "id": "-VWP02pWIskxYFxGi14A"
        },
        {
            "name": "initiative_bonus",
            "current": 0,
            "max": "",
            "id": "-iT3v5rsnzb9IuAfmYLz"
        },
        {
            "name": "npc_hpformula",
            "current": "4d8 + 4",
            "max": "",
            "id": "-5L8C1BrPgIQp0a3PXKR"
        },
        {
            "name": "strength_base",
            "current": "13",
            "max": "",
            "id": "-sNzlx9xVhWtBXPKaSg8"
        },
        {
            "name": "strength_flag",
            "current": "0",
            "max": "",
            "id": "-ZYwAT7TgEc2IzXrkYhF"
        },
        {
            "name": "strength",
            "current": 13,
            "max": "",
            "id": "-rPn5V11r41LqdN4ahAL"
        },
        {
            "name": "strength_mod",
            "current": 1,
            "max": "",
            "id": "-HNMZ4bWNW3fsbTqiX7L"
        },
        {
            "name": "npc_str_negative",
            "current": 0,
            "max": "",
            "id": "-tCmWSFL2R67l7bcz5bC"
        },
        {
            "name": "dexterity_base",
            "current": "11",
            "max": "",
            "id": "-ekuaOzW2SXn6WWXcnCs"
        },
        {
            "name": "dexterity_flag",
            "current": "0",
            "max": "",
            "id": "-B2vqpCip1JhfmeHQzXF"
        },
        {
            "name": "dexterity",
            "current": 11,
            "max": "",
            "id": "-j2xuzEahDYCNPBFfZET"
        },
        {
            "name": "dexterity_mod",
            "current": 0,
            "max": "",
            "id": "-XdtZl95V9vsFbgaKBGN"
        },
        {
            "name": "npc_dex_negative",
            "current": 0,
            "max": "",
            "id": "-gnoYTEql33LrtPmSIel"
        },
        {
            "name": "constitution_base",
            "current": "12",
            "max": "",
            "id": "-WsBwvHEQQxBxamnOmED"
        },
        {
            "name": "constitution_flag",
            "current": "0",
            "max": "",
            "id": "-9p9CbxcMaTOd3RH0aIF"
        },
        {
            "name": "constitution",
            "current": 12,
            "max": "",
            "id": "-qCAZyQNFvUjcKyiu9c9"
        },
        {
            "name": "constitution_mod",
            "current": 1,
            "max": "",
            "id": "-R5qL2YmPZ57StO1WmDM"
        },
        {
            "name": "npc_con_negative",
            "current": 0,
            "max": "",
            "id": "-I4S9bFZTEmhR9LuksYC"
        },
        {
            "name": "intelligence_base",
            "current": "12",
            "max": "",
            "id": "-ni08x2wWK8ldkqCbb6B"
        },
        {
            "name": "intelligence_flag",
            "current": "0",
            "max": "",
            "id": "-M2YxoW7gOGd7WMakL2s"
        },
        {
            "name": "intelligence",
            "current": 12,
            "max": "",
            "id": "-y6BXrDKdpdWIAfzCXHu"
        },
        {
            "name": "intelligence_mod",
            "current": 1,
            "max": "",
            "id": "-5owygocmSN2ZbGfSl6y"
        },
        {
            "name": "npc_int_negative",
            "current": 0,
            "max": "",
            "id": "-jtoKDWu7ZfD3amxJTcB"
        },
        {
            "name": "wisdom_base",
            "current": "13",
            "max": "",
            "id": "-U3Nb6w1TMEufgqxmcwG"
        },
        {
            "name": "wisdom_flag",
            "current": "0",
            "max": "",
            "id": "-50MlsUhkTCkTEJg1kmS"
        },
        {
            "name": "wisdom",
            "current": 13,
            "max": "",
            "id": "-yHvLVjxMHYdhiSXroCU"
        },
        {
            "name": "wisdom_mod",
            "current": 1,
            "max": "",
            "id": "-vSQtlwz6wliApwkpQmL"
        },
        {
            "name": "npc_wis_negative",
            "current": 0,
            "max": "",
            "id": "-EEuFUr3BtDflXZovAAU"
        },
        {
            "name": "charisma_base",
            "current": "9",
            "max": "",
            "id": "-dBmVSChQv99j3Wctoei"
        },
        {
            "name": "charisma_flag",
            "current": "0",
            "max": "",
            "id": "-Q3OUQvFpePI3g7t62l7"
        },
        {
            "name": "charisma",
            "current": 9,
            "max": "",
            "id": "-bLrp5Z9wiu8Z5S90yIX"
        },
        {
            "name": "charisma_mod",
            "current": -1,
            "max": "",
            "id": "-Nbxp7VOa7ujuyEl5BHX"
        },
        {
            "name": "npc_cha_negative",
            "current": 1,
            "max": "",
            "id": "-xfEj5JYRkqjycPw1B2X"
        },
        {
            "name": "npc_skills_flag",
            "current": 3,
            "max": "",
            "id": "-xLTWRswHPnb1T89w5W1"
        },
        {
            "name": "npc_perception_base",
            "current": "5",
            "max": "",
            "id": "-d3amU1C8Hq7wYG5Ivkk"
        },
        {
            "name": "npc_perception_flag",
            "current": "1",
            "max": "",
            "id": "-1xig9g2lr4OalI1ZvM8"
        },
        {
            "name": "npc_perception",
            "current": 5,
            "max": "",
            "id": "-gd8M533fwXil7uRRy7T"
        },
        {
            "name": "npc_senses",
            "current": "темнозрение 24 клетки",
            "max": "",
            "id": "-BVPFGZt5CNs6vPHijm4"
        },
        {
            "name": "repeating_npcaction_-alCLiXgnAL1MwUridQZ_name",
            "current": "Мультиатака",
            "max": "",
            "id": "-GuW8QO9jwY8p4pWkCXY"
        },
        {
            "name": "repeating_npcaction_-alCLiXgnAL1MwUridQZ_description",
            "current": "Сахуагин проводит 2 ближних атаки оружием: одну Укусом и 2 когтями или Копьем.",
            "max": "",
            "id": "-On11DF9D6OQLLpcSwnY"
        },
        {
            "name": "repeating_npcaction_-alCLiXgnAL1MwUridQZ_attack_tohitrange",
            "current": "+0",
            "max": "",
            "id": "-xrcybbWDdWSCbCbxrCs"
        },
        {
            "name": "repeating_npcaction_-alCLiXgnAL1MwUridQZ_attack_onhit",
            "current": "",
            "max": "",
            "id": "-LCEYFxPXDAHWXDbWBHc"
        },
        {
            "name": "repeating_npcaction_-alCLiXgnAL1MwUridQZ_damage_flag",
            "current": "",
            "max": "",
            "id": "-Ku2xPH8YhE2HIXqh0WD"
        },
        {
            "name": "repeating_npcaction_-alCLiXgnAL1MwUridQZ_attack_crit",
            "current": "",
            "max": "",
            "id": "-iwYKhOTJ6wpt2XGwsYu"
        },
        {
            "name": "repeating_npcaction_-alCLiXgnAL1MwUridQZ_attack_crit2",
            "current": "",
            "max": "",
            "id": "-nA6OUyxmH2daQxw2XpP"
        },
        {
            "name": "repeating_npcaction_-alCLiXgnAL1MwUridQZ_rollbase",
            "current": "@{wtype}&{template:npcaction} @{npc_name_flag} {{rname=@{name}}} {{description=@{show_desc}}} @{charname_output}",
            "max": "",
            "id": "-3SnRoxjSXS2hEDRnluw"
        },
        {
            "name": "repeating_npcaction_-yZTROd8aU5Q6EP2fje4_name",
            "current": "Укус",
            "max": "",
            "id": "-rfUrTTwOugesji2YIJE"
        },
        {
            "name": "repeating_npcaction_-yZTROd8aU5Q6EP2fje4_description",
            "current": "Рукопашное Оружие: +3 к атаке, досягаемость: 1 клетка, одна цель. Попадание: 3 (1d4 + 1) колющего урона.",
            "max": "",
            "id": "-YpgQFoIqz69AEqjCcSP"
        },
        {
            "name": "repeating_npcaction_-yZTROd8aU5Q6EP2fje4_attack_flag",
            "current": "on",
            "max": "",
            "id": "-R5qnSHnHho4SgqCM1kl"
        },
        {
            "name": "repeating_npcaction_-yZTROd8aU5Q6EP2fje4_attack_tohitrange",
            "current": "+3",
            "max": "",
            "id": "-GtrQEtKuop5S3jKdlC1"
        },
        {
            "name": "repeating_npcaction_-yZTROd8aU5Q6EP2fje4_attack_onhit",
            "current": "",
            "max": "",
            "id": "-mJQVVwowiUz1UyVoTY6"
        },
        {
            "name": "repeating_npcaction_-yZTROd8aU5Q6EP2fje4_attack_tohit",
            "current": "3",
            "max": "",
            "id": "-7hPNnHlTrDmz9DfL0j8"
        },
        {
            "name": "repeating_npcaction_-yZTROd8aU5Q6EP2fje4_attack_damage",
            "current": "1d4+1",
            "max": "",
            "id": "-pImjC23Gzqe7DCW1hU2"
        },
        {
            "name": "repeating_npcaction_-yZTROd8aU5Q6EP2fje4_damage_flag",
            "current": "{{damage=1}} {{dmg1flag=1}}",
            "max": "",
            "id": "-3lg2Mns4N75SqIJg04e"
        },
        {
            "name": "repeating_npcaction_-yZTROd8aU5Q6EP2fje4_rollbase",
            "current": "@{wtype}&{template:npcaction} {{attack=1}} @{damage_flag} @{npc_name_flag} {{rname=@{name}}} {{r1=[[@{d20}+(@{attack_tohit})]]}} @{rtype}+(@{attack_tohit})]]}} {{dmg1=[[@{attack_damage}]]}} {{dmg1type=@{attack_damagetype}}} {{dmg2=[[@{attack_damage2}+0]]}} {{dmg2type=@{attack_damagetype2}}} {{crit1=[[@{attack_crit}+0]]}} {{crit2=[[@{attack_crit2}+0]]}} {{description=@{show_desc}}} @{charname_output}",
            "max": "",
            "id": "-08x4ZJwbklHnxgwkGoT"
        },
        {
            "name": "repeating_npcaction_-yZTROd8aU5Q6EP2fje4_attack_crit",
            "current": "1d4+1",
            "max": "",
            "id": "-pEda2zrzNLsQHMykOdu"
        },
        {
            "name": "repeating_npcaction_-yZTROd8aU5Q6EP2fje4_attack_crit2",
            "current": "",
            "max": "",
            "id": "-QQe6hbmkdmy9FZNCeX0"
        },
        {
            "name": "repeating_npcaction_-cPDVT5eY53I64WGSvZy_name",
            "current": "Когти",
            "max": "",
            "id": "-xC74KNkPMgEwuUnLJ2A"
        },
        {
            "name": "repeating_npcaction_-cPDVT5eY53I64WGSvZy_description",
            "current": "Рукопашное Оружие: +3 к атаке, досягаемость: 1 клетка, одна цель. Попадание: 3 (1d4 + 1) рубящего урона.",
            "max": "",
            "id": "-AE7bSXvMHWWwBsdX0gx"
        },
        {
            "name": "repeating_npcaction_-cPDVT5eY53I64WGSvZy_attack_flag",
            "current": "on",
            "max": "",
            "id": "-QkT8Q6EHdpOrRULkCu8"
        },
        {
            "name": "repeating_npcaction_-cPDVT5eY53I64WGSvZy_attack_tohitrange",
            "current": "+3",
            "max": "",
            "id": "-kcwLF4bGF1m1AxlUObh"
        },
        {
            "name": "repeating_npcaction_-cPDVT5eY53I64WGSvZy_attack_onhit",
            "current": "",
            "max": "",
            "id": "-G8rhIviCrrQd3TASAyo"
        },
        {
            "name": "repeating_npcaction_-cPDVT5eY53I64WGSvZy_attack_tohit",
            "current": "3",
            "max": "",
            "id": "-UapgyUTLQ5zGUm2dJH4"
        },
        {
            "name": "repeating_npcaction_-cPDVT5eY53I64WGSvZy_attack_damage",
            "current": "1d4+1",
            "max": "",
            "id": "-9FF35YyuMOQqFPc0RlV"
        },
        {
            "name": "repeating_npcaction_-cPDVT5eY53I64WGSvZy_damage_flag",
            "current": "{{damage=1}} {{dmg1flag=1}}",
            "max": "",
            "id": "-FwTeqRNKmhQzcvoo6Ju"
        },
        {
            "name": "repeating_npcaction_-cPDVT5eY53I64WGSvZy_rollbase",
            "current": "@{wtype}&{template:npcaction} {{attack=1}} @{damage_flag} @{npc_name_flag} {{rname=@{name}}} {{r1=[[@{d20}+(@{attack_tohit})]]}} @{rtype}+(@{attack_tohit})]]}} {{dmg1=[[@{attack_damage}]]}} {{dmg1type=@{attack_damagetype}}} {{dmg2=[[@{attack_damage2}+0]]}} {{dmg2type=@{attack_damagetype2}}} {{crit1=[[@{attack_crit}+0]]}} {{crit2=[[@{attack_crit2}+0]]}} {{description=@{show_desc}}} @{charname_output}",
            "max": "",
            "id": "-ZiLmvP0iKjRFUrJEEvl"
        },
        {
            "name": "repeating_npcaction_-cPDVT5eY53I64WGSvZy_attack_crit",
            "current": "1d4+1",
            "max": "",
            "id": "-Lyz0ewPPE5aLQb8e0e0"
        },
        {
            "name": "repeating_npcaction_-cPDVT5eY53I64WGSvZy_attack_crit2",
            "current": "",
            "max": "",
            "id": "-HKsOoVV1Cn5ZLW0xdca"
        },
        {
            "name": "repeating_npcaction_-ddX2JrTrdiGaMycKvhM_name",
            "current": "Копье (Одной рукой)",
            "max": "",
            "id": "-wZjLOriYUa6Dihpta2V"
        },
        {
            "name": "repeating_npcaction_-ddX2JrTrdiGaMycKvhM_description",
            "current": "Рукопашное или Дальнобойное Оружие: +3 к атаке, досягаемость: 1 клетка или дальнобойное 4/12 клетки, одна цель. Попадание: 4 (1d6 + 1) колющего урона, или 5 (1d8 + 1) колющего урона если держит оружие двумя руками.",
            "max": "",
            "id": "-qSZo3H3aayz7gPARszi"
        },
        {
            "name": "repeating_npcaction_-ddX2JrTrdiGaMycKvhM_attack_flag",
            "current": "on",
            "max": "",
            "id": "-umtw9AoGqb9pWCwaYVz"
        },
        {
            "name": "repeating_npcaction_-ddX2JrTrdiGaMycKvhM_attack_tohitrange",
            "current": "+3",
            "max": "",
            "id": "-rAMOIIzsXlWyDhrKPMQ"
        },
        {
            "name": "repeating_npcaction_-ddX2JrTrdiGaMycKvhM_attack_onhit",
            "current": "",
            "max": "",
            "id": "-WPIt156VFCuwRkp16ak"
        },
        {
            "name": "repeating_npcaction_-ddX2JrTrdiGaMycKvhM_attack_tohit",
            "current": "3",
            "max": "",
            "id": "-NjnPJQQAMZ7G8xNErH4"
        },
        {
            "name": "repeating_npcaction_-ddX2JrTrdiGaMycKvhM_attack_damage",
            "current": "1d6+1",
            "max": "",
            "id": "-D6OlkdVlmoBKvvLXwxu"
        },
        {
            "name": "repeating_npcaction_-ddX2JrTrdiGaMycKvhM_damage_flag",
            "current": "{{damage=1}} {{dmg1flag=1}}",
            "max": "",
            "id": "-RqAYIaLngANCpvUhc0J"
        },
        {
            "name": "repeating_npcaction_-ddX2JrTrdiGaMycKvhM_rollbase",
            "current": "@{wtype}&{template:npcaction} {{attack=1}} @{damage_flag} @{npc_name_flag} {{rname=@{name}}} {{r1=[[@{d20}+(@{attack_tohit})]]}} @{rtype}+(@{attack_tohit})]]}} {{dmg1=[[@{attack_damage}]]}} {{dmg1type=@{attack_damagetype}}} {{dmg2=[[@{attack_damage2}+0]]}} {{dmg2type=@{attack_damagetype2}}} {{crit1=[[@{attack_crit}+0]]}} {{crit2=[[@{attack_crit2}+0]]}} {{description=@{show_desc}}} @{charname_output}",
            "max": "",
            "id": "-c8tMAcZi4P3FI245V1r"
        },
        {
            "name": "repeating_npcaction_-ddX2JrTrdiGaMycKvhM_attack_crit",
            "current": "1d6+1",
            "max": "",
            "id": "-xq0awQl9exxyXjy3iDd"
        },
        {
            "name": "repeating_npcaction_-ddX2JrTrdiGaMycKvhM_attack_crit2",
            "current": "",
            "max": "",
            "id": "-jGMAHn2xyogdj01fikR"
        },
        {
            "name": "repeating_npcaction_-ixO9HkD4PeXeLGAiBCG_name",
            "current": "Копье (Двумя руками)",
            "max": "",
            "id": "-JGfefZzp3X2pX9jGMqE"
        },
        {
            "name": "repeating_npcaction_-ixO9HkD4PeXeLGAiBCG_description",
            "current": "Рукопашное или Дальнобойное Оружие: +3 к атаке, досягаемость: 1 клетка или дальнобойное 4/12 клетки, одна цель. Попадание: 4 (1d6 + 1) колющего урона, или 5 (1d8 + 1) колющего урона если держит оружие двумя руками.",
            "max": "",
            "id": "-THzaiWOQcof9H0ueUB8"
        },
        {
            "name": "repeating_npcaction_-ixO9HkD4PeXeLGAiBCG_attack_flag",
            "current": "on",
            "max": "",
            "id": "-566bHoGU2FvzYl1he5u"
        },
        {
            "name": "repeating_npcaction_-ixO9HkD4PeXeLGAiBCG_attack_tohitrange",
            "current": "+3",
            "max": "",
            "id": "-zIEEq8RHpPq5JA7TjF7"
        },
        {
            "name": "repeating_npcaction_-ixO9HkD4PeXeLGAiBCG_attack_onhit",
            "current": "",
            "max": "",
            "id": "-uM5BSLyp0VO4tGiq96V"
        },
        {
            "name": "repeating_npcaction_-ixO9HkD4PeXeLGAiBCG_attack_tohit",
            "current": "3",
            "max": "",
            "id": "-bBMoq2mcFESZX8j4EDf"
        },
        {
            "name": "repeating_npcaction_-ixO9HkD4PeXeLGAiBCG_attack_damage",
            "current": "1d8+1",
            "max": "",
            "id": "-Fy1qdLh0vmQAR0wDkIk"
        },
        {
            "name": "repeating_npcaction_-ixO9HkD4PeXeLGAiBCG_damage_flag",
            "current": "{{damage=1}} {{dmg1flag=1}}",
            "max": "",
            "id": "-JZaseIkrPGt2yBbUTZB"
        },
        {
            "name": "repeating_npcaction_-ixO9HkD4PeXeLGAiBCG_rollbase",
            "current": "@{wtype}&{template:npcaction} {{attack=1}} @{damage_flag} @{npc_name_flag} {{rname=@{name}}} {{r1=[[@{d20}+(@{attack_tohit})]]}} @{rtype}+(@{attack_tohit})]]}} {{dmg1=[[@{attack_damage}]]}} {{dmg1type=@{attack_damagetype}}} {{dmg2=[[@{attack_damage2}+0]]}} {{dmg2type=@{attack_damagetype2}}} {{crit1=[[@{attack_crit}+0]]}} {{crit2=[[@{attack_crit2}+0]]}} {{description=@{show_desc}}} @{charname_output}",
            "max": "",
            "id": "-nEXMQVmpgoMrGPbGirv"
        },
        {
            "name": "repeating_npcaction_-ixO9HkD4PeXeLGAiBCG_attack_crit",
            "current": "1d8+1",
            "max": "",
            "id": "-cpvFxRhdW3shd1htGhL"
        },
        {
            "name": "repeating_npcaction_-ixO9HkD4PeXeLGAiBCG_attack_crit2",
            "current": "",
            "max": "",
            "id": "-nr1Aqe62wcANQwup0F5"
        },
        {
            "name": "repeating_npctrait_-sq8uLi4ZDFMeLobPGot_name",
            "current": "Кровавое безумие",
            "max": "",
            "id": "-Cpu4OLpjxGw3yRmp3yW"
        },
        {
            "name": "repeating_npctrait_-sq8uLi4ZDFMeLobPGot_description",
            "current": "Сахуагин имеет преимущество рукопашные броски атаки против любого существа у которого не максимум очков здоровья.",
            "max": "",
            "id": "-yZxParGWU7z4O5SmbCM"
        },
        {
            "name": "repeating_npctrait_-NiZsIbXCeLyuLQsJffn_name",
            "current": "Полуамфибия",
            "max": "",
            "id": "-BAUd1TebhAmauUVOeEB"
        },
        {
            "name": "repeating_npctrait_-NiZsIbXCeLyuLQsJffn_description",
            "current": "Сахуагин может дышать и воздухом и под водой, но ему необходимо раз в 4 часа погружаться в воду, чтобы не задохнуться.",
            "max": "",
            "id": "-RocOFQjTfeMXMomFBZY"
        },
        {
            "name": "repeating_npctrait_-cQwZk5c29mzvoUeQp09_name",
            "current": "Акулья телепатия",
            "max": "",
            "id": "-x38O6q73Iq7IfGyfzpn"
        },
        {
            "name": "repeating_npctrait_-cQwZk5c29mzvoUeQp09_description",
            "current": "Сахуагин может магически командовать любой акулой, используя ограниченную телепатию.",
            "max": "",
            "id": "-KzfQbCG5nuGd9BOZ7tA"
        },
        {
            "name": "npcspellcastingflag",
            "current": "0",
            "max": "",
            "id": "-JSYeZ0puV3tQAk5A9yF"
        }
    ],
    "abilities": []
}