{
    "schema_version": 2,
    "oldId": "-IT8KtZ8QcxNBZb7Gdie",
    "name": "Сатир (Satyr)",
    "avatar": "https://tentaculus.ru/monsters/img/cute_monsters/SATYR.jpg",
    "bio": "",
    "gmnotes": "",
    "defaulttoken": "",
    "tags": "[]",
    "controlledby": "",
    "inplayerjournals": "",
    "attribs": [
        {
            "name": "hitdieroll",
            "current": "4",
            "max": "",
            "id": "-w7Y4BqYU9lZ04CheXl2"
        },
        {
            "name": "showleveler",
            "current": 0,
            "max": "",
            "id": "-0DTLG2Fo19kt8XQoLdT"
        },
        {
            "name": "invalidXP",
            "current": 0,
            "max": "",
            "id": "-6T6gqijQmQRJwkV14aP"
        },
        {
            "name": "version",
            "current": 4.21,
            "max": "",
            "id": "-0HcTjq3aFWt7FeTGplB"
        },
        {
            "name": "mancer_confirm_flag",
            "current": "",
            "max": "",
            "id": "-mk9DQQFgGIomcKxT8FT"
        },
        {
            "name": "mancer_npc",
            "current": "on",
            "max": "",
            "id": "-ipDbHFbQGhAUGFbjUk4"
        },
        {
            "name": "l1mancer_status",
            "current": "completed",
            "max": "",
            "id": "-f5eboAIaqq4LI2y6AYC"
        },
        {
            "name": "rtype",
            "current": "@{advantagetoggle}",
            "max": "",
            "id": "-2bou831p9tgWie4ycmG"
        },
        {
            "name": "dtype",
            "current": "full",
            "max": "",
            "id": "-RzwlGIh9xR6gvD5Xf8t"
        },
        {
            "name": "appliedUpdates",
            "current": "upgrade_to_4_2_1",
            "max": "",
            "id": "-vbFeH0afmSVMcQmFqSm"
        },
        {
            "name": "npc",
            "current": "1",
            "max": "",
            "id": "-cgTUr9GxxRVflOlRFPu"
        },
        {
            "name": "npc_options-flag",
            "current": "0",
            "max": "",
            "id": "-OX6X7n6oikO2plficgD"
        },
        {
            "name": "ui_flags",
            "current": "",
            "max": "",
            "id": "-YAKWN70le5UXzFHsXkI"
        },
        {
            "name": "npc_name",
            "current": "Сатир (Satyr)",
            "max": "",
            "id": "-5GJCIdZno2yjkMUwvIh"
        },
        {
            "name": "npc_type",
            "current": "фея хаотично-нейтральное",
            "max": "",
            "id": "-H2sLK6v1UvSG1Mr2fyt"
        },
        {
            "name": "npc_speed",
            "current": "8 клеток",
            "max": "",
            "id": "-hQKwYoCuNm5Wm6pT73K"
        },
        {
            "name": "hp",
            "current": "",
            "max": "31",
            "id": "-HnEcpcXuEFgdRGmVHwS"
        },
        {
            "name": "npc_ac",
            "current": "14 (кожаная броня)",
            "max": "",
            "id": "-VcxmaB90AeKWe3J5BFN"
        },
        {
            "name": "ac",
            "current": "14 (кожаная броня)",
            "max": "",
            "id": "-Qgk67qwrKNA3jiul6q5"
        },
        {
            "name": "npc_languages",
            "current": "Общий, Эльфийский, Сильван",
            "max": "",
            "id": "-ATYfu2d2qXUVLBiEyUv"
        },
        {
            "name": "npc_challenge",
            "current": "1/2",
            "max": "",
            "id": "-Wfvi6TZkFqpH1Jbmtr6"
        },
        {
            "name": "passive_wisdom",
            "current": "1/2",
            "max": "",
            "id": "-Mh34fBdkUFwQMS6g7FV"
        },
        {
            "name": "initiative_bonus",
            "current": 3,
            "max": "",
            "id": "-GbniaBGIWOMUJyPm1D7"
        },
        {
            "name": "npc_hpformula",
            "current": "7d8",
            "max": "",
            "id": "-TTuC0XhF6t8w2ew48il"
        },
        {
            "name": "strength_base",
            "current": "12",
            "max": "",
            "id": "-BakltfSmoyr7KITu6FX"
        },
        {
            "name": "strength_flag",
            "current": "0",
            "max": "",
            "id": "-F4LZASsa7eGgL1RcmDN"
        },
        {
            "name": "strength",
            "current": 12,
            "max": "",
            "id": "-9UcwZrJ2JqUqlJhgHHi"
        },
        {
            "name": "strength_mod",
            "current": 1,
            "max": "",
            "id": "-8Q5ep07XMtMiVXQPA8Q"
        },
        {
            "name": "npc_str_negative",
            "current": 0,
            "max": "",
            "id": "-sbRHqmqfEZVwQ8lHv06"
        },
        {
            "name": "dexterity_base",
            "current": "16",
            "max": "",
            "id": "-5CoVogQoM0jJO6PbC58"
        },
        {
            "name": "dexterity_flag",
            "current": "0",
            "max": "",
            "id": "-5JmUUGGZzNi3CSucoze"
        },
        {
            "name": "dexterity",
            "current": 16,
            "max": "",
            "id": "-97WFBBHywWjrPymOANE"
        },
        {
            "name": "dexterity_mod",
            "current": 3,
            "max": "",
            "id": "-fwguFMelhNb65qTwYKu"
        },
        {
            "name": "npc_dex_negative",
            "current": 0,
            "max": "",
            "id": "-TaUPo9ulZM5J4YU5ND2"
        },
        {
            "name": "constitution_base",
            "current": "11",
            "max": "",
            "id": "-KZgfOFPGqtf361ocUCQ"
        },
        {
            "name": "constitution_flag",
            "current": "0",
            "max": "",
            "id": "-yJWbwpvhiwB7Qd3sSmR"
        },
        {
            "name": "constitution",
            "current": 11,
            "max": "",
            "id": "-eutH1EW6SF4nCcr47iV"
        },
        {
            "name": "constitution_mod",
            "current": 0,
            "max": "",
            "id": "-uHEvCoO72xuGFiONiNB"
        },
        {
            "name": "npc_con_negative",
            "current": 0,
            "max": "",
            "id": "-16nTTXvtac1sH6qc4ux"
        },
        {
            "name": "intelligence_base",
            "current": "12",
            "max": "",
            "id": "-P6pGiLZwlaEqeITjI4F"
        },
        {
            "name": "intelligence_flag",
            "current": "0",
            "max": "",
            "id": "-Z5bkNrkDJRPOYqBIieC"
        },
        {
            "name": "intelligence",
            "current": 12,
            "max": "",
            "id": "-Hxjk0Cp8relAGHYMlCN"
        },
        {
            "name": "intelligence_mod",
            "current": 1,
            "max": "",
            "id": "-raA9Pjl06T3mJo8CD4j"
        },
        {
            "name": "npc_int_negative",
            "current": 0,
            "max": "",
            "id": "-oKEPC9d725SvZOYvuRI"
        },
        {
            "name": "wisdom_base",
            "current": "10",
            "max": "",
            "id": "-p9FK9GzgRvgHaSvEdvH"
        },
        {
            "name": "wisdom_flag",
            "current": "0",
            "max": "",
            "id": "-l4t82Pxa5kFZqAsXkZ5"
        },
        {
            "name": "wisdom",
            "current": 10,
            "max": "",
            "id": "-ziaVgABlkIpjvyAyOfg"
        },
        {
            "name": "wisdom_mod",
            "current": 0,
            "max": "",
            "id": "-xzQjHti5Xe9udgFjPdV"
        },
        {
            "name": "npc_wis_negative",
            "current": 0,
            "max": "",
            "id": "-VoKGwm5QRQgZAlGlzmT"
        },
        {
            "name": "charisma_base",
            "current": "14",
            "max": "",
            "id": "-SBH6xavNJNyXjA4S2cz"
        },
        {
            "name": "charisma_flag",
            "current": "0",
            "max": "",
            "id": "-vscWD8xo91nDr5XGPo6"
        },
        {
            "name": "charisma",
            "current": 14,
            "max": "",
            "id": "-3YPLMovGKBRtoie8VQ8"
        },
        {
            "name": "charisma_mod",
            "current": 2,
            "max": "",
            "id": "-4ORxZ83WGf12LHD6GEv"
        },
        {
            "name": "npc_cha_negative",
            "current": 0,
            "max": "",
            "id": "-pTLyeBtClAywlF8QDcQ"
        },
        {
            "name": "npc_skills_flag",
            "current": 3,
            "max": "",
            "id": "-yn40YwqrzEXVJStgft1"
        },
        {
            "name": "npc_perception_base",
            "current": "2",
            "max": "",
            "id": "-KEgo4F6jHLzXcGJsMuq"
        },
        {
            "name": "npc_perception_flag",
            "current": "1",
            "max": "",
            "id": "-f2YSUrNM2Hf38fhAqS1"
        },
        {
            "name": "npc_perception",
            "current": 2,
            "max": "",
            "id": "-LVmHGnx8mGeZkIR6irT"
        },
        {
            "name": "npc_performance_base",
            "current": "6",
            "max": "",
            "id": "-qYjT5Rq2j8FK1wCsyp6"
        },
        {
            "name": "npc_performance_flag",
            "current": "1",
            "max": "",
            "id": "-3DNfZ1a5Hjs42SXoVEO"
        },
        {
            "name": "npc_performance",
            "current": 6,
            "max": "",
            "id": "-cMquI6m27jxCGiwM9DH"
        },
        {
            "name": "npc_stealth_base",
            "current": "5",
            "max": "",
            "id": "-IlpdMJYzpEkwDHsnUD0"
        },
        {
            "name": "npc_stealth_flag",
            "current": "1",
            "max": "",
            "id": "-Fu2XAdDpHY88rDm5ZbB"
        },
        {
            "name": "npc_stealth",
            "current": 5,
            "max": "",
            "id": "-1lTt9U3FQ70x0EBKL2s"
        },
        {
            "name": "repeating_npcaction_-GsWGQL6PBF9cElZY0fa_name",
            "current": "Таран",
            "max": "",
            "id": "-zSS2Kbs5mAomdBiyc6m"
        },
        {
            "name": "repeating_npcaction_-GsWGQL6PBF9cElZY0fa_description",
            "current": "Рукопашное Оружие: +3 к атаке, досягаемость: 1 клетка, одна цель. Попадание: 6 (2d4 + 1) дробящего урона.",
            "max": "",
            "id": "-9fVHSHS7aLgfqMW0yjo"
        },
        {
            "name": "repeating_npcaction_-GsWGQL6PBF9cElZY0fa_attack_flag",
            "current": "on",
            "max": "",
            "id": "-rvK7NXEc3b5slDLWTJ5"
        },
        {
            "name": "repeating_npcaction_-GsWGQL6PBF9cElZY0fa_attack_tohitrange",
            "current": "+3",
            "max": "",
            "id": "-E9288NF134YGejF1O8e"
        },
        {
            "name": "repeating_npcaction_-GsWGQL6PBF9cElZY0fa_attack_onhit",
            "current": "",
            "max": "",
            "id": "-ehhfdmnGCdC2ZNSz8Xg"
        },
        {
            "name": "repeating_npcaction_-GsWGQL6PBF9cElZY0fa_attack_tohit",
            "current": "3",
            "max": "",
            "id": "-oQ71kWfgtMEyOQlGjpQ"
        },
        {
            "name": "repeating_npcaction_-GsWGQL6PBF9cElZY0fa_attack_damage",
            "current": "2d4+1",
            "max": "",
            "id": "-MfDS6jq6ExEqRF5NWdi"
        },
        {
            "name": "repeating_npcaction_-GsWGQL6PBF9cElZY0fa_damage_flag",
            "current": "{{damage=1}} {{dmg1flag=1}}",
            "max": "",
            "id": "-ag1ai5xI0qiD4d52Bv1"
        },
        {
            "name": "repeating_npcaction_-GsWGQL6PBF9cElZY0fa_rollbase",
            "current": "@{wtype}&{template:npcaction} {{attack=1}} @{damage_flag} @{npc_name_flag} {{rname=@{name}}} {{r1=[[@{d20}+(@{attack_tohit})]]}} @{rtype}+(@{attack_tohit})]]}} {{dmg1=[[@{attack_damage}]]}} {{dmg1type=@{attack_damagetype}}} {{dmg2=[[@{attack_damage2}+0]]}} {{dmg2type=@{attack_damagetype2}}} {{crit1=[[@{attack_crit}+0]]}} {{crit2=[[@{attack_crit2}+0]]}} {{description=@{show_desc}}} @{charname_output}",
            "max": "",
            "id": "-4txkpfh6Y8Z6xRtvd5h"
        },
        {
            "name": "repeating_npcaction_-GsWGQL6PBF9cElZY0fa_attack_crit",
            "current": "2d4+1",
            "max": "",
            "id": "-cMFJ0CPxByUDxz2Xi3d"
        },
        {
            "name": "repeating_npcaction_-GsWGQL6PBF9cElZY0fa_attack_crit2",
            "current": "",
            "max": "",
            "id": "-mFedY2p0Rn46hLaN1RH"
        },
        {
            "name": "repeating_npcaction_-zK8BfZj3DaH3LTp09x8_name",
            "current": "Короткий Меч",
            "max": "",
            "id": "-3PZkI2ACZi35zHqLAHc"
        },
        {
            "name": "repeating_npcaction_-zK8BfZj3DaH3LTp09x8_description",
            "current": "Рукопашное Оружие: +5 к атаке, досягаемость: 1 клетка, одна цель. Попадание: 6 (1d6 + 3) колющего урона.",
            "max": "",
            "id": "-pYylvDdJZ0amyvmS9Fw"
        },
        {
            "name": "repeating_npcaction_-zK8BfZj3DaH3LTp09x8_attack_flag",
            "current": "on",
            "max": "",
            "id": "-fVGHf6MNdI4jgr83zzQ"
        },
        {
            "name": "repeating_npcaction_-zK8BfZj3DaH3LTp09x8_attack_tohitrange",
            "current": "+5",
            "max": "",
            "id": "-7ARbI5Z4ZkBPNyA6fCc"
        },
        {
            "name": "repeating_npcaction_-zK8BfZj3DaH3LTp09x8_attack_onhit",
            "current": "",
            "max": "",
            "id": "-uuNVhPhQHanrTTT9VL6"
        },
        {
            "name": "repeating_npcaction_-zK8BfZj3DaH3LTp09x8_attack_tohit",
            "current": "5",
            "max": "",
            "id": "-707tbtmZilurBihHYfu"
        },
        {
            "name": "repeating_npcaction_-zK8BfZj3DaH3LTp09x8_attack_damage",
            "current": "1d6+3",
            "max": "",
            "id": "-uERrEQnmaAizzRU2qVw"
        },
        {
            "name": "repeating_npcaction_-zK8BfZj3DaH3LTp09x8_damage_flag",
            "current": "{{damage=1}} {{dmg1flag=1}}",
            "max": "",
            "id": "-CE3EVuk6AvQPRBIEopd"
        },
        {
            "name": "repeating_npcaction_-zK8BfZj3DaH3LTp09x8_rollbase",
            "current": "@{wtype}&{template:npcaction} {{attack=1}} @{damage_flag} @{npc_name_flag} {{rname=@{name}}} {{r1=[[@{d20}+(@{attack_tohit})]]}} @{rtype}+(@{attack_tohit})]]}} {{dmg1=[[@{attack_damage}]]}} {{dmg1type=@{attack_damagetype}}} {{dmg2=[[@{attack_damage2}+0]]}} {{dmg2type=@{attack_damagetype2}}} {{crit1=[[@{attack_crit}+0]]}} {{crit2=[[@{attack_crit2}+0]]}} {{description=@{show_desc}}} @{charname_output}",
            "max": "",
            "id": "-fvBMQ1eTZ9h8Y2kfZlk"
        },
        {
            "name": "repeating_npcaction_-zK8BfZj3DaH3LTp09x8_attack_crit",
            "current": "1d6+3",
            "max": "",
            "id": "-i25NGZ2mZi4f8kGQrnQ"
        },
        {
            "name": "repeating_npcaction_-zK8BfZj3DaH3LTp09x8_attack_crit2",
            "current": "",
            "max": "",
            "id": "-8DsWPSVKLgsAQfFRx1f"
        },
        {
            "name": "repeating_npcaction_-UeTe0wNwnDLLGQrUcXk_name",
            "current": "Короткий лук",
            "max": "",
            "id": "-IjzGMKwCyb72gr1aBMY"
        },
        {
            "name": "repeating_npcaction_-UeTe0wNwnDLLGQrUcXk_description",
            "current": "Дальнобойное оружие: +5 к атаке, досягаемость 16/64 клетки, одна цель. Попадание: 6 (1d6 + 3) колющего урона.",
            "max": "",
            "id": "-KEG8jy0VzDjxp2W4QVK"
        },
        {
            "name": "repeating_npcaction_-UeTe0wNwnDLLGQrUcXk_attack_flag",
            "current": "on",
            "max": "",
            "id": "-uOrD9O1T5Laetyzdaim"
        },
        {
            "name": "repeating_npcaction_-UeTe0wNwnDLLGQrUcXk_attack_tohitrange",
            "current": "+5",
            "max": "",
            "id": "-NocQIyFEUbZf9PBQcJ2"
        },
        {
            "name": "repeating_npcaction_-UeTe0wNwnDLLGQrUcXk_attack_onhit",
            "current": "",
            "max": "",
            "id": "-YQAWlr9cnsYkEH4dL0R"
        },
        {
            "name": "repeating_npcaction_-UeTe0wNwnDLLGQrUcXk_attack_tohit",
            "current": "5",
            "max": "",
            "id": "-WIokmiBRKPGBDhW0eL6"
        },
        {
            "name": "repeating_npcaction_-UeTe0wNwnDLLGQrUcXk_attack_damage",
            "current": "1d6+3",
            "max": "",
            "id": "-WmA9BERfRJUkt3F3a2M"
        },
        {
            "name": "repeating_npcaction_-UeTe0wNwnDLLGQrUcXk_damage_flag",
            "current": "{{damage=1}} {{dmg1flag=1}}",
            "max": "",
            "id": "-jmCtROCph7j2LYxJwjt"
        },
        {
            "name": "repeating_npcaction_-UeTe0wNwnDLLGQrUcXk_rollbase",
            "current": "@{wtype}&{template:npcaction} {{attack=1}} @{damage_flag} @{npc_name_flag} {{rname=@{name}}} {{r1=[[@{d20}+(@{attack_tohit})]]}} @{rtype}+(@{attack_tohit})]]}} {{dmg1=[[@{attack_damage}]]}} {{dmg1type=@{attack_damagetype}}} {{dmg2=[[@{attack_damage2}+0]]}} {{dmg2type=@{attack_damagetype2}}} {{crit1=[[@{attack_crit}+0]]}} {{crit2=[[@{attack_crit2}+0]]}} {{description=@{show_desc}}} @{charname_output}",
            "max": "",
            "id": "-hohp40QDIyQfFSW94HJ"
        },
        {
            "name": "repeating_npcaction_-UeTe0wNwnDLLGQrUcXk_attack_crit",
            "current": "1d6+3",
            "max": "",
            "id": "-Rq1vypcRYfWV3OUirFA"
        },
        {
            "name": "repeating_npcaction_-UeTe0wNwnDLLGQrUcXk_attack_crit2",
            "current": "",
            "max": "",
            "id": "-pXslPxCllQYfuAvX3WI"
        },
        {
            "name": "repeating_npcaction_-HpJj1IEHDO3xQAOYJyA_name",
            "current": "Опционально: Свирель",
            "max": "",
            "id": "-oJXTNgCOCkNsg32wT6t"
        },
        {
            "name": "repeating_npcaction_-HpJj1IEHDO3xQAOYJyA_description",
            "current": "Колыбельная. Существо засыпает и лишается сознания на 1 минуту. Эффект заканчивается если существо получает урон или кто-нибудь использует свое основное действие чтобы его разбудить.",
            "max": "",
            "id": "-dEUwXuy0EsBjb6dBKs9"
        },
        {
            "name": "repeating_npcaction_-HpJj1IEHDO3xQAOYJyA_attack_tohitrange",
            "current": "+0",
            "max": "",
            "id": "-l23cU8f6PDXvV6w3Q7T"
        },
        {
            "name": "repeating_npcaction_-HpJj1IEHDO3xQAOYJyA_attack_onhit",
            "current": "",
            "max": "",
            "id": "-3wswdDU3pkDBwlMbT1w"
        },
        {
            "name": "repeating_npcaction_-HpJj1IEHDO3xQAOYJyA_damage_flag",
            "current": "",
            "max": "",
            "id": "-A3LtRBjqkhwMJCGvfQj"
        },
        {
            "name": "repeating_npcaction_-HpJj1IEHDO3xQAOYJyA_attack_crit",
            "current": "",
            "max": "",
            "id": "-Oaiz85kBnsq9GFsQXRu"
        },
        {
            "name": "repeating_npcaction_-HpJj1IEHDO3xQAOYJyA_attack_crit2",
            "current": "",
            "max": "",
            "id": "-Hy9E5UrDk1SCV0efn69"
        },
        {
            "name": "repeating_npcaction_-HpJj1IEHDO3xQAOYJyA_rollbase",
            "current": "@{wtype}&{template:npcaction} @{npc_name_flag} {{rname=@{name}}} {{description=@{show_desc}}} @{charname_output}",
            "max": "",
            "id": "-QkZEAufxJzEa6ygPxua"
        },
        {
            "name": "repeating_npctrait_-H8z5dGXCN0ciUDKG1F6_name",
            "current": "Сопротивление Магии",
            "max": "",
            "id": "-Uz7r4SDBf069v090B9K"
        },
        {
            "name": "repeating_npctrait_-H8z5dGXCN0ciUDKG1F6_description",
            "current": "Сатир имеет преимущество в спасбросках против заклинаний и других магических эффектов.",
            "max": "",
            "id": "-gfWAjblhN89vNi9JFlu"
        },
        {
            "name": "npcspellcastingflag",
            "current": "0",
            "max": "",
            "id": "-JlPQw3IkAM76EeFnAiV"
        }
    ],
    "abilities": []
}