{
    "schema_version": 2,
    "oldId": "-M45ylzUqiOsFHNPIAIo",
    "name": "Секироклюв (Axe Beak)",
    "avatar": "https://tentaculus.ru/monsters/img/cute_monsters/AXE_BEAK.jpg",
    "bio": "",
    "gmnotes": "",
    "defaulttoken": "",
    "tags": "[]",
    "controlledby": "",
    "inplayerjournals": "",
    "attribs": [
        {
            "name": "hitdieroll",
            "current": "4",
            "max": "",
            "id": "-OQDhp2Zsi8TyseQybDX"
        },
        {
            "name": "showleveler",
            "current": 0,
            "max": "",
            "id": "-gRpnFvCKEC0sHvYLlvV"
        },
        {
            "name": "invalidXP",
            "current": 0,
            "max": "",
            "id": "-rGOrLN1LhwkHAgAiobb"
        },
        {
            "name": "version",
            "current": 4.21,
            "max": "",
            "id": "-VVSJHWsJKbkVCRV60Eh"
        },
        {
            "name": "mancer_confirm_flag",
            "current": "",
            "max": "",
            "id": "-8p3fbRf7cuxrLkkRX5d"
        },
        {
            "name": "mancer_npc",
            "current": "on",
            "max": "",
            "id": "-EoiMmb4Pp4FfYtbRykD"
        },
        {
            "name": "l1mancer_status",
            "current": "completed",
            "max": "",
            "id": "-aPCDgn4K1Gdzf3xzk3J"
        },
        {
            "name": "rtype",
            "current": "@{advantagetoggle}",
            "max": "",
            "id": "-O3lp3EPLRdL5Q9G89CE"
        },
        {
            "name": "dtype",
            "current": "full",
            "max": "",
            "id": "-k7L4pkeaAcLnOlPlxby"
        },
        {
            "name": "appliedUpdates",
            "current": "upgrade_to_4_2_1",
            "max": "",
            "id": "-Ksxl8bZc1OYrnoKStbm"
        },
        {
            "name": "npc",
            "current": "1",
            "max": "",
            "id": "-kNJZW1nT27TJRyOK8uP"
        },
        {
            "name": "npc_options-flag",
            "current": "0",
            "max": "",
            "id": "-1Rc4o5rwRq2pEtfy4ei"
        },
        {
            "name": "ui_flags",
            "current": "",
            "max": "",
            "id": "-C05xM3JXFcuQim9Cnk6"
        },
        {
            "name": "npc_name",
            "current": "Секироклюв (Axe Beak)",
            "max": "",
            "id": "-TEnnbrxMWpxYKsxEUoh"
        },
        {
            "name": "npc_type",
            "current": "зверь без мировоззрения",
            "max": "",
            "id": "-anbLQJxHpBnv7zX25ZR"
        },
        {
            "name": "npc_speed",
            "current": "10 клеток",
            "max": "",
            "id": "-rDWG5L1zKeBmb7bTRKG"
        },
        {
            "name": "hp",
            "current": "",
            "max": "19",
            "id": "-zMcwKa0vQtwtX26udy4"
        },
        {
            "name": "npc_ac",
            "current": "11",
            "max": "",
            "id": "-6Hl9KkXA8e7ViJ67i29"
        },
        {
            "name": "ac",
            "current": "11",
            "max": "",
            "id": "-NZORK6VZn9C2LLjJzHo"
        },
        {
            "name": "npc_languages",
            "current": "",
            "max": "",
            "id": "-T9d5sDAQ2jcl5UlolxP"
        },
        {
            "name": "npc_challenge",
            "current": "1/4",
            "max": "",
            "id": "-8st7EsXHbYXE09JcyZH"
        },
        {
            "name": "passive_wisdom",
            "current": "1/4",
            "max": "",
            "id": "-kjtpNOvLdn9p2qBc6If"
        },
        {
            "name": "initiative_bonus",
            "current": 1,
            "max": "",
            "id": "-OLSYZRUmFhSuYLrg510"
        },
        {
            "name": "npc_hpformula",
            "current": "3d10 + 3",
            "max": "",
            "id": "-4tt74UygYsbg0lSOQUQ"
        },
        {
            "name": "strength_base",
            "current": "14",
            "max": "",
            "id": "-5O8Ll0S1JynQkqN9WyX"
        },
        {
            "name": "strength_flag",
            "current": "0",
            "max": "",
            "id": "-jq4SAAUUaXfB8mSGU3L"
        },
        {
            "name": "strength",
            "current": 14,
            "max": "",
            "id": "-PM0EXZZ8Vq7RIlJ6smL"
        },
        {
            "name": "strength_mod",
            "current": 2,
            "max": "",
            "id": "-njQu6gDdnjxZThABJfu"
        },
        {
            "name": "npc_str_negative",
            "current": 0,
            "max": "",
            "id": "-duC42LRHivu3chM4hpV"
        },
        {
            "name": "dexterity_base",
            "current": "12",
            "max": "",
            "id": "-rWd7aHugH8BzqMImgYn"
        },
        {
            "name": "dexterity_flag",
            "current": "0",
            "max": "",
            "id": "-ftsa7k1W0RKDPCq5Xvh"
        },
        {
            "name": "dexterity",
            "current": 12,
            "max": "",
            "id": "-6BEkLF80Athe0ksSPCE"
        },
        {
            "name": "dexterity_mod",
            "current": 1,
            "max": "",
            "id": "-71iQbSKnxVEYLEd9tb7"
        },
        {
            "name": "npc_dex_negative",
            "current": 0,
            "max": "",
            "id": "-VAuaM3HBFAVoAaISTT8"
        },
        {
            "name": "constitution_base",
            "current": "12",
            "max": "",
            "id": "-wScG4o16rrrfh1eDiXL"
        },
        {
            "name": "constitution_flag",
            "current": "0",
            "max": "",
            "id": "-mm7BD0wURP9N4dsnM4y"
        },
        {
            "name": "constitution",
            "current": 12,
            "max": "",
            "id": "-shR33RVWrXsO9sUrpRg"
        },
        {
            "name": "constitution_mod",
            "current": 1,
            "max": "",
            "id": "-DyNBcVUEGMfDztp0oY3"
        },
        {
            "name": "npc_con_negative",
            "current": 0,
            "max": "",
            "id": "-1ENWYVwAz9EMEXSTLOL"
        },
        {
            "name": "intelligence_base",
            "current": "2",
            "max": "",
            "id": "-QFApRwAkz83FmMSIXYY"
        },
        {
            "name": "intelligence_flag",
            "current": "0",
            "max": "",
            "id": "-ediV9tpyJUvfDvJKxZN"
        },
        {
            "name": "intelligence",
            "current": 2,
            "max": "",
            "id": "-um4wMosjSZvuTssaWbf"
        },
        {
            "name": "intelligence_mod",
            "current": -4,
            "max": "",
            "id": "-K3SCV65AAn9IHub9hdg"
        },
        {
            "name": "npc_int_negative",
            "current": 1,
            "max": "",
            "id": "-MTaibUs6KRdVoyEh7HW"
        },
        {
            "name": "wisdom_base",
            "current": "10",
            "max": "",
            "id": "-C7Dkz1VXjjgNcaKjw8Y"
        },
        {
            "name": "wisdom_flag",
            "current": "0",
            "max": "",
            "id": "-xChpUA7tCbrlzZK7B4O"
        },
        {
            "name": "wisdom",
            "current": 10,
            "max": "",
            "id": "-sE9SWRmhWu9sj5YoSVv"
        },
        {
            "name": "wisdom_mod",
            "current": 0,
            "max": "",
            "id": "-IMHCLekhqAlVv7QJaG8"
        },
        {
            "name": "npc_wis_negative",
            "current": 0,
            "max": "",
            "id": "-nE0MuJKDoc7UMLAYhhx"
        },
        {
            "name": "charisma_base",
            "current": "5",
            "max": "",
            "id": "-oGgPMYBARoJtXGZUTFg"
        },
        {
            "name": "charisma_flag",
            "current": "0",
            "max": "",
            "id": "-Vdv2KGaSwOBk905Eylo"
        },
        {
            "name": "charisma",
            "current": 5,
            "max": "",
            "id": "-gFY2hx7AFyOAgAQCdqe"
        },
        {
            "name": "charisma_mod",
            "current": -3,
            "max": "",
            "id": "-7IX2hmqn6ACByU9MM7M"
        },
        {
            "name": "npc_cha_negative",
            "current": 1,
            "max": "",
            "id": "-53RekBSldtSXGPCGbb6"
        },
        {
            "name": "repeating_npcaction_-hgYQtkrwnIGb3gSF1Ui_name",
            "current": "Клюв",
            "max": "",
            "id": "-uth1epdiolHivwSKUE1"
        },
        {
            "name": "repeating_npcaction_-hgYQtkrwnIGb3gSF1Ui_description",
            "current": "Рукопашное Оружие: +4 к атаке, досягаемость: 1 клетка, одна цель. Попадание: 6 (1d8 + 2) рубящего урона.",
            "max": "",
            "id": "-XraXaduBHEJQIigP04V"
        },
        {
            "name": "repeating_npcaction_-hgYQtkrwnIGb3gSF1Ui_attack_flag",
            "current": "on",
            "max": "",
            "id": "-MzRHrtvTJ6ld0f7QDsL"
        },
        {
            "name": "repeating_npcaction_-hgYQtkrwnIGb3gSF1Ui_attack_tohitrange",
            "current": "+4",
            "max": "",
            "id": "-ELKVtfjvVrMyPIbxgyU"
        },
        {
            "name": "repeating_npcaction_-hgYQtkrwnIGb3gSF1Ui_attack_onhit",
            "current": "",
            "max": "",
            "id": "-KHZK98rWF0Bx9DZ5xR2"
        },
        {
            "name": "repeating_npcaction_-hgYQtkrwnIGb3gSF1Ui_attack_tohit",
            "current": "4",
            "max": "",
            "id": "-nakLZBqeod4qwnMoAgf"
        },
        {
            "name": "repeating_npcaction_-hgYQtkrwnIGb3gSF1Ui_attack_damage",
            "current": "1d8+2",
            "max": "",
            "id": "-CIHSHWzAfsdra8wP8XP"
        },
        {
            "name": "repeating_npcaction_-hgYQtkrwnIGb3gSF1Ui_damage_flag",
            "current": "{{damage=1}} {{dmg1flag=1}}",
            "max": "",
            "id": "-C4rRWy1Ya5OXyzVQIXn"
        },
        {
            "name": "repeating_npcaction_-hgYQtkrwnIGb3gSF1Ui_rollbase",
            "current": "@{wtype}&{template:npcaction} {{attack=1}} @{damage_flag} @{npc_name_flag} {{rname=@{name}}} {{r1=[[@{d20}+(@{attack_tohit})]]}} @{rtype}+(@{attack_tohit})]]}} {{dmg1=[[@{attack_damage}]]}} {{dmg1type=@{attack_damagetype}}} {{dmg2=[[@{attack_damage2}+0]]}} {{dmg2type=@{attack_damagetype2}}} {{crit1=[[@{attack_crit}+0]]}} {{crit2=[[@{attack_crit2}+0]]}} {{description=@{show_desc}}} @{charname_output}",
            "max": "",
            "id": "-UsPryraBc8qV1y9NBjo"
        },
        {
            "name": "repeating_npcaction_-hgYQtkrwnIGb3gSF1Ui_attack_crit",
            "current": "1d8+2",
            "max": "",
            "id": "-Uxw2VAcXcKWf56BR9Mi"
        },
        {
            "name": "repeating_npcaction_-hgYQtkrwnIGb3gSF1Ui_attack_crit2",
            "current": "",
            "max": "",
            "id": "-3yOtKve5hZkYB0swV88"
        }
    ],
    "abilities": []
}