{
    "schema_version": 2,
    "oldId": "-4g3Mw96FuPlEZSQV4L0",
    "name": "Серая слизь (Gray Ooze)",
    "avatar": "https://tentaculus.ru/monsters/img/cute_monsters/GRAY_OOZE.jpg",
    "bio": "",
    "gmnotes": "",
    "defaulttoken": "",
    "tags": "[]",
    "controlledby": "",
    "inplayerjournals": "",
    "attribs": [
        {
            "name": "hitdieroll",
            "current": "4",
            "max": "",
            "id": "-loZEflRE4ownxICCziz"
        },
        {
            "name": "showleveler",
            "current": 0,
            "max": "",
            "id": "-GqywCC368qhATKb45AX"
        },
        {
            "name": "invalidXP",
            "current": 0,
            "max": "",
            "id": "-FK41x5i48jT7wcypcVZ"
        },
        {
            "name": "version",
            "current": 4.21,
            "max": "",
            "id": "-u3gMn6Thaz3FecBFCwz"
        },
        {
            "name": "mancer_confirm_flag",
            "current": "",
            "max": "",
            "id": "-R4XngIYcqvMyB4SVh7z"
        },
        {
            "name": "mancer_npc",
            "current": "on",
            "max": "",
            "id": "-pC50hjxB7mX2rdMRgVS"
        },
        {
            "name": "l1mancer_status",
            "current": "completed",
            "max": "",
            "id": "-15AS1l3SvDCIE8g2TwY"
        },
        {
            "name": "rtype",
            "current": "@{advantagetoggle}",
            "max": "",
            "id": "-q1HI6f3pFe1q2HkgvNd"
        },
        {
            "name": "dtype",
            "current": "full",
            "max": "",
            "id": "-8iPNJARysHcPDv5hjv7"
        },
        {
            "name": "appliedUpdates",
            "current": "upgrade_to_4_2_1",
            "max": "",
            "id": "-ezN6zPtpUlNLFKwwfhF"
        },
        {
            "name": "npc",
            "current": "1",
            "max": "",
            "id": "-DUvGVFyWiDk0mHrEf42"
        },
        {
            "name": "npc_options-flag",
            "current": "0",
            "max": "",
            "id": "-thEVSEEAjT9SbNy4juG"
        },
        {
            "name": "ui_flags",
            "current": "",
            "max": "",
            "id": "-q5Ps6BW5YkgdNK7g8Cc"
        },
        {
            "name": "npc_name",
            "current": "Серая слизь (Gray Ooze)",
            "max": "",
            "id": "-PRjgeJgvWuHhrvEa4jY"
        },
        {
            "name": "npc_type",
            "current": "слизь без мировоззрения",
            "max": "",
            "id": "-8FwWi1NL5qM7psNh46b"
        },
        {
            "name": "npc_speed",
            "current": "2 клетки, climb 2 клетки",
            "max": "",
            "id": "-tPxHsNPiiYWEUJwTj6I"
        },
        {
            "name": "hp",
            "current": "",
            "max": "22",
            "id": "-DIdWzjPazuMsgeBWvZ3"
        },
        {
            "name": "npc_ac",
            "current": "8",
            "max": "",
            "id": "-QTLVRi6agmF3v6pBVUj"
        },
        {
            "name": "ac",
            "current": "8",
            "max": "",
            "id": "-tf1RfbAVdO2Ixu9d9z9"
        },
        {
            "name": "npc_languages",
            "current": "",
            "max": "",
            "id": "-J7jJhM9BFUt2O51Giky"
        },
        {
            "name": "npc_challenge",
            "current": "1/2",
            "max": "",
            "id": "-BLAVmBqrSEfky5SyoNA"
        },
        {
            "name": "passive_wisdom",
            "current": "1/2",
            "max": "",
            "id": "-hjaouJodLOOKyeGRbn8"
        },
        {
            "name": "initiative_bonus",
            "current": -2,
            "max": "",
            "id": "-WfTtWBDf8tuYxq7lBt8"
        },
        {
            "name": "npc_hpformula",
            "current": "3d8 + 9",
            "max": "",
            "id": "-LNoQDmVJFgES0oPEjFq"
        },
        {
            "name": "strength_base",
            "current": "12",
            "max": "",
            "id": "-q4fA5aUsIVEIPXh5dyI"
        },
        {
            "name": "strength_flag",
            "current": "0",
            "max": "",
            "id": "-5dIONYrVHOVpReAlRTr"
        },
        {
            "name": "strength",
            "current": 12,
            "max": "",
            "id": "-bdzRGVqnNVbEwMCcUVq"
        },
        {
            "name": "strength_mod",
            "current": 1,
            "max": "",
            "id": "-BN5wSBrJE0XPVwUce1D"
        },
        {
            "name": "npc_str_negative",
            "current": 0,
            "max": "",
            "id": "-m4YiYUQDkZIP7n3D2TL"
        },
        {
            "name": "dexterity_base",
            "current": "6",
            "max": "",
            "id": "-PHpgzo2zPWE1mfSj3pn"
        },
        {
            "name": "dexterity_flag",
            "current": "0",
            "max": "",
            "id": "-a7saxAQ1oWZ7oO1H6Rc"
        },
        {
            "name": "dexterity",
            "current": 6,
            "max": "",
            "id": "-TGHrXzjvXIwbF33WVvL"
        },
        {
            "name": "dexterity_mod",
            "current": -2,
            "max": "",
            "id": "-Zitr33surL5DPr1OANB"
        },
        {
            "name": "npc_dex_negative",
            "current": 1,
            "max": "",
            "id": "-PFTZp89PjfW0QSzVhK9"
        },
        {
            "name": "constitution_base",
            "current": "16",
            "max": "",
            "id": "-QE5OiHIPMLZ8VTYlX1N"
        },
        {
            "name": "constitution_flag",
            "current": "0",
            "max": "",
            "id": "-ETu2vD52VVBIgCcM9nc"
        },
        {
            "name": "constitution",
            "current": 16,
            "max": "",
            "id": "-0jvGZV6fa0h5ociS2cr"
        },
        {
            "name": "constitution_mod",
            "current": 3,
            "max": "",
            "id": "-4BhJqv0XH7b5TJhYRBp"
        },
        {
            "name": "npc_con_negative",
            "current": 0,
            "max": "",
            "id": "-H50wDO7t7tbRudXlrQ7"
        },
        {
            "name": "intelligence_base",
            "current": "1",
            "max": "",
            "id": "-4IQPY4FvqvBI7FiCG0O"
        },
        {
            "name": "intelligence_flag",
            "current": "0",
            "max": "",
            "id": "-HqGMHNHbJbpTRG9Rtwr"
        },
        {
            "name": "intelligence",
            "current": 1,
            "max": "",
            "id": "-GlaWcJan5igobfuajjB"
        },
        {
            "name": "intelligence_mod",
            "current": -5,
            "max": "",
            "id": "-zJGda2tQ47vUPiIjhyj"
        },
        {
            "name": "npc_int_negative",
            "current": 1,
            "max": "",
            "id": "-4NYrGUY5sgYEnCBLQ5L"
        },
        {
            "name": "wisdom_base",
            "current": "6",
            "max": "",
            "id": "-l4JkFbLMS785v3U9UjJ"
        },
        {
            "name": "wisdom_flag",
            "current": "0",
            "max": "",
            "id": "-sFUzwetr57L6PWHEFog"
        },
        {
            "name": "wisdom",
            "current": 6,
            "max": "",
            "id": "-O5HFkisniGsKB0DvGwa"
        },
        {
            "name": "wisdom_mod",
            "current": -2,
            "max": "",
            "id": "-YjFjETP7wBF4yQT5p6D"
        },
        {
            "name": "npc_wis_negative",
            "current": 1,
            "max": "",
            "id": "-6QrupQ1jkzNFgtFIWiY"
        },
        {
            "name": "charisma_base",
            "current": "2",
            "max": "",
            "id": "-DlT7bTcQIWOlcugi5og"
        },
        {
            "name": "charisma_flag",
            "current": "0",
            "max": "",
            "id": "-6PYBScOkxlCMnwaJx07"
        },
        {
            "name": "charisma",
            "current": 2,
            "max": "",
            "id": "-K55N4wuWGA4T1uOxB5H"
        },
        {
            "name": "charisma_mod",
            "current": -4,
            "max": "",
            "id": "-JJpv9vrzp8vVB1gUcLK"
        },
        {
            "name": "npc_cha_negative",
            "current": 1,
            "max": "",
            "id": "-MrSLqaVhZlzrgHRAtN2"
        },
        {
            "name": "npc_skills_flag",
            "current": 3,
            "max": "",
            "id": "-9qjcb9kWMfqla0QJ4x7"
        },
        {
            "name": "npc_stealth_base",
            "current": "2",
            "max": "",
            "id": "-TLWjYARsT77uPAIYkda"
        },
        {
            "name": "npc_stealth_flag",
            "current": "1",
            "max": "",
            "id": "-pkyZyiLNvcsy6CMOLjN"
        },
        {
            "name": "npc_stealth",
            "current": 2,
            "max": "",
            "id": "-wqP0ULf9R7ZDGF4TgbU"
        },
        {
            "name": "npc_resistances",
            "current": "кислота, холод, огонь",
            "max": "",
            "id": "-IKnLRkOGWj85fCaL82N"
        },
        {
            "name": "npc_condition_immunities",
            "current": "ослепление, очарование, оглушение, истощение, испуг, сбивание с ног",
            "max": "",
            "id": "-0iOSsSqLuHZx4vdHeKy"
        },
        {
            "name": "npc_senses",
            "current": "слепозрение 12 клетки (вне этого радиуса полностью слепой)",
            "max": "",
            "id": "-JX0JjBkU23OHXcnxCqD"
        },
        {
            "name": "repeating_npcaction_-gk2AEgMcCJRVnH98zA8_name",
            "current": "Ложноножка",
            "max": "",
            "id": "-LFVOs97zAHK8CzQsmQs"
        },
        {
            "name": "repeating_npcaction_-gk2AEgMcCJRVnH98zA8_description",
            "current": "Рукопашное Оружие: +3 к атаке, досягаемость: 1 клетка, одна цель. Попадание: 4 (1d6 + 1) дробящего урона плюс 7 (2d6) урона ядом, и если цель носит немагический металлический доспех, этот доспех частично растворяется и получает постоянный и накапливающийся штраф -1 к КД. Доспех уничтожается если штраф опускает КД до 10.",
            "max": "",
            "id": "-dk0vnfsI7YJdIeDWn1L"
        },
        {
            "name": "repeating_npcaction_-gk2AEgMcCJRVnH98zA8_attack_flag",
            "current": "on",
            "max": "",
            "id": "-xZSi5YYLmSHjZP0KqEq"
        },
        {
            "name": "repeating_npcaction_-gk2AEgMcCJRVnH98zA8_attack_tohitrange",
            "current": "+3",
            "max": "",
            "id": "-ZYYdoAJtFEg9NPN0QhL"
        },
        {
            "name": "repeating_npcaction_-gk2AEgMcCJRVnH98zA8_attack_onhit",
            "current": "",
            "max": "",
            "id": "-FEKrCCp91NvHKJPmYcL"
        },
        {
            "name": "repeating_npcaction_-gk2AEgMcCJRVnH98zA8_attack_tohit",
            "current": "3",
            "max": "",
            "id": "-eRt2UbsWogtEIK7PtlQ"
        },
        {
            "name": "repeating_npcaction_-gk2AEgMcCJRVnH98zA8_attack_damage",
            "current": "1d6+1",
            "max": "",
            "id": "-g9E1GQjX03S9LciKeIy"
        },
        {
            "name": "repeating_npcaction_-gk2AEgMcCJRVnH98zA8_damage_flag",
            "current": "{{damage=1}} {{dmg1flag=1}}",
            "max": "",
            "id": "-pIrGrIYk4SYA7QLQBZm"
        },
        {
            "name": "repeating_npcaction_-gk2AEgMcCJRVnH98zA8_rollbase",
            "current": "@{wtype}&{template:npcaction} {{attack=1}} @{damage_flag} @{npc_name_flag} {{rname=@{name}}} {{r1=[[@{d20}+(@{attack_tohit})]]}} @{rtype}+(@{attack_tohit})]]}} {{dmg1=[[@{attack_damage}]]}} {{dmg1type=@{attack_damagetype}}} {{dmg2=[[@{attack_damage2}+0]]}} {{dmg2type=@{attack_damagetype2}}} {{crit1=[[@{attack_crit}+0]]}} {{crit2=[[@{attack_crit2}+0]]}} {{description=@{show_desc}}} @{charname_output}",
            "max": "",
            "id": "-9j4CBMfZW3r7cGEkdQt"
        },
        {
            "name": "repeating_npcaction_-gk2AEgMcCJRVnH98zA8_attack_crit",
            "current": "1d6+1",
            "max": "",
            "id": "-oUST3YmFlUQhg0rOYqN"
        },
        {
            "name": "repeating_npcaction_-gk2AEgMcCJRVnH98zA8_attack_crit2",
            "current": "",
            "max": "",
            "id": "-TtkWHk3e6E3Hk74nDCg"
        },
        {
            "name": "repeating_npctrait_-woyT5eKwu13ICCS7R9n_name",
            "current": "Аморфный",
            "max": "",
            "id": "-OnBSXogBmKuS9SdEBeV"
        },
        {
            "name": "repeating_npctrait_-woyT5eKwu13ICCS7R9n_description",
            "current": "Слизь может проходить сквозь отверстие шириной от 1 дюйма без протискивания.",
            "max": "",
            "id": "-IGfPy5MZI7f4scr5EcU"
        },
        {
            "name": "repeating_npctrait_-DICXupiqtICDGPLe1Ys_name",
            "current": "Растворение металла",
            "max": "",
            "id": "-sPJOS4gvIYDvijqRqLm"
        },
        {
            "name": "repeating_npctrait_-DICXupiqtICDGPLe1Ys_description",
            "current": "Любое немагическое оружие, сделанные из металла, которые наносят урон слизь corrodes. После нанесения урона, это оружие получает постоянный и накапливающийся штраф -1 к броскам урона. Если штраф опускается до -5, оружие уничтожается. Немагические боеприпасы, сделанные из металла, которые наносят урон слизь уничтожаются после нанесения урона.\n\nСлизь может проесть немагический металл толщиной в 2 дюйма за 1 раунд.\n\n",
            "max": "",
            "id": "-WcUOZa4gi83xdWIy8GR"
        },
        {
            "name": "repeating_npctrait_-kZz3FxqgNK5pRn1dz6b_name",
            "current": "Ложная Внешность",
            "max": "",
            "id": "-a9Bm03zBBJRXJVMAGkF"
        },
        {
            "name": "repeating_npctrait_-kZz3FxqgNK5pRn1dz6b_description",
            "current": "Пока слизь остается неподвижной, она неотличима от масляной лужи или мокрого камня.",
            "max": "",
            "id": "-VKyq6bPsiwwtCF55Gv6"
        },
        {
            "name": "npcspellcastingflag",
            "current": "0",
            "max": "",
            "id": "-iSHBr2sZlkc9tRXLzM1"
        }
    ],
    "abilities": []
}