{
    "schema_version": 2,
    "oldId": "-xPS3QqvtAaBzyWsfgiP",
    "name": "Свидетель разума [Mindwitness]",
    "avatar": "https://tentaculus.ru/monsters/img/cute_monsters/MINDWITNESS.jpg",
    "bio": "",
    "gmnotes": "",
    "defaulttoken": "",
    "tags": "[]",
    "controlledby": "",
    "inplayerjournals": "",
    "attribs": [
        {
            "name": "hitdieroll",
            "current": "4",
            "max": "",
            "id": "-9tQVXyiUiESCBRMQpLi"
        },
        {
            "name": "showleveler",
            "current": 0,
            "max": "",
            "id": "-IVkdCozcN1VNV7Rws9F"
        },
        {
            "name": "invalidXP",
            "current": 0,
            "max": "",
            "id": "-MH1P5dWVgb6K7ToNTtJ"
        },
        {
            "name": "version",
            "current": 4.21,
            "max": "",
            "id": "-vbHZMrWrcn11shuQsix"
        },
        {
            "name": "mancer_confirm_flag",
            "current": "",
            "max": "",
            "id": "-v9i6e4UGlnlGBLLS4ck"
        },
        {
            "name": "mancer_npc",
            "current": "on",
            "max": "",
            "id": "-7BCE6k8vumMJIkO8Iw6"
        },
        {
            "name": "l1mancer_status",
            "current": "completed",
            "max": "",
            "id": "-ZEUDWfqMRnO9CYEYqAO"
        },
        {
            "name": "rtype",
            "current": "@{advantagetoggle}",
            "max": "",
            "id": "-qYeWOiRw4Fnmi4tQnwP"
        },
        {
            "name": "dtype",
            "current": "full",
            "max": "",
            "id": "-QFKlsfUoisz5QeeF7cg"
        },
        {
            "name": "appliedUpdates",
            "current": "upgrade_to_4_2_1",
            "max": "",
            "id": "-begq0mt9Gfi12auVKri"
        },
        {
            "name": "npc",
            "current": "1",
            "max": "",
            "id": "-Dz46AWUSdH8re1jDICt"
        },
        {
            "name": "npc_options-flag",
            "current": "0",
            "max": "",
            "id": "-dYppj0hUxIP4qNWUHLK"
        },
        {
            "name": "ui_flags",
            "current": "",
            "max": "",
            "id": "-gq0RfHCwzR0CK7OTBbE"
        },
        {
            "name": "npc_name",
            "current": "Свидетель разума [Mindwitness]",
            "max": "",
            "id": "-dZkVUMIuQ8zFW0HsRiJ"
        },
        {
            "name": "npc_type",
            "current": "аберрация законно-злой",
            "max": "",
            "id": "-GWKByhmNbDtDq8IAqll"
        },
        {
            "name": "npc_speed",
            "current": "парение, 4 клетки ",
            "max": "",
            "id": "-DFmNFTci0DSnJ4fYbwv"
        },
        {
            "name": "hp",
            "current": "",
            "max": "75",
            "id": "-hLSaqz7Gzmt77uCb0bw"
        },
        {
            "name": "npc_ac",
            "current": "15 (природный доспех)",
            "max": "",
            "id": "-ZsUy2vTTpfyEC5vgL6b"
        },
        {
            "name": "ac",
            "current": "15 (природный доспех)",
            "max": "",
            "id": "-c68hi5wTJDRHwSGpCP5"
        },
        {
            "name": "npc_languages",
            "current": "Знает глубинную речь и общий язык. Может использовать телепатию на растояние до 600 футов(~200 метров)",
            "max": "",
            "id": "-Yq0W2ur5jv5icfNNHlJ"
        },
        {
            "name": "npc_challenge",
            "current": "5",
            "max": "",
            "id": "-7EmcdTzCZXdVi4CmKnL"
        },
        {
            "name": "passive_wisdom",
            "current": "5",
            "max": "",
            "id": "-DvMEEZ213qFJpNlPE31"
        },
        {
            "name": "initiative_bonus",
            "current": 2,
            "max": "",
            "id": "-IfILwPfqkf53kNYj9De"
        },
        {
            "name": "npc_hpformula",
            "current": "10dl0+20",
            "max": "",
            "id": "-WvZsIL2MGV49ncwi6Jb"
        },
        {
            "name": "strength_base",
            "current": "10",
            "max": "",
            "id": "-qBxdWAjT49mtfDiTfFb"
        },
        {
            "name": "strength_flag",
            "current": "0",
            "max": "",
            "id": "-yd9mgYTVTDcigiYY56z"
        },
        {
            "name": "strength",
            "current": 10,
            "max": "",
            "id": "-3zKvo5mLUchGEDQPG9C"
        },
        {
            "name": "strength_mod",
            "current": 0,
            "max": "",
            "id": "-enZokSLVMi2TkUb8HjF"
        },
        {
            "name": "npc_str_negative",
            "current": 0,
            "max": "",
            "id": "-Iyoasv04kVeha5bKf2q"
        },
        {
            "name": "dexterity_base",
            "current": "14",
            "max": "",
            "id": "-iFMGL2UEpMRoznncZg2"
        },
        {
            "name": "dexterity_flag",
            "current": "0",
            "max": "",
            "id": "-x7H28KV5kLzAZIkc6ob"
        },
        {
            "name": "dexterity",
            "current": 14,
            "max": "",
            "id": "-qTJShv3YikGGRrq0kvW"
        },
        {
            "name": "dexterity_mod",
            "current": 2,
            "max": "",
            "id": "-PfNMANUcl8oQvkSYWWj"
        },
        {
            "name": "npc_dex_negative",
            "current": 0,
            "max": "",
            "id": "-52tBD6XC5UxwdNb8p6G"
        },
        {
            "name": "constitution_base",
            "current": "14",
            "max": "",
            "id": "-omvCORoFgKRvgiv5Nvy"
        },
        {
            "name": "constitution_flag",
            "current": "0",
            "max": "",
            "id": "-1ktSFHuvrFX17BHsDVL"
        },
        {
            "name": "constitution",
            "current": 14,
            "max": "",
            "id": "-lQzZgZWCyKZ4ELHFC5K"
        },
        {
            "name": "constitution_mod",
            "current": 2,
            "max": "",
            "id": "-NjlgkS9LRaDL6QNuSHH"
        },
        {
            "name": "npc_con_negative",
            "current": 0,
            "max": "",
            "id": "-YeMqfhg4wuyrZQ0bKXy"
        },
        {
            "name": "intelligence_base",
            "current": "15",
            "max": "",
            "id": "-FJPxirQoE9Uovr0QMGh"
        },
        {
            "name": "intelligence_flag",
            "current": "0",
            "max": "",
            "id": "-NYAGYQ45RFSbeoXumyn"
        },
        {
            "name": "intelligence",
            "current": 15,
            "max": "",
            "id": "-5y4eje40fxUSKdtvRaC"
        },
        {
            "name": "intelligence_mod",
            "current": 2,
            "max": "",
            "id": "-yWIXFpaUr7E8ILOhMD6"
        },
        {
            "name": "npc_int_negative",
            "current": 0,
            "max": "",
            "id": "-kmXxfZwqFSA9MdBRdg7"
        },
        {
            "name": "wisdom_base",
            "current": "15",
            "max": "",
            "id": "-Vm46vHmMlmcUYOzNbT4"
        },
        {
            "name": "wisdom_flag",
            "current": "0",
            "max": "",
            "id": "-wNXeX5CBoNlzFPZ8pLs"
        },
        {
            "name": "wisdom",
            "current": 15,
            "max": "",
            "id": "-oPmSXLpHCMDxSEHX51O"
        },
        {
            "name": "wisdom_mod",
            "current": 2,
            "max": "",
            "id": "-m2aA3CjD8CZ1EBVlpuR"
        },
        {
            "name": "npc_wis_negative",
            "current": 0,
            "max": "",
            "id": "-qwh2YiJI34CGIlPKOpW"
        },
        {
            "name": "charisma_base",
            "current": "10",
            "max": "",
            "id": "-qmEfsPHX5bNKWbeuHYE"
        },
        {
            "name": "charisma_flag",
            "current": "0",
            "max": "",
            "id": "-seYp41p2frs4qBRLr2d"
        },
        {
            "name": "charisma",
            "current": 10,
            "max": "",
            "id": "-8dsgUKGn4OX5DhfS4KC"
        },
        {
            "name": "charisma_mod",
            "current": 0,
            "max": "",
            "id": "-Ix6RuhWhyUKjVnxbpEc"
        },
        {
            "name": "npc_cha_negative",
            "current": 0,
            "max": "",
            "id": "-p2oUeoeMjUdUWO6SPnJ"
        },
        {
            "name": "npc_skills_flag",
            "current": 3,
            "max": "",
            "id": "-1Zby8foOZT5VpUeJDIE"
        },
        {
            "name": "npc_perception_base",
            "current": "8",
            "max": "",
            "id": "-zIQPOhXK9TiBwJLy9A6"
        },
        {
            "name": "npc_perception_flag",
            "current": "1",
            "max": "",
            "id": "-D4ZA8V3zBIv6zV37L62"
        },
        {
            "name": "npc_perception",
            "current": 8,
            "max": "",
            "id": "-I9niIUVPuDtU1Tk9rgp"
        },
        {
            "name": "npc_saving_flag",
            "current": 7,
            "max": "",
            "id": "-lSOZVmnEgmpuYx3flh3"
        },
        {
            "name": "npc_int_save_base",
            "current": "5 ",
            "max": "",
            "id": "-dZDJ7RM7MHpPeclZVu3"
        },
        {
            "name": "npc_int_save_flag",
            "current": 1,
            "max": "",
            "id": "-sgCV7z0OHY1A2rHvSyI"
        },
        {
            "name": "npc_int_save",
            "current": 5,
            "max": "",
            "id": "-FmXWH3q6PNOfOLzYLyO"
        },
        {
            "name": "npc_wis_save_base",
            "current": "5",
            "max": "",
            "id": "-NXu26uCD6tr7m0v7FCs"
        },
        {
            "name": "npc_wis_save_flag",
            "current": 1,
            "max": "",
            "id": "-KJH13EkUkbrD3GnXnkE"
        },
        {
            "name": "npc_wis_save",
            "current": 5,
            "max": "",
            "id": "-qFmnHvXaloM2IgUcKUh"
        },
        {
            "name": "npc_senses",
            "current": "тёмное зрение 120 футов, Нельзя застать врасплох",
            "max": "",
            "id": "-YqLrA1nCGDF0Jcq92C2"
        },
        {
            "name": "repeating_npcaction_-ppjdqTS2c5tnbmgDbNN_name",
            "current": "Мультиатака",
            "max": "",
            "id": "-QcS7mP78NfUVjI1pAZb"
        },
        {
            "name": "repeating_npcaction_-ppjdqTS2c5tnbmgDbNN_description",
            "current": "Совершает две атаки: одну щупальцем, а вторую укусом.",
            "max": "",
            "id": "-cgsUfpeZ6h74lYDTwsz"
        },
        {
            "name": "repeating_npcaction_-ppjdqTS2c5tnbmgDbNN_attack_tohitrange",
            "current": "+0",
            "max": "",
            "id": "-rhQBaSRr2LM6qJcnYM0"
        },
        {
            "name": "repeating_npcaction_-ppjdqTS2c5tnbmgDbNN_attack_onhit",
            "current": "",
            "max": "",
            "id": "-1jcPzgspSi0jcyJghgp"
        },
        {
            "name": "repeating_npcaction_-ppjdqTS2c5tnbmgDbNN_damage_flag",
            "current": "",
            "max": "",
            "id": "-TJVdTHvjLGzMhHT2uWi"
        },
        {
            "name": "repeating_npcaction_-ppjdqTS2c5tnbmgDbNN_attack_crit",
            "current": "",
            "max": "",
            "id": "-MZvXxS5jS9vQYX9JFOO"
        },
        {
            "name": "repeating_npcaction_-ppjdqTS2c5tnbmgDbNN_attack_crit2",
            "current": "",
            "max": "",
            "id": "-Q2RYnsdlyRSVmUvLWmD"
        },
        {
            "name": "repeating_npcaction_-ppjdqTS2c5tnbmgDbNN_rollbase",
            "current": "@{wtype}&{template:npcaction} @{npc_name_flag} {{rname=@{name}}} {{description=@{show_desc}}} @{charname_output}",
            "max": "",
            "id": "-lWPgOZd9jc8Ia87n9fY"
        },
        {
            "name": "repeating_npcaction_-fulJwWFmKilVLXlsvUk_name",
            "current": "Укус",
            "max": "",
            "id": "-c9LqXLrmBpr8xLICiCe"
        },
        {
            "name": "repeating_npcaction_-fulJwWFmKilVLXlsvUk_description",
            "current": "+5 к атаке, досягаемость 5 футов(1,5 метра). Урон 4d6 + 2 (16) за успешную атаку.",
            "max": "",
            "id": "-0gqlzxiAa3cis4IpMfH"
        },
        {
            "name": "repeating_npcaction_-fulJwWFmKilVLXlsvUk_attack_tohitrange",
            "current": "+0",
            "max": "",
            "id": "-eYKGVtxPcRZxTkGuMNF"
        },
        {
            "name": "repeating_npcaction_-fulJwWFmKilVLXlsvUk_attack_onhit",
            "current": "",
            "max": "",
            "id": "-V0NCyU3KVwLZWZoTkju"
        },
        {
            "name": "repeating_npcaction_-fulJwWFmKilVLXlsvUk_damage_flag",
            "current": "",
            "max": "",
            "id": "-A2eINQb2G4ZA74THEfA"
        },
        {
            "name": "repeating_npcaction_-fulJwWFmKilVLXlsvUk_attack_crit",
            "current": "",
            "max": "",
            "id": "-QgyQuq7STq470aqItqB"
        },
        {
            "name": "repeating_npcaction_-fulJwWFmKilVLXlsvUk_attack_crit2",
            "current": "",
            "max": "",
            "id": "-ANu9Nspj0c7e9MhoFFH"
        },
        {
            "name": "repeating_npcaction_-fulJwWFmKilVLXlsvUk_rollbase",
            "current": "@{wtype}&{template:npcaction} @{npc_name_flag} {{rname=@{name}}} {{description=@{show_desc}}} @{charname_output}",
            "max": "",
            "id": "-ucbDsiPRQJFdA3AbRLc"
        },
        {
            "name": "repeating_npcaction_-IN3aZ7veUCgTdeXAKwz_name",
            "current": "Щупальце",
            "max": "",
            "id": "-Ig7fW26CNXwazNubVgM"
        },
        {
            "name": "repeating_npcaction_-IN3aZ7veUCgTdeXAKwz_description",
            "current": "+5к атаке, досягаемость 5 футов. Одно существо. Урон: 4d8 + 2 (20) физического урона. Если размер цели Большой или меньше, то она будет схвачена и должна будет преуспеть в спасброске Интеллекта Сл 13 или будет оглушена до тех пор, пока не закончится захват.",
            "max": "",
            "id": "-QLOUfDRNE802ntTop5b"
        },
        {
            "name": "repeating_npcaction_-IN3aZ7veUCgTdeXAKwz_attack_tohitrange",
            "current": "+0",
            "max": "",
            "id": "-lnp5SQM6yeVF9TJ4OKD"
        },
        {
            "name": "repeating_npcaction_-IN3aZ7veUCgTdeXAKwz_attack_onhit",
            "current": "",
            "max": "",
            "id": "-Li5tRxEwnwooDI6cg4C"
        },
        {
            "name": "repeating_npcaction_-IN3aZ7veUCgTdeXAKwz_damage_flag",
            "current": "",
            "max": "",
            "id": "-wWUWQi2EdMbPvk9ZFg3"
        },
        {
            "name": "repeating_npcaction_-IN3aZ7veUCgTdeXAKwz_attack_crit",
            "current": "",
            "max": "",
            "id": "-FxcW0nDRCrbsYVSEEQq"
        },
        {
            "name": "repeating_npcaction_-IN3aZ7veUCgTdeXAKwz_attack_crit2",
            "current": "",
            "max": "",
            "id": "-ZFJglSkv9p3ngJd9rnv"
        },
        {
            "name": "repeating_npcaction_-IN3aZ7veUCgTdeXAKwz_rollbase",
            "current": "@{wtype}&{template:npcaction} @{npc_name_flag} {{rname=@{name}}} {{description=@{show_desc}}} @{charname_output}",
            "max": "",
            "id": "-b0tp51nTpHmoijl1G0s"
        },
        {
            "name": "repeating_npcaction_-GenhNcxYGDRmzoqWPho_name",
            "current": "Лучи из Глаза",
            "max": "",
            "id": "-tSus2MZCaImrLLCbHZf"
        },
        {
            "name": "repeating_npcaction_-GenhNcxYGDRmzoqWPho_description",
            "current": "Свидетель разума выстреливает тремя случайными из следующих магических лучей из глаза (перебрасывайте повторы), выбирая от одной до трех целей, которые он может видеть не далее 120 футов от него:<br> 1. Луч Отвращения. Целевое существо должно пройти спасбросок Харизмы Сл 13. При провале цель получает помеху на броски на попадание на 1 минуту. Цель может повторять спасбросок в конце каждого своего хода и окончить эффект при успехе.<br> 2. Луч Страха. Целевое существо должно успешно пройти спасбросок Мудрости Сл 13 или стать испуганным на 1 минуту. Цель может повторять спасбросок в конце каждого своего хода и окончить эффект при успехе.<br> 3. Психический Луч. Цель должна успешно пройти спасбросок Интеллекта Сл 13 или получить 27 (6к8) психического урона.<br> 4. Замедляющий Луч. Целевое существо должно пройти спасбросок Ловкости 13. При провале скорость существа уменьшается вдвое. Кроме того, существо не может делать реакции и может делать в свой ход либо действие, либо бонусное действие, но не оба сразу. Существо может повторять спасбросок в конце каждого своего хода и окончить этот эффект при успехе.<br> 5. Ошеломляющий Луч. Целевое существо должно успешно пройти спасбросок Телосложения Сл 13 или стать ошеломленным на 1 минуту. Цель может повторять спасбросок в конце каждого своего хода и окончить эффект при успехе.<br> 6. Телекинетический Луч. Если цель существо, то оно должно пройти спасбросок Силы Сл 13. При провале свидетель разума сдвигает его на 30 футов в любом направлении и оно опутано хваткой телекинетического луча до начала следующего хода свидетеля разума или до того как он станет недееспособен. Если целью является объект, весящий 300 фунтов или меньше, который никто не несет и он ни на ком не надет, то он телепатически сдвигается на 30 футов в любом направлении. Свидетель разума так же может осуществлять этим лучом тонкие манипуляции, такие как работа простыми инструментами или открытие двери или контейнера.",
            "max": "",
            "id": "-RetJBGoELp2hUIuzoVY"
        },
        {
            "name": "repeating_npcaction_-GenhNcxYGDRmzoqWPho_attack_tohitrange",
            "current": "+0",
            "max": "",
            "id": "-06RCuZNo9CSPj5Ck4rB"
        },
        {
            "name": "repeating_npcaction_-GenhNcxYGDRmzoqWPho_attack_onhit",
            "current": "",
            "max": "",
            "id": "-rtzaDfTl5kxvJ0XhjkA"
        },
        {
            "name": "repeating_npcaction_-GenhNcxYGDRmzoqWPho_damage_flag",
            "current": "",
            "max": "",
            "id": "-J1oWEt09LsCez96PUWX"
        },
        {
            "name": "repeating_npcaction_-GenhNcxYGDRmzoqWPho_attack_crit",
            "current": "",
            "max": "",
            "id": "-Cln9C3aHqyOc2wSdjib"
        },
        {
            "name": "repeating_npcaction_-GenhNcxYGDRmzoqWPho_attack_crit2",
            "current": "",
            "max": "",
            "id": "-PtBTLjgHkaIvdhkXCUI"
        },
        {
            "name": "repeating_npcaction_-GenhNcxYGDRmzoqWPho_rollbase",
            "current": "@{wtype}&{template:npcaction} @{npc_name_flag} {{rname=@{name}}} {{description=@{show_desc}}} @{charname_output}",
            "max": "",
            "id": "-89e0tNlOSL0ReLLdXc0"
        },
        {
            "name": "repeating_npctrait_-laCudNXYlK8HaITvumE_name",
            "current": "Усилитель Телепатии",
            "max": "",
            "id": "-ddX6h7dVyxTLEkHepqw"
        },
        {
            "name": "repeating_npctrait_-laCudNXYlK8HaITvumE_description",
            "current": "Когда свидетель разума получает телепатическое сообщение, он может передавать его телепатически до семи существам одновременно, которые находятся не далее 600 футов от него и которых он может видеть.",
            "max": "",
            "id": "-8iUKeF3qoeqijAwFw0M"
        },
        {
            "name": "npcspellcastingflag",
            "current": "0",
            "max": "",
            "id": "-hmnKJ3halJM1sfmZYAK"
        }
    ],
    "abilities": []
}