{
    "schema_version": 2,
    "oldId": "-rRbvRXlFCrvYc7g2cqR",
    "name": "Трицератопс (Triceratops)",
    "avatar": "https://tentaculus.ru/monsters/img/cute_monsters/TRICERATOPS.jpg",
    "bio": "",
    "gmnotes": "",
    "defaulttoken": "",
    "tags": "[]",
    "controlledby": "",
    "inplayerjournals": "",
    "attribs": [
        {
            "name": "hitdieroll",
            "current": "4",
            "max": "",
            "id": "-9avXOoaE9iU67VCcfw4"
        },
        {
            "name": "showleveler",
            "current": 0,
            "max": "",
            "id": "-9uq0VoxeH9er6v0FElA"
        },
        {
            "name": "invalidXP",
            "current": 0,
            "max": "",
            "id": "-SNK0341fFGSvGxiJsMT"
        },
        {
            "name": "version",
            "current": 4.21,
            "max": "",
            "id": "-tXndp39RHOxRmojkBzK"
        },
        {
            "name": "mancer_confirm_flag",
            "current": "",
            "max": "",
            "id": "-fkNkjm6ac1AxCSld1j6"
        },
        {
            "name": "mancer_npc",
            "current": "on",
            "max": "",
            "id": "-ASUKhsIPFjMFaupAhVI"
        },
        {
            "name": "l1mancer_status",
            "current": "completed",
            "max": "",
            "id": "-d9uGPdA3tAtNqRgKpaB"
        },
        {
            "name": "rtype",
            "current": "@{advantagetoggle}",
            "max": "",
            "id": "-4aItLhPT6ijgjODpJve"
        },
        {
            "name": "dtype",
            "current": "full",
            "max": "",
            "id": "-39KjmYaQ5EyOX7ei0Tv"
        },
        {
            "name": "appliedUpdates",
            "current": "upgrade_to_4_2_1",
            "max": "",
            "id": "-GZ7C91mCqWW4fsi6Zag"
        },
        {
            "name": "npc",
            "current": "1",
            "max": "",
            "id": "-tdybXEJmMhiCpInPoNO"
        },
        {
            "name": "npc_options-flag",
            "current": "0",
            "max": "",
            "id": "-QLbpe2h8zEnlvbwUDGH"
        },
        {
            "name": "ui_flags",
            "current": "",
            "max": "",
            "id": "-gmaOAsjpSvPC2SKJzET"
        },
        {
            "name": "npc_name",
            "current": "Трицератопс (Triceratops)",
            "max": "",
            "id": "-0gRhOyIac5vYA0M8QjB"
        },
        {
            "name": "npc_type",
            "current": "зверь без мировоззрения",
            "max": "",
            "id": "-RBhxAUaBGH25zPLQfnd"
        },
        {
            "name": "npc_speed",
            "current": "10 клеток",
            "max": "",
            "id": "-HHLeeQIdHOi5bYDS7f3"
        },
        {
            "name": "hp",
            "current": "",
            "max": "95",
            "id": "-m5ow7V2Sxn2omcKHuCz"
        },
        {
            "name": "npc_ac",
            "current": "13 (естественная броня)",
            "max": "",
            "id": "-AsdcIHz5Ar65EGi1jeA"
        },
        {
            "name": "ac",
            "current": "13 (естественная броня)",
            "max": "",
            "id": "-LVKWs4qKXQWbJgIkp1Q"
        },
        {
            "name": "npc_languages",
            "current": "",
            "max": "",
            "id": "-oxMoViIUMOecomoiX6d"
        },
        {
            "name": "npc_challenge",
            "current": "5",
            "max": "",
            "id": "-xJrMUvt6MoBZbrOseuU"
        },
        {
            "name": "passive_wisdom",
            "current": "5",
            "max": "",
            "id": "-A9YyzHsGUf6K6DAYhQp"
        },
        {
            "name": "initiative_bonus",
            "current": -1,
            "max": "",
            "id": "-moeYGlF2XGhZ96iauT5"
        },
        {
            "name": "npc_hpformula",
            "current": "10d12 + 30",
            "max": "",
            "id": "-Che1OurNPClR30B3dwp"
        },
        {
            "name": "strength_base",
            "current": "22",
            "max": "",
            "id": "-nDjk54qQYSsuK0cj3KL"
        },
        {
            "name": "strength_flag",
            "current": "0",
            "max": "",
            "id": "-T8sqrM87J5YpTFWKjc2"
        },
        {
            "name": "strength",
            "current": 22,
            "max": "",
            "id": "-TN8qLQHpzbmaMDySekB"
        },
        {
            "name": "strength_mod",
            "current": 6,
            "max": "",
            "id": "-TIC2QMZanN1QQ64AaFB"
        },
        {
            "name": "npc_str_negative",
            "current": 0,
            "max": "",
            "id": "-NjLzq09oFCXQ7OvyXXO"
        },
        {
            "name": "dexterity_base",
            "current": "9",
            "max": "",
            "id": "-UXAL99u0FQznlgJnWLN"
        },
        {
            "name": "dexterity_flag",
            "current": "0",
            "max": "",
            "id": "-DsBHEHhJbqnUc3HlSMo"
        },
        {
            "name": "dexterity",
            "current": 9,
            "max": "",
            "id": "-vU4rjvcFHd4r3Tbg4Mx"
        },
        {
            "name": "dexterity_mod",
            "current": -1,
            "max": "",
            "id": "-rfElWS2Ypv76L8f1B9a"
        },
        {
            "name": "npc_dex_negative",
            "current": 1,
            "max": "",
            "id": "-lspYhld92LudgdDfdzQ"
        },
        {
            "name": "constitution_base",
            "current": "17",
            "max": "",
            "id": "-FFAGbIzLWbHrG3M7qTY"
        },
        {
            "name": "constitution_flag",
            "current": "0",
            "max": "",
            "id": "-f4clygjwqxcQEJN3tCT"
        },
        {
            "name": "constitution",
            "current": 17,
            "max": "",
            "id": "-91fH8TJ1gJ5sncOkOqX"
        },
        {
            "name": "constitution_mod",
            "current": 3,
            "max": "",
            "id": "-nfOX0wsJ4YDCVpfOwr2"
        },
        {
            "name": "npc_con_negative",
            "current": 0,
            "max": "",
            "id": "-DenCvkFgVoX7GHZohzM"
        },
        {
            "name": "intelligence_base",
            "current": "2",
            "max": "",
            "id": "-MOi39B4kkuZYLWeLUIL"
        },
        {
            "name": "intelligence_flag",
            "current": "0",
            "max": "",
            "id": "-fpE1bl9CmTaycmh48eY"
        },
        {
            "name": "intelligence",
            "current": 2,
            "max": "",
            "id": "-dIUoP21HiS90bbKJKP0"
        },
        {
            "name": "intelligence_mod",
            "current": -4,
            "max": "",
            "id": "-DTyCjecz6DWTfhCHX49"
        },
        {
            "name": "npc_int_negative",
            "current": 1,
            "max": "",
            "id": "-1mcVlwd1s7iPGVn7QJ7"
        },
        {
            "name": "wisdom_base",
            "current": "11",
            "max": "",
            "id": "-CA5AjcQZRaeGk0UuWYh"
        },
        {
            "name": "wisdom_flag",
            "current": "0",
            "max": "",
            "id": "-SwIesyHNwCQPyd3JZbk"
        },
        {
            "name": "wisdom",
            "current": 11,
            "max": "",
            "id": "-HOM6xOsae6Gwnmcw9hu"
        },
        {
            "name": "wisdom_mod",
            "current": 0,
            "max": "",
            "id": "-TUEkoLmK6C8tMIJumCJ"
        },
        {
            "name": "npc_wis_negative",
            "current": 0,
            "max": "",
            "id": "-rU1Y0kn0D4QNZfEcQbd"
        },
        {
            "name": "charisma_base",
            "current": "5",
            "max": "",
            "id": "-lNigyBaoGmyamnCBEeZ"
        },
        {
            "name": "charisma_flag",
            "current": "0",
            "max": "",
            "id": "-jLO9Dl05lYfPHmgNCDu"
        },
        {
            "name": "charisma",
            "current": 5,
            "max": "",
            "id": "-tki1rCSvcQ8vHusyCfp"
        },
        {
            "name": "charisma_mod",
            "current": -3,
            "max": "",
            "id": "-4Jwft1XaASfmKZBG9yr"
        },
        {
            "name": "npc_cha_negative",
            "current": 1,
            "max": "",
            "id": "-G5DuWxn2fINFwpMgm5N"
        },
        {
            "name": "repeating_npcaction_-MKz0agm6eIuCk39AlU7_name",
            "current": "Бодание",
            "max": "",
            "id": "-8KqfBFrofUgflctuGrm"
        },
        {
            "name": "repeating_npcaction_-MKz0agm6eIuCk39AlU7_description",
            "current": "Рукопашное Оружие: +9 к атаке, досягаемость: 1 клетка, одна цель. Попадание: 24 (4d8 + 6) колющего урона.",
            "max": "",
            "id": "-wy93fo5cx08icdcah93"
        },
        {
            "name": "repeating_npcaction_-MKz0agm6eIuCk39AlU7_attack_flag",
            "current": "on",
            "max": "",
            "id": "-TyY0bAVBrtQzMHatbbp"
        },
        {
            "name": "repeating_npcaction_-MKz0agm6eIuCk39AlU7_attack_tohitrange",
            "current": "+9",
            "max": "",
            "id": "-mE2t9aCewmHAAxtoUav"
        },
        {
            "name": "repeating_npcaction_-MKz0agm6eIuCk39AlU7_attack_onhit",
            "current": "",
            "max": "",
            "id": "-Blyjy4m6m821nim2uxz"
        },
        {
            "name": "repeating_npcaction_-MKz0agm6eIuCk39AlU7_attack_tohit",
            "current": "9",
            "max": "",
            "id": "-oeOhiToJVTQFFapmv7o"
        },
        {
            "name": "repeating_npcaction_-MKz0agm6eIuCk39AlU7_attack_damage",
            "current": "4d8+6",
            "max": "",
            "id": "-8PtMtEcd5RlFdDi8kc9"
        },
        {
            "name": "repeating_npcaction_-MKz0agm6eIuCk39AlU7_damage_flag",
            "current": "{{damage=1}} {{dmg1flag=1}}",
            "max": "",
            "id": "-XdFoMGytVMRIwyD9Rb8"
        },
        {
            "name": "repeating_npcaction_-MKz0agm6eIuCk39AlU7_rollbase",
            "current": "@{wtype}&{template:npcaction} {{attack=1}} @{damage_flag} @{npc_name_flag} {{rname=@{name}}} {{r1=[[@{d20}+(@{attack_tohit})]]}} @{rtype}+(@{attack_tohit})]]}} {{dmg1=[[@{attack_damage}]]}} {{dmg1type=@{attack_damagetype}}} {{dmg2=[[@{attack_damage2}+0]]}} {{dmg2type=@{attack_damagetype2}}} {{crit1=[[@{attack_crit}+0]]}} {{crit2=[[@{attack_crit2}+0]]}} {{description=@{show_desc}}} @{charname_output}",
            "max": "",
            "id": "-cYqq0U1Uj4hFsqHi9PX"
        },
        {
            "name": "repeating_npcaction_-MKz0agm6eIuCk39AlU7_attack_crit",
            "current": "4d8+6",
            "max": "",
            "id": "-x85eGzQiW3fx0FsNgj3"
        },
        {
            "name": "repeating_npcaction_-MKz0agm6eIuCk39AlU7_attack_crit2",
            "current": "",
            "max": "",
            "id": "-uISbCuBNn6mMCYXEhdk"
        },
        {
            "name": "repeating_npcaction_-HVE8FuunluuQjwpLr8Z_name",
            "current": "Растаптывание",
            "max": "",
            "id": "-JwgGC3M0TRRFSIta9s0"
        },
        {
            "name": "repeating_npcaction_-HVE8FuunluuQjwpLr8Z_description",
            "current": "Рукопашное Оружие: +9 к атаке, досягаемость: 1 клетка, one prодно существо. Попадание: 22 (3d10 + 6) дробящего урона",
            "max": "",
            "id": "-BxkBT99dxv9XwXfC0S4"
        },
        {
            "name": "repeating_npcaction_-HVE8FuunluuQjwpLr8Z_attack_flag",
            "current": "on",
            "max": "",
            "id": "-L2t7BqDn9PqNXEICU4y"
        },
        {
            "name": "repeating_npcaction_-HVE8FuunluuQjwpLr8Z_attack_tohitrange",
            "current": "+9",
            "max": "",
            "id": "-2tfORdwMC1itm6QAow8"
        },
        {
            "name": "repeating_npcaction_-HVE8FuunluuQjwpLr8Z_attack_onhit",
            "current": "",
            "max": "",
            "id": "-63CNtCpikcye3juCFVw"
        },
        {
            "name": "repeating_npcaction_-HVE8FuunluuQjwpLr8Z_attack_tohit",
            "current": "9",
            "max": "",
            "id": "-JXB8p83ofb3TYhwCvze"
        },
        {
            "name": "repeating_npcaction_-HVE8FuunluuQjwpLr8Z_attack_damage",
            "current": "3d10+6",
            "max": "",
            "id": "-hmzqoY75uWSoh2g8GIN"
        },
        {
            "name": "repeating_npcaction_-HVE8FuunluuQjwpLr8Z_damage_flag",
            "current": "{{damage=1}} {{dmg1flag=1}}",
            "max": "",
            "id": "-6aSVDKy9ql1MOTaq8qu"
        },
        {
            "name": "repeating_npcaction_-HVE8FuunluuQjwpLr8Z_rollbase",
            "current": "@{wtype}&{template:npcaction} {{attack=1}} @{damage_flag} @{npc_name_flag} {{rname=@{name}}} {{r1=[[@{d20}+(@{attack_tohit})]]}} @{rtype}+(@{attack_tohit})]]}} {{dmg1=[[@{attack_damage}]]}} {{dmg1type=@{attack_damagetype}}} {{dmg2=[[@{attack_damage2}+0]]}} {{dmg2type=@{attack_damagetype2}}} {{crit1=[[@{attack_crit}+0]]}} {{crit2=[[@{attack_crit2}+0]]}} {{description=@{show_desc}}} @{charname_output}",
            "max": "",
            "id": "-mp5C3C3qWpTKlKRFStc"
        },
        {
            "name": "repeating_npcaction_-HVE8FuunluuQjwpLr8Z_attack_crit",
            "current": "3d10+6",
            "max": "",
            "id": "-d77ckq17yPuotNi8CLw"
        },
        {
            "name": "repeating_npcaction_-HVE8FuunluuQjwpLr8Z_attack_crit2",
            "current": "",
            "max": "",
            "id": "-KJgUxb86CjcpZhmHyTJ"
        },
        {
            "name": "repeating_npctrait_-7vdcyOvnRaKSzDagzT8_name",
            "current": "Растаптывающий рывок",
            "max": "",
            "id": "-2Lp6pRsGRU9BcmjyHtu"
        },
        {
            "name": "repeating_npctrait_-7vdcyOvnRaKSzDagzT8_description",
            "current": "Если трицератопс передвигается как минимум на 4 клетки в направлении к существу и затем попадает по нему атакой Бодание в тот же ход, эта цель должна выполнить успешный спасбросок со сложностью 13 по Силе или будет сбито с ног. Если цель сбита с ног, трицератопс может провести одну атаку Растаптыванием против нее бонусным действием.",
            "max": "",
            "id": "-ZRSnaEKdF0gAjao3Lxz"
        },
        {
            "name": "npcspellcastingflag",
            "current": "0",
            "max": "",
            "id": "-dhf71RlttfFBFcOZ98s"
        }
    ],
    "abilities": []
}