{
    "schema_version": 2,
    "oldId": "-b9b9j4fMWUdkxUyDRM7",
    "name": "Траппер [Trapper]",
    "avatar": "https://tentaculus.ru/monsters/img/cute_monsters/TRAPPER.jpg",
    "bio": "",
    "gmnotes": "",
    "defaulttoken": "",
    "tags": "[]",
    "controlledby": "",
    "inplayerjournals": "",
    "attribs": [
        {
            "name": "hitdieroll",
            "current": "4",
            "max": "",
            "id": "-fN1mJCEiw2EkRkNYuVZ"
        },
        {
            "name": "showleveler",
            "current": 0,
            "max": "",
            "id": "-RzUOtODetTziune8z52"
        },
        {
            "name": "invalidXP",
            "current": 0,
            "max": "",
            "id": "-mXbWgKxSydgZIurufIg"
        },
        {
            "name": "version",
            "current": 4.21,
            "max": "",
            "id": "-zIijFoBlzTxjJ0xnrqc"
        },
        {
            "name": "mancer_confirm_flag",
            "current": "",
            "max": "",
            "id": "-Ulm0zd3FMeq1yXeZQRJ"
        },
        {
            "name": "mancer_npc",
            "current": "on",
            "max": "",
            "id": "-CvZVSKQBHonfPKIR4Mx"
        },
        {
            "name": "l1mancer_status",
            "current": "completed",
            "max": "",
            "id": "-SiExCzzIAs7Pl1Cfapo"
        },
        {
            "name": "rtype",
            "current": "@{advantagetoggle}",
            "max": "",
            "id": "-RgLyc6bc7IhcmS5qKIC"
        },
        {
            "name": "dtype",
            "current": "full",
            "max": "",
            "id": "-LV3Pykt50szWdm7lDSX"
        },
        {
            "name": "appliedUpdates",
            "current": "upgrade_to_4_2_1",
            "max": "",
            "id": "-WRhDACNSEIpQsFFLLr0"
        },
        {
            "name": "npc",
            "current": "1",
            "max": "",
            "id": "-lo2htCxqFMw3P8Mq93D"
        },
        {
            "name": "npc_options-flag",
            "current": "0",
            "max": "",
            "id": "-mw3jXK4N1LZ8MaeeHcs"
        },
        {
            "name": "ui_flags",
            "current": "",
            "max": "",
            "id": "-dFDRovqu4k1CaerDb71"
        },
        {
            "name": "npc_name",
            "current": "Траппер [Trapper]",
            "max": "",
            "id": "-w3JnqevCDiW6XzpdQkV"
        },
        {
            "name": "npc_type",
            "current": "монстр без мировоззрения",
            "max": "",
            "id": "-mDdXld6GcMf5yKcf6Rz"
        },
        {
            "name": "npc_speed",
            "current": "2 клетки, взбирание 2 клетки",
            "max": "",
            "id": "-idejqO21ixvd89wfHdp"
        },
        {
            "name": "hp",
            "current": "",
            "max": "85",
            "id": "-Ee6Q6PeM0hVmmFyoO32"
        },
        {
            "name": "npc_ac",
            "current": "13 (естественная броня)",
            "max": "",
            "id": "-21AdhPxNGKcockyY12P"
        },
        {
            "name": "ac",
            "current": "13 (естественная броня)",
            "max": "",
            "id": "-wrf6EpgxGplUPQMMiNZ"
        },
        {
            "name": "npc_languages",
            "current": "",
            "max": "",
            "id": "-cJMzeSOKiYO2rIsnd0m"
        },
        {
            "name": "npc_challenge",
            "current": "3",
            "max": "",
            "id": "-kVHddysBVuw4tYS6g69"
        },
        {
            "name": "passive_wisdom",
            "current": "3",
            "max": "",
            "id": "-s3OpvnXiSGYDdhZ9kgl"
        },
        {
            "name": "initiative_bonus",
            "current": 0,
            "max": "",
            "id": "-2ucWIQlV0qLTYfb7I8a"
        },
        {
            "name": "npc_hpformula",
            "current": "10d10+ 30",
            "max": "",
            "id": "-qXz7G19jbFAb6bnsXiN"
        },
        {
            "name": "strength_base",
            "current": "17",
            "max": "",
            "id": "-nKXDMoIdb8J2gpIxXuw"
        },
        {
            "name": "strength_flag",
            "current": "0",
            "max": "",
            "id": "-28WNQicq6FwUKgBeSWP"
        },
        {
            "name": "strength",
            "current": 17,
            "max": "",
            "id": "-6Zg16ju23KOAw9xstG0"
        },
        {
            "name": "strength_mod",
            "current": 3,
            "max": "",
            "id": "-3yDUB4WgAHbJI5EHG7K"
        },
        {
            "name": "npc_str_negative",
            "current": 0,
            "max": "",
            "id": "-qEpFyZRNDA3KmwiYfBb"
        },
        {
            "name": "dexterity_base",
            "current": "10",
            "max": "",
            "id": "-bXHaSrRsl0847umMqNo"
        },
        {
            "name": "dexterity_flag",
            "current": "0",
            "max": "",
            "id": "-qW7Ut2QIs88PUPxsUrX"
        },
        {
            "name": "dexterity",
            "current": 10,
            "max": "",
            "id": "-FuOpK6ptldHKLn9BMFy"
        },
        {
            "name": "dexterity_mod",
            "current": 0,
            "max": "",
            "id": "-ZMPrUFZQVfxyEqAZ26F"
        },
        {
            "name": "npc_dex_negative",
            "current": 0,
            "max": "",
            "id": "-SDpALepQycFlR62RPV3"
        },
        {
            "name": "constitution_base",
            "current": "17",
            "max": "",
            "id": "-0ABbEdoWoT62zPiuc2W"
        },
        {
            "name": "constitution_flag",
            "current": "0",
            "max": "",
            "id": "-hwH3baVtpRrlqhymtHP"
        },
        {
            "name": "constitution",
            "current": 17,
            "max": "",
            "id": "-EJUxeCWve9zztDRw6yb"
        },
        {
            "name": "constitution_mod",
            "current": 3,
            "max": "",
            "id": "-uAj9pWfOVSkUTmkivlu"
        },
        {
            "name": "npc_con_negative",
            "current": 0,
            "max": "",
            "id": "-ewrYTnDR7LOE52qfVzN"
        },
        {
            "name": "intelligence_base",
            "current": "2",
            "max": "",
            "id": "-KHfpOkCzUddxpvgL76Z"
        },
        {
            "name": "intelligence_flag",
            "current": "0",
            "max": "",
            "id": "-qyZ0SfIUuYu7Jqc3j5H"
        },
        {
            "name": "intelligence",
            "current": 2,
            "max": "",
            "id": "-tgxAZeIifmOt9ffn8Gb"
        },
        {
            "name": "intelligence_mod",
            "current": -4,
            "max": "",
            "id": "-ClZnqEUBq0JfzPjqldC"
        },
        {
            "name": "npc_int_negative",
            "current": 1,
            "max": "",
            "id": "-wspnVfJOlHa5eiM8JhK"
        },
        {
            "name": "wisdom_base",
            "current": "13",
            "max": "",
            "id": "-mAoZSvQXKMblC5S7Ayv"
        },
        {
            "name": "wisdom_flag",
            "current": "0",
            "max": "",
            "id": "-h5zDBWzigI9OK0yHqCF"
        },
        {
            "name": "wisdom",
            "current": 13,
            "max": "",
            "id": "-bNWgy7gDL20jnZCsvkz"
        },
        {
            "name": "wisdom_mod",
            "current": 1,
            "max": "",
            "id": "-1sQHgBG5tUdJAwzjCVX"
        },
        {
            "name": "npc_wis_negative",
            "current": 0,
            "max": "",
            "id": "-pXiNxycDxrns6BPTk39"
        },
        {
            "name": "charisma_base",
            "current": "4",
            "max": "",
            "id": "-b8u6CT127uAjvYoc98i"
        },
        {
            "name": "charisma_flag",
            "current": "0",
            "max": "",
            "id": "-zfPqCYkroRz8cZUv1sO"
        },
        {
            "name": "charisma",
            "current": 4,
            "max": "",
            "id": "-IGwDH4UnG1ynBpL75LG"
        },
        {
            "name": "charisma_mod",
            "current": -3,
            "max": "",
            "id": "-ZfegjNMWgGYPLOBSbss"
        },
        {
            "name": "npc_cha_negative",
            "current": 1,
            "max": "",
            "id": "-ysZJ2ah4HBS3N4hAM1C"
        },
        {
            "name": "npc_skills_flag",
            "current": 3,
            "max": "",
            "id": "-AL2aWqvDt6dJu3nU2P7"
        },
        {
            "name": "npc_stealth_base",
            "current": "2",
            "max": "",
            "id": "-DalQ1wdyW86gEq7Ogf6"
        },
        {
            "name": "npc_stealth_flag",
            "current": "1",
            "max": "",
            "id": "-onsxHyvwnOvjqDpDEXc"
        },
        {
            "name": "npc_stealth",
            "current": 2,
            "max": "",
            "id": "-wFpZTMTK2aOfhFBd1jN"
        },
        {
            "name": "npc_senses",
            "current": "слепое зрение 30 фт., тёмное зрение 60 фт.",
            "max": "",
            "id": "-oOf4NfujOffzXJMCwO7"
        },
        {
            "name": "repeating_npcaction_-mQNbiknHTGpoOXNr2dM_name",
            "current": "Удушение",
            "max": "",
            "id": "-eNHGQrJ4VPN99Zos4Ut"
        },
        {
            "name": "repeating_npcaction_-mQNbiknHTGpoOXNr2dM_description",
            "current": "Одно Большое существо или меньше в 5 футах от траппера должно успешно пройти спасбросок Ловкости Сл 14 или стать схваченным (Сл высвобождения 14). До конца захвата цель получает 17 (4к6 + 3) дробящего урона плюс 3 (1к6) урона кислотой в начале каждого из своих ходов. В таком захвате цель опутана, ослеплена и рискует задохнуться. Траппер может душить только одно существо одновременно.",
            "max": "",
            "id": "-6vJ95drmrBTCky5pMZK"
        },
        {
            "name": "repeating_npcaction_-mQNbiknHTGpoOXNr2dM_attack_tohitrange",
            "current": "+0",
            "max": "",
            "id": "-pj8b28rYyeG2S6TR2dj"
        },
        {
            "name": "repeating_npcaction_-mQNbiknHTGpoOXNr2dM_attack_onhit",
            "current": "",
            "max": "",
            "id": "-Xx6yOQCJ9Vnimi8lnTc"
        },
        {
            "name": "repeating_npcaction_-mQNbiknHTGpoOXNr2dM_damage_flag",
            "current": "",
            "max": "",
            "id": "-hYI7LYBe2UEKHxWFfPs"
        },
        {
            "name": "repeating_npcaction_-mQNbiknHTGpoOXNr2dM_attack_crit",
            "current": "",
            "max": "",
            "id": "-6CQ5pRdWvmmLPZqPjRn"
        },
        {
            "name": "repeating_npcaction_-mQNbiknHTGpoOXNr2dM_attack_crit2",
            "current": "",
            "max": "",
            "id": "-LBJBRyibWMgrFZwtxv4"
        },
        {
            "name": "repeating_npcaction_-mQNbiknHTGpoOXNr2dM_rollbase",
            "current": "@{wtype}&{template:npcaction} @{npc_name_flag} {{rname=@{name}}} {{description=@{show_desc}}} @{charname_output}",
            "max": "",
            "id": "-a5WgBA67TXYhoqVjNKU"
        },
        {
            "name": "repeating_npctrait_-sxfnhrBCe3dLCeapQap_name",
            "current": "Ложная Внешность",
            "max": "",
            "id": "-qqk9eDrc5MalVsnbF3H"
        },
        {
            "name": "repeating_npctrait_-sxfnhrBCe3dLCeapQap_description",
            "current": "Пока траппер прикреплен к потолку, полу или стене и не двигается, его почти невозможно отличить от обычной секции потолка, пола или стены. Существо, которое может его видеть и успешно прошедшее проверку Интеллекта (Расследование) или Интеллекта (Природа) Сл 20, может различить его присутствие.",
            "max": "",
            "id": "-KYXKCtEeE9MOZoTU2bE"
        },
        {
            "name": "repeating_npctrait_-zF5ETy9QZC3eGufB7pa_name",
            "current": "Паучья ходьба",
            "max": "",
            "id": "-agGmIGwMIEq3Tv8eWCF"
        },
        {
            "name": "repeating_npctrait_-zF5ETy9QZC3eGufB7pa_description",
            "current": "Траппер может взбираться по сложным поверхностям, включая вверх ногами по потолку, без необходимости проходить проверки.",
            "max": "",
            "id": "-WvK87RXltbhRCf6WKuc"
        },
        {
            "name": "npcspellcastingflag",
            "current": "0",
            "max": "",
            "id": "-qPzLMVUJd36DIEG2VKU"
        }
    ],
    "abilities": []
}