{
    "schema_version": 2,
    "oldId": "-I8fkJlbAXZOH9vzENP1",
    "name": "Тридрон (Tridrone)",
    "avatar": "https://tentaculus.ru/monsters/img/cute_monsters/TRIDRONE.jpg",
    "bio": "",
    "gmnotes": "",
    "defaulttoken": "",
    "tags": "[]",
    "controlledby": "",
    "inplayerjournals": "",
    "attribs": [
        {
            "name": "hitdieroll",
            "current": "4",
            "max": "",
            "id": "-oegeZpkESkNJnAQNGxl"
        },
        {
            "name": "showleveler",
            "current": 0,
            "max": "",
            "id": "-DjVpR5i3aJlGkXP4TMe"
        },
        {
            "name": "invalidXP",
            "current": 0,
            "max": "",
            "id": "-LNNv2JAkHorfHrRf0Te"
        },
        {
            "name": "version",
            "current": 4.21,
            "max": "",
            "id": "-ufy1EKieYcA5uBIFRGZ"
        },
        {
            "name": "mancer_confirm_flag",
            "current": "",
            "max": "",
            "id": "-6lIAZuDQE7pHUO33KRu"
        },
        {
            "name": "mancer_npc",
            "current": "on",
            "max": "",
            "id": "-Fzdqah8sdvYNbljV5ba"
        },
        {
            "name": "l1mancer_status",
            "current": "completed",
            "max": "",
            "id": "-wEMlqOCNP4U9pJ7uP8K"
        },
        {
            "name": "rtype",
            "current": "@{advantagetoggle}",
            "max": "",
            "id": "-LaErg2LQIJ3K6yBBpx5"
        },
        {
            "name": "dtype",
            "current": "full",
            "max": "",
            "id": "-R9jWxs0B63BULoSiXjp"
        },
        {
            "name": "appliedUpdates",
            "current": "upgrade_to_4_2_1",
            "max": "",
            "id": "-AM2vWCtpxsH9Ttsoua6"
        },
        {
            "name": "npc",
            "current": "1",
            "max": "",
            "id": "-mE0vn7a64wjG9HXevJz"
        },
        {
            "name": "npc_options-flag",
            "current": "0",
            "max": "",
            "id": "-hTUI99vKRjn8gBcFMxN"
        },
        {
            "name": "ui_flags",
            "current": "",
            "max": "",
            "id": "-xbFlNASPm2XXzholRJ2"
        },
        {
            "name": "npc_name",
            "current": "Тридрон (Tridrone)",
            "max": "",
            "id": "-tpIUkLOM430VPG8fMCC"
        },
        {
            "name": "npc_type",
            "current": "конструкт нейтральное",
            "max": "",
            "id": "-uh5ZP3iyLFSBf4V3SSA"
        },
        {
            "name": "npc_speed",
            "current": "6 клеток",
            "max": "",
            "id": "-SD3BIRMpsd2Kts13jSb"
        },
        {
            "name": "hp",
            "current": "",
            "max": "16",
            "id": "-stA1zSO9XMQpCDuPG9m"
        },
        {
            "name": "npc_ac",
            "current": "15 (естественная броня)",
            "max": "",
            "id": "-kPjNPtGQzxsJWtA6bbw"
        },
        {
            "name": "ac",
            "current": "15 (естественная броня)",
            "max": "",
            "id": "-BRNIwgE3JoDTEw48wm9"
        },
        {
            "name": "npc_languages",
            "current": "Модрон",
            "max": "",
            "id": "-piLmtVX8JHutHlf3Mch"
        },
        {
            "name": "npc_challenge",
            "current": "1/2",
            "max": "",
            "id": "-j9ZyODs6VUPu2ffM2Ih"
        },
        {
            "name": "passive_wisdom",
            "current": "1/2",
            "max": "",
            "id": "-9zSJL8z9x8T8tfZJlC9"
        },
        {
            "name": "initiative_bonus",
            "current": 1,
            "max": "",
            "id": "-G6OHXM1SKeiBl7qccbO"
        },
        {
            "name": "npc_hpformula",
            "current": "3d8 + 3",
            "max": "",
            "id": "-d2rSmT8HV2PjNK2rAw1"
        },
        {
            "name": "strength_base",
            "current": "12",
            "max": "",
            "id": "-5EJqlWLsKsmsoBqeCre"
        },
        {
            "name": "strength_flag",
            "current": "0",
            "max": "",
            "id": "-OOLTEmUZ91Jt0qHbt0T"
        },
        {
            "name": "strength",
            "current": 12,
            "max": "",
            "id": "-mZkHFWC31z0UeF4mN9s"
        },
        {
            "name": "strength_mod",
            "current": 1,
            "max": "",
            "id": "-xXav2yjeu8nurMtGMr2"
        },
        {
            "name": "npc_str_negative",
            "current": 0,
            "max": "",
            "id": "-7oOOo5vTTZft8jJuhK5"
        },
        {
            "name": "dexterity_base",
            "current": "13",
            "max": "",
            "id": "-t6WfdoQ9CsKHUHcKr4Z"
        },
        {
            "name": "dexterity_flag",
            "current": "0",
            "max": "",
            "id": "-WJsMDmJnutdmqcmEks4"
        },
        {
            "name": "dexterity",
            "current": 13,
            "max": "",
            "id": "-Dvbuyc5UAInN0xmunUo"
        },
        {
            "name": "dexterity_mod",
            "current": 1,
            "max": "",
            "id": "-E4CpYHkpKgblyWriyEN"
        },
        {
            "name": "npc_dex_negative",
            "current": 0,
            "max": "",
            "id": "-w4CNlQfFZHJhhwTYE9T"
        },
        {
            "name": "constitution_base",
            "current": "12",
            "max": "",
            "id": "-SULFdl0U0lR5RxwZ6GY"
        },
        {
            "name": "constitution_flag",
            "current": "0",
            "max": "",
            "id": "-npzQ2HfMSp6DmXBbFpn"
        },
        {
            "name": "constitution",
            "current": 12,
            "max": "",
            "id": "-R9kZ1VtsbdRfsyCUUus"
        },
        {
            "name": "constitution_mod",
            "current": 1,
            "max": "",
            "id": "-lUwwqtXsfpdlygRFqw1"
        },
        {
            "name": "npc_con_negative",
            "current": 0,
            "max": "",
            "id": "-DbGkOmyr1Yr4fulhWIt"
        },
        {
            "name": "intelligence_base",
            "current": "9",
            "max": "",
            "id": "-seE86NbydQMvGvMidIh"
        },
        {
            "name": "intelligence_flag",
            "current": "0",
            "max": "",
            "id": "-rHLI0YjyhTTIClQi8ci"
        },
        {
            "name": "intelligence",
            "current": 9,
            "max": "",
            "id": "-m7tHvJWnsRqMObMu6sL"
        },
        {
            "name": "intelligence_mod",
            "current": -1,
            "max": "",
            "id": "-8Fnm5MbEqMaf32MAkJf"
        },
        {
            "name": "npc_int_negative",
            "current": 1,
            "max": "",
            "id": "-72wG0uxjx5Ny7bn1u4R"
        },
        {
            "name": "wisdom_base",
            "current": "10",
            "max": "",
            "id": "-qpX0fxJqOMI3UtUZKvE"
        },
        {
            "name": "wisdom_flag",
            "current": "0",
            "max": "",
            "id": "-bmAVRcKYn6LugCjztE9"
        },
        {
            "name": "wisdom",
            "current": 10,
            "max": "",
            "id": "-B66HGumP2rv229eQu7x"
        },
        {
            "name": "wisdom_mod",
            "current": 0,
            "max": "",
            "id": "-aefZnVp60Bp35g53Aev"
        },
        {
            "name": "npc_wis_negative",
            "current": 0,
            "max": "",
            "id": "-EyeExJMVuvMfmuRFMe8"
        },
        {
            "name": "charisma_base",
            "current": "9",
            "max": "",
            "id": "-HMpaX2u3extsH6QLq3l"
        },
        {
            "name": "charisma_flag",
            "current": "0",
            "max": "",
            "id": "-iN4408IgdU80959jFY4"
        },
        {
            "name": "charisma",
            "current": 9,
            "max": "",
            "id": "-aA19zpd9krHPtmE0XBb"
        },
        {
            "name": "charisma_mod",
            "current": -1,
            "max": "",
            "id": "-8uSHoPSaOECvSMW6PFp"
        },
        {
            "name": "npc_cha_negative",
            "current": 1,
            "max": "",
            "id": "-kt6YFwvILlEEFZFgW0p"
        },
        {
            "name": "npc_senses",
            "current": "истинное зрение 24 клетки",
            "max": "",
            "id": "-6dtnDw8PTbH7eLgGW45"
        },
        {
            "name": "repeating_npcaction_-VJAeActAB7Qi90uMBqw_name",
            "current": "Мультиатака",
            "max": "",
            "id": "-Je95IONCrnBpEr64SQX"
        },
        {
            "name": "repeating_npcaction_-VJAeActAB7Qi90uMBqw_description",
            "current": "Тридрон проводит 3 атаки кулаком или 3 атаки Метательное копьеом.",
            "max": "",
            "id": "-MBeXsodTTUQ2gIOwS7n"
        },
        {
            "name": "repeating_npcaction_-VJAeActAB7Qi90uMBqw_attack_tohitrange",
            "current": "+0",
            "max": "",
            "id": "-nktAyKDAE2umOH1uGEB"
        },
        {
            "name": "repeating_npcaction_-VJAeActAB7Qi90uMBqw_attack_onhit",
            "current": "",
            "max": "",
            "id": "-g7tgKGD7FG5LG8GZLeG"
        },
        {
            "name": "repeating_npcaction_-VJAeActAB7Qi90uMBqw_damage_flag",
            "current": "",
            "max": "",
            "id": "-ZTvvDAGMykyS6uIKEE3"
        },
        {
            "name": "repeating_npcaction_-VJAeActAB7Qi90uMBqw_attack_crit",
            "current": "",
            "max": "",
            "id": "-HmffgUhsOnEl59PUU9D"
        },
        {
            "name": "repeating_npcaction_-VJAeActAB7Qi90uMBqw_attack_crit2",
            "current": "",
            "max": "",
            "id": "-mH2rQWHPc4REAxtiIih"
        },
        {
            "name": "repeating_npcaction_-VJAeActAB7Qi90uMBqw_rollbase",
            "current": "@{wtype}&{template:npcaction} @{npc_name_flag} {{rname=@{name}}} {{description=@{show_desc}}} @{charname_output}",
            "max": "",
            "id": "-VDOHKdQXJNUIJz5gW1k"
        },
        {
            "name": "repeating_npcaction_-dzdp3JSxnC8wCaTmRas_name",
            "current": "Кулак",
            "max": "",
            "id": "-UvmRFIAqYDmX6p4OtQw"
        },
        {
            "name": "repeating_npcaction_-dzdp3JSxnC8wCaTmRas_description",
            "current": "Рукопашное Оружие: +3 к атаке, досягаемость: 1 клетка, одна цель. Попадание: 3 (1d4 + 1) дробящего урона.",
            "max": "",
            "id": "-WvHnbnYoU4wOMdMNS3V"
        },
        {
            "name": "repeating_npcaction_-dzdp3JSxnC8wCaTmRas_attack_flag",
            "current": "on",
            "max": "",
            "id": "-rkR263dSfUtxhZJXZ4u"
        },
        {
            "name": "repeating_npcaction_-dzdp3JSxnC8wCaTmRas_attack_tohitrange",
            "current": "+3",
            "max": "",
            "id": "-Dj2J0ieiUzTwCyjUve7"
        },
        {
            "name": "repeating_npcaction_-dzdp3JSxnC8wCaTmRas_attack_onhit",
            "current": "",
            "max": "",
            "id": "-f3KXoNU8coHDcPIaHsX"
        },
        {
            "name": "repeating_npcaction_-dzdp3JSxnC8wCaTmRas_attack_tohit",
            "current": "3",
            "max": "",
            "id": "-cg22O0w2QTElL7a70yh"
        },
        {
            "name": "repeating_npcaction_-dzdp3JSxnC8wCaTmRas_attack_damage",
            "current": "1d4+1",
            "max": "",
            "id": "-nnWyeJTO2Ibr2kKoz6c"
        },
        {
            "name": "repeating_npcaction_-dzdp3JSxnC8wCaTmRas_damage_flag",
            "current": "{{damage=1}} {{dmg1flag=1}}",
            "max": "",
            "id": "-hkt2nht1C1SL2enEWLA"
        },
        {
            "name": "repeating_npcaction_-dzdp3JSxnC8wCaTmRas_rollbase",
            "current": "@{wtype}&{template:npcaction} {{attack=1}} @{damage_flag} @{npc_name_flag} {{rname=@{name}}} {{r1=[[@{d20}+(@{attack_tohit})]]}} @{rtype}+(@{attack_tohit})]]}} {{dmg1=[[@{attack_damage}]]}} {{dmg1type=@{attack_damagetype}}} {{dmg2=[[@{attack_damage2}+0]]}} {{dmg2type=@{attack_damagetype2}}} {{crit1=[[@{attack_crit}+0]]}} {{crit2=[[@{attack_crit2}+0]]}} {{description=@{show_desc}}} @{charname_output}",
            "max": "",
            "id": "-P1w5IZCDqvwwVU6jnbU"
        },
        {
            "name": "repeating_npcaction_-dzdp3JSxnC8wCaTmRas_attack_crit",
            "current": "1d4+1",
            "max": "",
            "id": "-vOVvlzcm4M2J9oz02vb"
        },
        {
            "name": "repeating_npcaction_-dzdp3JSxnC8wCaTmRas_attack_crit2",
            "current": "",
            "max": "",
            "id": "-QXrk5xSDyQmfZ5bJBXG"
        },
        {
            "name": "repeating_npcaction_-s4Wb9msubOezMUaiPiE_name",
            "current": "Метательное копье",
            "max": "",
            "id": "-lFmK3CyehiqxqNlRL9r"
        },
        {
            "name": "repeating_npcaction_-s4Wb9msubOezMUaiPiE_description",
            "current": "Рукопашное или Дальнобойное Оружие: +3 к атаке, досягаемость: 1 клетка или дальнобойное 6/24 клетки, одна цель. Попадание: 4 (1d6 + 1) колющего урона.",
            "max": "",
            "id": "-AL9192MrGxwD6rzCFBw"
        },
        {
            "name": "repeating_npcaction_-s4Wb9msubOezMUaiPiE_attack_flag",
            "current": "on",
            "max": "",
            "id": "-GB8JZcUDkHmYqyXbQLp"
        },
        {
            "name": "repeating_npcaction_-s4Wb9msubOezMUaiPiE_attack_tohitrange",
            "current": "+3",
            "max": "",
            "id": "-J1BNYCHRmyKgRNYQ7Xr"
        },
        {
            "name": "repeating_npcaction_-s4Wb9msubOezMUaiPiE_attack_onhit",
            "current": "",
            "max": "",
            "id": "-IeVxfnWK5q2JpllQLzr"
        },
        {
            "name": "repeating_npcaction_-s4Wb9msubOezMUaiPiE_attack_tohit",
            "current": "3",
            "max": "",
            "id": "-zs9JCzJuXdrLgdbrHKz"
        },
        {
            "name": "repeating_npcaction_-s4Wb9msubOezMUaiPiE_attack_damage",
            "current": "1d6+1",
            "max": "",
            "id": "-TAsxXAYSAVYEvVBCxNM"
        },
        {
            "name": "repeating_npcaction_-s4Wb9msubOezMUaiPiE_damage_flag",
            "current": "{{damage=1}} {{dmg1flag=1}}",
            "max": "",
            "id": "-ltCaiZBbBKsQPgMS3Fz"
        },
        {
            "name": "repeating_npcaction_-s4Wb9msubOezMUaiPiE_rollbase",
            "current": "@{wtype}&{template:npcaction} {{attack=1}} @{damage_flag} @{npc_name_flag} {{rname=@{name}}} {{r1=[[@{d20}+(@{attack_tohit})]]}} @{rtype}+(@{attack_tohit})]]}} {{dmg1=[[@{attack_damage}]]}} {{dmg1type=@{attack_damagetype}}} {{dmg2=[[@{attack_damage2}+0]]}} {{dmg2type=@{attack_damagetype2}}} {{crit1=[[@{attack_crit}+0]]}} {{crit2=[[@{attack_crit2}+0]]}} {{description=@{show_desc}}} @{charname_output}",
            "max": "",
            "id": "-TF87YUFmR4GOghtZSIF"
        },
        {
            "name": "repeating_npcaction_-s4Wb9msubOezMUaiPiE_attack_crit",
            "current": "1d6+1",
            "max": "",
            "id": "-428yYQXvsWi3ded4Ib1"
        },
        {
            "name": "repeating_npcaction_-s4Wb9msubOezMUaiPiE_attack_crit2",
            "current": "",
            "max": "",
            "id": "-Jp06R3LFpo0QG1qZcBf"
        },
        {
            "name": "repeating_npctrait_-idoeWWvwPURh0qO9lf1_name",
            "current": "Аксиоматический разум",
            "max": "",
            "id": "-SZ9yQuteQNkqTbQimCS"
        },
        {
            "name": "repeating_npctrait_-idoeWWvwPURh0qO9lf1_description",
            "current": "Тридрон не может быть принужден к действиям противоречищам его природе или программе.",
            "max": "",
            "id": "-DhBuhy9nuQoGYfVOUMa"
        },
        {
            "name": "repeating_npctrait_-VwJArHx8Hnfx9L0UvLo_name",
            "current": "Дезинтеграция",
            "max": "",
            "id": "-TV8EVstRkNEEPyO0oFP"
        },
        {
            "name": "repeating_npctrait_-VwJArHx8Hnfx9L0UvLo_description",
            "current": "Если тридрон умирает, его тело превращается в пыль, оставляя все его предметы.",
            "max": "",
            "id": "-BwlXnQqDF2sNYlXrXSr"
        },
        {
            "name": "npcspellcastingflag",
            "current": "0",
            "max": "",
            "id": "-Eb95xYSmDnuwFteO2qg"
        }
    ],
    "abilities": []
}