{
    "schema_version": 2,
    "oldId": "-qThyRA5nagJwJj2Y3BY",
    "name": "Зорн (Xorn)",
    "avatar": "https://tentaculus.ru/monsters/img/cute_monsters/XORN.jpg",
    "bio": "",
    "gmnotes": "",
    "defaulttoken": "",
    "tags": "[]",
    "controlledby": "",
    "inplayerjournals": "",
    "attribs": [
        {
            "name": "hitdieroll",
            "current": "4",
            "max": "",
            "id": "-jZkuUnr0vUrSN8W3hrX"
        },
        {
            "name": "showleveler",
            "current": 0,
            "max": "",
            "id": "-N9NJemsBeF85CyX1XdR"
        },
        {
            "name": "invalidXP",
            "current": 0,
            "max": "",
            "id": "-ixpIpBW6m9g4o18MmWl"
        },
        {
            "name": "version",
            "current": 4.21,
            "max": "",
            "id": "-Y4o436iiotlF3FyHzIT"
        },
        {
            "name": "mancer_confirm_flag",
            "current": "",
            "max": "",
            "id": "-n1FBUSyoeTyqtkU6sIz"
        },
        {
            "name": "mancer_npc",
            "current": "on",
            "max": "",
            "id": "-QuePA6eQoQblGyhacsn"
        },
        {
            "name": "l1mancer_status",
            "current": "completed",
            "max": "",
            "id": "-hOaC8b2XdE4tx5Hz41e"
        },
        {
            "name": "rtype",
            "current": "@{advantagetoggle}",
            "max": "",
            "id": "-0q8l6CaEcAdcMs9Q1i9"
        },
        {
            "name": "dtype",
            "current": "full",
            "max": "",
            "id": "-slFm0C8whOmmmiJOaJ2"
        },
        {
            "name": "appliedUpdates",
            "current": "upgrade_to_4_2_1",
            "max": "",
            "id": "-0qVF1r5rYNT0VF132MO"
        },
        {
            "name": "npc",
            "current": "1",
            "max": "",
            "id": "-bBzZ1jl7j35LSlNQ0Pr"
        },
        {
            "name": "npc_options-flag",
            "current": "0",
            "max": "",
            "id": "-SG91v6cIxs0Nm9dvA1I"
        },
        {
            "name": "ui_flags",
            "current": "",
            "max": "",
            "id": "-Ixm7shPbru4AmOMlQEr"
        },
        {
            "name": "npc_name",
            "current": "Зорн (Xorn)",
            "max": "",
            "id": "-uFPkGqqAurCYxhvaHG5"
        },
        {
            "name": "npc_type",
            "current": "элементаль нейтральное",
            "max": "",
            "id": "-w8EiE4YZBZZ250SAFxR"
        },
        {
            "name": "npc_speed",
            "current": "4 клетки, копая 4 клетки",
            "max": "",
            "id": "-zpEMn6oqsf6YhCuDhqQ"
        },
        {
            "name": "hp",
            "current": "",
            "max": "73",
            "id": "-FJClFzMm2tCxXdkUEvX"
        },
        {
            "name": "npc_ac",
            "current": "19 (естественная броня)",
            "max": "",
            "id": "-J9vZTHyGyieT5g7POq7"
        },
        {
            "name": "ac",
            "current": "19 (естественная броня)",
            "max": "",
            "id": "-8JCwZParxL5PUkTKmX7"
        },
        {
            "name": "npc_languages",
            "current": "Терран",
            "max": "",
            "id": "-VAy08hPeZ1sysmmUOyk"
        },
        {
            "name": "npc_challenge",
            "current": "5",
            "max": "",
            "id": "-pmY27RcyCSD8REUMAj7"
        },
        {
            "name": "passive_wisdom",
            "current": "5",
            "max": "",
            "id": "-sDM0qS0IvBStBUc71xy"
        },
        {
            "name": "initiative_bonus",
            "current": 0,
            "max": "",
            "id": "-XjWChqyc0yBHGNfTTnp"
        },
        {
            "name": "npc_hpformula",
            "current": "7d8 + 42",
            "max": "",
            "id": "-ytb2XXrRZqt10u1dEee"
        },
        {
            "name": "strength_base",
            "current": "17",
            "max": "",
            "id": "-roVpJsjIQm51jdktECU"
        },
        {
            "name": "strength_flag",
            "current": "0",
            "max": "",
            "id": "-QF5UJU1iM6emZIJKoNW"
        },
        {
            "name": "strength",
            "current": 17,
            "max": "",
            "id": "-UzgLDGLt49NAj4oIOTx"
        },
        {
            "name": "strength_mod",
            "current": 3,
            "max": "",
            "id": "-E4Rq1snfxXMDDZgMoGO"
        },
        {
            "name": "npc_str_negative",
            "current": 0,
            "max": "",
            "id": "-UKZi0EKDvOUFRNnXmcF"
        },
        {
            "name": "dexterity_base",
            "current": "10",
            "max": "",
            "id": "-4Exf2nM0WkabXnxc95v"
        },
        {
            "name": "dexterity_flag",
            "current": "0",
            "max": "",
            "id": "-cFqMMfhPnhPiCqLKYaP"
        },
        {
            "name": "dexterity",
            "current": 10,
            "max": "",
            "id": "-9udUNIbrPnvhdynGoTZ"
        },
        {
            "name": "dexterity_mod",
            "current": 0,
            "max": "",
            "id": "-J8eqCGMD2i4TZ8bZwRG"
        },
        {
            "name": "npc_dex_negative",
            "current": 0,
            "max": "",
            "id": "-BhB4B2j3aIWHkjhZyUU"
        },
        {
            "name": "constitution_base",
            "current": "22",
            "max": "",
            "id": "-V8VJ6ebxmzoZB6Z1sKb"
        },
        {
            "name": "constitution_flag",
            "current": "0",
            "max": "",
            "id": "-yqIFWDmHsoS8ydCXv5D"
        },
        {
            "name": "constitution",
            "current": 22,
            "max": "",
            "id": "-vLlOdTNKm4mgE8x1n8K"
        },
        {
            "name": "constitution_mod",
            "current": 6,
            "max": "",
            "id": "-jqnwQGdcpGDrXaTpWjI"
        },
        {
            "name": "npc_con_negative",
            "current": 0,
            "max": "",
            "id": "-e4qE7xcK66GfBoJJbar"
        },
        {
            "name": "intelligence_base",
            "current": "11",
            "max": "",
            "id": "-fEyNcsp3kQsPxXj6ldH"
        },
        {
            "name": "intelligence_flag",
            "current": "0",
            "max": "",
            "id": "-jdYYCqyXa53GlKzObEd"
        },
        {
            "name": "intelligence",
            "current": 11,
            "max": "",
            "id": "-g4QxpAHYVaqiW6flzjV"
        },
        {
            "name": "intelligence_mod",
            "current": 0,
            "max": "",
            "id": "-ZDnqiAn7X2n2uIvoHCF"
        },
        {
            "name": "npc_int_negative",
            "current": 0,
            "max": "",
            "id": "-ykVyIVtIgZgDrQa42sP"
        },
        {
            "name": "wisdom_base",
            "current": "10",
            "max": "",
            "id": "-xg8zdwRtxkf156dpLhQ"
        },
        {
            "name": "wisdom_flag",
            "current": "0",
            "max": "",
            "id": "-ELFcfGOSpaZJIcD7c0n"
        },
        {
            "name": "wisdom",
            "current": 10,
            "max": "",
            "id": "-ZywBdmjwbBlwewMS2Mn"
        },
        {
            "name": "wisdom_mod",
            "current": 0,
            "max": "",
            "id": "-FX55dT1wNiBTGwdUXmb"
        },
        {
            "name": "npc_wis_negative",
            "current": 0,
            "max": "",
            "id": "-aD2yTuu975oDR4qDEqI"
        },
        {
            "name": "charisma_base",
            "current": "11",
            "max": "",
            "id": "-yxL5V7LpomLe3MfVUgB"
        },
        {
            "name": "charisma_flag",
            "current": "0",
            "max": "",
            "id": "-HfzFy0n6mp57lOLTbup"
        },
        {
            "name": "charisma",
            "current": 11,
            "max": "",
            "id": "-rCIbBjTuFhToSWZ0Xpz"
        },
        {
            "name": "charisma_mod",
            "current": 0,
            "max": "",
            "id": "-u90Q7dgZm51M3lOhPJe"
        },
        {
            "name": "npc_cha_negative",
            "current": 0,
            "max": "",
            "id": "-kAtVs4oIwNeZKywAGa9"
        },
        {
            "name": "npc_skills_flag",
            "current": 3,
            "max": "",
            "id": "-5SdijtV1j1OyH9Xq9d6"
        },
        {
            "name": "npc_perception_base",
            "current": "6",
            "max": "",
            "id": "-ptBEb1Ag9zY0uqqld0l"
        },
        {
            "name": "npc_perception_flag",
            "current": "1",
            "max": "",
            "id": "-Xj9YZ5sSawl72LzGHZY"
        },
        {
            "name": "npc_perception",
            "current": 6,
            "max": "",
            "id": "-PsNoupVsfPPXEaxgSST"
        },
        {
            "name": "npc_stealth_base",
            "current": "3",
            "max": "",
            "id": "-KPIiilgoDkviwYy0O7N"
        },
        {
            "name": "npc_stealth_flag",
            "current": "1",
            "max": "",
            "id": "-2oHyxZ8NnYsvXsz5jMi"
        },
        {
            "name": "npc_stealth",
            "current": 3,
            "max": "",
            "id": "-C39THmQ7rFbw3QxGGcf"
        },
        {
            "name": "npc_resistances",
            "current": "колющий и рубящий от немагического и неадамантиевого оружия",
            "max": "",
            "id": "-n6z8xxeesEe5s8UbcaF"
        },
        {
            "name": "npc_senses",
            "current": "темнозрение 12 клеток, чувство вибрации 12 клеток.",
            "max": "",
            "id": "-SiKnbLjtTMxCiuHY7jQ"
        },
        {
            "name": "repeating_npcaction_-JaR1d6wsIZ8TKCANyId_name",
            "current": "Мультиатака",
            "max": "",
            "id": "-yJnRwc97MTlCZ9UIUCc"
        },
        {
            "name": "repeating_npcaction_-JaR1d6wsIZ8TKCANyId_description",
            "current": "Зорн проводит 3 атаки когтями и 1 укус.",
            "max": "",
            "id": "-LLTQIK2woZrKf0POnO7"
        },
        {
            "name": "repeating_npcaction_-JaR1d6wsIZ8TKCANyId_attack_tohitrange",
            "current": "+0",
            "max": "",
            "id": "-Y8sCLUtCFObUMm5wnAm"
        },
        {
            "name": "repeating_npcaction_-JaR1d6wsIZ8TKCANyId_attack_onhit",
            "current": "",
            "max": "",
            "id": "-SK09Ecia5nqZt93IQvg"
        },
        {
            "name": "repeating_npcaction_-JaR1d6wsIZ8TKCANyId_damage_flag",
            "current": "",
            "max": "",
            "id": "-aqZj4HVmfh8LqJNPYcC"
        },
        {
            "name": "repeating_npcaction_-JaR1d6wsIZ8TKCANyId_attack_crit",
            "current": "",
            "max": "",
            "id": "-1sSLAOh5eyW003kue6K"
        },
        {
            "name": "repeating_npcaction_-JaR1d6wsIZ8TKCANyId_attack_crit2",
            "current": "",
            "max": "",
            "id": "-sRJDaMsZsCDOeKEw800"
        },
        {
            "name": "repeating_npcaction_-JaR1d6wsIZ8TKCANyId_rollbase",
            "current": "@{wtype}&{template:npcaction} @{npc_name_flag} {{rname=@{name}}} {{description=@{show_desc}}} @{charname_output}",
            "max": "",
            "id": "-hnuccmwLrwfpPbGzf7Q"
        },
        {
            "name": "repeating_npcaction_-2VHY3eGF9NMyOmRdWLY_name",
            "current": "Укус",
            "max": "",
            "id": "-qh3fLqPVZwg0dEzc4Xp"
        },
        {
            "name": "repeating_npcaction_-2VHY3eGF9NMyOmRdWLY_description",
            "current": "Рукопашное оружие: +6 к атаке, досягаемость 1 клетка., одна цель. Попадание: 13 (3d6 + 3) колющего урона.",
            "max": "",
            "id": "-3iJNO6aict9tIzl7Hky"
        },
        {
            "name": "repeating_npcaction_-2VHY3eGF9NMyOmRdWLY_attack_flag",
            "current": "on",
            "max": "",
            "id": "-S5adL9GGAzPIZdSLB82"
        },
        {
            "name": "repeating_npcaction_-2VHY3eGF9NMyOmRdWLY_attack_tohitrange",
            "current": "+6",
            "max": "",
            "id": "-rcpWDliCdN9wkP39Rkj"
        },
        {
            "name": "repeating_npcaction_-2VHY3eGF9NMyOmRdWLY_attack_onhit",
            "current": "",
            "max": "",
            "id": "-mMm1GCkhHyDsJ3T7xZW"
        },
        {
            "name": "repeating_npcaction_-2VHY3eGF9NMyOmRdWLY_attack_tohit",
            "current": "6",
            "max": "",
            "id": "-Qfn4V00HhRCP39wDUXS"
        },
        {
            "name": "repeating_npcaction_-2VHY3eGF9NMyOmRdWLY_attack_damage",
            "current": "3d6+3",
            "max": "",
            "id": "-OaegSihCOMAJbC661NF"
        },
        {
            "name": "repeating_npcaction_-2VHY3eGF9NMyOmRdWLY_damage_flag",
            "current": "{{damage=1}} {{dmg1flag=1}}",
            "max": "",
            "id": "-xge7ksUlrut9yNFGfLV"
        },
        {
            "name": "repeating_npcaction_-2VHY3eGF9NMyOmRdWLY_rollbase",
            "current": "@{wtype}&{template:npcaction} {{attack=1}} @{damage_flag} @{npc_name_flag} {{rname=@{name}}} {{r1=[[@{d20}+(@{attack_tohit})]]}} @{rtype}+(@{attack_tohit})]]}} {{dmg1=[[@{attack_damage}]]}} {{dmg1type=@{attack_damagetype}}} {{dmg2=[[@{attack_damage2}+0]]}} {{dmg2type=@{attack_damagetype2}}} {{crit1=[[@{attack_crit}+0]]}} {{crit2=[[@{attack_crit2}+0]]}} {{description=@{show_desc}}} @{charname_output}",
            "max": "",
            "id": "-acvY4PkjfCqDQBgB4qt"
        },
        {
            "name": "repeating_npcaction_-2VHY3eGF9NMyOmRdWLY_attack_crit",
            "current": "3d6+3",
            "max": "",
            "id": "-MMn0CCgChFOCQMA5Xu8"
        },
        {
            "name": "repeating_npcaction_-2VHY3eGF9NMyOmRdWLY_attack_crit2",
            "current": "",
            "max": "",
            "id": "-31RPMB0OLjpzKGcmKwc"
        },
        {
            "name": "repeating_npcaction_-eXfYZnocNHZoWHnSDdI_name",
            "current": "Когти",
            "max": "",
            "id": "-3ghvOWlQyhn79T4jVqX"
        },
        {
            "name": "repeating_npcaction_-eXfYZnocNHZoWHnSDdI_description",
            "current": "Рукопашное оружие: +6 к атаке, досягаемость 1 клетка., одна цель. Попадание: 6 (1d6 + 3) рубящего урона.",
            "max": "",
            "id": "-q3dyAtvVYJnRf4FBRFh"
        },
        {
            "name": "repeating_npcaction_-eXfYZnocNHZoWHnSDdI_attack_flag",
            "current": "on",
            "max": "",
            "id": "-JS66BpGXsJ8vviAyGnb"
        },
        {
            "name": "repeating_npcaction_-eXfYZnocNHZoWHnSDdI_attack_tohitrange",
            "current": "+6",
            "max": "",
            "id": "-AVMn0SRXd2hQVjqEKNw"
        },
        {
            "name": "repeating_npcaction_-eXfYZnocNHZoWHnSDdI_attack_onhit",
            "current": "",
            "max": "",
            "id": "-M82gg0PYkGQEsEKUped"
        },
        {
            "name": "repeating_npcaction_-eXfYZnocNHZoWHnSDdI_attack_tohit",
            "current": "6",
            "max": "",
            "id": "-i3Bp14gJwhiFnTyd0rd"
        },
        {
            "name": "repeating_npcaction_-eXfYZnocNHZoWHnSDdI_attack_damage",
            "current": "1d6+3",
            "max": "",
            "id": "-fwdab6eJnXj08GSmCiH"
        },
        {
            "name": "repeating_npcaction_-eXfYZnocNHZoWHnSDdI_damage_flag",
            "current": "{{damage=1}} {{dmg1flag=1}}",
            "max": "",
            "id": "-s2xkB9N51t2IDjyTGkT"
        },
        {
            "name": "repeating_npcaction_-eXfYZnocNHZoWHnSDdI_rollbase",
            "current": "@{wtype}&{template:npcaction} {{attack=1}} @{damage_flag} @{npc_name_flag} {{rname=@{name}}} {{r1=[[@{d20}+(@{attack_tohit})]]}} @{rtype}+(@{attack_tohit})]]}} {{dmg1=[[@{attack_damage}]]}} {{dmg1type=@{attack_damagetype}}} {{dmg2=[[@{attack_damage2}+0]]}} {{dmg2type=@{attack_damagetype2}}} {{crit1=[[@{attack_crit}+0]]}} {{crit2=[[@{attack_crit2}+0]]}} {{description=@{show_desc}}} @{charname_output}",
            "max": "",
            "id": "-xuCMZBSOiLyRF2Cck73"
        },
        {
            "name": "repeating_npcaction_-eXfYZnocNHZoWHnSDdI_attack_crit",
            "current": "1d6+3",
            "max": "",
            "id": "-nICxElUPfOASzxWQGRA"
        },
        {
            "name": "repeating_npcaction_-eXfYZnocNHZoWHnSDdI_attack_crit2",
            "current": "",
            "max": "",
            "id": "-EeqqaKpBEXwy40K7CQQ"
        },
        {
            "name": "repeating_npctrait_-OCpHKdOai1HtxDO2JbW_name",
            "current": "Земляное Проскальзывание",
            "max": "",
            "id": "-3ahwGnB8AmcCciqBqoX"
        },
        {
            "name": "repeating_npctrait_-OCpHKdOai1HtxDO2JbW_description",
            "current": "Зорн может прокапываться через немагические, необработанные камни и землю. Во время этого он не повреждает материю сквозь которую проходит.",
            "max": "",
            "id": "-eLCrXLAf0Md385qiUjY"
        },
        {
            "name": "repeating_npctrait_-okdeuZMvikqMCyWWOH9_name",
            "current": "Каменный Камуфляж",
            "max": "",
            "id": "-iVOyl64OnUoXHXzokM8"
        },
        {
            "name": "repeating_npctrait_-okdeuZMvikqMCyWWOH9_description",
            "current": " Зорн имеет преимущество на проверки Ловкости (Скрытность) на каменистой местности.",
            "max": "",
            "id": "-hYXRGmOos5IHnRnMTxy"
        },
        {
            "name": "repeating_npctrait_-zSHpEUkDI4uuoWSNk18_name",
            "current": "Запах сокровищ",
            "max": "",
            "id": "-aWrlnSZYLMYmAezBIjC"
        },
        {
            "name": "repeating_npctrait_-zSHpEUkDI4uuoWSNk18_description",
            "current": "Зорн по запаху определяет местонахождение драгоценных металлов и камней в пределах 12 клеток",
            "max": "",
            "id": "-QL5Tp9TrGT2kRnNt1j4"
        },
        {
            "name": "npcspellcastingflag",
            "current": "0",
            "max": "",
            "id": "-T6ZNwxlilgWN59JjvrU"
        }
    ],
    "abilities": []
}