{
    "schema_version": 2,
    "oldId": "-aTxVLk7qo3InH6RwboH",
    "name": "Ассассин (Assassin)",
    "avatar": "https://tentaculus.ru/monsters/img/cute_monsters/ASSASSIN.jpg",
    "bio": "",
    "gmnotes": "",
    "defaulttoken": "",
    "tags": "[]",
    "controlledby": "",
    "inplayerjournals": "",
    "attribs": [
        {
            "name": "hitdieroll",
            "current": "4",
            "max": "",
            "id": "-jgAfBCPREibv3M31xzc"
        },
        {
            "name": "showleveler",
            "current": 0,
            "max": "",
            "id": "-DaGbcdm7xbqnH6vTBFh"
        },
        {
            "name": "invalidXP",
            "current": 0,
            "max": "",
            "id": "-ESVptg5mkeUWKlCaTcn"
        },
        {
            "name": "version",
            "current": 4.21,
            "max": "",
            "id": "-uLtOaYzz8KnSwUPmWFW"
        },
        {
            "name": "mancer_confirm_flag",
            "current": "",
            "max": "",
            "id": "-DIFl8txgQmXtZBU68cB"
        },
        {
            "name": "mancer_npc",
            "current": "on",
            "max": "",
            "id": "-lTjvIgfknGQmJkVcZiE"
        },
        {
            "name": "l1mancer_status",
            "current": "completed",
            "max": "",
            "id": "-4cwScDfqHCCwXGXmWUV"
        },
        {
            "name": "rtype",
            "current": "@{advantagetoggle}",
            "max": "",
            "id": "-GVnr5uos7zmfoA7G1fb"
        },
        {
            "name": "dtype",
            "current": "full",
            "max": "",
            "id": "-MFZu3gLK2w6SoT4N2gG"
        },
        {
            "name": "appliedUpdates",
            "current": "upgrade_to_4_2_1",
            "max": "",
            "id": "-og2WTcbh3Uwf6WAayJP"
        },
        {
            "name": "npc",
            "current": "1",
            "max": "",
            "id": "-nY8c7Nq9HVTH7s620j9"
        },
        {
            "name": "npc_options-flag",
            "current": "0",
            "max": "",
            "id": "-Ebx0ZkirBxnpJGo3Qgg"
        },
        {
            "name": "ui_flags",
            "current": "",
            "max": "",
            "id": "-Q349SGENXXKMzs8P5Tz"
        },
        {
            "name": "npc_name",
            "current": "Ассассин (Assassin)",
            "max": "",
            "id": "-H1zIsLBesEYmARv8sWo"
        },
        {
            "name": "npc_type",
            "current": "гуманоид (любая раса) любое не доброе",
            "max": "",
            "id": "-lXkmzpvCx3uZjl4ntJ9"
        },
        {
            "name": "npc_speed",
            "current": "6 клеток",
            "max": "",
            "id": "-0mmBdkilfqGpyr76Ay5"
        },
        {
            "name": "hp",
            "current": "",
            "max": "78",
            "id": "-vl7eDrH1em3M7MDdI6t"
        },
        {
            "name": "npc_ac",
            "current": "15 (армированная кожа)",
            "max": "",
            "id": "-OP69eKmS3ta3r3MUwZf"
        },
        {
            "name": "ac",
            "current": "15 (армированная кожа)",
            "max": "",
            "id": "-DAZVMwcOWOxu5F7q8e2"
        },
        {
            "name": "npc_languages",
            "current": "Воровской жаргон плюс любые 2 языка",
            "max": "",
            "id": "-iQVnY07qG5PaQIN30Ie"
        },
        {
            "name": "npc_challenge",
            "current": "8",
            "max": "",
            "id": "-zYP69q7SLuW3pnlUdyQ"
        },
        {
            "name": "passive_wisdom",
            "current": "8",
            "max": "",
            "id": "-j6mbLgssri6INCArpmn"
        },
        {
            "name": "initiative_bonus",
            "current": 3,
            "max": "",
            "id": "-mVEE9VfRBl19ACsal4q"
        },
        {
            "name": "npc_hpformula",
            "current": "12d8 + 24",
            "max": "",
            "id": "-RRCrcAbz0KgA2lka01T"
        },
        {
            "name": "strength_base",
            "current": "11",
            "max": "",
            "id": "-wTsdi8BjzKDTnotlffK"
        },
        {
            "name": "strength_flag",
            "current": "0",
            "max": "",
            "id": "-aiYdfJvx9AZIi5zWZwz"
        },
        {
            "name": "strength",
            "current": 11,
            "max": "",
            "id": "-ay7nM4wLfwrTzFNz4rr"
        },
        {
            "name": "strength_mod",
            "current": 0,
            "max": "",
            "id": "-KakXEWE0Drv3WMAO9ZO"
        },
        {
            "name": "npc_str_negative",
            "current": 0,
            "max": "",
            "id": "-luIIfIIK0W8dW5v7xGR"
        },
        {
            "name": "dexterity_base",
            "current": "16",
            "max": "",
            "id": "-ReMmFmTP006qMCLY14d"
        },
        {
            "name": "dexterity_flag",
            "current": "0",
            "max": "",
            "id": "-hXPiLTGotKoWXpHsofh"
        },
        {
            "name": "dexterity",
            "current": 16,
            "max": "",
            "id": "-5pgzJzIJK05t4oFCk0U"
        },
        {
            "name": "dexterity_mod",
            "current": 3,
            "max": "",
            "id": "-p3PFSFRwBLNVMau32Jq"
        },
        {
            "name": "npc_dex_negative",
            "current": 0,
            "max": "",
            "id": "-yC4hdM22eFYWSFb0JGi"
        },
        {
            "name": "constitution_base",
            "current": "14",
            "max": "",
            "id": "-StkdSPygbvpMiz5H21V"
        },
        {
            "name": "constitution_flag",
            "current": "0",
            "max": "",
            "id": "-PWnkzBWKC6QphISnduj"
        },
        {
            "name": "constitution",
            "current": 14,
            "max": "",
            "id": "-FEx48uHrxolRjVZBWaW"
        },
        {
            "name": "constitution_mod",
            "current": 2,
            "max": "",
            "id": "-ehzITCU9jz55hSYqhj6"
        },
        {
            "name": "npc_con_negative",
            "current": 0,
            "max": "",
            "id": "-fQhXAUCn9EesMbPOdzI"
        },
        {
            "name": "intelligence_base",
            "current": "13",
            "max": "",
            "id": "-eW7xzVMHjWB9AkYXFDG"
        },
        {
            "name": "intelligence_flag",
            "current": "0",
            "max": "",
            "id": "-jrXwT8IVYrhfioSC2k8"
        },
        {
            "name": "intelligence",
            "current": 13,
            "max": "",
            "id": "-mDaFC2dUZ2zFFO4hLXs"
        },
        {
            "name": "intelligence_mod",
            "current": 1,
            "max": "",
            "id": "-LLW32l1p8r0H41FuQG1"
        },
        {
            "name": "npc_int_negative",
            "current": 0,
            "max": "",
            "id": "-ALv1l6GLtbjsgixOri3"
        },
        {
            "name": "wisdom_base",
            "current": "11",
            "max": "",
            "id": "-fm3ldrKtdp4YDOW8Kin"
        },
        {
            "name": "wisdom_flag",
            "current": "0",
            "max": "",
            "id": "-ZDcN4qlIR3d1EYaEecV"
        },
        {
            "name": "wisdom",
            "current": 11,
            "max": "",
            "id": "-LYVM4AcGw5lDyLw7f0M"
        },
        {
            "name": "wisdom_mod",
            "current": 0,
            "max": "",
            "id": "-G4a4Xf9vmSpMc89YGzz"
        },
        {
            "name": "npc_wis_negative",
            "current": 0,
            "max": "",
            "id": "-OYSTkOnu36EAjCEAbNj"
        },
        {
            "name": "charisma_base",
            "current": "10",
            "max": "",
            "id": "-aeUzhWBqGGklW17X4Rg"
        },
        {
            "name": "charisma_flag",
            "current": "0",
            "max": "",
            "id": "-lvBN83V1TC1k4YExiYM"
        },
        {
            "name": "charisma",
            "current": 10,
            "max": "",
            "id": "-8qWebQhEGITtCQ957ZJ"
        },
        {
            "name": "charisma_mod",
            "current": 0,
            "max": "",
            "id": "-5oJ2JI5Lr4ZzOvq6gFH"
        },
        {
            "name": "npc_cha_negative",
            "current": 0,
            "max": "",
            "id": "-sNypMJA7d3krQPc12hX"
        },
        {
            "name": "npc_skills_flag",
            "current": 3,
            "max": "",
            "id": "-zYDCiA2uXKccKn90ufM"
        },
        {
            "name": "npc_acrobatics_base",
            "current": "7",
            "max": "",
            "id": "-IOeHGvTeC0jgdtnHuYg"
        },
        {
            "name": "npc_acrobatics_flag",
            "current": "1",
            "max": "",
            "id": "-1MvaVDRtKqZyTlXVP49"
        },
        {
            "name": "npc_acrobatics",
            "current": 7,
            "max": "",
            "id": "-am8Bf8sn5ShFMeJDw2K"
        },
        {
            "name": "npc_deception_base",
            "current": "4",
            "max": "",
            "id": "-YkOMnJRk8kRPS68ZnH0"
        },
        {
            "name": "npc_deception_flag",
            "current": "1",
            "max": "",
            "id": "-wwpbO01pRQgdRKUzq3p"
        },
        {
            "name": "npc_deception",
            "current": 4,
            "max": "",
            "id": "-c5lqs9OzHaoXo4r9AE5"
        },
        {
            "name": "npc_perception_base",
            "current": "4",
            "max": "",
            "id": "-TqwxkbU4LR6CpU2acop"
        },
        {
            "name": "npc_perception_flag",
            "current": "1",
            "max": "",
            "id": "-zE4dCnI1RVpqJWxNLiJ"
        },
        {
            "name": "npc_perception",
            "current": 4,
            "max": "",
            "id": "-R6Xdm30ZtNeATdK2vBl"
        },
        {
            "name": "npc_stealth_base",
            "current": "11",
            "max": "",
            "id": "-wqCpMrZQirHsu8vkh2v"
        },
        {
            "name": "npc_stealth_flag",
            "current": "1",
            "max": "",
            "id": "-0LfI14ZJrkQMseTNu4k"
        },
        {
            "name": "npc_stealth",
            "current": 11,
            "max": "",
            "id": "-9bKr4hRwlsvkuWNd8Er"
        },
        {
            "name": "npc_saving_flag",
            "current": 7,
            "max": "",
            "id": "-G2xTbeisD6cx0PQd4Ch"
        },
        {
            "name": "npc_dex_save_base",
            "current": "7",
            "max": "",
            "id": "-ZJLg0x7ULEZlilAd9mj"
        },
        {
            "name": "npc_dex_save_flag",
            "current": 1,
            "max": "",
            "id": "-37iUYpFhrw9mJGeB0Gd"
        },
        {
            "name": "npc_dex_save",
            "current": 7,
            "max": "",
            "id": "-VbrKogLZcn9M8WO8jMM"
        },
        {
            "name": "npc_int_save_base",
            "current": "5",
            "max": "",
            "id": "-WoyyDS0QGgvOn2wdksh"
        },
        {
            "name": "npc_int_save_flag",
            "current": 1,
            "max": "",
            "id": "-ATImrmKhHymgYncnZzQ"
        },
        {
            "name": "npc_int_save",
            "current": 5,
            "max": "",
            "id": "-tMWqv8Aocl8izk2FpAD"
        },
        {
            "name": "npc_resistances",
            "current": "яд",
            "max": "",
            "id": "-d1SjVfjiu1JLc1E44OX"
        },
        {
            "name": "repeating_npcaction_-vD0AUYl2L9eG2tUu4Z8_name",
            "current": "Мультиатака",
            "max": "",
            "id": "-O3ljrpC1wl2UG2eRgRP"
        },
        {
            "name": "repeating_npcaction_-vD0AUYl2L9eG2tUu4Z8_description",
            "current": "Ассассин проводит 2 атаки коротким мечом.",
            "max": "",
            "id": "-uAL2dpMmf3aaqh8YfKV"
        },
        {
            "name": "repeating_npcaction_-vD0AUYl2L9eG2tUu4Z8_attack_tohitrange",
            "current": "+0",
            "max": "",
            "id": "-FDL2twDJZSU8bLjXAG7"
        },
        {
            "name": "repeating_npcaction_-vD0AUYl2L9eG2tUu4Z8_attack_onhit",
            "current": "",
            "max": "",
            "id": "-HA9c4ORJwLxf6GCQ6Zp"
        },
        {
            "name": "repeating_npcaction_-vD0AUYl2L9eG2tUu4Z8_damage_flag",
            "current": "",
            "max": "",
            "id": "-xTb0nlKdSEfmjSG1IAt"
        },
        {
            "name": "repeating_npcaction_-vD0AUYl2L9eG2tUu4Z8_attack_crit",
            "current": "",
            "max": "",
            "id": "-VOVeGzMPQpafpEtvX3a"
        },
        {
            "name": "repeating_npcaction_-vD0AUYl2L9eG2tUu4Z8_attack_crit2",
            "current": "",
            "max": "",
            "id": "-lBncjmY0DjRWtIYB5j4"
        },
        {
            "name": "repeating_npcaction_-vD0AUYl2L9eG2tUu4Z8_rollbase",
            "current": "@{wtype}&{template:npcaction} @{npc_name_flag} {{rname=@{name}}} {{description=@{show_desc}}} @{charname_output}",
            "max": "",
            "id": "-jnSk1D4sO0Mzhgrwj60"
        },
        {
            "name": "repeating_npcaction_-x3pLQmJqwXtkNoRQiPx_name",
            "current": "Короткий Меч",
            "max": "",
            "id": "-efXLkMPonmgrlgzDA2m"
        },
        {
            "name": "repeating_npcaction_-x3pLQmJqwXtkNoRQiPx_description",
            "current": "Рукопашное Оружие: +7 к атаке, досягаемость: 1 клетка, одна цель. Попадание: 6 (1d6 + 3) колющего урона. Цель должна бросить спасбросок со сложностью со сложностью 15 по Телосложению. В случае неудачи существо получает 24 (7d6) урона ядом, и половину урона в случае успеха.",
            "max": "",
            "id": "-jLqyEUKjG64sHbVKgQF"
        },
        {
            "name": "repeating_npcaction_-x3pLQmJqwXtkNoRQiPx_attack_flag",
            "current": "on",
            "max": "",
            "id": "-yo0aUUF6ctjqisj23Jb"
        },
        {
            "name": "repeating_npcaction_-x3pLQmJqwXtkNoRQiPx_attack_tohitrange",
            "current": "+7",
            "max": "",
            "id": "-Kwev6aUeo3qUrilBCTu"
        },
        {
            "name": "repeating_npcaction_-x3pLQmJqwXtkNoRQiPx_attack_onhit",
            "current": "",
            "max": "",
            "id": "-8lWDHb0cs9rgE5w9yVr"
        },
        {
            "name": "repeating_npcaction_-x3pLQmJqwXtkNoRQiPx_attack_tohit",
            "current": "7",
            "max": "",
            "id": "-aBThJdGqd9x76Y516Gq"
        },
        {
            "name": "repeating_npcaction_-x3pLQmJqwXtkNoRQiPx_attack_damage",
            "current": "1d6+3",
            "max": "",
            "id": "-MgrcGtOSU4vQCLijdzJ"
        },
        {
            "name": "repeating_npcaction_-x3pLQmJqwXtkNoRQiPx_damage_flag",
            "current": "{{damage=1}} {{dmg1flag=1}}",
            "max": "",
            "id": "-rz3X3c70GBXJb767Zzx"
        },
        {
            "name": "repeating_npcaction_-x3pLQmJqwXtkNoRQiPx_rollbase",
            "current": "@{wtype}&{template:npcaction} {{attack=1}} @{damage_flag} @{npc_name_flag} {{rname=@{name}}} {{r1=[[@{d20}+(@{attack_tohit})]]}} @{rtype}+(@{attack_tohit})]]}} {{dmg1=[[@{attack_damage}]]}} {{dmg1type=@{attack_damagetype}}} {{dmg2=[[@{attack_damage2}+0]]}} {{dmg2type=@{attack_damagetype2}}} {{crit1=[[@{attack_crit}+0]]}} {{crit2=[[@{attack_crit2}+0]]}} {{description=@{show_desc}}} @{charname_output}",
            "max": "",
            "id": "-wBUJODUpMHwKDw01734"
        },
        {
            "name": "repeating_npcaction_-x3pLQmJqwXtkNoRQiPx_attack_crit",
            "current": "1d6+3",
            "max": "",
            "id": "-xt1Qcrg1zBBaxhrCeTr"
        },
        {
            "name": "repeating_npcaction_-x3pLQmJqwXtkNoRQiPx_attack_crit2",
            "current": "",
            "max": "",
            "id": "-R5zRes5ceJWv7gaWkhW"
        },
        {
            "name": "repeating_npcaction_-C4JyrtmqOQ1ZE0tEYwf_name",
            "current": "Легкий Арбалет",
            "max": "",
            "id": "-0lOrn70WQPoLk35VY8G"
        },
        {
            "name": "repeating_npcaction_-C4JyrtmqOQ1ZE0tEYwf_description",
            "current": "Дальнобойное оружие: +7 к атаке, досягаемость 16/64 клеток, одна цель. Попадание: 7 (1d8 + 3) колющего урона. Цель должна бросить спасбросок со сложностью со сложностью 15 по Телосложению. В случае неудачи существо получает 24 (7d6) урона ядом, и половину урона в случае успеха.",
            "max": "",
            "id": "-nzTHhB7cj1VwCKD1jlF"
        },
        {
            "name": "repeating_npcaction_-C4JyrtmqOQ1ZE0tEYwf_attack_flag",
            "current": "on",
            "max": "",
            "id": "-cqyhv5FrQE7iITAhgzR"
        },
        {
            "name": "repeating_npcaction_-C4JyrtmqOQ1ZE0tEYwf_attack_tohitrange",
            "current": "+7",
            "max": "",
            "id": "-3XsPHUYmDv6i7fvlndA"
        },
        {
            "name": "repeating_npcaction_-C4JyrtmqOQ1ZE0tEYwf_attack_onhit",
            "current": "",
            "max": "",
            "id": "-4sxMJmo43BoYA0CV8ZY"
        },
        {
            "name": "repeating_npcaction_-C4JyrtmqOQ1ZE0tEYwf_attack_tohit",
            "current": "7",
            "max": "",
            "id": "-4I4iOZoB0HVnoGEF8UA"
        },
        {
            "name": "repeating_npcaction_-C4JyrtmqOQ1ZE0tEYwf_attack_damage",
            "current": "1d8+3",
            "max": "",
            "id": "-8SQto5VJa3uvOON9ndJ"
        },
        {
            "name": "repeating_npcaction_-C4JyrtmqOQ1ZE0tEYwf_damage_flag",
            "current": "{{damage=1}} {{dmg1flag=1}}",
            "max": "",
            "id": "-cmxaWO0REXj1qucg3Sj"
        },
        {
            "name": "repeating_npcaction_-C4JyrtmqOQ1ZE0tEYwf_rollbase",
            "current": "@{wtype}&{template:npcaction} {{attack=1}} @{damage_flag} @{npc_name_flag} {{rname=@{name}}} {{r1=[[@{d20}+(@{attack_tohit})]]}} @{rtype}+(@{attack_tohit})]]}} {{dmg1=[[@{attack_damage}]]}} {{dmg1type=@{attack_damagetype}}} {{dmg2=[[@{attack_damage2}+0]]}} {{dmg2type=@{attack_damagetype2}}} {{crit1=[[@{attack_crit}+0]]}} {{crit2=[[@{attack_crit2}+0]]}} {{description=@{show_desc}}} @{charname_output}",
            "max": "",
            "id": "-ZE4TWQRN4Wh8kWJSMaj"
        },
        {
            "name": "repeating_npcaction_-C4JyrtmqOQ1ZE0tEYwf_attack_crit",
            "current": "1d8+3",
            "max": "",
            "id": "-bPwRYDtPVJ1HKXtvjE6"
        },
        {
            "name": "repeating_npcaction_-C4JyrtmqOQ1ZE0tEYwf_attack_crit2",
            "current": "",
            "max": "",
            "id": "-ZaVvmNVa0WwiJXetVkX"
        },
        {
            "name": "repeating_npctrait_-fE0YYahBiCw7JaHZcUu_name",
            "current": "Покушение",
            "max": "",
            "id": "-XaG8spgKTD1H6u0fNEy"
        },
        {
            "name": "repeating_npctrait_-fE0YYahBiCw7JaHZcUu_description",
            "current": "В первый свой ход ассассин имеет преимущество на броски атаки против любого существа которое еще не ходило. Любое попадание по существу застигнутому врасплох считается критическим.",
            "max": "",
            "id": "-KAs6s0JbsAM85PW3lFo"
        },
        {
            "name": "repeating_npctrait_-cSC39RmoSM47VUQmXuE_name",
            "current": "Уклонение",
            "max": "",
            "id": "-yECWeDWI6S1XS51MpIX"
        },
        {
            "name": "repeating_npctrait_-cSC39RmoSM47VUQmXuE_description",
            "current": "Если ассассин подвергается эффекту позволяющему сделать спасбросок по Ловкости чтобы уменьшить урон вдвое, то при успехе он совсем не получает урон, а при неудаче получает половину урона.",
            "max": "",
            "id": "-d0vUwt68iajIJ2SIuS9"
        },
        {
            "name": "repeating_npctrait_-DQRT044xZdWmQOXmzmX_name",
            "current": "Подлая атака (1 раз в ход)",
            "max": "",
            "id": "-QeipBYI47S4EbfQeBDB"
        },
        {
            "name": "repeating_npctrait_-DQRT044xZdWmQOXmzmX_description",
            "current": "Ассассин наносит дополнительно 13 (4d6) урона когда он поражает цель рукопашным оружием и имеет преимущество на бросок атаки, или когда рядом с целью находится другой ассассин в сознании и не имеющий помех.",
            "max": "",
            "id": "-0vywk23XEG1cguuvIJp"
        },
        {
            "name": "npcspellcastingflag",
            "current": "0",
            "max": "",
            "id": "-sy7DYyNoBsyt6cGw1Lp"
        }
    ],
    "abilities": []
}