{
    "schema_version": 2,
    "oldId": "-C46LIeaP7ZsVmIglqtD",
    "name": "Ааракокра (Aarakocra)",
    "avatar": "https://tentaculus.ru/monsters/img/cute_monsters/AARAKOCRA.jpg",
    "bio": "<p>Ааракокры населяют Воющий Вихрь, бесконечный шторм могучих ветров и дождей, который окружает царство Аакуа в Стихийном Плане Воздуха. Осуществляя воздушное патрулирование, эти птицеподобные гуманоиды охраняют воздушные границы своего дома от захватчиков из Стихийного Плана Земли, своих заклятых врагов — горгулий.</p> <p> <b> <i>Враги Стихийного Зла.</b> </i> На службе у Воздушных Герцогов Аакуы ааракокры разведывают планы в поисках храмов Стихийного Зла. Они шпионят за злыми стихийными существами, а затем либо вступают с ними в бой, либо возвращаются с докладом к герцогам.</p> <p>На Материальном Плане ааракокры возводят гнёзда на вершинах самых высоких гор, особенно на пиках вблизи порталов, ведущих на Стихийный План Воздуха. С этих высот ааракокры следят за признаками стихийного вторжения, а также за малейшими угрозами для своего домашнего плана. Ааракокры предпочитают жить сами по себе, как перекати-поле, скитаясь по области в течение многих лет, защищая её от набегов Стихийного Зла.</p> <p>У ааракокр нет представления о политических границах или личной собственности, они не знают цену драгоценным камням, золоту и другим драгоценностям. Всё это для них это ничего не значит. По их мнению, существо должно использовать то, что необходимо, а потом бросить это на ветер, чтобы этим воспользовались другие.</p> <p> <b> <i>Поиск семи осколков.</b> </i> Воздушные Герцоги Аакуы происходят от стихийных существ, называемых ваати, которые некогда правили множеством миров. Существо, известное как Королева Хаоса, появившись, развязало межплановую войну с ваати. Для борьбы с этой угрозой семь героев ваати объединили свои силы, чтобы создать могущественный <i>Жезл Закона</i>. В битве с величайшим генералом королевы, Мишкой Волчьим Пауком, ваати убили Мишку, проткнув его жезлом как копьём. Жезл сломался на семь осколков, которые разлетелись по всей мультивселенной. Ааракокры ищут эти осколки в разных местах, чтобы восстановить то, что теперь известно как <i>Жезл Семи Частей</i>.</p>",
    "gmnotes": "",
    "defaulttoken": "",
    "tags": "[]",
    "controlledby": "",
    "inplayerjournals": "",
    "attribs": [
        {
            "name": "hitdieroll",
            "current": "4",
            "max": "",
            "id": "-CgiszHgEnXcWZ5ZNlb7"
        },
        {
            "name": "showleveler",
            "current": 0,
            "max": "",
            "id": "-a5au5tv3Mrh51OcCc8n"
        },
        {
            "name": "invalidXP",
            "current": 0,
            "max": "",
            "id": "-FO1yee51c05rUTKLL9l"
        },
        {
            "name": "version",
            "current": 4.21,
            "max": "",
            "id": "-iRhb2kjURRgGlzcqyRI"
        },
        {
            "name": "mancer_confirm_flag",
            "current": "",
            "max": "",
            "id": "-CpCozlp76V8KBLyqh4Q"
        },
        {
            "name": "mancer_npc",
            "current": "on",
            "max": "",
            "id": "-44ItbXcZ1GLgoq6yw8c"
        },
        {
            "name": "l1mancer_status",
            "current": "completed",
            "max": "",
            "id": "-XMdFUpn5mKVBFUHdBCm"
        },
        {
            "name": "rtype",
            "current": "@{advantagetoggle}",
            "max": "",
            "id": "-sEuezJIO0IocJeGoD5S"
        },
        {
            "name": "dtype",
            "current": "full",
            "max": "",
            "id": "-aEUL1yVWWVOCBtqAV0F"
        },
        {
            "name": "appliedUpdates",
            "current": "upgrade_to_4_2_1",
            "max": "",
            "id": "-zgSOIOCDmQ3cubhM0si"
        },
        {
            "name": "npc",
            "current": "1",
            "max": "",
            "id": "-LwRPdUtmy7FDPwsl5oj"
        },
        {
            "name": "npc_options-flag",
            "current": "0",
            "max": "",
            "id": "-9YKp2GvpMBnV52OD3o7"
        },
        {
            "name": "ui_flags",
            "current": "",
            "max": "",
            "id": "-Qdu7aNjO0xk4oe2VQDG"
        },
        {
            "name": "npc_name",
            "current": "Ааракокра (Aarakocra)",
            "max": "",
            "id": "-2s0gq5DKrIcI6GtqPdh"
        },
        {
            "name": "npc_type",
            "current": "гуманоид (ааракокра) нейтрально-добрый",
            "max": "",
            "id": "-vpJuxgJbx0DsFT6nsLi"
        },
        {
            "name": "npc_speed",
            "current": "4 клетки, летая 10 клеток.",
            "max": "",
            "id": "-9ci1wMh4qzziFYJ6D5T"
        },
        {
            "name": "hp",
            "current": "",
            "max": "13",
            "id": "-A8jHMe5BsLUgbhT4J5A"
        },
        {
            "name": "npc_ac",
            "current": "12",
            "max": "",
            "id": "-LKLWfeBQy2kqdaszCBR"
        },
        {
            "name": "ac",
            "current": "12",
            "max": "",
            "id": "-tuTLODnwR3C9j8w3QpZ"
        },
        {
            "name": "npc_languages",
            "current": "Ауран, язык Ааракокр",
            "max": "",
            "id": "-wTrSNAb00CziUoEMAbq"
        },
        {
            "name": "npc_challenge",
            "current": "1/4",
            "max": "",
            "id": "-IYG5JBoOYtDHQxfQoUn"
        },
        {
            "name": "passive_wisdom",
            "current": "1/4",
            "max": "",
            "id": "-55rzMnzs50NyqVCJdyP"
        },
        {
            "name": "initiative_bonus",
            "current": 2,
            "max": "",
            "id": "-fXL2JTR7sraoE9DcK4e"
        },
        {
            "name": "npc_hpformula",
            "current": "3d8",
            "max": "",
            "id": "-yFAEIKlGbfUKPLbbb4p"
        },
        {
            "name": "strength_base",
            "current": "10",
            "max": "",
            "id": "-hDZ743Rze2zOzeLZrXA"
        },
        {
            "name": "strength_flag",
            "current": "0",
            "max": "",
            "id": "-cWUn4B8PtKwApKLBtW5"
        },
        {
            "name": "strength",
            "current": 10,
            "max": "",
            "id": "-EwGm4LGuqehWfPraZSU"
        },
        {
            "name": "strength_mod",
            "current": 0,
            "max": "",
            "id": "-11n6VMDFGRwOqUtztZS"
        },
        {
            "name": "npc_str_negative",
            "current": 0,
            "max": "",
            "id": "-7RfwUuHVtFaM47B7Bij"
        },
        {
            "name": "dexterity_base",
            "current": "14",
            "max": "",
            "id": "-pSyoashfciS4kA4S7Za"
        },
        {
            "name": "dexterity_flag",
            "current": "0",
            "max": "",
            "id": "-V5eGDQHNOPdspQrwhiU"
        },
        {
            "name": "dexterity",
            "current": 14,
            "max": "",
            "id": "-RZNNuMoTd8mLqBa7LiE"
        },
        {
            "name": "dexterity_mod",
            "current": 2,
            "max": "",
            "id": "-FNZIvCVJVMPuX5h7CzR"
        },
        {
            "name": "npc_dex_negative",
            "current": 0,
            "max": "",
            "id": "-0BYsyDT3uIxjS9QTTYp"
        },
        {
            "name": "constitution_base",
            "current": "10",
            "max": "",
            "id": "-OQScBDkv7TkAjtQSfco"
        },
        {
            "name": "constitution_flag",
            "current": "0",
            "max": "",
            "id": "-HPeLh4ksZO1l0TFjYIj"
        },
        {
            "name": "constitution",
            "current": 10,
            "max": "",
            "id": "-xTip2fyE0ppWXfqm5qI"
        },
        {
            "name": "constitution_mod",
            "current": 0,
            "max": "",
            "id": "-y6TxYpJJI3XKGlEphx9"
        },
        {
            "name": "npc_con_negative",
            "current": 0,
            "max": "",
            "id": "-dwaNpCAv6qeiVMkf2dA"
        },
        {
            "name": "intelligence_base",
            "current": "11",
            "max": "",
            "id": "-imaV0UBxKLxtb1eHt3V"
        },
        {
            "name": "intelligence_flag",
            "current": "0",
            "max": "",
            "id": "-jqdyYv3ph8uskUwPH5P"
        },
        {
            "name": "intelligence",
            "current": 11,
            "max": "",
            "id": "-THl6rv4FSbnLayJVoLM"
        },
        {
            "name": "intelligence_mod",
            "current": 0,
            "max": "",
            "id": "-6WzRcBHVOOBvYL8STBC"
        },
        {
            "name": "npc_int_negative",
            "current": 0,
            "max": "",
            "id": "-OvOGrlMG3WdkM4yAwVy"
        },
        {
            "name": "wisdom_base",
            "current": "12",
            "max": "",
            "id": "-iRermSKqigY6XTTY1JJ"
        },
        {
            "name": "wisdom_flag",
            "current": "0",
            "max": "",
            "id": "-fBG9dr2Gk3aKH3nv4JR"
        },
        {
            "name": "wisdom",
            "current": 12,
            "max": "",
            "id": "-x4j67X9UZeTou8jWx8D"
        },
        {
            "name": "wisdom_mod",
            "current": 1,
            "max": "",
            "id": "-fr3ig0osyEzQrkiV75H"
        },
        {
            "name": "npc_wis_negative",
            "current": 0,
            "max": "",
            "id": "-EbdfvrmMCQUHxdu2R9T"
        },
        {
            "name": "charisma_base",
            "current": "11",
            "max": "",
            "id": "-rOwbgLAGYH7bMNE1Uw3"
        },
        {
            "name": "charisma_flag",
            "current": "0",
            "max": "",
            "id": "-I34TDIZJPGy2glveph8"
        },
        {
            "name": "charisma",
            "current": 11,
            "max": "",
            "id": "-9K4vDpZTJQhYAxL6yeo"
        },
        {
            "name": "charisma_mod",
            "current": 0,
            "max": "",
            "id": "-MtslsfKHoPA3z0eUdrn"
        },
        {
            "name": "npc_cha_negative",
            "current": 0,
            "max": "",
            "id": "-hnir545CsESkX4C32w8"
        },
        {
            "name": "npc_skills_flag",
            "current": 3,
            "max": "",
            "id": "-ydOvDbn7j9Ug2n53PIT"
        },
        {
            "name": "npc_perception_base",
            "current": "5",
            "max": "",
            "id": "-PBUiJv5ldUHPsP4tVg8"
        },
        {
            "name": "npc_perception_flag",
            "current": "1",
            "max": "",
            "id": "-64nM0zVi0UHUHilMWiY"
        },
        {
            "name": "npc_perception",
            "current": 5,
            "max": "",
            "id": "-KXz4bOHcSScmjw0KIpD"
        },
        {
            "name": "repeating_npcaction_-Di8v4ySF8mvTlOp9qdD_name",
            "current": "Когти",
            "max": "",
            "id": "-5GPXZUERfdNq5sP0oM2"
        },
        {
            "name": "repeating_npcaction_-Di8v4ySF8mvTlOp9qdD_description",
            "current": "\nРукопашная атака оружием:\n +4 к попаданию, досягаемость 1 клетка, одна цель. \nПопадание:\n 4 (1d4+2) Рубящего урона.",
            "max": "",
            "id": "-ZMdYJPtFvdcfISUJ3T2"
        },
        {
            "name": "repeating_npcaction_-Di8v4ySF8mvTlOp9qdD_attack_flag",
            "current": "on",
            "max": "",
            "id": "-7qvbsMmammqHQtLxZhZ"
        },
        {
            "name": "repeating_npcaction_-Di8v4ySF8mvTlOp9qdD_attack_tohitrange",
            "current": "+4",
            "max": "",
            "id": "-ludPW9Y0ChENZtpmKm6"
        },
        {
            "name": "repeating_npcaction_-Di8v4ySF8mvTlOp9qdD_attack_onhit",
            "current": "",
            "max": "",
            "id": "-6NxaSe9F4022GbsKwWf"
        },
        {
            "name": "repeating_npcaction_-Di8v4ySF8mvTlOp9qdD_attack_tohit",
            "current": "4",
            "max": "",
            "id": "-0zdNJlHZgKlu5t50z8J"
        },
        {
            "name": "repeating_npcaction_-Di8v4ySF8mvTlOp9qdD_attack_damage",
            "current": "1d4+2",
            "max": "",
            "id": "-K3DHjYkL1tW8U8odS9h"
        },
        {
            "name": "repeating_npcaction_-Di8v4ySF8mvTlOp9qdD_damage_flag",
            "current": "{{damage=1}} {{dmg1flag=1}}",
            "max": "",
            "id": "-usgXfZnj6j38GM6nkeS"
        },
        {
            "name": "repeating_npcaction_-Di8v4ySF8mvTlOp9qdD_rollbase",
            "current": "@{wtype}&{template:npcaction} {{attack=1}} @{damage_flag} @{npc_name_flag} {{rname=@{name}}} {{r1=[[@{d20}+(@{attack_tohit})]]}} @{rtype}+(@{attack_tohit})]]}} {{dmg1=[[@{attack_damage}]]}} {{dmg1type=@{attack_damagetype}}} {{dmg2=[[@{attack_damage2}+0]]}} {{dmg2type=@{attack_damagetype2}}} {{crit1=[[@{attack_crit}+0]]}} {{crit2=[[@{attack_crit2}+0]]}} {{description=@{show_desc}}} @{charname_output}",
            "max": "",
            "id": "-fKppGS9YVUPLuZ6ale7"
        },
        {
            "name": "repeating_npcaction_-Di8v4ySF8mvTlOp9qdD_attack_crit",
            "current": "1d4+2",
            "max": "",
            "id": "-zT8cxq9U2HIIBCqTMVA"
        },
        {
            "name": "repeating_npcaction_-Di8v4ySF8mvTlOp9qdD_attack_crit2",
            "current": "",
            "max": "",
            "id": "-IBF6jALjvVJK1KaKHkC"
        },
        {
            "name": "repeating_npcaction_-JnoJvTFAecW8qTmpPIo_name",
            "current": "Метательное копье",
            "max": "",
            "id": "-S5R4tXTiagM7pt6jJLy"
        },
        {
            "name": "repeating_npcaction_-JnoJvTFAecW8qTmpPIo_description",
            "current": "\nРукопашная или дальнобойная атака оружием:\n +4 к попаданию, досягаемость 1 клетка или дистанция 6/24 клетки, одна цель. \nПопадание:\n 5 (1d6+2) Колющего урона.",
            "max": "",
            "id": "-Yaa2lZyKsymK5gvK4XF"
        },
        {
            "name": "repeating_npcaction_-JnoJvTFAecW8qTmpPIo_attack_flag",
            "current": "on",
            "max": "",
            "id": "-Y1nTs7wJ7gnxANLLVrZ"
        },
        {
            "name": "repeating_npcaction_-JnoJvTFAecW8qTmpPIo_attack_tohitrange",
            "current": "+4",
            "max": "",
            "id": "-MKiAU70BSFR6kapEbo0"
        },
        {
            "name": "repeating_npcaction_-JnoJvTFAecW8qTmpPIo_attack_onhit",
            "current": "",
            "max": "",
            "id": "-uMFCqfqXFk2wMjPMH0U"
        },
        {
            "name": "repeating_npcaction_-JnoJvTFAecW8qTmpPIo_attack_tohit",
            "current": "4",
            "max": "",
            "id": "-imKyUWXRRyGy8nvIiHi"
        },
        {
            "name": "repeating_npcaction_-JnoJvTFAecW8qTmpPIo_attack_damage",
            "current": "1d6+2",
            "max": "",
            "id": "-vP5XyFvRtbbi9lrEZJ4"
        },
        {
            "name": "repeating_npcaction_-JnoJvTFAecW8qTmpPIo_damage_flag",
            "current": "{{damage=1}} {{dmg1flag=1}}",
            "max": "",
            "id": "-Plp0Cx2g0bd0TCc6Ug5"
        },
        {
            "name": "repeating_npcaction_-JnoJvTFAecW8qTmpPIo_rollbase",
            "current": "@{wtype}&{template:npcaction} {{attack=1}} @{damage_flag} @{npc_name_flag} {{rname=@{name}}} {{r1=[[@{d20}+(@{attack_tohit})]]}} @{rtype}+(@{attack_tohit})]]}} {{dmg1=[[@{attack_damage}]]}} {{dmg1type=@{attack_damagetype}}} {{dmg2=[[@{attack_damage2}+0]]}} {{dmg2type=@{attack_damagetype2}}} {{crit1=[[@{attack_crit}+0]]}} {{crit2=[[@{attack_crit2}+0]]}} {{description=@{show_desc}}} @{charname_output}",
            "max": "",
            "id": "-vYjCbQUpafVDXLJtRLu"
        },
        {
            "name": "repeating_npcaction_-JnoJvTFAecW8qTmpPIo_attack_crit",
            "current": "1d6+2",
            "max": "",
            "id": "-lcLdwhGuHixn1SFkj1Y"
        },
        {
            "name": "repeating_npcaction_-JnoJvTFAecW8qTmpPIo_attack_crit2",
            "current": "",
            "max": "",
            "id": "-ZjKthhUIwfZ1mqTrwNy"
        },
        {
            "name": "repeating_npcaction_-ShD39UgFQ0BNUkhF6G1_name",
            "current": "Призыв воздушного элементаля",
            "max": "",
            "id": "-kvRnOBwCpqIAKMdOwHN"
        },
        {
            "name": "repeating_npcaction_-ShD39UgFQ0BNUkhF6G1_description",
            "current": "Пять ааракокр на расстоянии не далее чем 6 клеток друг от друга могут магическим образом призвать воздушного элементаля. Каждая из них должна использовать свое основное действие и действие движения в течение 3-ех последовательных ходов, чтобы совершить воздушный танец. Пока совершается танец ааракокры должны поддерживать концентрацию, как если бы концентрировались на сотворении заклинания. Когда все ааракокры завершают третий ход танца, элементаль появляется в незанятом пространстве в пределах 12 клеток от ааракокр. Элементаль дружелюбен ааракокрам и подчиняется их вербальным командам. Элеменаль существует 1 час, либо до смерти одного из призывателей, либо до тех пор пока любой из призывателей не освободит его бонусным действием. Призыватель не может исполнить еще один танец до короткого отдыха. Когда элементаль возвращается в Стихийный План Воздуха, все ааракокры в пределах 1 клетки от него могут вернуться вместе с ним.",
            "max": "",
            "id": "-POsDizSMsGl9uXdy1QO"
        },
        {
            "name": "repeating_npcaction_-ShD39UgFQ0BNUkhF6G1_attack_tohitrange",
            "current": "+0",
            "max": "",
            "id": "-C8AXco1L5b1Ye2KhDjj"
        },
        {
            "name": "repeating_npcaction_-ShD39UgFQ0BNUkhF6G1_attack_onhit",
            "current": "",
            "max": "",
            "id": "-ElrFTiVrPndEAsT98Tz"
        },
        {
            "name": "repeating_npcaction_-ShD39UgFQ0BNUkhF6G1_damage_flag",
            "current": "",
            "max": "",
            "id": "-oaoWXCeeNYjzgjtKQw8"
        },
        {
            "name": "repeating_npcaction_-ShD39UgFQ0BNUkhF6G1_attack_crit",
            "current": "",
            "max": "",
            "id": "-ACUAlvOsHxCBtPNYSPb"
        },
        {
            "name": "repeating_npcaction_-ShD39UgFQ0BNUkhF6G1_attack_crit2",
            "current": "",
            "max": "",
            "id": "-Sn8dSWttpP0SiaIjKta"
        },
        {
            "name": "repeating_npcaction_-ShD39UgFQ0BNUkhF6G1_rollbase",
            "current": "@{wtype}&{template:npcaction} @{npc_name_flag} {{rname=@{name}}} {{description=@{show_desc}}} @{charname_output}",
            "max": "",
            "id": "-DUnQKlCGHY4rVAZ1g27"
        },
        {
            "name": "repeating_npctrait_-WLd1bGzCE2Zv39T8h4I_name",
            "current": "Пикирующая атака",
            "max": "",
            "id": "-X7dXXNqhK34nYNUIQAs"
        },
        {
            "name": "repeating_npctrait_-WLd1bGzCE2Zv39T8h4I_description",
            "current": "Если ааракокра летит и пикирует на расстояние не менее 6 клеток по прямой к цели, а затем попадает по ней рукопашной атакой оружием, атака причиняет цели дополнительно 3 (1d6) урона",
            "max": "",
            "id": "-jqHQSb1qosu6a1XDEul"
        },
        {
            "name": "npcspellcastingflag",
            "current": "0",
            "max": "",
            "id": "-y5TFiQ4Gq1Z1Nq8EHyi"
        }
    ],
    "abilities": []
}