{
    "schema_version": 2,
    "oldId": "-13kw2GyZAVNOwmuWQfh",
    "name": "Кошмар (Nightmare)",
    "avatar": "https://tentaculus.ru/monsters/img/cute_monsters/NIGHTMARE.jpg",
    "bio": "",
    "gmnotes": "",
    "defaulttoken": "",
    "tags": "[]",
    "controlledby": "",
    "inplayerjournals": "",
    "attribs": [
        {
            "name": "hitdieroll",
            "current": "4",
            "max": "",
            "id": "-goVerXRNY6Sfnte9Bvr"
        },
        {
            "name": "showleveler",
            "current": 0,
            "max": "",
            "id": "-OgTAOKAcz33cU3DURxm"
        },
        {
            "name": "invalidXP",
            "current": 0,
            "max": "",
            "id": "-MeQlIdihZggCdkgsWQX"
        },
        {
            "name": "version",
            "current": 4.21,
            "max": "",
            "id": "-VdNpuCUHxsnKSDNARxB"
        },
        {
            "name": "mancer_confirm_flag",
            "current": "",
            "max": "",
            "id": "-ioJKolUNTOKOJTFLKnN"
        },
        {
            "name": "mancer_npc",
            "current": "on",
            "max": "",
            "id": "-DkZvQ7Mv53SjHayQb8O"
        },
        {
            "name": "l1mancer_status",
            "current": "completed",
            "max": "",
            "id": "-Ln1pfOHuGSZeoCfUXP0"
        },
        {
            "name": "rtype",
            "current": "@{advantagetoggle}",
            "max": "",
            "id": "-jaQoNqdirkeXtpLuHaz"
        },
        {
            "name": "dtype",
            "current": "full",
            "max": "",
            "id": "-RfLcv9rsfNWJvvArVNo"
        },
        {
            "name": "appliedUpdates",
            "current": "upgrade_to_4_2_1",
            "max": "",
            "id": "-4XxqaMoVJvEmiTcJkgv"
        },
        {
            "name": "npc",
            "current": "1",
            "max": "",
            "id": "-4f7WEc9KOseO0rmq7hz"
        },
        {
            "name": "npc_options-flag",
            "current": "0",
            "max": "",
            "id": "-16tP01ewujhIAKP75vo"
        },
        {
            "name": "ui_flags",
            "current": "",
            "max": "",
            "id": "-slteUptWyFNuXyRPcm5"
        },
        {
            "name": "npc_name",
            "current": "Кошмар (Nightmare)",
            "max": "",
            "id": "-zJfg2dovfXUrGAv6HQY"
        },
        {
            "name": "npc_type",
            "current": "исчадие нейтрально-злое",
            "max": "",
            "id": "-tyo2XSwFttE0FJ8wlDW"
        },
        {
            "name": "npc_speed",
            "current": "12 клеток, полет 18 клеток",
            "max": "",
            "id": "-Ym811cQpIaZBJ78A8q5"
        },
        {
            "name": "hp",
            "current": "",
            "max": "68",
            "id": "-8wZ38ztPAmEhNzAXWy4"
        },
        {
            "name": "npc_ac",
            "current": "13 (естественная броня)",
            "max": "",
            "id": "-bj8eBe1jYlxGYwpTivj"
        },
        {
            "name": "ac",
            "current": "13 (естественная броня)",
            "max": "",
            "id": "-kMB7HDCaIkOze9BvTMw"
        },
        {
            "name": "npc_languages",
            "current": "понимает Бездны, Общий, и Инфернальный, но не может разговаривать",
            "max": "",
            "id": "-c6gtXcmX09VRuUqkUVl"
        },
        {
            "name": "npc_challenge",
            "current": "3",
            "max": "",
            "id": "-VmBy8r2JyXEP6gmEg7i"
        },
        {
            "name": "passive_wisdom",
            "current": "3",
            "max": "",
            "id": "-NfvaA0xLNNNitK8vnqD"
        },
        {
            "name": "initiative_bonus",
            "current": 2,
            "max": "",
            "id": "-3bGMPJvsxqZQtDx0IdC"
        },
        {
            "name": "npc_hpformula",
            "current": "8d10 + 24",
            "max": "",
            "id": "-qHiGhN88yrHfwxhT73q"
        },
        {
            "name": "strength_base",
            "current": "18",
            "max": "",
            "id": "-E2gPNfWZ9fheCK57lRV"
        },
        {
            "name": "strength_flag",
            "current": "0",
            "max": "",
            "id": "-H8HIaU82x3z0YLimXBZ"
        },
        {
            "name": "strength",
            "current": 18,
            "max": "",
            "id": "-kLoGUSAHOFFiPzESSau"
        },
        {
            "name": "strength_mod",
            "current": 4,
            "max": "",
            "id": "-M6M23q3AbwtfijvVN3X"
        },
        {
            "name": "npc_str_negative",
            "current": 0,
            "max": "",
            "id": "-3SVvpPxIVR07QCZV3GA"
        },
        {
            "name": "dexterity_base",
            "current": "15",
            "max": "",
            "id": "-rERN1c1FT8HVQKP3Gq1"
        },
        {
            "name": "dexterity_flag",
            "current": "0",
            "max": "",
            "id": "-DQvWuLFO5pGcJwr469C"
        },
        {
            "name": "dexterity",
            "current": 15,
            "max": "",
            "id": "-yLvG5k7VZo5lu2wo58i"
        },
        {
            "name": "dexterity_mod",
            "current": 2,
            "max": "",
            "id": "-t8c4IWuaD7Rmb1uOJpV"
        },
        {
            "name": "npc_dex_negative",
            "current": 0,
            "max": "",
            "id": "-SnggrhwJqQb8pa2nLTx"
        },
        {
            "name": "constitution_base",
            "current": "16",
            "max": "",
            "id": "-IG5qUHTjsKeXNcqcWPn"
        },
        {
            "name": "constitution_flag",
            "current": "0",
            "max": "",
            "id": "-2apttft45iqOrMBRMsu"
        },
        {
            "name": "constitution",
            "current": 16,
            "max": "",
            "id": "-n0jbVnuIDfwIzbZ4zza"
        },
        {
            "name": "constitution_mod",
            "current": 3,
            "max": "",
            "id": "-QKBZ16V7nTH9IKIHgLC"
        },
        {
            "name": "npc_con_negative",
            "current": 0,
            "max": "",
            "id": "-bpt7mESefsgL26JLd7D"
        },
        {
            "name": "intelligence_base",
            "current": "10",
            "max": "",
            "id": "-AnrzNFZ1rGwkDiSJpRN"
        },
        {
            "name": "intelligence_flag",
            "current": "0",
            "max": "",
            "id": "-QjKABxda8FnmNnv0tc7"
        },
        {
            "name": "intelligence",
            "current": 10,
            "max": "",
            "id": "-5L4PEr7Bv1cG8PJnJe3"
        },
        {
            "name": "intelligence_mod",
            "current": 0,
            "max": "",
            "id": "-0Q0YZknNzA9pKazJL31"
        },
        {
            "name": "npc_int_negative",
            "current": 0,
            "max": "",
            "id": "-4otrKV66T2QWNNOKpdD"
        },
        {
            "name": "wisdom_base",
            "current": "13",
            "max": "",
            "id": "-FtRtxM7bU3rYGT1YpyK"
        },
        {
            "name": "wisdom_flag",
            "current": "0",
            "max": "",
            "id": "-FNtONMpWsw6xkCPkj89"
        },
        {
            "name": "wisdom",
            "current": 13,
            "max": "",
            "id": "-NPCr5Zcr6IuPBsRobob"
        },
        {
            "name": "wisdom_mod",
            "current": 1,
            "max": "",
            "id": "-VDJZitdJelksEGWJdzV"
        },
        {
            "name": "npc_wis_negative",
            "current": 0,
            "max": "",
            "id": "-sbhcDRp6X96zUymYWPD"
        },
        {
            "name": "charisma_base",
            "current": "15",
            "max": "",
            "id": "-Oup7OzmSUDJPyqvduvu"
        },
        {
            "name": "charisma_flag",
            "current": "0",
            "max": "",
            "id": "-yOpuOQ09CipZZvE71o4"
        },
        {
            "name": "charisma",
            "current": 15,
            "max": "",
            "id": "-pcLMAv39mFpzoqKbJd5"
        },
        {
            "name": "charisma_mod",
            "current": 2,
            "max": "",
            "id": "-RUVYhfo1WT0LvTylf2d"
        },
        {
            "name": "npc_cha_negative",
            "current": 0,
            "max": "",
            "id": "-YSGElUEEedLBPRh2gSR"
        },
        {
            "name": "npc_immunities",
            "current": "огонь",
            "max": "",
            "id": "-lO5Fhf4xvsmTSazWGv9"
        },
        {
            "name": "repeating_npcaction_-vnHitkSsPfB1E7EyGJC_name",
            "current": "Копыта",
            "max": "",
            "id": "-KrxfkTFrfBWTHCjM284"
        },
        {
            "name": "repeating_npcaction_-vnHitkSsPfB1E7EyGJC_description",
            "current": "Рукопашное Оружие: +6 к атаке, досягаемость: 1 клетка, одна цель. Попадание: 13 (2d8 + 4) дробящего урона плюс 7 (2d6) урона огнем.",
            "max": "",
            "id": "-eSVaEX4mPrbjSaUxyTK"
        },
        {
            "name": "repeating_npcaction_-vnHitkSsPfB1E7EyGJC_attack_flag",
            "current": "on",
            "max": "",
            "id": "-aauoHJZJ9zBlWqBosh8"
        },
        {
            "name": "repeating_npcaction_-vnHitkSsPfB1E7EyGJC_attack_tohitrange",
            "current": "+6",
            "max": "",
            "id": "-oxqMJpN71uBMCthztBs"
        },
        {
            "name": "repeating_npcaction_-vnHitkSsPfB1E7EyGJC_attack_onhit",
            "current": "",
            "max": "",
            "id": "-Vl9InYIoNtABqsTdTW7"
        },
        {
            "name": "repeating_npcaction_-vnHitkSsPfB1E7EyGJC_attack_tohit",
            "current": "6",
            "max": "",
            "id": "-NBvt2ploaKcRbiwXeDD"
        },
        {
            "name": "repeating_npcaction_-vnHitkSsPfB1E7EyGJC_attack_damage",
            "current": "2d8+4+2d6",
            "max": "",
            "id": "-mKujMNsOU7BMKSUXx2W"
        },
        {
            "name": "repeating_npcaction_-vnHitkSsPfB1E7EyGJC_damage_flag",
            "current": "{{damage=1}} {{dmg1flag=1}}",
            "max": "",
            "id": "-rJMCEliNBYJkm1dafkB"
        },
        {
            "name": "repeating_npcaction_-vnHitkSsPfB1E7EyGJC_rollbase",
            "current": "@{wtype}&{template:npcaction} {{attack=1}} @{damage_flag} @{npc_name_flag} {{rname=@{name}}} {{r1=[[@{d20}+(@{attack_tohit})]]}} @{rtype}+(@{attack_tohit})]]}} {{dmg1=[[@{attack_damage}]]}} {{dmg1type=@{attack_damagetype}}} {{dmg2=[[@{attack_damage2}+0]]}} {{dmg2type=@{attack_damagetype2}}} {{crit1=[[@{attack_crit}+0]]}} {{crit2=[[@{attack_crit2}+0]]}} {{description=@{show_desc}}} @{charname_output}",
            "max": "",
            "id": "-G5kbYWu6Ce2qOokGkW0"
        },
        {
            "name": "repeating_npcaction_-vnHitkSsPfB1E7EyGJC_attack_crit",
            "current": "2d8+4+2d6",
            "max": "",
            "id": "-aWAXtrxG6dm6wm4jYrb"
        },
        {
            "name": "repeating_npcaction_-vnHitkSsPfB1E7EyGJC_attack_crit2",
            "current": "",
            "max": "",
            "id": "-s9AOY7a8WyyPCVVPrvp"
        },
        {
            "name": "repeating_npcaction_-qAhQvYAbuC5zTq7aKI9_name",
            "current": "Эфирный шаг",
            "max": "",
            "id": "-ZWdvFB2JiocXvLckQVG"
        },
        {
            "name": "repeating_npcaction_-qAhQvYAbuC5zTq7aKI9_description",
            "current": "Кошмар и до трех согласных существ в соседней клетке от него магически переходят на Эфирный План из Материального Плана, или наоборот.",
            "max": "",
            "id": "-16uYzRbpZbuknF4F6cF"
        },
        {
            "name": "repeating_npcaction_-qAhQvYAbuC5zTq7aKI9_attack_tohitrange",
            "current": "+0",
            "max": "",
            "id": "-2bHXE88OOmBoekzTWHq"
        },
        {
            "name": "repeating_npcaction_-qAhQvYAbuC5zTq7aKI9_attack_onhit",
            "current": "",
            "max": "",
            "id": "-lGwx6lmPouKnbcdLpgx"
        },
        {
            "name": "repeating_npcaction_-qAhQvYAbuC5zTq7aKI9_damage_flag",
            "current": "",
            "max": "",
            "id": "-vmcDkD5odl1LJ7VERC1"
        },
        {
            "name": "repeating_npcaction_-qAhQvYAbuC5zTq7aKI9_attack_crit",
            "current": "",
            "max": "",
            "id": "-V3AtPyHFdJzF4rloUwy"
        },
        {
            "name": "repeating_npcaction_-qAhQvYAbuC5zTq7aKI9_attack_crit2",
            "current": "",
            "max": "",
            "id": "-YxYYM9ZL6aOGhLF7KiP"
        },
        {
            "name": "repeating_npcaction_-qAhQvYAbuC5zTq7aKI9_rollbase",
            "current": "@{wtype}&{template:npcaction} @{npc_name_flag} {{rname=@{name}}} {{description=@{show_desc}}} @{charname_output}",
            "max": "",
            "id": "-GFbhDzb1vUtGr0fgclf"
        },
        {
            "name": "repeating_npctrait_-g47SFjIsXMtB5xoCJZu_name",
            "current": "Предоставление сопротивления огню",
            "max": "",
            "id": "-39r9XS1LxtOIgy2LPV3"
        },
        {
            "name": "repeating_npctrait_-g47SFjIsXMtB5xoCJZu_description",
            "current": "Кошмар обеспечивает сопротивление урону огнем каждому кто едет на нем верхом.",
            "max": "",
            "id": "-e7BZNVCwadCBgp1ZdoE"
        },
        {
            "name": "repeating_npctrait_-qmEmw3adn1VLyw2nUn5_name",
            "current": "Иллюминация",
            "max": "",
            "id": "-5poAqS0Fg6sxxZOnBxb"
        },
        {
            "name": "repeating_npctrait_-qmEmw3adn1VLyw2nUn5_description",
            "current": "Кошмар светит ярким светом радиусом 2 клетки и тусклым светом еще на 2 клетки.",
            "max": "",
            "id": "-RkgNdR0jlOByHdBiqNE"
        },
        {
            "name": "npcspellcastingflag",
            "current": "0",
            "max": "",
            "id": "-NroODPn7Dp0PoYZILdV"
        }
    ],
    "abilities": []
}