{
    "schema_version": 2,
    "oldId": "-7TJEdbcZXDs1OE1318q",
    "name": "Кобольд изобретатель [Kobold inventor]",
    "avatar": "https://tentaculus.ru/monsters/img/cute_monsters/KOBOLD_INVENTOR.jpg",
    "bio": "",
    "gmnotes": "",
    "defaulttoken": "",
    "tags": "[]",
    "controlledby": "",
    "inplayerjournals": "",
    "attribs": [
        {
            "name": "hitdieroll",
            "current": "4",
            "max": "",
            "id": "-74M1hgB78lLE2fuQBgD"
        },
        {
            "name": "showleveler",
            "current": 0,
            "max": "",
            "id": "-MlTPK41EdArnAlL0PLz"
        },
        {
            "name": "invalidXP",
            "current": 0,
            "max": "",
            "id": "-PHs6yDM1BUn1fSLQ0fO"
        },
        {
            "name": "version",
            "current": 4.21,
            "max": "",
            "id": "-cvjvtbsrTQ1goNcs0Dw"
        },
        {
            "name": "mancer_confirm_flag",
            "current": "",
            "max": "",
            "id": "-cmwOOka6Bt1rd7rDpyd"
        },
        {
            "name": "mancer_npc",
            "current": "on",
            "max": "",
            "id": "-AxItMFu954Jk6PYZz7g"
        },
        {
            "name": "l1mancer_status",
            "current": "completed",
            "max": "",
            "id": "-iCwF2F3vjo1NnBELYVf"
        },
        {
            "name": "rtype",
            "current": "@{advantagetoggle}",
            "max": "",
            "id": "-G8ss6xWaXhU0Li2ebQM"
        },
        {
            "name": "dtype",
            "current": "full",
            "max": "",
            "id": "-01LPHLwKfqsHzL7tbHs"
        },
        {
            "name": "appliedUpdates",
            "current": "upgrade_to_4_2_1",
            "max": "",
            "id": "-07sjSLgBXs3DO8V2wWa"
        },
        {
            "name": "npc",
            "current": "1",
            "max": "",
            "id": "-gnOAZrN2ieSMTXWaQZ7"
        },
        {
            "name": "npc_options-flag",
            "current": "0",
            "max": "",
            "id": "-UF6tJFX2e2yXzbufSEO"
        },
        {
            "name": "ui_flags",
            "current": "",
            "max": "",
            "id": "-5Evo5q4vxSjhr0ySpBd"
        },
        {
            "name": "npc_name",
            "current": "Кобольд изобретатель [Kobold inventor]",
            "max": "",
            "id": "-bEaOu54Ga6TuutVmpyv"
        },
        {
            "name": "npc_type",
            "current": "гуманоид (кобольд) законно-злой",
            "max": "",
            "id": "-6iKevqUv7GuaT82J6ys"
        },
        {
            "name": "npc_speed",
            "current": "6 клеток",
            "max": "",
            "id": "-tHgF6LEHti4N0hGygKo"
        },
        {
            "name": "hp",
            "current": "",
            "max": "13",
            "id": "-TUrJ11j52vG6aONMlmL"
        },
        {
            "name": "npc_ac",
            "current": "12",
            "max": "",
            "id": "-722ep9oN6daGeL0C4fO"
        },
        {
            "name": "ac",
            "current": "12",
            "max": "",
            "id": "-eoCcbvcbPEoFKDFQ8J9"
        },
        {
            "name": "npc_languages",
            "current": "Общий, Драконий",
            "max": "",
            "id": "-G7hJyLbSoLEazqsb3Fd"
        },
        {
            "name": "npc_challenge",
            "current": "1/4",
            "max": "",
            "id": "-wFk5gMFrZG4jwe2u5r9"
        },
        {
            "name": "passive_wisdom",
            "current": "1/4",
            "max": "",
            "id": "-F7dub4aKtXm8aHCJAqT"
        },
        {
            "name": "initiative_bonus",
            "current": 2,
            "max": "",
            "id": "-uHN4zpw4oO2VuqZ4bSW"
        },
        {
            "name": "npc_hpformula",
            "current": "3d6+3",
            "max": "",
            "id": "-0ACiDgWXwpKyoPEQqab"
        },
        {
            "name": "strength_base",
            "current": "7",
            "max": "",
            "id": "-vtHTXlLnIYt59vjjvxa"
        },
        {
            "name": "strength_flag",
            "current": "0",
            "max": "",
            "id": "-feLi5nmzCTu6aoMpkwj"
        },
        {
            "name": "strength",
            "current": 7,
            "max": "",
            "id": "-bM0sR1VZYRfE6h9u3qR"
        },
        {
            "name": "strength_mod",
            "current": -2,
            "max": "",
            "id": "-S0ekMTTLPXSxHEp2bnR"
        },
        {
            "name": "npc_str_negative",
            "current": 1,
            "max": "",
            "id": "-56Ngit89evy84EzTMHC"
        },
        {
            "name": "dexterity_base",
            "current": "15",
            "max": "",
            "id": "-QxcjFrLWxWGcRORbpc6"
        },
        {
            "name": "dexterity_flag",
            "current": "0",
            "max": "",
            "id": "-zv43jx1IMZyVGuVejrn"
        },
        {
            "name": "dexterity",
            "current": 15,
            "max": "",
            "id": "-YQlBX2CBioxgM0u4w8p"
        },
        {
            "name": "dexterity_mod",
            "current": 2,
            "max": "",
            "id": "-vPbiIpGMZypBa9ZhFE4"
        },
        {
            "name": "npc_dex_negative",
            "current": 0,
            "max": "",
            "id": "-mpcr5GiJJbK98sHvi0C"
        },
        {
            "name": "constitution_base",
            "current": "12",
            "max": "",
            "id": "-586QB6gxGkv9pbPb8Hm"
        },
        {
            "name": "constitution_flag",
            "current": "0",
            "max": "",
            "id": "-V2dESHfJnIx6xNRBrdq"
        },
        {
            "name": "constitution",
            "current": 12,
            "max": "",
            "id": "-VDGAudqtsWFfOK7DRXZ"
        },
        {
            "name": "constitution_mod",
            "current": 1,
            "max": "",
            "id": "-I9O3zenTL2Dq3umNTd1"
        },
        {
            "name": "npc_con_negative",
            "current": 0,
            "max": "",
            "id": "-o9Tudk2YbZCLb1aMfzO"
        },
        {
            "name": "intelligence_base",
            "current": "8",
            "max": "",
            "id": "-9FvqJ3Wp6bjxwBlwvdc"
        },
        {
            "name": "intelligence_flag",
            "current": "0",
            "max": "",
            "id": "-1ERSLxUdauSmNYevOEE"
        },
        {
            "name": "intelligence",
            "current": 8,
            "max": "",
            "id": "-9s4jZD658CnWmgRwZMq"
        },
        {
            "name": "intelligence_mod",
            "current": -1,
            "max": "",
            "id": "-4pMIXkmiAM78ChOeBFE"
        },
        {
            "name": "npc_int_negative",
            "current": 1,
            "max": "",
            "id": "-IdjC7bjRfBC9GB87JsS"
        },
        {
            "name": "wisdom_base",
            "current": "7",
            "max": "",
            "id": "-A75c8v0gBrE04W5Kxsi"
        },
        {
            "name": "wisdom_flag",
            "current": "0",
            "max": "",
            "id": "-3yonzdC9UtuStRev2Qe"
        },
        {
            "name": "wisdom",
            "current": 7,
            "max": "",
            "id": "-dClZ417vJTC3FkmQZrE"
        },
        {
            "name": "wisdom_mod",
            "current": -2,
            "max": "",
            "id": "-i3EnQnsx8N6dh2ptar1"
        },
        {
            "name": "npc_wis_negative",
            "current": 1,
            "max": "",
            "id": "-6KFj34H27oJn7edZoBh"
        },
        {
            "name": "charisma_base",
            "current": "8",
            "max": "",
            "id": "-RJhtrnFrxSKvzoEanvv"
        },
        {
            "name": "charisma_flag",
            "current": "0",
            "max": "",
            "id": "-ZCKdBwSW6shaLK2KWfX"
        },
        {
            "name": "charisma",
            "current": 8,
            "max": "",
            "id": "-bg45xMlt61vqskkdoJ6"
        },
        {
            "name": "charisma_mod",
            "current": -1,
            "max": "",
            "id": "-I1MQUUqlaaumPqXvaTX"
        },
        {
            "name": "npc_cha_negative",
            "current": 1,
            "max": "",
            "id": "-GVGAk9tPE5l36oOvEDS"
        },
        {
            "name": "npc_skills_flag",
            "current": 3,
            "max": "",
            "id": "-VeBCW63Utri60g7rrFq"
        },
        {
            "name": "npc_perception_base",
            "current": "0",
            "max": "",
            "id": "-zi7M69ke53oE9V6jHQk"
        },
        {
            "name": "npc_perception_flag",
            "current": "1",
            "max": "",
            "id": "-9tvad8QTZYI34WMyyMX"
        },
        {
            "name": "npc_perception",
            "current": 0,
            "max": "",
            "id": "-7hIZLJW9QFi1T0V66jZ"
        },
        {
            "name": "npc_senses",
            "current": "тёмное зрение 60 фт.",
            "max": "",
            "id": "-dd3I1JRdXgIOCRQUfBf"
        },
        {
            "name": "repeating_npcaction_-Gk8OKi4uN9XfkUMC8Gj_name",
            "current": "Копьё",
            "max": "",
            "id": "-L3YbDT77JeWkBXlKVCd"
        },
        {
            "name": "repeating_npcaction_-Gk8OKi4uN9XfkUMC8Gj_description",
            "current": "Рукопашная или Дальнобойная атака оружием: +4 к попаданию, досягаемость 5 фт. или дистанция 20/60 фт., одна цель. Попадание: колющий урон 4 (1к4 + 2).",
            "max": "",
            "id": "-7F3cNqlvUALPIH0Gy5a"
        },
        {
            "name": "repeating_npcaction_-Gk8OKi4uN9XfkUMC8Gj_attack_tohitrange",
            "current": "+0",
            "max": "",
            "id": "-3DEPT1a7W2WsmEa7Ejl"
        },
        {
            "name": "repeating_npcaction_-Gk8OKi4uN9XfkUMC8Gj_attack_onhit",
            "current": "",
            "max": "",
            "id": "-mp5wcezGl839AiBHZuB"
        },
        {
            "name": "repeating_npcaction_-Gk8OKi4uN9XfkUMC8Gj_damage_flag",
            "current": "",
            "max": "",
            "id": "-iY9zUpt6IZPVOkOIVBZ"
        },
        {
            "name": "repeating_npcaction_-Gk8OKi4uN9XfkUMC8Gj_attack_crit",
            "current": "",
            "max": "",
            "id": "-xbdlUMlj3SM4sGxbOrL"
        },
        {
            "name": "repeating_npcaction_-Gk8OKi4uN9XfkUMC8Gj_attack_crit2",
            "current": "",
            "max": "",
            "id": "-qcfJZ9ZB6ZUiViE6bcc"
        },
        {
            "name": "repeating_npcaction_-Gk8OKi4uN9XfkUMC8Gj_rollbase",
            "current": "@{wtype}&{template:npcaction} @{npc_name_flag} {{rname=@{name}}} {{description=@{show_desc}}} @{charname_output}",
            "max": "",
            "id": "-gHM1EaHM453hU20r7J9"
        },
        {
            "name": "repeating_npcaction_-Y62lcFM2z0RRsewH329_name",
            "current": "Праща",
            "max": "",
            "id": "-3yUCndz3Ch3QkoyNCYo"
        },
        {
            "name": "repeating_npcaction_-Y62lcFM2z0RRsewH329_description",
            "current": "Дальнобойная атака оружием: : +4 к попаданию, дистанция 30/120 фт., одна цель. Попадание: дробящий урон 4 (1к4 + 2).",
            "max": "",
            "id": "-jsyIyjJaoc9Q3CDBiyr"
        },
        {
            "name": "repeating_npcaction_-Y62lcFM2z0RRsewH329_attack_tohitrange",
            "current": "+0",
            "max": "",
            "id": "-7UT2T7eNdFFHYRo8LId"
        },
        {
            "name": "repeating_npcaction_-Y62lcFM2z0RRsewH329_attack_onhit",
            "current": "",
            "max": "",
            "id": "-2nbCikaj9EW2hyzGGVy"
        },
        {
            "name": "repeating_npcaction_-Y62lcFM2z0RRsewH329_damage_flag",
            "current": "",
            "max": "",
            "id": "-ncnsb3xnaEWpV8Ickp6"
        },
        {
            "name": "repeating_npcaction_-Y62lcFM2z0RRsewH329_attack_crit",
            "current": "",
            "max": "",
            "id": "-iRvovx6oqXTxHoKZsYo"
        },
        {
            "name": "repeating_npcaction_-Y62lcFM2z0RRsewH329_attack_crit2",
            "current": "",
            "max": "",
            "id": "-njpS1tYmnWitHQXwnfG"
        },
        {
            "name": "repeating_npcaction_-Y62lcFM2z0RRsewH329_rollbase",
            "current": "@{wtype}&{template:npcaction} @{npc_name_flag} {{rname=@{name}}} {{description=@{show_desc}}} @{charname_output}",
            "max": "",
            "id": "-93CVN0pcISyxcdMYWpt"
        },
        {
            "name": "repeating_npcaction_-0ETBRUdGIIopkVe3RL8_name",
            "current": "Изобретение Оружия",
            "max": "",
            "id": "-WwJRECSLB5MJJXeDLYu"
        },
        {
            "name": "repeating_npcaction_-0ETBRUdGIIopkVe3RL8_description",
            "current": "Кобольд использует один из следующих вариантов (бросьте к8 или выберите один); кобольд может использовать не больше одного варианта один раз в день:<br> 1. Кислота. Кобольд бросает флакон кислоты. Дальнобойная атака оружием: +4 к попаданию, дистанция 5/20 фт., одна цель. Попадание: 7 (2к6) урона кислотой.<br> 2. Алхимический Огонь. Кобольд бросает флакон алхимического огня. Дальнобойная атака оружием: +4 к попаданию, дистанция 5/20 фт., одна цель. Попадание: 2 (1к4) урона огнем в начале каждого хода цели. Существо может прекратить этот эффект использовав действие и сделав проверку Ловкости Сл 10 для того, чтобы затушить пламя.<br> 3. Корзина Сороконожек. Кобольд бросает небольшую корзинку в пространство 5 на 5 футов не далее 20 футов от себя. <i><a href='https://tentaculus.ru/spells/#q=swarm_of_insects&view=text'>Стая насекомых [swarm of insects]</a></i> (сороконожек) с 11 хитами появляется из корзины и делает бросок инициативы. В конце каждого хода стаи существует шанс 50 процентов, что стая разбежится.<br>4. Кувшин Зеленой Слизи. Кобольд кидает глиняный кувшин зеленой слизи в цель и он разбивается при столкновении. Дальнобойная атака оружием: +4 к попаданию, дистанция 5/20 фт., одна цель. Попадание: <i><a href='https://tentaculus.ru/spells/#q=green_slime&view=text'>Цель покрывается пятном зеленой слизи [green slime]</a></i> (смотри главу 5 в Руководстве Мастера). Промах: Пятно зеленой слизи покрывает случайное место 5 на 5 футов на стене или полу в 5 футах от цели.<br> 5. Кувшин Гнилых Личинок. Кобольд кидает глиняный кувшин в пространство 5 на 5 футов не далее 20 футов от себя и разбивается при столкновении. <i><a href='https://tentaculus.ru/spells/#q=swarm_of_rot_grubs&view=text'>Рой трупных личинок [swarm of rot grubs]</a></i> (смотри приложение А) появляется из разбитого кувшина и является угрозой в этом месте.<br> 6. Скорпион на Палочке. Кобольд делает рукопашную атаку скорпионом, привязанным к концу 5-футовой палке. Рукопашная атака оружием: +4 к попаданию, досягаемость 5 фт., одна цель. Попадание: 1 колющего урона и цель должна пройти спасбросок Телосложения Сл 9, получив 4 (1к8) урона ядом при провале или половину этого урона при успехе.<br> 7. Скунс в Клетке. Кобольд выпускает скунса на незанятое место в 5 футах от себя. У скунса скорость 20 футов, КД 10, 1 хит и нет эффективных атак. Он делает бросок инициативы и в свой ход он использует действие струя мускуса в случайное существо в 5 футах от себя. Цель должна пройти спасбросок Телосложения Сл 9. При провале цель начинает рвать и она не может делать действия 1 минуту. Цель может повторять спасбросок в конце каждого своего хода и окончить эффект при успехе. Существо, которому не требуется дышать или имеет иммунитет к яду, автоматически получает успех в спасброске. Когда скунс использовал струю мускуса, он не может сделать это снова не завершив короткий или долгий отдых.<br> 8. Осиное Гнездо в Сумке. Кобольд бросает маленькую сумку в пространство 5 на 5 футов не далее 20 футов от себя. <i><a href='https://tentaculus.ru/spells/#q=swarm_of_insects&view=text'>Стая насекомых [swarm of insects]</a></i> (ос) с 11 хитами появляется из сумки и делает бросок инициативы. В конце каждого хода стаи существует шанс 50 процентов, что стая разлетится.",
            "max": "",
            "id": "-UPS0E1MrmMR1oCsotIa"
        },
        {
            "name": "repeating_npcaction_-0ETBRUdGIIopkVe3RL8_attack_tohitrange",
            "current": "+0",
            "max": "",
            "id": "-n6xoiLGZbjPWkDs9xvO"
        },
        {
            "name": "repeating_npcaction_-0ETBRUdGIIopkVe3RL8_attack_onhit",
            "current": "",
            "max": "",
            "id": "-btJRmhlfptSeBJaPZ1Y"
        },
        {
            "name": "repeating_npcaction_-0ETBRUdGIIopkVe3RL8_damage_flag",
            "current": "",
            "max": "",
            "id": "-etcs8bm8Wvs7PL1xp0E"
        },
        {
            "name": "repeating_npcaction_-0ETBRUdGIIopkVe3RL8_attack_crit",
            "current": "",
            "max": "",
            "id": "-OjVSIGH8x7I7MxLqrku"
        },
        {
            "name": "repeating_npcaction_-0ETBRUdGIIopkVe3RL8_attack_crit2",
            "current": "",
            "max": "",
            "id": "-wGuVXHCTz4UgZgRCfgC"
        },
        {
            "name": "repeating_npcaction_-0ETBRUdGIIopkVe3RL8_rollbase",
            "current": "@{wtype}&{template:npcaction} @{npc_name_flag} {{rname=@{name}}} {{description=@{show_desc}}} @{charname_output}",
            "max": "",
            "id": "-8a7uJfHO5t3Mm1NNyrn"
        },
        {
            "name": "repeating_npctrait_-wxMqQqdIdXZImIPCrlN_name",
            "current": "Стайная тактика",
            "max": "",
            "id": "-oP9oCJekRiU9MWsErfG"
        },
        {
            "name": "repeating_npctrait_-wxMqQqdIdXZImIPCrlN_description",
            "current": "Кобольд обладает преимуществом на броски атаки против существа, если хотя-бы один его союзник находится на расстоянии 5 футов от существа и если при этом этот союзник не пребывает в состоянии недееспособности.",
            "max": "",
            "id": "-tIY58emi6LML8vTj2bt"
        },
        {
            "name": "repeating_npctrait_-NdSuGiHJVRHARiyUdTj_name",
            "current": "Чувствительность к солнечному свету",
            "max": "",
            "id": "-n6evUKiJuumoe2UW3B5"
        },
        {
            "name": "repeating_npctrait_-NdSuGiHJVRHARiyUdTj_description",
            "current": "Кобольд совершает с помехой броски атаки и проверки Мудрости (Внимательность), основанные на зрении, находясь на солнечном свете.",
            "max": "",
            "id": "-4Q2QZdMhxRhmgQGQRz3"
        },
        {
            "name": "npcspellcastingflag",
            "current": "0",
            "max": "",
            "id": "-VXH3xb5mmuZAqZzWN4o"
        }
    ],
    "abilities": []
}