{
    "schema_version": 2,
    "oldId": "-gvDvpx2U2fDsDsnZJgK",
    "name": "Костяной Нага Страж (Bone Naga Guardian)",
    "avatar": "https://tentaculus.ru/monsters/img/cute_monsters/BONE_NAGA.jpg",
    "bio": "",
    "gmnotes": "",
    "defaulttoken": "",
    "tags": "[]",
    "controlledby": "",
    "inplayerjournals": "",
    "attribs": [
        {
            "name": "hitdieroll",
            "current": "4",
            "max": "",
            "id": "-k01gsTn6ofdULruKRNE"
        },
        {
            "name": "showleveler",
            "current": 0,
            "max": "",
            "id": "-Sax0jt5giuUJNPtauLS"
        },
        {
            "name": "invalidXP",
            "current": 0,
            "max": "",
            "id": "-KMpegwxWrnZoXfBEkEs"
        },
        {
            "name": "version",
            "current": 4.21,
            "max": "",
            "id": "-OCmDHVpJUPBlQCROZIA"
        },
        {
            "name": "mancer_confirm_flag",
            "current": "",
            "max": "",
            "id": "-O4XWJfjgyclpB5xeBZ5"
        },
        {
            "name": "mancer_npc",
            "current": "on",
            "max": "",
            "id": "-roYJkx745K7GuTpbJX3"
        },
        {
            "name": "l1mancer_status",
            "current": "completed",
            "max": "",
            "id": "-E3XwNAe0ry06axhwfD3"
        },
        {
            "name": "rtype",
            "current": "@{advantagetoggle}",
            "max": "",
            "id": "-JG8ha3jyYGA0rxtKNuV"
        },
        {
            "name": "dtype",
            "current": "full",
            "max": "",
            "id": "-gHYwrrmFnu3TfWZJdJ1"
        },
        {
            "name": "appliedUpdates",
            "current": "upgrade_to_4_2_1",
            "max": "",
            "id": "-NOpRf3asEZ4PxCT2eEu"
        },
        {
            "name": "npc",
            "current": "1",
            "max": "",
            "id": "-ytlwdFi8mlJsUcrzmPn"
        },
        {
            "name": "npc_options-flag",
            "current": "0",
            "max": "",
            "id": "-KB4zB6ZCqA1gDRQQ9Bx"
        },
        {
            "name": "ui_flags",
            "current": "",
            "max": "",
            "id": "-1NdL8cIWCA78D6W5B34"
        },
        {
            "name": "npc_name",
            "current": "Костяной Нага Страж (Bone Naga Guardian)",
            "max": "",
            "id": "-Gyow5OhDRcNm80eDVne"
        },
        {
            "name": "npc_type",
            "current": "нежить законно-злое",
            "max": "",
            "id": "-uZ0SV5gBG7BMDeVhA1Y"
        },
        {
            "name": "npc_speed",
            "current": "6 клеток",
            "max": "",
            "id": "-ao98RtnCXiNtuz6gA5o"
        },
        {
            "name": "hp",
            "current": "",
            "max": "58",
            "id": "-KKrgl3pVnzEBNbW4bwv"
        },
        {
            "name": "npc_ac",
            "current": "15 (естественная броня)",
            "max": "",
            "id": "-ORSgy8aYD1vBMuBq9zV"
        },
        {
            "name": "ac",
            "current": "15 (естественная броня)",
            "max": "",
            "id": "-CubepUpMz3S2Pl82cjn"
        },
        {
            "name": "npc_languages",
            "current": "Общий плюс любой другой язык",
            "max": "",
            "id": "-bQxVBwAFYyJhLEFcMyX"
        },
        {
            "name": "npc_challenge",
            "current": "4",
            "max": "",
            "id": "-jFF20MOdviEpXBP5Tkm"
        },
        {
            "name": "passive_wisdom",
            "current": "4",
            "max": "",
            "id": "-UIwFKE6vSVURExLHLAY"
        },
        {
            "name": "initiative_bonus",
            "current": 3,
            "max": "",
            "id": "-wLFbVXs194siRybs12B"
        },
        {
            "name": "npc_hpformula",
            "current": "9d10 + 9",
            "max": "",
            "id": "-zvscf1hPMLCHZWw5hIa"
        },
        {
            "name": "strength_base",
            "current": "15",
            "max": "",
            "id": "-w0GYNquZz8Iq8jlXpPh"
        },
        {
            "name": "strength_flag",
            "current": "0",
            "max": "",
            "id": "-pjnBnKfSyMgFiXAaoMS"
        },
        {
            "name": "strength",
            "current": 15,
            "max": "",
            "id": "-E8hqK4k2yRJNy3GOQPc"
        },
        {
            "name": "strength_mod",
            "current": 2,
            "max": "",
            "id": "-6uRzxDPWHht1ckRcxGU"
        },
        {
            "name": "npc_str_negative",
            "current": 0,
            "max": "",
            "id": "-uCtUhBvr5Cr9dKtqhrS"
        },
        {
            "name": "dexterity_base",
            "current": "16",
            "max": "",
            "id": "-awFmMNHmxv2OFKH7KnJ"
        },
        {
            "name": "dexterity_flag",
            "current": "0",
            "max": "",
            "id": "-fXMk4tQj4vgifmRdmh0"
        },
        {
            "name": "dexterity",
            "current": 16,
            "max": "",
            "id": "-apvGYcdacik3eH6sZr2"
        },
        {
            "name": "dexterity_mod",
            "current": 3,
            "max": "",
            "id": "-pIlFoCru16mmBeiiArz"
        },
        {
            "name": "npc_dex_negative",
            "current": 0,
            "max": "",
            "id": "-qaWCfoIjIb6yXnr9Mqo"
        },
        {
            "name": "constitution_base",
            "current": "12",
            "max": "",
            "id": "-zs0ehDutTfSSjQfVn2i"
        },
        {
            "name": "constitution_flag",
            "current": "0",
            "max": "",
            "id": "-M2pKBnJu9vwRO0yiHPa"
        },
        {
            "name": "constitution",
            "current": 12,
            "max": "",
            "id": "-ihbanrOrWTeiCJAG8EW"
        },
        {
            "name": "constitution_mod",
            "current": 1,
            "max": "",
            "id": "-GuTm6yJPLHYvnn9JoUA"
        },
        {
            "name": "npc_con_negative",
            "current": 0,
            "max": "",
            "id": "-FjUglbPHkKBQikiOmzm"
        },
        {
            "name": "intelligence_base",
            "current": "15",
            "max": "",
            "id": "-FnJN6qQcam2fUTGn81g"
        },
        {
            "name": "intelligence_flag",
            "current": "0",
            "max": "",
            "id": "-3Ib0b5awKrWrI9rhRfr"
        },
        {
            "name": "intelligence",
            "current": 15,
            "max": "",
            "id": "-zW4bqajI5ng1vg8YQrj"
        },
        {
            "name": "intelligence_mod",
            "current": 2,
            "max": "",
            "id": "-UH9ys1cnLwzupoDpprx"
        },
        {
            "name": "npc_int_negative",
            "current": 0,
            "max": "",
            "id": "-VSnU2jaGzvotLNbaZ6I"
        },
        {
            "name": "wisdom_base",
            "current": "15",
            "max": "",
            "id": "-VxPyGXKVRh9Kj5V4D29"
        },
        {
            "name": "wisdom_flag",
            "current": "0",
            "max": "",
            "id": "-u0xbCJ5ejWzUg2AiUTX"
        },
        {
            "name": "wisdom",
            "current": 15,
            "max": "",
            "id": "-hUJOHXshZcRJ0jHG4iJ"
        },
        {
            "name": "wisdom_mod",
            "current": 2,
            "max": "",
            "id": "-2xx2qnPt0lgLemHV5VB"
        },
        {
            "name": "npc_wis_negative",
            "current": 0,
            "max": "",
            "id": "-WDlwjlRglPC0k74yUyH"
        },
        {
            "name": "charisma_base",
            "current": "16",
            "max": "",
            "id": "-mAM2CXyxyntd3lF5g1Y"
        },
        {
            "name": "charisma_flag",
            "current": "0",
            "max": "",
            "id": "-jyerpHmsFgw1DWwmINd"
        },
        {
            "name": "charisma",
            "current": 16,
            "max": "",
            "id": "-qiN1X5HNoilZvkCwsTt"
        },
        {
            "name": "charisma_mod",
            "current": 3,
            "max": "",
            "id": "-Bldm5kECLKUd0vZ5vdn"
        },
        {
            "name": "npc_cha_negative",
            "current": 0,
            "max": "",
            "id": "-kaxvqQwU3mUkPxH1H3M"
        },
        {
            "name": "npc_immunities",
            "current": "яд",
            "max": "",
            "id": "-6lyTnLFem4zsTZZ9bsj"
        },
        {
            "name": "npc_condition_immunities",
            "current": "очарование, истощение, паралич, отравление",
            "max": "",
            "id": "-8psqqYRUlzRfZhuRRw7"
        },
        {
            "name": "npc_senses",
            "current": "темнозрение 12 клеток",
            "max": "",
            "id": "-N75oh4uBk848k7TMKy9"
        },
        {
            "name": "repeating_npcaction_-DtlfXtmXDW2qrxD7OiA_name",
            "current": "Укус",
            "max": "",
            "id": "-dNtiqOpikrbDlnKq9y8"
        },
        {
            "name": "repeating_npcaction_-DtlfXtmXDW2qrxD7OiA_description",
            "current": "Рукопашное Оружие: +5 к атаке, досягаемость: 2 клетки, одно существо. Попадание: 10 (2d6 + 3) колющего урона плюс 10 (3d6) урона ядом.",
            "max": "",
            "id": "-NGAHK430kZarPXziVtR"
        },
        {
            "name": "repeating_npcaction_-DtlfXtmXDW2qrxD7OiA_attack_flag",
            "current": "on",
            "max": "",
            "id": "-lIR1Fkc56DgjdCFdRhX"
        },
        {
            "name": "repeating_npcaction_-DtlfXtmXDW2qrxD7OiA_attack_tohitrange",
            "current": "+5",
            "max": "",
            "id": "-Exgb7YfPnACvQamzevd"
        },
        {
            "name": "repeating_npcaction_-DtlfXtmXDW2qrxD7OiA_attack_onhit",
            "current": "",
            "max": "",
            "id": "-j3OKjw0quI069wy4BNu"
        },
        {
            "name": "repeating_npcaction_-DtlfXtmXDW2qrxD7OiA_attack_tohit",
            "current": "5",
            "max": "",
            "id": "-erH0XlEfkzUVI7nBC5d"
        },
        {
            "name": "repeating_npcaction_-DtlfXtmXDW2qrxD7OiA_attack_damage",
            "current": "2d6+3+3d6",
            "max": "",
            "id": "-tQEwTGSlt0DeNsaco4I"
        },
        {
            "name": "repeating_npcaction_-DtlfXtmXDW2qrxD7OiA_damage_flag",
            "current": "{{damage=1}} {{dmg1flag=1}}",
            "max": "",
            "id": "-M1toOnmumWNW8KEKalx"
        },
        {
            "name": "repeating_npcaction_-DtlfXtmXDW2qrxD7OiA_rollbase",
            "current": "@{wtype}&{template:npcaction} {{attack=1}} @{damage_flag} @{npc_name_flag} {{rname=@{name}}} {{r1=[[@{d20}+(@{attack_tohit})]]}} @{rtype}+(@{attack_tohit})]]}} {{dmg1=[[@{attack_damage}]]}} {{dmg1type=@{attack_damagetype}}} {{dmg2=[[@{attack_damage2}+0]]}} {{dmg2type=@{attack_damagetype2}}} {{crit1=[[@{attack_crit}+0]]}} {{crit2=[[@{attack_crit2}+0]]}} {{description=@{show_desc}}} @{charname_output}",
            "max": "",
            "id": "-tCO3jyR4ImPWlujglJp"
        },
        {
            "name": "repeating_npcaction_-DtlfXtmXDW2qrxD7OiA_attack_crit",
            "current": "2d6+3+3d6",
            "max": "",
            "id": "-AxwuZFu1LnOzrILXhh7"
        },
        {
            "name": "repeating_npcaction_-DtlfXtmXDW2qrxD7OiA_attack_crit2",
            "current": "",
            "max": "",
            "id": "-OGlY1dOQbB7ULPC7S4z"
        },
        {
            "name": "repeating_npctrait_-LY0Fr2fQk15yzkvimTM_name",
            "current": "Заклинатель",
            "max": "",
            "id": "-qF5bN3AVYhzrLxngMJN"
        },
        {
            "name": "repeating_spell-cantrip_-NqE9trx2kL0vnYrIbXH_spellname",
            "current": "ПОЧИНКА",
            "max": "",
            "id": "-w7aFwFAODZGh2Jja28W"
        },
        {
            "name": "repeating_spell-cantrip_-NqE9trx2kL0vnYrIbXH_spellschool",
            "current": "transmutation",
            "max": "",
            "id": "-xL9O14ywUYyfemY578H"
        },
        {
            "name": "repeating_spell-cantrip_-NqE9trx2kL0vnYrIbXH_spellcastingtime",
            "current": "1 минута",
            "max": "",
            "id": "-68JKNDRYO6k6RddTzc7"
        },
        {
            "name": "repeating_spell-cantrip_-NqE9trx2kL0vnYrIbXH_spellrange",
            "current": "Касание",
            "max": "",
            "id": "-67yM9Z50I28DbfvktYK"
        },
        {
            "name": "repeating_spell-cantrip_-NqE9trx2kL0vnYrIbXH_spelltarget",
            "current": "",
            "max": "",
            "id": "-c6XvAKt241PXpy32ebH"
        },
        {
            "name": "repeating_spell-cantrip_-NqE9trx2kL0vnYrIbXH_spellcomp_materials",
            "current": "два магнетита",
            "max": "",
            "id": "-kTMartIKjUvzGRiyRN4"
        },
        {
            "name": "repeating_spell-cantrip_-NqE9trx2kL0vnYrIbXH_spelldescription",
            "current": "Это заклинание восстанавливает один разлом или разрыв в объекте, которого вы касаетесь. Например сломанное звено цепи, две половинки сломанного ключа, порваный плащ или протекающий бурдюк. Пока разрыв или разлом не больше 1 фута в любой из размерностей, вы полностью исправляете его, не оставляя следов. Заклинание способно физически починить магический предмет или голема, но не может вернуть в него магию.",
            "max": "",
            "id": "-hoH8vLg5Po2hPCbPrXP"
        },
        {
            "name": "repeating_spell-cantrip_-NqE9trx2kL0vnYrIbXH_spellduration",
            "current": "мгновенно",
            "max": "",
            "id": "-DaK3JSwCOef0T2tCFlw"
        },
        {
            "name": "repeating_spell-cantrip_-NqE9trx2kL0vnYrIbXH_spellcomp_v",
            "current": "{{v=1}}",
            "max": "",
            "id": "-HOzPpidsnQUOvKFw6Q2"
        },
        {
            "name": "repeating_spell-cantrip_-NqE9trx2kL0vnYrIbXH_spellcomp_s",
            "current": "{{s=1}}",
            "max": "",
            "id": "-YrlqDSwu3Vz0YcbjH7r"
        },
        {
            "name": "repeating_spell-cantrip_-NqE9trx2kL0vnYrIbXH_spellcomp_m",
            "current": "0",
            "max": "",
            "id": "-c4xeG5zfahFnuIGNMbm"
        },
        {
            "name": "repeating_spell-cantrip_-NqE9trx2kL0vnYrIbXH_spellsource",
            "current": "PHB",
            "max": "",
            "id": "-1qGk9Eemfu7RCa5ZOQl"
        },
        {
            "name": "repeating_spell-cantrip_-NqE9trx2kL0vnYrIbXH_details-flag",
            "current": "0",
            "max": "",
            "id": "-HAnDAZHvdQKccWjLdZh"
        },
        {
            "name": "repeating_spell-cantrip_-NqE9trx2kL0vnYrIbXH_options-flag",
            "current": "0",
            "max": "",
            "id": "-w2RH5Lp8FlYSDotYT8L"
        },
        {
            "name": "repeating_spell-cantrip_-v5zOYUJznYhm7SBzoE2_spellname",
            "current": "СВЯЩЕННОЕ ПЛАМЯ",
            "max": "",
            "id": "-zZVST2HTedvOv8jcpoA"
        },
        {
            "name": "repeating_spell-cantrip_-v5zOYUJznYhm7SBzoE2_spellschool",
            "current": "evocation",
            "max": "",
            "id": "-xgkc2fmQyYW1AJ6w81I"
        },
        {
            "name": "repeating_spell-cantrip_-v5zOYUJznYhm7SBzoE2_spellcastingtime",
            "current": "1 действие",
            "max": "",
            "id": "-t0R3qhDKnMkgZrNWUmd"
        },
        {
            "name": "repeating_spell-cantrip_-v5zOYUJznYhm7SBzoE2_spellrange",
            "current": "60 футов",
            "max": "",
            "id": "-4QRSxfQnHlHYL3fzRbW"
        },
        {
            "name": "repeating_spell-cantrip_-v5zOYUJznYhm7SBzoE2_spelltarget",
            "current": "",
            "max": "",
            "id": "-SdWzYiDlEjyiyjc5oxs"
        },
        {
            "name": "repeating_spell-cantrip_-v5zOYUJznYhm7SBzoE2_spellcomp_materials",
            "current": "",
            "max": "",
            "id": "-xheOJou7gI1Drbl5FdL"
        },
        {
            "name": "repeating_spell-cantrip_-v5zOYUJznYhm7SBzoE2_spelldescription",
            "current": "Огненный свет обрушивается на существо, которое вы можете видеть в пределах дальности заклинания. Цель должна сделать спасбросок по Ловкости или получит 1d8 урона излучением. Цель не получает бонусы от укрытий на этот спасбросок.   Урон от заклинания увеличивается на 1d8 по достижению 5 уровня (2d8), 11 уровня (3d8) и 17 уровня (4d8).",
            "max": "",
            "id": "-h8lH9ccKvWEYv8zvLuL"
        },
        {
            "name": "repeating_spell-cantrip_-v5zOYUJznYhm7SBzoE2_spellduration",
            "current": "Мгновенно",
            "max": "",
            "id": "-OZNTzHDwvw19ayWTSZk"
        },
        {
            "name": "repeating_spell-cantrip_-v5zOYUJznYhm7SBzoE2_spellcomp_v",
            "current": "{{v=1}}",
            "max": "",
            "id": "-dt5CwCllnJoQNXFWSAo"
        },
        {
            "name": "repeating_spell-cantrip_-v5zOYUJznYhm7SBzoE2_spellcomp_s",
            "current": "{{s=1}}",
            "max": "",
            "id": "-QLT5apdf1P0bHgV2eVP"
        },
        {
            "name": "repeating_spell-cantrip_-v5zOYUJznYhm7SBzoE2_spellcomp_m",
            "current": "0",
            "max": "",
            "id": "-4h09ojIsDBjfhOczuQj"
        },
        {
            "name": "repeating_spell-cantrip_-v5zOYUJznYhm7SBzoE2_spellsource",
            "current": "PHB",
            "max": "",
            "id": "-HyUM77podB7n8FMQzo8"
        },
        {
            "name": "repeating_spell-cantrip_-v5zOYUJznYhm7SBzoE2_details-flag",
            "current": "0",
            "max": "",
            "id": "-9LTC6q8kj1h4oKtcTsZ"
        },
        {
            "name": "repeating_spell-cantrip_-v5zOYUJznYhm7SBzoE2_options-flag",
            "current": "0",
            "max": "",
            "id": "-xDNMp6vdxSNpIzke4bh"
        },
        {
            "name": "repeating_spell-cantrip_-zc4RUHFZ9UHZSHalE3u_spellname",
            "current": "ВОЛШЕБСТВО",
            "max": "",
            "id": "-7rqCliiorVSUK6uNQFz"
        },
        {
            "name": "repeating_spell-cantrip_-zc4RUHFZ9UHZSHalE3u_spellschool",
            "current": "transmutation",
            "max": "",
            "id": "-COn9HqskDESgbWBj2qz"
        },
        {
            "name": "repeating_spell-cantrip_-zc4RUHFZ9UHZSHalE3u_spellcastingtime",
            "current": "1 действие",
            "max": "",
            "id": "-K6XlmyqZm5TNyFwnOmt"
        },
        {
            "name": "repeating_spell-cantrip_-zc4RUHFZ9UHZSHalE3u_spellrange",
            "current": "30 футов",
            "max": "",
            "id": "-HiX76QfGsW14gCFlHcM"
        },
        {
            "name": "repeating_spell-cantrip_-zc4RUHFZ9UHZSHalE3u_spelltarget",
            "current": "",
            "max": "",
            "id": "-ZUfJa3zG9L0pbNh5f70"
        },
        {
            "name": "repeating_spell-cantrip_-zc4RUHFZ9UHZSHalE3u_spellcomp_materials",
            "current": "",
            "max": "",
            "id": "-YVbjDdflNIhPAzPuytA"
        },
        {
            "name": "repeating_spell-cantrip_-zc4RUHFZ9UHZSHalE3u_spelldescription",
            "current": "Вы демонстрируете небольшое чудо, являющееся знаком вашей сверхъестественной силы. Вы создаете один из следующих эффектов в пределах дальности заклинания:<br> • Ваш голос звучит  в три раза громче, чем обычно в течение 1 минуты.<br> • Вы заставляете пламя трепетать, изменить цвет или стать ярче/слабее на 1 минуту.<br> • Вы заставляете землю безвредно дрожать в течение 1 минуты.<br> • Вы создаете мгновенный звук, исходящий из любой точки в пределах дальности заклинания. Это могут быть раскаты грома, карканье ворона или зловещий шепот.<br> • Вы резко открываете или громко захлопываете незакрытую дверь или окно.<br> • Вы изменяете свое обличье для чужого взора на 1 минуту.сли вы произносите это заклинание несколько раз, то можете получить до трех активных одноминутных эффектов за раз. Вы можете отменить такой эффект, потратив действие.",
            "max": "",
            "id": "-F4LpnMATrlSXLgfINOJ"
        },
        {
            "name": "repeating_spell-cantrip_-zc4RUHFZ9UHZSHalE3u_spellduration",
            "current": "До 1 минуты",
            "max": "",
            "id": "-QdLuwh8XDa7aEWSTMOw"
        },
        {
            "name": "repeating_spell-cantrip_-zc4RUHFZ9UHZSHalE3u_spellcomp_v",
            "current": "{{v=1}}",
            "max": "",
            "id": "-KEEuiKxw8GjT23xv3iQ"
        },
        {
            "name": "repeating_spell-cantrip_-zc4RUHFZ9UHZSHalE3u_spellcomp_s",
            "current": "0",
            "max": "",
            "id": "-EPuF8zcoVOXUZJcSj3W"
        },
        {
            "name": "repeating_spell-cantrip_-zc4RUHFZ9UHZSHalE3u_spellcomp_m",
            "current": "0",
            "max": "",
            "id": "-09QjoLxSX4iiZhTATvc"
        },
        {
            "name": "repeating_spell-cantrip_-zc4RUHFZ9UHZSHalE3u_spellsource",
            "current": "PHB",
            "max": "",
            "id": "-xLApMVxPn6H2smR6BH6"
        },
        {
            "name": "repeating_spell-cantrip_-zc4RUHFZ9UHZSHalE3u_details-flag",
            "current": "0",
            "max": "",
            "id": "-KMImX730h8z52EOkGVA"
        },
        {
            "name": "repeating_spell-cantrip_-zc4RUHFZ9UHZSHalE3u_options-flag",
            "current": "0",
            "max": "",
            "id": "-3Z0lXhBwqBoAEv1v0as"
        },
        {
            "name": "repeating_spell-1_-fZ0xINFzBw7qHQr7eoK_spellname",
            "current": "ПРИКАЗ",
            "max": "",
            "id": "-tBYjhYfrivh7Uk5xTgh"
        },
        {
            "name": "repeating_spell-1_-fZ0xINFzBw7qHQr7eoK_spellschool",
            "current": "enchantment",
            "max": "",
            "id": "-PHTBOcoNnZ5dmrzQdIX"
        },
        {
            "name": "repeating_spell-1_-fZ0xINFzBw7qHQr7eoK_spellcastingtime",
            "current": "1 действие",
            "max": "",
            "id": "-j3CH79heGWiAArFj9sF"
        },
        {
            "name": "repeating_spell-1_-fZ0xINFzBw7qHQr7eoK_spellrange",
            "current": "60 футов",
            "max": "",
            "id": "-WipgdOMGlPq4aRZ64TA"
        },
        {
            "name": "repeating_spell-1_-fZ0xINFzBw7qHQr7eoK_spelltarget",
            "current": "",
            "max": "",
            "id": "-AjORIvS62em62V0B2pX"
        },
        {
            "name": "repeating_spell-1_-fZ0xINFzBw7qHQr7eoK_spellcomp_materials",
            "current": "",
            "max": "",
            "id": "-MFQOWaGPudt9uAqp7JI"
        },
        {
            "name": "repeating_spell-1_-fZ0xINFzBw7qHQr7eoK_spelldescription",
            "current": "Вы отдаете однословный приказ существу, которое можете видеть в пределах дальности заклинания. Цель должна сделать спасбросок по Мудрости или будет следовать этой команде в свой следующий ход. Заклинание не действует, если целью является нежить, цель не понимает ваш язык или ваш приказ наносит прямой вред цели. Далее описаны несколько приказов и их эффекты. Вы можете отдавать другие приказы. В этом случае МП решает, как ведет себя цель. Если цель не может выполнить ваш приказ, то заклинание заканчивается.<br>Подойди. Цель двигается к вам по кратчайшему пути и останавливается, если оказывается в 5 футах от вас. <br>Брось. Цель роняет то, что было у нее в руках, а затем заканчивает свой ход. <br>Беги. Цель тратит весь свой ход, чтобы как можно быстрее убежать от вас. <br>Ложись. Цель падает на землю и заканчивает свой ход. <br>Стой. Цель не двигается и не совершает действий в этом ходу. Летающее существо продолжает парить, если оно способно на это. Если ему нужно двигаться, чтобы оставаться в воздухе, то оно пролетает минимальное расстояние, необходимое для этого. На более высоких кругах. Если вы произносите заклинание, используя ячейку 2 круга или выше, то можете использовать это заклинание на одну дополнительную цель за каждый круг выше первого. Существа должны находиться в пределах 30 футов друг от друга, когда вы применяете на них заклинание.",
            "max": "",
            "id": "-5iQSc9xx70OD4uAsRdZ"
        },
        {
            "name": "repeating_spell-1_-fZ0xINFzBw7qHQr7eoK_spellduration",
            "current": "1 раунд",
            "max": "",
            "id": "-11cNwCUArY282m8aMNM"
        },
        {
            "name": "repeating_spell-1_-fZ0xINFzBw7qHQr7eoK_spellcomp_v",
            "current": "{{v=1}}",
            "max": "",
            "id": "-jxBZTi3sEArdoVBix4Y"
        },
        {
            "name": "repeating_spell-1_-fZ0xINFzBw7qHQr7eoK_spellcomp_s",
            "current": "0",
            "max": "",
            "id": "-9D42hXvQ3Me84Z6l4LK"
        },
        {
            "name": "repeating_spell-1_-fZ0xINFzBw7qHQr7eoK_spellcomp_m",
            "current": "0",
            "max": "",
            "id": "-8xrgJkruQbdaVRQDuP5"
        },
        {
            "name": "repeating_spell-1_-fZ0xINFzBw7qHQr7eoK_spellsource",
            "current": "PHB",
            "max": "",
            "id": "-tyIy33axOmkrtUQ7MSs"
        },
        {
            "name": "repeating_spell-1_-fZ0xINFzBw7qHQr7eoK_details-flag",
            "current": "0",
            "max": "",
            "id": "-5LH3zYwNcY61IJfZDdQ"
        },
        {
            "name": "repeating_spell-1_-fZ0xINFzBw7qHQr7eoK_options-flag",
            "current": "0",
            "max": "",
            "id": "-KUKKSyJE5gQINzTDAWb"
        },
        {
            "name": "repeating_spell-1_-un0QUlUa8uSvoAzMLBT_spellname",
            "current": "ЩИТ ВЕРЫ",
            "max": "",
            "id": "-X7pAKiXvH6sjqnfGWmU"
        },
        {
            "name": "repeating_spell-1_-un0QUlUa8uSvoAzMLBT_spellschool",
            "current": "abjuration",
            "max": "",
            "id": "-N3xEzOu9pfkgKz5PgTw"
        },
        {
            "name": "repeating_spell-1_-un0QUlUa8uSvoAzMLBT_spellcastingtime",
            "current": "1 бонусное действие",
            "max": "",
            "id": "-fjt0JPVIFAqO1TExuQC"
        },
        {
            "name": "repeating_spell-1_-un0QUlUa8uSvoAzMLBT_spellrange",
            "current": "60 футов",
            "max": "",
            "id": "-xrGpUiq8nMIOF9UjaX3"
        },
        {
            "name": "repeating_spell-1_-un0QUlUa8uSvoAzMLBT_spelltarget",
            "current": "",
            "max": "",
            "id": "-jXk6JHrfNS6hpH5kcHu"
        },
        {
            "name": "repeating_spell-1_-un0QUlUa8uSvoAzMLBT_spellcomp_materials",
            "current": "кусочек пергамента с начертанным на нем священным писанием",
            "max": "",
            "id": "-ADzKy9iakIxJKeuopzP"
        },
        {
            "name": "repeating_spell-1_-un0QUlUa8uSvoAzMLBT_spelldescription",
            "current": "Мерцающее поле окружает выбранное вами существо в пределах дальности заклинания, даруя ему +2 к КБ на время действия заклинания.",
            "max": "",
            "id": "-AmanLWoRTRGU6FTwRI6"
        },
        {
            "name": "repeating_spell-1_-un0QUlUa8uSvoAzMLBT_spellduration",
            "current": "К-ция, до 10 минут",
            "max": "",
            "id": "-7HXHZgAS3pfVw1NI2tT"
        },
        {
            "name": "repeating_spell-1_-un0QUlUa8uSvoAzMLBT_spellcomp_v",
            "current": "{{v=1}}",
            "max": "",
            "id": "-rUAcOuPPCi75F4jLypp"
        },
        {
            "name": "repeating_spell-1_-un0QUlUa8uSvoAzMLBT_spellcomp_s",
            "current": "{{s=1}}",
            "max": "",
            "id": "-kISFtkXWb66NylazcM0"
        },
        {
            "name": "repeating_spell-1_-un0QUlUa8uSvoAzMLBT_spellcomp_m",
            "current": "{{m=1}}",
            "max": "",
            "id": "-90uVufA4AHT8Y3qwn2L"
        },
        {
            "name": "repeating_spell-1_-un0QUlUa8uSvoAzMLBT_spellsource",
            "current": "PHB",
            "max": "",
            "id": "-dZzoQqJvMyELvfk8GJK"
        },
        {
            "name": "repeating_spell-1_-un0QUlUa8uSvoAzMLBT_details-flag",
            "current": "0",
            "max": "",
            "id": "-97F78yFzNa6As4fnyQ5"
        },
        {
            "name": "repeating_spell-1_-un0QUlUa8uSvoAzMLBT_options-flag",
            "current": "0",
            "max": "",
            "id": "-nYlyDfZg4z0iMsWlSU4"
        },
        {
            "name": "repeating_spell-2_-18GO1x5dKHwsJnRRcrA_spellname",
            "current": "УМИРОТВОРЕНИЕ",
            "max": "",
            "id": "-qljwdW75XiHmxfbE183"
        },
        {
            "name": "repeating_spell-2_-18GO1x5dKHwsJnRRcrA_spellschool",
            "current": "enchantment",
            "max": "",
            "id": "-yAQtptxD0mRUMvHquGz"
        },
        {
            "name": "repeating_spell-2_-18GO1x5dKHwsJnRRcrA_spellcastingtime",
            "current": "1 действие",
            "max": "",
            "id": "-DjRBmjOJhqSxohX6cL0"
        },
        {
            "name": "repeating_spell-2_-18GO1x5dKHwsJnRRcrA_spellrange",
            "current": "60 футов",
            "max": "",
            "id": "-3NrwThS3dtlFvisRlgW"
        },
        {
            "name": "repeating_spell-2_-18GO1x5dKHwsJnRRcrA_spelltarget",
            "current": "",
            "max": "",
            "id": "-E1RMCczyrr7Uw0cxD3B"
        },
        {
            "name": "repeating_spell-2_-18GO1x5dKHwsJnRRcrA_spellcomp_materials",
            "current": "",
            "max": "",
            "id": "-FvWwzoWzAdIDqERBCyi"
        },
        {
            "name": "repeating_spell-2_-18GO1x5dKHwsJnRRcrA_spelldescription",
            "current": "Вы пытаетесь подавить сильные эмоции у группы существ. Каждый гуманоид в сфере радиусом 20 футов вокруг выбранной вами точки должен сделать спасбросок по Харизме<br>Вы пытаетесь подавить сильные эмоции у группы существ. Все гуманоиды в сфере с радиусом 20 футов с центром в точке, выбранной в пределах дистанции, должны совершить спасбросок Харизмы; существо может добровольно провалить этот спасбросок, если пожелает. Если существо проваливает спасбросок, выберите один из двух описанных ниже эффектов:<br>Вы можете подавить все эффекты, делающие цель очарованной или испуганной. Когда это заклинание оканчивается, все подавленные эффекты восстанавливаются, при условии, что за это время их действие не окончилось.<br>В качестве альтернативы, вы можете сделать цель безразличной к выбранным вами существам, к которым она относилась враждебно. Это безразличие оканчивается, если цель атакована или ей причинён вред заклинанием, или если она станет свидетелем того, как причиняют вред её друзьям. Когда заклинание оканчивается, существо становится вновь враждебным, если Мастер не решит по-другому.",
            "max": "",
            "id": "-7FVkIM52xGfa8VebI4M"
        },
        {
            "name": "repeating_spell-2_-18GO1x5dKHwsJnRRcrA_spellduration",
            "current": "К-ция, до 1 минуты",
            "max": "",
            "id": "-uGo3andvaGRCsdmNB3G"
        },
        {
            "name": "repeating_spell-2_-18GO1x5dKHwsJnRRcrA_spellcomp_v",
            "current": "{{v=1}}",
            "max": "",
            "id": "-w7UATugDpVUEZXSEnLb"
        },
        {
            "name": "repeating_spell-2_-18GO1x5dKHwsJnRRcrA_spellcomp_s",
            "current": "{{s=1}}",
            "max": "",
            "id": "-Pqm3u4dVpm1DVhNyTZz"
        },
        {
            "name": "repeating_spell-2_-18GO1x5dKHwsJnRRcrA_spellcomp_m",
            "current": "0",
            "max": "",
            "id": "-w5bI4Hhap7AUVPc45Gx"
        },
        {
            "name": "repeating_spell-2_-18GO1x5dKHwsJnRRcrA_spellsource",
            "current": "PHB",
            "max": "",
            "id": "-3j76F8MIwALMyKebA5N"
        },
        {
            "name": "repeating_spell-2_-18GO1x5dKHwsJnRRcrA_details-flag",
            "current": "0",
            "max": "",
            "id": "-VSrFfVtFcQdmlkFtb1a"
        },
        {
            "name": "repeating_spell-2_-18GO1x5dKHwsJnRRcrA_options-flag",
            "current": "0",
            "max": "",
            "id": "-AsMybAr5xJ6jieyQEhC"
        },
        {
            "name": "repeating_spell-2_-0gfg5SQ36xRkMxIVVls_spellname",
            "current": "УДЕРЖАНИЕ ПЕРСОНЫ",
            "max": "",
            "id": "-nCHTKz6N40Q22p1mswJ"
        },
        {
            "name": "repeating_spell-2_-0gfg5SQ36xRkMxIVVls_spellschool",
            "current": "enchantment",
            "max": "",
            "id": "-1P7O7tedCPAgI4wzuA2"
        },
        {
            "name": "repeating_spell-2_-0gfg5SQ36xRkMxIVVls_spellcastingtime",
            "current": "1 действие",
            "max": "",
            "id": "-3Fy8VBbtMBbOie6diY2"
        },
        {
            "name": "repeating_spell-2_-0gfg5SQ36xRkMxIVVls_spellrange",
            "current": "60 футов",
            "max": "",
            "id": "-CCO5yPiCd76nZAtaZPV"
        },
        {
            "name": "repeating_spell-2_-0gfg5SQ36xRkMxIVVls_spelltarget",
            "current": "",
            "max": "",
            "id": "-3eR0TvkhVtqlJVwjuZG"
        },
        {
            "name": "repeating_spell-2_-0gfg5SQ36xRkMxIVVls_spellcomp_materials",
            "current": "маленький, ровный кусочек железа",
            "max": "",
            "id": "-Mug3oCNWxNMun1uANAT"
        },
        {
            "name": "repeating_spell-2_-0gfg5SQ36xRkMxIVVls_spelldescription",
            "current": "Выберите гуманоида, которого вы можете видеть в пределах дальности заклинания. Цель должна сделать спасбросок по Мудрости или будет парализована на время действия заклинания. В конце каждого своего хода цель может сделать новый спасбросок по Мудрости. В случае успеха заклинание заканчивается для этой цели.   <br>На более высоких кругах. Если вы произносите заклинание, используя ячейку 3 круга или выше, то можете использовать его на однго дополнительного гуманоида за каждый круг выше второго. Существа должны находиться в пределах 30 футов друг от друга, когда вы произносите заклинание.",
            "max": "",
            "id": "-QuywogVUmJS6ozsZTaq"
        },
        {
            "name": "repeating_spell-2_-0gfg5SQ36xRkMxIVVls_spellduration",
            "current": "конц-я, до 1 мин",
            "max": "",
            "id": "-5xZtlHNy9qlZTWGlBb8"
        },
        {
            "name": "repeating_spell-2_-0gfg5SQ36xRkMxIVVls_spellcomp_v",
            "current": "{{v=1}}",
            "max": "",
            "id": "-fk2CCLlzCKJtoYZ7L89"
        },
        {
            "name": "repeating_spell-2_-0gfg5SQ36xRkMxIVVls_spellcomp_s",
            "current": "{{s=1}}",
            "max": "",
            "id": "-LG5Wo8wF6BFj7xNcKZH"
        },
        {
            "name": "repeating_spell-2_-0gfg5SQ36xRkMxIVVls_spellcomp_m",
            "current": "{{m=1}}",
            "max": "",
            "id": "-YU3yDtJtTcMl2MDwiPw"
        },
        {
            "name": "repeating_spell-2_-0gfg5SQ36xRkMxIVVls_spellsource",
            "current": "PHB",
            "max": "",
            "id": "-XR8Fpni6yB6t889X0CC"
        },
        {
            "name": "repeating_spell-2_-0gfg5SQ36xRkMxIVVls_details-flag",
            "current": "0",
            "max": "",
            "id": "-ptJGAyGb7utrbGdFMew"
        },
        {
            "name": "repeating_spell-2_-0gfg5SQ36xRkMxIVVls_options-flag",
            "current": "0",
            "max": "",
            "id": "-3W4jjGiBDTozL0T27SA"
        },
        {
            "name": "repeating_spell-3_-uzNXXLCmbOYA37dJUvr_spellname",
            "current": "ПРОКЛЯТИЕ",
            "max": "",
            "id": "-laCBvrodfPVph51VzGE"
        },
        {
            "name": "repeating_spell-3_-uzNXXLCmbOYA37dJUvr_spellschool",
            "current": "necromancy",
            "max": "",
            "id": "-3MG8PNmaTFY2OpG3jKS"
        },
        {
            "name": "repeating_spell-3_-uzNXXLCmbOYA37dJUvr_spellcastingtime",
            "current": "1 действие",
            "max": "",
            "id": "-YnCMvI0qS99Sdxwi1Wo"
        },
        {
            "name": "repeating_spell-3_-uzNXXLCmbOYA37dJUvr_spellrange",
            "current": "Касание",
            "max": "",
            "id": "-WGdNpYVKWqouKbdLEcC"
        },
        {
            "name": "repeating_spell-3_-uzNXXLCmbOYA37dJUvr_spelltarget",
            "current": "",
            "max": "",
            "id": "-DfZDMkO3MQIwmPImlnS"
        },
        {
            "name": "repeating_spell-3_-uzNXXLCmbOYA37dJUvr_spellcomp_materials",
            "current": "",
            "max": "",
            "id": "-42lMACbBlt1xXGNE5L4"
        },
        {
            "name": "repeating_spell-3_-uzNXXLCmbOYA37dJUvr_spelldescription",
            "current": "Вы касаетесь существа, и оно должно сделать спасбросок по Мудрости, или будет проклято до тех пор, пока действует заклинание. Произнося его, вы выбираете вид проклятия из следующих вариантов: Выберите один из параметров. Цель получает помеху на спасброски и проверки этого параметра, пока проклято. Пока цель проклята, она получает помеху на броски атаки против вас. Пока цель проклята, она должна делать спасбросок по Мудрости в начале каждого своего хода. При провале оно тратит свое действие, не делая ничего. Пока цель проклята, ваши атаки и заклинания наносят ей дополнительные 1d8 некротического урона. Снятие проклятия развеивает этот эффект. По усмотрению МП, вы можете выбирать другие варианты проклятий, но они не должны быть сильнее, чем перечисленные здесь. На более высоких кругах. Если вы произносите заклинание, используя ячейку 4 круга, то максимальная длительность концентрации увеличивается до 10 минут. Если вы используете ячейку 5 круга или выше, то заклинание более не требует концентрации, а длительность увеличивается до 8 часов за ячейку 5 круга и до 24 часов за ячейку 7 круга. Если вы используете ячейку 9 круга, то проклятие остается до тех пор, пока не будет развеяно.",
            "max": "",
            "id": "-NDeLs5lSFCUxqAQa3lo"
        },
        {
            "name": "repeating_spell-3_-uzNXXLCmbOYA37dJUvr_spellduration",
            "current": "К-ция, до 1 минуты",
            "max": "",
            "id": "-D19oQzi7hG6Me1WC3vB"
        },
        {
            "name": "repeating_spell-3_-uzNXXLCmbOYA37dJUvr_spellcomp_v",
            "current": "{{v=1}}",
            "max": "",
            "id": "-WtFvN6MinGH38SA3NF6"
        },
        {
            "name": "repeating_spell-3_-uzNXXLCmbOYA37dJUvr_spellcomp_s",
            "current": "{{s=1}}",
            "max": "",
            "id": "-EUI3Ye102XIWCCQ749z"
        },
        {
            "name": "repeating_spell-3_-uzNXXLCmbOYA37dJUvr_spellcomp_m",
            "current": "0",
            "max": "",
            "id": "-mAjaeotoW8uNDiJI0xZ"
        },
        {
            "name": "repeating_spell-3_-uzNXXLCmbOYA37dJUvr_spellsource",
            "current": "",
            "max": "",
            "id": "-ycmqEQMqExCMqMxaJ0r"
        },
        {
            "name": "repeating_spell-3_-uzNXXLCmbOYA37dJUvr_details-flag",
            "current": "0",
            "max": "",
            "id": "-MLELrWPJQ4JCGrf57aH"
        },
        {
            "name": "repeating_spell-3_-uzNXXLCmbOYA37dJUvr_options-flag",
            "current": "0",
            "max": "",
            "id": "-ED6cW878a86JzqcSOZS"
        },
        {
            "name": "repeating_npctrait_-LY0Fr2fQk15yzkvimTM_description",
            "current": "Нага заклинатель 5-го уровня (сложность спасброска 12, +4 к атаке заклинаниями), ему требуются только вербальные компоненты для своих заклинаний. Его магические способности основываются на Мудрости, имеются следующие подготовленные заклинания жреца: \n\n• Заговоры (по желанию):\n mending починка [mending]: \n,\n sacred_flame священное пламя [sacred flame]: \n,\n thaumaturgy волшебство [thaumaturgy]: \n\n\n• 1ый круг (4 слота):\n command приказ [command]: \n,\n shield_of_faith щит веры [shield of faith]: \n\n\n• 2ой круг (3 слота):\n calm_emotions умиротворение [calm emotions]: \n,\n hold_person удержание персоны [hold person]: \n\n\n• 3ий круг (2 слота):\n bestow_curse проклятие [bestow curse]: \n\n\n",
            "max": "",
            "id": "-bTDDZbXMiB4mieXxv7y"
        },
        {
            "name": "npcspellcastingflag",
            "current": "1",
            "max": "",
            "id": "-LaSH9ays716v2rTHNTi"
        }
    ],
    "abilities": []
}