{
    "schema_version": 2,
    "oldId": "-xAJcaKeMNNEm21RBIcI",
    "name": "Кобольд чешуйчатый чародей [Kobold scale sorcerer]",
    "avatar": "https://tentaculus.ru/monsters/img/cute_monsters/KOBOLD_SCALE_SORCERER.jpg",
    "bio": "",
    "gmnotes": "",
    "defaulttoken": "",
    "tags": "[]",
    "controlledby": "",
    "inplayerjournals": "",
    "attribs": [
        {
            "name": "hitdieroll",
            "current": "4",
            "max": "",
            "id": "-XMbUt4CErE8tXyM5lWY"
        },
        {
            "name": "showleveler",
            "current": 0,
            "max": "",
            "id": "-TIW0hbYZSoeyYkwn7yu"
        },
        {
            "name": "invalidXP",
            "current": 0,
            "max": "",
            "id": "-g5CtPhanJ5eSYuhwvWq"
        },
        {
            "name": "version",
            "current": 4.21,
            "max": "",
            "id": "-6iyV3Vzj48cCHIP4SKJ"
        },
        {
            "name": "mancer_confirm_flag",
            "current": "",
            "max": "",
            "id": "-10V8txYMUnP36pm6pSK"
        },
        {
            "name": "mancer_npc",
            "current": "on",
            "max": "",
            "id": "-3JsujHLT6RKpnyff7FL"
        },
        {
            "name": "l1mancer_status",
            "current": "completed",
            "max": "",
            "id": "-Bs48rgbrFpkYpMBlrox"
        },
        {
            "name": "rtype",
            "current": "@{advantagetoggle}",
            "max": "",
            "id": "-v1p9i5yHbBI857woVDY"
        },
        {
            "name": "dtype",
            "current": "full",
            "max": "",
            "id": "-T94FsV36TFX2OHHV5ii"
        },
        {
            "name": "appliedUpdates",
            "current": "upgrade_to_4_2_1",
            "max": "",
            "id": "-3TmYK3K6R9OfAkrG2KH"
        },
        {
            "name": "npc",
            "current": "1",
            "max": "",
            "id": "-A9PGkAPdl7ObSBgL6pz"
        },
        {
            "name": "npc_options-flag",
            "current": "0",
            "max": "",
            "id": "-g8Z9TovVBjY0JiVvwuh"
        },
        {
            "name": "ui_flags",
            "current": "",
            "max": "",
            "id": "-E75MfpADCNcoMEdCqOz"
        },
        {
            "name": "npc_name",
            "current": "Кобольд чешуйчатый чародей [Kobold scale sorcerer]",
            "max": "",
            "id": "-UPiJjkEQpolzEoKPy0s"
        },
        {
            "name": "npc_type",
            "current": "гуманоид (кобольд) законно-злой",
            "max": "",
            "id": "-V9NfzwNvxC9w01ogy5D"
        },
        {
            "name": "npc_speed",
            "current": "6 клеток",
            "max": "",
            "id": "-wCyddJB4Ms6damh5rAc"
        },
        {
            "name": "hp",
            "current": "",
            "max": "27",
            "id": "-HgveZiOLt9XeiRsWHB7"
        },
        {
            "name": "npc_ac",
            "current": "15 (естественная броня)",
            "max": "",
            "id": "-IFPPmsBeo9pJkIGLRR5"
        },
        {
            "name": "ac",
            "current": "15 (естественная броня)",
            "max": "",
            "id": "-FUTk8oySLhNYj2NJ9Oi"
        },
        {
            "name": "npc_languages",
            "current": "Общий, Драконий",
            "max": "",
            "id": "-Fr7tK7KKCRYhkmeZObv"
        },
        {
            "name": "npc_challenge",
            "current": "1",
            "max": "",
            "id": "-txOXwjCADst55KkmhBs"
        },
        {
            "name": "passive_wisdom",
            "current": "1",
            "max": "",
            "id": "-4yS8WXg4Z9veNVyhIkp"
        },
        {
            "name": "initiative_bonus",
            "current": 2,
            "max": "",
            "id": "-UIlOIxTCUqB6RqM27OJ"
        },
        {
            "name": "npc_hpformula",
            "current": "5d6 + 10",
            "max": "",
            "id": "-YCmlbDh8YN6vH9aKacJ"
        },
        {
            "name": "strength_base",
            "current": "7",
            "max": "",
            "id": "-Q5pI2cDBDTVtVTzeLuJ"
        },
        {
            "name": "strength_flag",
            "current": "0",
            "max": "",
            "id": "-64drYboxY07jY7lLkmM"
        },
        {
            "name": "strength",
            "current": 7,
            "max": "",
            "id": "-ZHwlPcv8PW88VPVO1hK"
        },
        {
            "name": "strength_mod",
            "current": -2,
            "max": "",
            "id": "-7SoL9jlKFHG6Xqz0Mur"
        },
        {
            "name": "npc_str_negative",
            "current": 1,
            "max": "",
            "id": "-9OPctZ3uh4BAc7EOnay"
        },
        {
            "name": "dexterity_base",
            "current": "15",
            "max": "",
            "id": "-AfWXYsEWW75KxMTxGNj"
        },
        {
            "name": "dexterity_flag",
            "current": "0",
            "max": "",
            "id": "-Tl7vziebA72RYxNA6zT"
        },
        {
            "name": "dexterity",
            "current": 15,
            "max": "",
            "id": "-7tggbNAmZTB801fAgBd"
        },
        {
            "name": "dexterity_mod",
            "current": 2,
            "max": "",
            "id": "-raNnni6Agp5znrNgpSA"
        },
        {
            "name": "npc_dex_negative",
            "current": 0,
            "max": "",
            "id": "-Pp36iEuNKzmhfFw0l2M"
        },
        {
            "name": "constitution_base",
            "current": "14",
            "max": "",
            "id": "-dzFKakFoo2NVuPuGXwO"
        },
        {
            "name": "constitution_flag",
            "current": "0",
            "max": "",
            "id": "-Vqxlx6QxFOCyogSx6dc"
        },
        {
            "name": "constitution",
            "current": 14,
            "max": "",
            "id": "-BHLsxFItJYxur68b669"
        },
        {
            "name": "constitution_mod",
            "current": 2,
            "max": "",
            "id": "-2GNPTHwPdtkdhWNzHnd"
        },
        {
            "name": "npc_con_negative",
            "current": 0,
            "max": "",
            "id": "-k1phzndkoloRQTHyVWz"
        },
        {
            "name": "intelligence_base",
            "current": "10",
            "max": "",
            "id": "-gB4W1828la5lDL1TqY6"
        },
        {
            "name": "intelligence_flag",
            "current": "0",
            "max": "",
            "id": "-os4A3Per6qII5MU3ZE7"
        },
        {
            "name": "intelligence",
            "current": 10,
            "max": "",
            "id": "-RTN6LumVZoa1ilEJMyF"
        },
        {
            "name": "intelligence_mod",
            "current": 0,
            "max": "",
            "id": "-Hl6tBLbKSmJkK7a0KNI"
        },
        {
            "name": "npc_int_negative",
            "current": 0,
            "max": "",
            "id": "-hDXjUJGKBBsTa8Dx1VB"
        },
        {
            "name": "wisdom_base",
            "current": "9",
            "max": "",
            "id": "-GuPKHifSsTdu3rbb6G7"
        },
        {
            "name": "wisdom_flag",
            "current": "0",
            "max": "",
            "id": "-u6ad81PLPJRNSYgwbSf"
        },
        {
            "name": "wisdom",
            "current": 9,
            "max": "",
            "id": "-gCCP8BYs0terlF5oUOh"
        },
        {
            "name": "wisdom_mod",
            "current": -1,
            "max": "",
            "id": "-CLx7anoEmGMiNVUGNyY"
        },
        {
            "name": "npc_wis_negative",
            "current": 1,
            "max": "",
            "id": "-jteVVgGSallwC7wWh38"
        },
        {
            "name": "charisma_base",
            "current": "14",
            "max": "",
            "id": "-0rCdIN5lNIpcQyMWVUi"
        },
        {
            "name": "charisma_flag",
            "current": "0",
            "max": "",
            "id": "-rcGcgR4v7hKGCyOFxuy"
        },
        {
            "name": "charisma",
            "current": 14,
            "max": "",
            "id": "-ps0CwNF1MBPCVnwd4h6"
        },
        {
            "name": "charisma_mod",
            "current": 2,
            "max": "",
            "id": "-uXzrEjjB3D7X1IHichs"
        },
        {
            "name": "npc_cha_negative",
            "current": 0,
            "max": "",
            "id": "-qjCdu6LkjaaHK2PvQPQ"
        },
        {
            "name": "npc_skills_flag",
            "current": 3,
            "max": "",
            "id": "-9z3M6HBmp8BO0ozmrBQ"
        },
        {
            "name": "npc_arcana_base",
            "current": "2",
            "max": "",
            "id": "-ipJXdYVwpPNFsV8n0vH"
        },
        {
            "name": "npc_arcana_flag",
            "current": "1",
            "max": "",
            "id": "-QXMTdCdzdYPWUYnYKd4"
        },
        {
            "name": "npc_arcana",
            "current": 2,
            "max": "",
            "id": "-1ASBYwuvO7jemUsBnMP"
        },
        {
            "name": "npc_medicine_base",
            "current": "1",
            "max": "",
            "id": "-oUDv7lNOU4oOS4zEnGF"
        },
        {
            "name": "npc_medicine_flag",
            "current": "1",
            "max": "",
            "id": "-dkKkEImwnibtPALvQoy"
        },
        {
            "name": "npc_medicine",
            "current": 1,
            "max": "",
            "id": "-dKeVb07A3HuJNq6cSus"
        },
        {
            "name": "npc_senses",
            "current": "тёмное зрение 60 фт.",
            "max": "",
            "id": "-jq52Da34rX5dfXnDNr3"
        },
        {
            "name": "repeating_npcaction_-zfTq7lqcZC8ezIyxqrG_name",
            "current": "Кинжал",
            "max": "",
            "id": "-HFbP5Z7efbYINtktkpq"
        },
        {
            "name": "repeating_npcaction_-zfTq7lqcZC8ezIyxqrG_description",
            "current": "Рукопашная или Дальнобойная атака оружием: +4 к попаданию, досягаемость 5 фт. или дистанция 20/60 фт., одна цель. Попадание: колющий урон 4 (1к4 + 2).",
            "max": "",
            "id": "-9cQrwfIwuqKEv0eOGwe"
        },
        {
            "name": "repeating_npcaction_-zfTq7lqcZC8ezIyxqrG_attack_tohitrange",
            "current": "+0",
            "max": "",
            "id": "-XnlGCwDRDDODeMiIVjz"
        },
        {
            "name": "repeating_npcaction_-zfTq7lqcZC8ezIyxqrG_attack_onhit",
            "current": "",
            "max": "",
            "id": "-ffHqbBkUg3nQ72HVO4r"
        },
        {
            "name": "repeating_npcaction_-zfTq7lqcZC8ezIyxqrG_damage_flag",
            "current": "",
            "max": "",
            "id": "-9aSltwKKJAb8hO0J7Mu"
        },
        {
            "name": "repeating_npcaction_-zfTq7lqcZC8ezIyxqrG_attack_crit",
            "current": "",
            "max": "",
            "id": "-2X4j8xdQWjPofGSz9Dv"
        },
        {
            "name": "repeating_npcaction_-zfTq7lqcZC8ezIyxqrG_attack_crit2",
            "current": "",
            "max": "",
            "id": "-q6JNmCYGK2gPGS8c9mJ"
        },
        {
            "name": "repeating_npcaction_-zfTq7lqcZC8ezIyxqrG_rollbase",
            "current": "@{wtype}&{template:npcaction} @{npc_name_flag} {{rname=@{name}}} {{description=@{show_desc}}} @{charname_output}",
            "max": "",
            "id": "-pxuSWvSZXoPDNnZQNgJ"
        },
        {
            "name": "repeating_npctrait_-LWEhXa5JsY8cpaJcmYd_name",
            "current": "Колдовство",
            "max": "",
            "id": "-4AOrlIyqzX7ilfVZtm1"
        },
        {
            "name": "repeating_spell-cantrip_-LOCLX2il9PL5YNMO9Lt_spellname",
            "current": "ОГНЕННАЯ СТРЕЛА",
            "max": "",
            "id": "-WZnqA0cwzoiNUej0aPL"
        },
        {
            "name": "repeating_spell-cantrip_-LOCLX2il9PL5YNMO9Lt_spellschool",
            "current": "evocation",
            "max": "",
            "id": "-XpKFlhVdhzgbD2TmmXW"
        },
        {
            "name": "repeating_spell-cantrip_-LOCLX2il9PL5YNMO9Lt_spellcastingtime",
            "current": "1 действие",
            "max": "",
            "id": "-1aL5fv0ux9rWOYxCkCz"
        },
        {
            "name": "repeating_spell-cantrip_-LOCLX2il9PL5YNMO9Lt_spellrange",
            "current": "120 футов",
            "max": "",
            "id": "-9zXHWtLOmiDiRWPkQN1"
        },
        {
            "name": "repeating_spell-cantrip_-LOCLX2il9PL5YNMO9Lt_spelltarget",
            "current": "",
            "max": "",
            "id": "-h8wOEe67VUUYntVOSDa"
        },
        {
            "name": "repeating_spell-cantrip_-LOCLX2il9PL5YNMO9Lt_spellcomp_materials",
            "current": "",
            "max": "",
            "id": "-vtHBHy2FindiAuQq7RX"
        },
        {
            "name": "repeating_spell-cantrip_-LOCLX2il9PL5YNMO9Lt_spelldescription",
            "current": "Вы запускаете частичку огня в существо или предмет в пределах дальности заклинания. Сделайте заклинательную атаку дальнего боя по этой цели. При попадании цель получает 1d10 урона огнем. Воспламеняющися объект загорается при попадании, если он не находится во владении существа.<br>Урон заклинания увеличивается на 1d10 при достижении 5 уровня (2d10), 11 уровня (3d10) и 17 уровня (4d10).",
            "max": "",
            "id": "-TKUSoDUPwOJlR6c7AlT"
        },
        {
            "name": "repeating_spell-cantrip_-LOCLX2il9PL5YNMO9Lt_spellduration",
            "current": "мгновенно",
            "max": "",
            "id": "-Nxa0g6oci4RvBxDsCKi"
        },
        {
            "name": "repeating_spell-cantrip_-LOCLX2il9PL5YNMO9Lt_spellcomp_v",
            "current": "{{v=1}}",
            "max": "",
            "id": "-gebznyS5uMSNbBgCcwn"
        },
        {
            "name": "repeating_spell-cantrip_-LOCLX2il9PL5YNMO9Lt_spellcomp_s",
            "current": "{{s=1}}",
            "max": "",
            "id": "-Hh9u5BPeUpIbnX6QPrV"
        },
        {
            "name": "repeating_spell-cantrip_-LOCLX2il9PL5YNMO9Lt_spellcomp_m",
            "current": "0",
            "max": "",
            "id": "-aYWjHTyzDZzLMhVuoTs"
        },
        {
            "name": "repeating_spell-cantrip_-LOCLX2il9PL5YNMO9Lt_spellsource",
            "current": "PHB",
            "max": "",
            "id": "-sQiiKCdln6AeaIWRt5V"
        },
        {
            "name": "repeating_spell-cantrip_-LOCLX2il9PL5YNMO9Lt_details-flag",
            "current": "0",
            "max": "",
            "id": "-vKiQ1b4S8Jt74b4mVU2"
        },
        {
            "name": "repeating_spell-cantrip_-LOCLX2il9PL5YNMO9Lt_options-flag",
            "current": "0",
            "max": "",
            "id": "-AQ2y1MFQeak70hXmN6o"
        },
        {
            "name": "repeating_spell-cantrip_-7KzCXnGo3FnbljvnmsH_spellname",
            "current": "ВОЛШЕБНАЯ РУКА",
            "max": "",
            "id": "-BR7rnGzROsZQAEd3NSK"
        },
        {
            "name": "repeating_spell-cantrip_-7KzCXnGo3FnbljvnmsH_spellschool",
            "current": "conjuration",
            "max": "",
            "id": "-VGMNsPOlzSu0ttsSrVB"
        },
        {
            "name": "repeating_spell-cantrip_-7KzCXnGo3FnbljvnmsH_spellcastingtime",
            "current": "1 действие",
            "max": "",
            "id": "-3ZW1hS6RZ4veSV7J7JA"
        },
        {
            "name": "repeating_spell-cantrip_-7KzCXnGo3FnbljvnmsH_spellrange",
            "current": "30 футов",
            "max": "",
            "id": "-56GTL6SJTbtaqABi1Nj"
        },
        {
            "name": "repeating_spell-cantrip_-7KzCXnGo3FnbljvnmsH_spelltarget",
            "current": "",
            "max": "",
            "id": "-tCPWBhk5gX48VsE7sOA"
        },
        {
            "name": "repeating_spell-cantrip_-7KzCXnGo3FnbljvnmsH_spellcomp_materials",
            "current": "",
            "max": "",
            "id": "-c0LkL4d3NtQV6w26Nox"
        },
        {
            "name": "repeating_spell-cantrip_-7KzCXnGo3FnbljvnmsH_spelldescription",
            "current": "Призрачная, летающая рука появляется в указанной вами точке в пределах дальности заклинания. Рука существует до тех пор, пока заклинание не закончится или вы не отзовете ее в качестве действия. Рука также исчезает, если окажется на расстоянии более 30 футов от вас, или вы произнесете это заклинание снова.   В качестве действия вы можете управлять рукой. Вы можете  использовать ее, чтобы воздействовать на объекты, открывать незамкнутые двери или емкости, доставать или класть предмет в открытую емкость, или выливать содержимое из флаконов. Вы можете перемещать руку на расстояние до 30 футов каждый раз, когда вы используете ее.   Рука не может атаковать, активировать магические предметы или поднимать предметы весом более 10 фунтов.",
            "max": "",
            "id": "-RljbcEGfdkvIDt1DItw"
        },
        {
            "name": "repeating_spell-cantrip_-7KzCXnGo3FnbljvnmsH_spellduration",
            "current": "1 минута",
            "max": "",
            "id": "-JZ8hOLNNezQCJ6QATNO"
        },
        {
            "name": "repeating_spell-cantrip_-7KzCXnGo3FnbljvnmsH_spellcomp_v",
            "current": "{{v=1}}",
            "max": "",
            "id": "-oaly3QNAcFREe3otFSs"
        },
        {
            "name": "repeating_spell-cantrip_-7KzCXnGo3FnbljvnmsH_spellcomp_s",
            "current": "{{s=1}}",
            "max": "",
            "id": "-ZmAY52O0Ab98ghc74uL"
        },
        {
            "name": "repeating_spell-cantrip_-7KzCXnGo3FnbljvnmsH_spellcomp_m",
            "current": "0",
            "max": "",
            "id": "-cLDEVBaKgq02wcuPN21"
        },
        {
            "name": "repeating_spell-cantrip_-7KzCXnGo3FnbljvnmsH_spellsource",
            "current": "PHB",
            "max": "",
            "id": "-gFKSclWl5YPhOUEsAZP"
        },
        {
            "name": "repeating_spell-cantrip_-7KzCXnGo3FnbljvnmsH_details-flag",
            "current": "0",
            "max": "",
            "id": "-XrRmmdOecAnHxZilHgw"
        },
        {
            "name": "repeating_spell-cantrip_-7KzCXnGo3FnbljvnmsH_options-flag",
            "current": "0",
            "max": "",
            "id": "-Gw4cBp8SKqPKKH7pAuT"
        },
        {
            "name": "repeating_spell-cantrip_-NqE9trx2kL0vnYrIbXH_spellname",
            "current": "ПОЧИНКА",
            "max": "",
            "id": "-w7aFwFAODZGh2Jja28W"
        },
        {
            "name": "repeating_spell-cantrip_-NqE9trx2kL0vnYrIbXH_spellschool",
            "current": "transmutation",
            "max": "",
            "id": "-xL9O14ywUYyfemY578H"
        },
        {
            "name": "repeating_spell-cantrip_-NqE9trx2kL0vnYrIbXH_spellcastingtime",
            "current": "1 минута",
            "max": "",
            "id": "-68JKNDRYO6k6RddTzc7"
        },
        {
            "name": "repeating_spell-cantrip_-NqE9trx2kL0vnYrIbXH_spellrange",
            "current": "Касание",
            "max": "",
            "id": "-67yM9Z50I28DbfvktYK"
        },
        {
            "name": "repeating_spell-cantrip_-NqE9trx2kL0vnYrIbXH_spelltarget",
            "current": "",
            "max": "",
            "id": "-c6XvAKt241PXpy32ebH"
        },
        {
            "name": "repeating_spell-cantrip_-NqE9trx2kL0vnYrIbXH_spellcomp_materials",
            "current": "два магнетита",
            "max": "",
            "id": "-kTMartIKjUvzGRiyRN4"
        },
        {
            "name": "repeating_spell-cantrip_-NqE9trx2kL0vnYrIbXH_spelldescription",
            "current": "Это заклинание восстанавливает один разлом или разрыв в объекте, которого вы касаетесь. Например сломанное звено цепи, две половинки сломанного ключа, порваный плащ или протекающий бурдюк. Пока разрыв или разлом не больше 1 фута в любой из размерностей, вы полностью исправляете его, не оставляя следов. Заклинание способно физически починить магический предмет или голема, но не может вернуть в него магию.",
            "max": "",
            "id": "-hoH8vLg5Po2hPCbPrXP"
        },
        {
            "name": "repeating_spell-cantrip_-NqE9trx2kL0vnYrIbXH_spellduration",
            "current": "мгновенно",
            "max": "",
            "id": "-DaK3JSwCOef0T2tCFlw"
        },
        {
            "name": "repeating_spell-cantrip_-NqE9trx2kL0vnYrIbXH_spellcomp_v",
            "current": "{{v=1}}",
            "max": "",
            "id": "-HOzPpidsnQUOvKFw6Q2"
        },
        {
            "name": "repeating_spell-cantrip_-NqE9trx2kL0vnYrIbXH_spellcomp_s",
            "current": "{{s=1}}",
            "max": "",
            "id": "-YrlqDSwu3Vz0YcbjH7r"
        },
        {
            "name": "repeating_spell-cantrip_-NqE9trx2kL0vnYrIbXH_spellcomp_m",
            "current": "0",
            "max": "",
            "id": "-c4xeG5zfahFnuIGNMbm"
        },
        {
            "name": "repeating_spell-cantrip_-NqE9trx2kL0vnYrIbXH_spellsource",
            "current": "PHB",
            "max": "",
            "id": "-1qGk9Eemfu7RCa5ZOQl"
        },
        {
            "name": "repeating_spell-cantrip_-NqE9trx2kL0vnYrIbXH_details-flag",
            "current": "0",
            "max": "",
            "id": "-HAnDAZHvdQKccWjLdZh"
        },
        {
            "name": "repeating_spell-cantrip_-NqE9trx2kL0vnYrIbXH_options-flag",
            "current": "0",
            "max": "",
            "id": "-w2RH5Lp8FlYSDotYT8L"
        },
        {
            "name": "repeating_spell-cantrip_-PfO51gcfTkIgisw4C6U_spellname",
            "current": "ЯДОВИТЫЕ БРЫЗГИ",
            "max": "",
            "id": "-nVlrBU5LHeRkVsYlpRj"
        },
        {
            "name": "repeating_spell-cantrip_-PfO51gcfTkIgisw4C6U_spellschool",
            "current": "conjuration",
            "max": "",
            "id": "-G84Zi31xGC4UCf15IuO"
        },
        {
            "name": "repeating_spell-cantrip_-PfO51gcfTkIgisw4C6U_spellcastingtime",
            "current": "1 действие",
            "max": "",
            "id": "-pG8tdFiOKEE8v8GxUDp"
        },
        {
            "name": "repeating_spell-cantrip_-PfO51gcfTkIgisw4C6U_spellrange",
            "current": "10 футов",
            "max": "",
            "id": "-JAuyQw9rGo9gdFEa7lo"
        },
        {
            "name": "repeating_spell-cantrip_-PfO51gcfTkIgisw4C6U_spelltarget",
            "current": "",
            "max": "",
            "id": "-JccrmwsuWelbxaGGdeD"
        },
        {
            "name": "repeating_spell-cantrip_-PfO51gcfTkIgisw4C6U_spellcomp_materials",
            "current": "",
            "max": "",
            "id": "-Y6313OykTt6Cf77K1Uw"
        },
        {
            "name": "repeating_spell-cantrip_-PfO51gcfTkIgisw4C6U_spelldescription",
            "current": "Вы простираете руку в сторону существа, которое можете видеть в пределах дальности заклинания, и выпускаете облако ядовитого газа из вашей ладони. Цель должна совершить спасбросок по Телосложению или получит 1d12 урона ядом.<br> Урон этого заклинания увеличивается на 1d12 по достижении 5 уровня (2d12), 11 уровня (3d12) и 17 уровня (4d12)",
            "max": "",
            "id": "-aK8sZmJ5XGtvjfSV2Ck"
        },
        {
            "name": "repeating_spell-cantrip_-PfO51gcfTkIgisw4C6U_spellduration",
            "current": "мгновенно",
            "max": "",
            "id": "-fbHuDis4gdHzXq8futV"
        },
        {
            "name": "repeating_spell-cantrip_-PfO51gcfTkIgisw4C6U_spellcomp_v",
            "current": "{{v=1}}",
            "max": "",
            "id": "-S8TrX2uu2ipudU8momx"
        },
        {
            "name": "repeating_spell-cantrip_-PfO51gcfTkIgisw4C6U_spellcomp_s",
            "current": "{{s=1}}",
            "max": "",
            "id": "-wYepcjUJY7EvWzX0KnM"
        },
        {
            "name": "repeating_spell-cantrip_-PfO51gcfTkIgisw4C6U_spellcomp_m",
            "current": "0",
            "max": "",
            "id": "-y6ArTbpsGI1B6OeF1Pb"
        },
        {
            "name": "repeating_spell-cantrip_-PfO51gcfTkIgisw4C6U_spellsource",
            "current": "PHB",
            "max": "",
            "id": "-LhAusFSrkPKXvNL4oQg"
        },
        {
            "name": "repeating_spell-cantrip_-PfO51gcfTkIgisw4C6U_details-flag",
            "current": "0",
            "max": "",
            "id": "-jlSKhnOVconlOQ3Tzjr"
        },
        {
            "name": "repeating_spell-cantrip_-PfO51gcfTkIgisw4C6U_options-flag",
            "current": "0",
            "max": "",
            "id": "-dMbZZG0RFAY3GWpFiHJ"
        },
        {
            "name": "repeating_spell-1_-GohjGoFF4Z1Rawy7C50_spellname",
            "current": "ОЧАРОВАТЬ ПЕРСОНУ",
            "max": "",
            "id": "-5TVJYexsBDPyMmKuOl2"
        },
        {
            "name": "repeating_spell-1_-GohjGoFF4Z1Rawy7C50_spellschool",
            "current": "enchantment",
            "max": "",
            "id": "-KD7wEyo2sfuIy5nr9V6"
        },
        {
            "name": "repeating_spell-1_-GohjGoFF4Z1Rawy7C50_spellcastingtime",
            "current": "1 действие",
            "max": "",
            "id": "-WFEMV3Qoih5BvnWp3bv"
        },
        {
            "name": "repeating_spell-1_-GohjGoFF4Z1Rawy7C50_spellrange",
            "current": "30 футов",
            "max": "",
            "id": "-wMWDrETF7736SHx6ovi"
        },
        {
            "name": "repeating_spell-1_-GohjGoFF4Z1Rawy7C50_spelltarget",
            "current": "",
            "max": "",
            "id": "-QZcdTYuotQsLd55qPFv"
        },
        {
            "name": "repeating_spell-1_-GohjGoFF4Z1Rawy7C50_spellcomp_materials",
            "current": "",
            "max": "",
            "id": "-n4fojVLeGtuzzVeuBcx"
        },
        {
            "name": "repeating_spell-1_-GohjGoFF4Z1Rawy7C50_spelldescription",
            "current": "Вы пытаетесь очаровать гуманоида, которого видите в пределах дальности заклинания. Он должен совершить спасбросок по Мудрости. Если вы или ваши компаньоны сражаетесь с ним, то он получает преимущество на этот бросок.  В случае провала, он очарован вами до тех пор, пока заклинание закончится, или вы или ваши компаньоны нанесете ему любой вред. Очарованное существо считает вас дружеским знакомым. Когда заклинание заканчивается, существо осознает, что оно было очаровано вами.  <br>На более высоких кругах. Если вы произносите заклинание, используя ячейку 2 круга или выше, то можете использовать это заклинание на одну дополнительную цель за каждый круг выше первого. Существа должны находиться в пределах 30 футов друг от друга, когда вы применяете на них заклинание.",
            "max": "",
            "id": "-P6OFikv3nA8yKm0oM7l"
        },
        {
            "name": "repeating_spell-1_-GohjGoFF4Z1Rawy7C50_spellduration",
            "current": "1 час",
            "max": "",
            "id": "-P6lGsDDVftYfbyOJqnT"
        },
        {
            "name": "repeating_spell-1_-GohjGoFF4Z1Rawy7C50_spellcomp_v",
            "current": "{{v=1}}",
            "max": "",
            "id": "-3nErJCTyiPy6sbpQur9"
        },
        {
            "name": "repeating_spell-1_-GohjGoFF4Z1Rawy7C50_spellcomp_s",
            "current": "{{s=1}}",
            "max": "",
            "id": "-It2fiq0Bp64HSPerGDf"
        },
        {
            "name": "repeating_spell-1_-GohjGoFF4Z1Rawy7C50_spellcomp_m",
            "current": "0",
            "max": "",
            "id": "-gfytEV7U5wPTFrLMxVU"
        },
        {
            "name": "repeating_spell-1_-GohjGoFF4Z1Rawy7C50_spellsource",
            "current": "PHB",
            "max": "",
            "id": "-bxzQVwCxVFcOeoGk5yY"
        },
        {
            "name": "repeating_spell-1_-GohjGoFF4Z1Rawy7C50_details-flag",
            "current": "0",
            "max": "",
            "id": "-BwjyZbe8DQzC4tC38pT"
        },
        {
            "name": "repeating_spell-1_-GohjGoFF4Z1Rawy7C50_options-flag",
            "current": "0",
            "max": "",
            "id": "-6R5rcvqFj9c8dtqApZp"
        },
        {
            "name": "repeating_spell-1_-swBl4ngtLzPucSK85yz_spellname",
            "current": "РАЗНОЦВЕТНЫЙ ШАР",
            "max": "",
            "id": "-lGzmOU1aEfh19g7ttGQ"
        },
        {
            "name": "repeating_spell-1_-swBl4ngtLzPucSK85yz_spellschool",
            "current": "evocation",
            "max": "",
            "id": "-Wr1CnACgjJX0kLM8vMW"
        },
        {
            "name": "repeating_spell-1_-swBl4ngtLzPucSK85yz_spellcastingtime",
            "current": "1 действие",
            "max": "",
            "id": "-2EsbJS7umaEplrlCwI7"
        },
        {
            "name": "repeating_spell-1_-swBl4ngtLzPucSK85yz_spellrange",
            "current": "90 футов",
            "max": "",
            "id": "-tjbX6YIRTC5y8e7X294"
        },
        {
            "name": "repeating_spell-1_-swBl4ngtLzPucSK85yz_spelltarget",
            "current": "",
            "max": "",
            "id": "-U70l0upyLjuJsPtelob"
        },
        {
            "name": "repeating_spell-1_-swBl4ngtLzPucSK85yz_spellcomp_materials",
            "current": "алмаз стоимостью 50 зм",
            "max": "",
            "id": "-fVp0ptuZHJji3Xv7cTL"
        },
        {
            "name": "repeating_spell-1_-swBl4ngtLzPucSK85yz_spelldescription",
            "current": "Вы запускаете сферу энергии диаметром 4 дюйма в существо, которое можете видеть в пределах дальности заклинания. Выберите тип урона: кислота, холод, огонь, яд, молния или звук, а затем сделайте заклинательную атаку дальнего боя против цели. При попадании существо получает 3d8 урона выбранного типа. <br>На более высоких кругах. Если вы произносите заклинание, используя ячейку 2 круга или выше, то урон увеличивается на 1d8 за каждый круг выше первого.",
            "max": "",
            "id": "-6bWM9LunApEvNdcQkst"
        },
        {
            "name": "repeating_spell-1_-swBl4ngtLzPucSK85yz_spellduration",
            "current": "мгновенно",
            "max": "",
            "id": "-g6q0GZX2f7d1oPsqJaY"
        },
        {
            "name": "repeating_spell-1_-swBl4ngtLzPucSK85yz_spellcomp_v",
            "current": "{{v=1}}",
            "max": "",
            "id": "-isBqFsMBdY8iSSdfrIk"
        },
        {
            "name": "repeating_spell-1_-swBl4ngtLzPucSK85yz_spellcomp_s",
            "current": "{{s=1}}",
            "max": "",
            "id": "-skKG3WDyrOAE6gfWF50"
        },
        {
            "name": "repeating_spell-1_-swBl4ngtLzPucSK85yz_spellcomp_m",
            "current": "{{m=1}}",
            "max": "",
            "id": "-vZPZAlUAraMICQWmKPl"
        },
        {
            "name": "repeating_spell-1_-swBl4ngtLzPucSK85yz_spellsource",
            "current": "PHB",
            "max": "",
            "id": "-WsFT5Gy8EoeLN6WRov0"
        },
        {
            "name": "repeating_spell-1_-swBl4ngtLzPucSK85yz_details-flag",
            "current": "0",
            "max": "",
            "id": "-roasyro1UnRIVJxTL6b"
        },
        {
            "name": "repeating_spell-1_-swBl4ngtLzPucSK85yz_options-flag",
            "current": "0",
            "max": "",
            "id": "-6Yvepb9nQhjtekKBW2T"
        },
        {
            "name": "repeating_spell-1_-nDfd5LeBSNpVH5rgLm4_spellname",
            "current": "ПОСПЕШНОЕ ОТСТУПЛЕНИЕ",
            "max": "",
            "id": "-6kE3rm2UoVV7CBJRWoo"
        },
        {
            "name": "repeating_spell-1_-nDfd5LeBSNpVH5rgLm4_spellschool",
            "current": "transmutation",
            "max": "",
            "id": "-gNMf0jcrc8XrGwEFyt9"
        },
        {
            "name": "repeating_spell-1_-nDfd5LeBSNpVH5rgLm4_spellcastingtime",
            "current": "1 бонусное действие",
            "max": "",
            "id": "-ZKqtK9LFzhDpV5ih9gK"
        },
        {
            "name": "repeating_spell-1_-nDfd5LeBSNpVH5rgLm4_spellrange",
            "current": "Вы",
            "max": "",
            "id": "-WEmTsxsonyhCwz7cDhe"
        },
        {
            "name": "repeating_spell-1_-nDfd5LeBSNpVH5rgLm4_spelltarget",
            "current": "",
            "max": "",
            "id": "-GCeNtDYwnQPKkOfhVIX"
        },
        {
            "name": "repeating_spell-1_-nDfd5LeBSNpVH5rgLm4_spellcomp_materials",
            "current": "",
            "max": "",
            "id": "-jlAgcyPv866KctsHFON"
        },
        {
            "name": "repeating_spell-1_-nDfd5LeBSNpVH5rgLm4_spelldescription",
            "current": "Это заклинание позволяет вам двигаться с невероятной скоростью. Сразу после произнесения и в качестве дополнительного действия каждый следующий ход, пока заклинание действует, вы можете совершать Рывок.",
            "max": "",
            "id": "-uMTU3xuNMmrh1HtyBGF"
        },
        {
            "name": "repeating_spell-1_-nDfd5LeBSNpVH5rgLm4_spellduration",
            "current": "конц-я, до 10 мин",
            "max": "",
            "id": "-KnuHI8H8ZLNcndhHfbN"
        },
        {
            "name": "repeating_spell-1_-nDfd5LeBSNpVH5rgLm4_spellcomp_v",
            "current": "{{v=1}}",
            "max": "",
            "id": "-QJVYNYllQ9QEuaYE0xO"
        },
        {
            "name": "repeating_spell-1_-nDfd5LeBSNpVH5rgLm4_spellcomp_s",
            "current": "{{s=1}}",
            "max": "",
            "id": "-Fc1Jlng8nEZsJgPgkWw"
        },
        {
            "name": "repeating_spell-1_-nDfd5LeBSNpVH5rgLm4_spellcomp_m",
            "current": "0",
            "max": "",
            "id": "-mwSlGrElrs9emQOGk8b"
        },
        {
            "name": "repeating_spell-1_-nDfd5LeBSNpVH5rgLm4_spellsource",
            "current": "PHB",
            "max": "",
            "id": "-CGG6h3kpyRmUpfbHGI4"
        },
        {
            "name": "repeating_spell-1_-nDfd5LeBSNpVH5rgLm4_details-flag",
            "current": "0",
            "max": "",
            "id": "-YSq93awSTX9QbpPb2dI"
        },
        {
            "name": "repeating_spell-1_-nDfd5LeBSNpVH5rgLm4_options-flag",
            "current": "0",
            "max": "",
            "id": "-Wlg8SZehbuuZiyovtds"
        },
        {
            "name": "repeating_spell-2_-1xcffUXN6Qzv6O4Ky8f_spellname",
            "current": "ОБЖИГАЮЩИЙ ЛУЧ",
            "max": "",
            "id": "-XRAeB3N9AJY1NspTbIA"
        },
        {
            "name": "repeating_spell-2_-1xcffUXN6Qzv6O4Ky8f_spellschool",
            "current": "evocation",
            "max": "",
            "id": "-wjLGZ9I8KeYHxMorJvM"
        },
        {
            "name": "repeating_spell-2_-1xcffUXN6Qzv6O4Ky8f_spellcastingtime",
            "current": "1 действие",
            "max": "",
            "id": "-80YbozLTMMQHqWMX3gx"
        },
        {
            "name": "repeating_spell-2_-1xcffUXN6Qzv6O4Ky8f_spellrange",
            "current": "120 футов",
            "max": "",
            "id": "-bqYPXDgjkPl0Rk87FEh"
        },
        {
            "name": "repeating_spell-2_-1xcffUXN6Qzv6O4Ky8f_spelltarget",
            "current": "",
            "max": "",
            "id": "-g84SF99OR0ioHFKTKtu"
        },
        {
            "name": "repeating_spell-2_-1xcffUXN6Qzv6O4Ky8f_spellcomp_materials",
            "current": "",
            "max": "",
            "id": "-N90T2j5tEPwy2v0TkNa"
        },
        {
            "name": "repeating_spell-2_-1xcffUXN6Qzv6O4Ky8f_spelldescription",
            "current": "Вы создаете три огненных луча, которые устремляются к цели в пределах дальности заклинания. Вы можете запустить их в одну цель или в разные. Сделайте заклинательную атаку дальнего боя для каждого луча. При попадании цель получает 2d6 урона огнем. <br>На более высоких кругах. Когда вы произносите заклинание, используя ячейку 3 круга или выше, вы создаете дополнительный луч за каждый круг выше второго.",
            "max": "",
            "id": "-mI6ol6Zu84MwDZoYrPD"
        },
        {
            "name": "repeating_spell-2_-1xcffUXN6Qzv6O4Ky8f_spellduration",
            "current": "мгновенно",
            "max": "",
            "id": "-K8wkZPJNMoH8p8kFIyn"
        },
        {
            "name": "repeating_spell-2_-1xcffUXN6Qzv6O4Ky8f_spellcomp_v",
            "current": "{{v=1}}",
            "max": "",
            "id": "-APtaQuTqxYFhKNUr7BM"
        },
        {
            "name": "repeating_spell-2_-1xcffUXN6Qzv6O4Ky8f_spellcomp_s",
            "current": "{{s=1}}",
            "max": "",
            "id": "-Jj3HV9UsrkmtVyRGy1i"
        },
        {
            "name": "repeating_spell-2_-1xcffUXN6Qzv6O4Ky8f_spellcomp_m",
            "current": "0",
            "max": "",
            "id": "-UnrmSU3JeUpefJwsLQ4"
        },
        {
            "name": "repeating_spell-2_-1xcffUXN6Qzv6O4Ky8f_spellsource",
            "current": "PHB",
            "max": "",
            "id": "-PG4R79g1DOH5oufyOny"
        },
        {
            "name": "repeating_spell-2_-1xcffUXN6Qzv6O4Ky8f_details-flag",
            "current": "0",
            "max": "",
            "id": "-DfDrvCI4Bn3E3brfPGw"
        },
        {
            "name": "repeating_spell-2_-1xcffUXN6Qzv6O4Ky8f_options-flag",
            "current": "0",
            "max": "",
            "id": "-r8H9C6cwye1XZkKv3sQ"
        },
        {
            "name": "repeating_npctrait_-LWEhXa5JsY8cpaJcmYd_description",
            "current": "Кобольд является заклинателем 3 уровня. Его способности основаны на Харизме (Сл спасброска от заклинаний 12, +4 к попаданию заклинаниями). У него приготовлены следующие заклинания чародея:\n\nЗаговоры (неограниченно): \n>огненный снаряд [fire bolt], \n>магическая рука [mage hand], \n>починка [mending], \n>ядовитые брызги [poison spray]\n\n 1 уровень (4 ячейки): \n>очарование личности [charm person], \n>цветной шарик [chromatic orb], \n>поспешное отступление [expeditious retreat]\n\n2 уровень (2 ячейки): \n>палящий луч [scorching ray]\n\n Единицы чародейства. У кобольда есть 3 единицы чародейства. Он может потратить 1 или более единиц чародейства бонусным действием, чтобы получить один из следующих полезных эффектов:\n\n Непреодолимое заклинание: Накладывая заклинание, вынуждающее существо совершить спасбросок для защиты от его эффектов, кобольд может потратить 3 единицы чародейства, чтобы одна из целей заклинания совершила первый спасбросок от этого заклинания с помехой.\n\n Неуловимое заклинание: Во время использования заклинаниякобольд может потратить 1 единицу чародейства, чтобы сотворить его без вербальных и соматических компонентов.",
            "max": "",
            "id": "-eOrEsseH5xxHgvA0DZg"
        },
        {
            "name": "repeating_npctrait_-6zQPu7g4zOnmhyWy4Rd_name",
            "current": "Стайная тактика",
            "max": "",
            "id": "-e7TlqlBtffVxY84xUWj"
        },
        {
            "name": "repeating_npctrait_-6zQPu7g4zOnmhyWy4Rd_description",
            "current": "Кобольд обладает преимуществом на броски атаки против существа, если хотя-бы один его союзник находится на расстоянии 5 футов от существа и если при этом этот союзник не пребывает в состоянии недееспособности.",
            "max": "",
            "id": "-pmIYZMpqeUUR8pLsOdu"
        },
        {
            "name": "repeating_npctrait_-7DDaj9zYW5Sk1AyjwVq_name",
            "current": "Чувствительность к солнечному свету",
            "max": "",
            "id": "-H4F2LmVz6e61OIBYmPj"
        },
        {
            "name": "repeating_npctrait_-7DDaj9zYW5Sk1AyjwVq_description",
            "current": "Кобольд совершает с помехой броски атаки и проверки Мудрости (Внимательность), основанные на зрении, находясь на солнечном свете.",
            "max": "",
            "id": "-TXKWrHUYTC9sjwpmQU0"
        },
        {
            "name": "npcspellcastingflag",
            "current": "1",
            "max": "",
            "id": "-6eONWfazypQwkASrCkh"
        }
    ],
    "abilities": []
}