{
    "schema_version": 2,
    "oldId": "-6ZCdGJ7UMEyv5Uswzgv",
    "name": "Каменный великан (Stone Giant)",
    "avatar": "https://tentaculus.ru/monsters/img/cute_monsters/STONE_GIANT.jpg",
    "bio": "",
    "gmnotes": "",
    "defaulttoken": "",
    "tags": "[]",
    "controlledby": "",
    "inplayerjournals": "",
    "attribs": [
        {
            "name": "hitdieroll",
            "current": "4",
            "max": "",
            "id": "-j52hlH4XDlu30woQet8"
        },
        {
            "name": "showleveler",
            "current": 0,
            "max": "",
            "id": "-4KFRNO9kXUHBi2fRoos"
        },
        {
            "name": "invalidXP",
            "current": 0,
            "max": "",
            "id": "-ySbTDuaUXHVPvi5Bze6"
        },
        {
            "name": "version",
            "current": 4.21,
            "max": "",
            "id": "-wbb5kkLGbKstx0y9K2f"
        },
        {
            "name": "mancer_confirm_flag",
            "current": "",
            "max": "",
            "id": "-83E9WMCPsY3hjVyit73"
        },
        {
            "name": "mancer_npc",
            "current": "on",
            "max": "",
            "id": "-qpzHyWSLBHPEyhb4PKC"
        },
        {
            "name": "l1mancer_status",
            "current": "completed",
            "max": "",
            "id": "-ARqgUjZO0ZSpeU1mkUY"
        },
        {
            "name": "rtype",
            "current": "@{advantagetoggle}",
            "max": "",
            "id": "-wiWwvQeBlsokuBoRgpy"
        },
        {
            "name": "dtype",
            "current": "full",
            "max": "",
            "id": "-XmKym73n2ta5BUs7h9x"
        },
        {
            "name": "appliedUpdates",
            "current": "upgrade_to_4_2_1",
            "max": "",
            "id": "-RDrdI1TcuWpZo9qI3Jr"
        },
        {
            "name": "npc",
            "current": "1",
            "max": "",
            "id": "-YaXEoybapta6WYrouHE"
        },
        {
            "name": "npc_options-flag",
            "current": "0",
            "max": "",
            "id": "-o10Ts2SGVbYUZAgpTQ7"
        },
        {
            "name": "ui_flags",
            "current": "",
            "max": "",
            "id": "-zg12NF3DqXQHnU2MIMI"
        },
        {
            "name": "npc_name",
            "current": "Каменный великан (Stone Giant)",
            "max": "",
            "id": "-CA40IPIG9Wf4CnwDqp1"
        },
        {
            "name": "npc_type",
            "current": "великан нейтральное",
            "max": "",
            "id": "-JK1uDeaj9Tq31zdtRSH"
        },
        {
            "name": "npc_speed",
            "current": "8 клеток",
            "max": "",
            "id": "-Ql2z8raHgVDRSx6sMsQ"
        },
        {
            "name": "hp",
            "current": "",
            "max": "126",
            "id": "-Bw3xODEB9We1e9OYaTp"
        },
        {
            "name": "npc_ac",
            "current": "17 (естественная броня)",
            "max": "",
            "id": "-8A3K6cqOINOIkEmcCrA"
        },
        {
            "name": "ac",
            "current": "17 (естественная броня)",
            "max": "",
            "id": "-SWyvkU9sN5ClGqEfho9"
        },
        {
            "name": "npc_languages",
            "current": "Великаний",
            "max": "",
            "id": "-IjBxTki0aNFzZPLB7xO"
        },
        {
            "name": "npc_challenge",
            "current": "7",
            "max": "",
            "id": "-5Wn2BU2DenmHb84RmfE"
        },
        {
            "name": "passive_wisdom",
            "current": "7",
            "max": "",
            "id": "-63jhwt0DFDdhDPhB4si"
        },
        {
            "name": "initiative_bonus",
            "current": 2,
            "max": "",
            "id": "-FCGpGCbrsYTPcsVZSYI"
        },
        {
            "name": "npc_hpformula",
            "current": "11d12 + 55",
            "max": "",
            "id": "-cRmtKE0tg4NKXFLocwh"
        },
        {
            "name": "strength_base",
            "current": "23",
            "max": "",
            "id": "-LVdLHthFaqqhMSs0f9M"
        },
        {
            "name": "strength_flag",
            "current": "0",
            "max": "",
            "id": "-teLerK6nDFHawjDRZFz"
        },
        {
            "name": "strength",
            "current": 23,
            "max": "",
            "id": "-vo4YuIpNkA5P2vCkufJ"
        },
        {
            "name": "strength_mod",
            "current": 6,
            "max": "",
            "id": "-xy2hBIVkWfaXkWanW1a"
        },
        {
            "name": "npc_str_negative",
            "current": 0,
            "max": "",
            "id": "-5hj52Ii1l8U4g0rI5Ov"
        },
        {
            "name": "dexterity_base",
            "current": "15",
            "max": "",
            "id": "-eGUavPr1W3uu9fzqELT"
        },
        {
            "name": "dexterity_flag",
            "current": "0",
            "max": "",
            "id": "-ZH5g96QzRPhx1MW2OS6"
        },
        {
            "name": "dexterity",
            "current": 15,
            "max": "",
            "id": "-O8LEDUXjEbHcrr4emgU"
        },
        {
            "name": "dexterity_mod",
            "current": 2,
            "max": "",
            "id": "-wEnqn7C9BF2U1csaV6b"
        },
        {
            "name": "npc_dex_negative",
            "current": 0,
            "max": "",
            "id": "-fmH282cYU5TxQb3ESkG"
        },
        {
            "name": "constitution_base",
            "current": "20",
            "max": "",
            "id": "-OG5K8RBhMIuzhL3Ga13"
        },
        {
            "name": "constitution_flag",
            "current": "0",
            "max": "",
            "id": "-oDHAsOyBnlwCL1vjf1x"
        },
        {
            "name": "constitution",
            "current": 20,
            "max": "",
            "id": "-yqkSsvYaD60wb6dnkz5"
        },
        {
            "name": "constitution_mod",
            "current": 5,
            "max": "",
            "id": "-sJ7cANVYK4TGajo8QkO"
        },
        {
            "name": "npc_con_negative",
            "current": 0,
            "max": "",
            "id": "-agBZ7hIrIm6lI6rkalK"
        },
        {
            "name": "intelligence_base",
            "current": "10",
            "max": "",
            "id": "-KcyY1GMhf4D1ZY8ksz5"
        },
        {
            "name": "intelligence_flag",
            "current": "0",
            "max": "",
            "id": "-yQXTD0Zmy0oYSEACGsY"
        },
        {
            "name": "intelligence",
            "current": 10,
            "max": "",
            "id": "-IQhHZjTpIhrkDNlpf3m"
        },
        {
            "name": "intelligence_mod",
            "current": 0,
            "max": "",
            "id": "-M2FKlWGCskgzQJ2Z9Bi"
        },
        {
            "name": "npc_int_negative",
            "current": 0,
            "max": "",
            "id": "-do6PRx1jBSYT4548ghA"
        },
        {
            "name": "wisdom_base",
            "current": "12",
            "max": "",
            "id": "-cayzRK4Ldhc5y8I9hcO"
        },
        {
            "name": "wisdom_flag",
            "current": "0",
            "max": "",
            "id": "-BcEF6c2mvBGSFMfYvJu"
        },
        {
            "name": "wisdom",
            "current": 12,
            "max": "",
            "id": "-gQNNTikoiUPz2oGPs4g"
        },
        {
            "name": "wisdom_mod",
            "current": 1,
            "max": "",
            "id": "-8YYHNBvVaeTkjVl2xBS"
        },
        {
            "name": "npc_wis_negative",
            "current": 0,
            "max": "",
            "id": "-UobR7YPn4pDwxG88Rxv"
        },
        {
            "name": "charisma_base",
            "current": "9",
            "max": "",
            "id": "-dNMTOaS74hayerrFXfV"
        },
        {
            "name": "charisma_flag",
            "current": "0",
            "max": "",
            "id": "-loeINpw2XDqgMfFberD"
        },
        {
            "name": "charisma",
            "current": 9,
            "max": "",
            "id": "-VCCVbijkCYuYIzXaEZP"
        },
        {
            "name": "charisma_mod",
            "current": -1,
            "max": "",
            "id": "-HSVZXVgOZxBVEORtjhV"
        },
        {
            "name": "npc_cha_negative",
            "current": 1,
            "max": "",
            "id": "-0hbp7lHkX8YLdsGMu8u"
        },
        {
            "name": "npc_skills_flag",
            "current": 3,
            "max": "",
            "id": "-f9Y5Ci75L9551qSS37s"
        },
        {
            "name": "npc_athletics_base",
            "current": "12",
            "max": "",
            "id": "-n1i06PXeiP0z5fJi5Lh"
        },
        {
            "name": "npc_athletics_flag",
            "current": "1",
            "max": "",
            "id": "-bjAntirrtqf176wRPFD"
        },
        {
            "name": "npc_athletics",
            "current": 12,
            "max": "",
            "id": "-QHWP04UVRxq9DpvLbKt"
        },
        {
            "name": "npc_perception_base",
            "current": "4",
            "max": "",
            "id": "-h80zFoog6m05xKGjfkX"
        },
        {
            "name": "npc_perception_flag",
            "current": "1",
            "max": "",
            "id": "-wxF2kJEO3iPX3WaR5tE"
        },
        {
            "name": "npc_perception",
            "current": 4,
            "max": "",
            "id": "-xm6rZ3TFEpCzXlHRqft"
        },
        {
            "name": "npc_saving_flag",
            "current": 7,
            "max": "",
            "id": "-BJ6OkXQyc4QBDRwqTRk"
        },
        {
            "name": "npc_dex_save_base",
            "current": "5",
            "max": "",
            "id": "-24GdVJtBDt7DrGoOQCC"
        },
        {
            "name": "npc_dex_save_flag",
            "current": 1,
            "max": "",
            "id": "-lV1TnBA29dfNhCs2aaV"
        },
        {
            "name": "npc_dex_save",
            "current": 5,
            "max": "",
            "id": "-HZKEgdtMYyWF48d6R5q"
        },
        {
            "name": "npc_con_save_base",
            "current": "8",
            "max": "",
            "id": "-tiHh8QX9rCRQuA9EPf5"
        },
        {
            "name": "npc_con_save_flag",
            "current": 1,
            "max": "",
            "id": "-HNy5HXTMi1QLOUk4g7W"
        },
        {
            "name": "npc_con_save",
            "current": 8,
            "max": "",
            "id": "-t1NII9oen43Jwaz08rl"
        },
        {
            "name": "npc_wis_save_base",
            "current": "4",
            "max": "",
            "id": "-H1YE0dj7gRnFdIYtxeU"
        },
        {
            "name": "npc_wis_save_flag",
            "current": 1,
            "max": "",
            "id": "-s74yjL8S3z7hTkoMB89"
        },
        {
            "name": "npc_wis_save",
            "current": 4,
            "max": "",
            "id": "-V2daaTYYCZWW5M9uDwS"
        },
        {
            "name": "npc_senses",
            "current": "темнозрение 12 клетки",
            "max": "",
            "id": "-gFeWGw8n0LElIXl6KjL"
        },
        {
            "name": "repeating_npcaction_-aUdN1F2sGDTHO82n20q_name",
            "current": "Мультиатака",
            "max": "",
            "id": "-8zLOeL1MU4xpZ860Us4"
        },
        {
            "name": "repeating_npcaction_-aUdN1F2sGDTHO82n20q_description",
            "current": "Великан проводит 2 greatclub attacks.",
            "max": "",
            "id": "-b8whl8cMfc5eYfESfgs"
        },
        {
            "name": "repeating_npcaction_-aUdN1F2sGDTHO82n20q_attack_tohitrange",
            "current": "+0",
            "max": "",
            "id": "-Kat3wiFJW1eNDfSkMJT"
        },
        {
            "name": "repeating_npcaction_-aUdN1F2sGDTHO82n20q_attack_onhit",
            "current": "",
            "max": "",
            "id": "-NRlYLUxL8T8Yv1OnnPM"
        },
        {
            "name": "repeating_npcaction_-aUdN1F2sGDTHO82n20q_damage_flag",
            "current": "",
            "max": "",
            "id": "-OuMGFxjFWJ0T0HFSYIq"
        },
        {
            "name": "repeating_npcaction_-aUdN1F2sGDTHO82n20q_attack_crit",
            "current": "",
            "max": "",
            "id": "-oSpGjrPvJXWcLnh1QNu"
        },
        {
            "name": "repeating_npcaction_-aUdN1F2sGDTHO82n20q_attack_crit2",
            "current": "",
            "max": "",
            "id": "-5kuGs5jkUYGUt6LYFo8"
        },
        {
            "name": "repeating_npcaction_-aUdN1F2sGDTHO82n20q_rollbase",
            "current": "@{wtype}&{template:npcaction} @{npc_name_flag} {{rname=@{name}}} {{description=@{show_desc}}} @{charname_output}",
            "max": "",
            "id": "-g1TrtatVo8axM0wMQMt"
        },
        {
            "name": "repeating_npcaction_-e879I42E4oWAUsgsju5_name",
            "current": "Дубина",
            "max": "",
            "id": "-gXBqxc2zbTpAcgBYyRq"
        },
        {
            "name": "repeating_npcaction_-e879I42E4oWAUsgsju5_description",
            "current": "Рукопашное Оружие: +9 к атаке, досягаемость 3 клетки, одна цель. Попадание: 19 (3d8 + 6) дробящего урона.",
            "max": "",
            "id": "-aJZHmPYYSbDyjejJi8d"
        },
        {
            "name": "repeating_npcaction_-e879I42E4oWAUsgsju5_attack_flag",
            "current": "on",
            "max": "",
            "id": "-OEeEO9Nw402jKp8Uz3G"
        },
        {
            "name": "repeating_npcaction_-e879I42E4oWAUsgsju5_attack_tohitrange",
            "current": "+9",
            "max": "",
            "id": "-f6Hl3VHxPVZKiq53bEz"
        },
        {
            "name": "repeating_npcaction_-e879I42E4oWAUsgsju5_attack_onhit",
            "current": "",
            "max": "",
            "id": "-SY70CvtNBuHRUrC6Zld"
        },
        {
            "name": "repeating_npcaction_-e879I42E4oWAUsgsju5_attack_tohit",
            "current": "9",
            "max": "",
            "id": "-7fBjEuMvbjhSfNQDNIn"
        },
        {
            "name": "repeating_npcaction_-e879I42E4oWAUsgsju5_attack_damage",
            "current": "3d8+6",
            "max": "",
            "id": "-B9QP5CscNEaS5AoKaHQ"
        },
        {
            "name": "repeating_npcaction_-e879I42E4oWAUsgsju5_damage_flag",
            "current": "{{damage=1}} {{dmg1flag=1}}",
            "max": "",
            "id": "-B7jHTKcDfxRzFS4Bpjr"
        },
        {
            "name": "repeating_npcaction_-e879I42E4oWAUsgsju5_rollbase",
            "current": "@{wtype}&{template:npcaction} {{attack=1}} @{damage_flag} @{npc_name_flag} {{rname=@{name}}} {{r1=[[@{d20}+(@{attack_tohit})]]}} @{rtype}+(@{attack_tohit})]]}} {{dmg1=[[@{attack_damage}]]}} {{dmg1type=@{attack_damagetype}}} {{dmg2=[[@{attack_damage2}+0]]}} {{dmg2type=@{attack_damagetype2}}} {{crit1=[[@{attack_crit}+0]]}} {{crit2=[[@{attack_crit2}+0]]}} {{description=@{show_desc}}} @{charname_output}",
            "max": "",
            "id": "-OZJ7eSUz6WJQD8tSHKf"
        },
        {
            "name": "repeating_npcaction_-e879I42E4oWAUsgsju5_attack_crit",
            "current": "3d8+6",
            "max": "",
            "id": "-EskW3WCygw9X1ypu430"
        },
        {
            "name": "repeating_npcaction_-e879I42E4oWAUsgsju5_attack_crit2",
            "current": "",
            "max": "",
            "id": "-8k6Sh9tzHgtrj4ammoU"
        },
        {
            "name": "repeating_npcaction_-TtLrYuI2bZBLQXB7sff_name",
            "current": "Камень",
            "max": "",
            "id": "-TW7E9vQfn7kNACXff2B"
        },
        {
            "name": "repeating_npcaction_-TtLrYuI2bZBLQXB7sff_description",
            "current": "Дальнобойное оружие: +9 к атаке, досягаемость 12/48 клеток, одна цель. Попадание: 28 (4d10 + 6) дробящего урона. Если цель - существо, оно должно бросить спасбросок сложностью 17 по Силе или будет сбито с ног.",
            "max": "",
            "id": "-vqiD0hzrur4rhIe5lcH"
        },
        {
            "name": "repeating_npcaction_-TtLrYuI2bZBLQXB7sff_attack_flag",
            "current": "on",
            "max": "",
            "id": "-0IPDh7vt4Bo95menivG"
        },
        {
            "name": "repeating_npcaction_-TtLrYuI2bZBLQXB7sff_attack_tohitrange",
            "current": "+9",
            "max": "",
            "id": "-aP5gIjXtvb5Y7y8ovZ1"
        },
        {
            "name": "repeating_npcaction_-TtLrYuI2bZBLQXB7sff_attack_onhit",
            "current": "",
            "max": "",
            "id": "-aspH9wfvpbD5cdZutJZ"
        },
        {
            "name": "repeating_npcaction_-TtLrYuI2bZBLQXB7sff_attack_tohit",
            "current": "9",
            "max": "",
            "id": "-Rk3cRfgaW8BgMmjShby"
        },
        {
            "name": "repeating_npcaction_-TtLrYuI2bZBLQXB7sff_attack_damage",
            "current": "4d10+6",
            "max": "",
            "id": "-O5ZEYuhEIAyRsX1kG05"
        },
        {
            "name": "repeating_npcaction_-TtLrYuI2bZBLQXB7sff_damage_flag",
            "current": "{{damage=1}} {{dmg1flag=1}}",
            "max": "",
            "id": "-MQPdocjslIL5p7dSkmW"
        },
        {
            "name": "repeating_npcaction_-TtLrYuI2bZBLQXB7sff_rollbase",
            "current": "@{wtype}&{template:npcaction} {{attack=1}} @{damage_flag} @{npc_name_flag} {{rname=@{name}}} {{r1=[[@{d20}+(@{attack_tohit})]]}} @{rtype}+(@{attack_tohit})]]}} {{dmg1=[[@{attack_damage}]]}} {{dmg1type=@{attack_damagetype}}} {{dmg2=[[@{attack_damage2}+0]]}} {{dmg2type=@{attack_damagetype2}}} {{crit1=[[@{attack_crit}+0]]}} {{crit2=[[@{attack_crit2}+0]]}} {{description=@{show_desc}}} @{charname_output}",
            "max": "",
            "id": "-5aLa4NOjUyJUG8EQNSq"
        },
        {
            "name": "repeating_npcaction_-TtLrYuI2bZBLQXB7sff_attack_crit",
            "current": "4d10+6",
            "max": "",
            "id": "-1l3DSr47XfyMVqBd98X"
        },
        {
            "name": "repeating_npcaction_-TtLrYuI2bZBLQXB7sff_attack_crit2",
            "current": "",
            "max": "",
            "id": "-oPKoTOern0IUuBilBzx"
        },
        {
            "name": "repeating_npctrait_-k1jPc6cQnVsVCs8l6j2_name",
            "current": "Каменный Камуфляж",
            "max": "",
            "id": "-Qg9EkNEiORKWg7Mmzr2"
        },
        {
            "name": "repeating_npctrait_-k1jPc6cQnVsVCs8l6j2_description",
            "current": "Великан имеет преимущество на проверки Ловкости (Скрытность), прячась на каменистой местности.",
            "max": "",
            "id": "-cdfULvjjXCznIkoKFxZ"
        },
        {
            "name": "npcspellcastingflag",
            "current": "0",
            "max": "",
            "id": "-89MaTxCRhmUQTNPVc6p"
        }
    ],
    "abilities": []
}