{
    "schema_version": 2,
    "oldId": "-WRJk3U6760U1OsZyaX8",
    "name": "Капитан Бандитов (Bandit Captain)",
    "avatar": "https://tentaculus.ru/monsters/img/cute_monsters/BANDIT_CAPTAIN.jpg",
    "bio": "",
    "gmnotes": "",
    "defaulttoken": "",
    "tags": "[]",
    "controlledby": "",
    "inplayerjournals": "",
    "attribs": [
        {
            "name": "hitdieroll",
            "current": "4",
            "max": "",
            "id": "-CIjPBjz5ZZ0iVrpgaZH"
        },
        {
            "name": "showleveler",
            "current": 0,
            "max": "",
            "id": "-2dDyPDegYRhKtzLw3ty"
        },
        {
            "name": "invalidXP",
            "current": 0,
            "max": "",
            "id": "-SzCdNiw3cQPBZWbNbYf"
        },
        {
            "name": "version",
            "current": 4.21,
            "max": "",
            "id": "-LAvh5sky4v2poNMS5qj"
        },
        {
            "name": "mancer_confirm_flag",
            "current": "",
            "max": "",
            "id": "-iFu14ng5eEMrr20INDv"
        },
        {
            "name": "mancer_npc",
            "current": "on",
            "max": "",
            "id": "-uRiYMndjt2cbS8Nn36K"
        },
        {
            "name": "l1mancer_status",
            "current": "completed",
            "max": "",
            "id": "-HJF4fGvRdbFiCA1Ws3E"
        },
        {
            "name": "rtype",
            "current": "@{advantagetoggle}",
            "max": "",
            "id": "-YIGS625FRG5nkOUv7yf"
        },
        {
            "name": "dtype",
            "current": "full",
            "max": "",
            "id": "-ZCzY3Of7acbU7x3W28B"
        },
        {
            "name": "appliedUpdates",
            "current": "upgrade_to_4_2_1",
            "max": "",
            "id": "-xD3NXOnhTwf6TTGBKCy"
        },
        {
            "name": "npc",
            "current": "1",
            "max": "",
            "id": "-sPsqqUOJBjDbQXQ8ibh"
        },
        {
            "name": "npc_options-flag",
            "current": "0",
            "max": "",
            "id": "-UP3fuCwoqK3njXATj5s"
        },
        {
            "name": "ui_flags",
            "current": "",
            "max": "",
            "id": "-SKnLRFUnjik3kMSgCcR"
        },
        {
            "name": "npc_name",
            "current": "Капитан Бандитов (Bandit Captain)",
            "max": "",
            "id": "-fIcn3jRQnDjnBpVAOUV"
        },
        {
            "name": "npc_type",
            "current": "гуманоид (любая раса) любое не законное",
            "max": "",
            "id": "-qnnHiAFKKjfWVOPiviX"
        },
        {
            "name": "npc_speed",
            "current": "6 клеток",
            "max": "",
            "id": "-JuICH7wHKc4ytOnLP2g"
        },
        {
            "name": "hp",
            "current": "",
            "max": "65",
            "id": "-Vi2cR6Cl5bFa21knmxF"
        },
        {
            "name": "npc_ac",
            "current": "15 (армированная кожа)",
            "max": "",
            "id": "-05QovyHpf7hyztXteNO"
        },
        {
            "name": "ac",
            "current": "15 (армированная кожа)",
            "max": "",
            "id": "-ReydybRmiEVauTJbCdN"
        },
        {
            "name": "npc_languages",
            "current": "любые 2 языка",
            "max": "",
            "id": "-wIY3b4DK0i7h9BreNue"
        },
        {
            "name": "npc_challenge",
            "current": "2",
            "max": "",
            "id": "-7C82KmGVdzmc81cOxc5"
        },
        {
            "name": "passive_wisdom",
            "current": "2",
            "max": "",
            "id": "-DG4VmeESxOmQotxu6lx"
        },
        {
            "name": "initiative_bonus",
            "current": 3,
            "max": "",
            "id": "-2TvHBKnvjblTOsZVbmD"
        },
        {
            "name": "npc_hpformula",
            "current": "10d8 + 20",
            "max": "",
            "id": "-jZoILnKXZID3NeRPpiq"
        },
        {
            "name": "strength_base",
            "current": "15",
            "max": "",
            "id": "-5revhDE6skDP3Aas2ER"
        },
        {
            "name": "strength_flag",
            "current": "0",
            "max": "",
            "id": "-u6dsuahbslIK7cuhYXc"
        },
        {
            "name": "strength",
            "current": 15,
            "max": "",
            "id": "-cCo7WBLn3OjcdsN8Q7U"
        },
        {
            "name": "strength_mod",
            "current": 2,
            "max": "",
            "id": "-v7MNI0ZGmsLNDB6AhSR"
        },
        {
            "name": "npc_str_negative",
            "current": 0,
            "max": "",
            "id": "-29mxttazrPtQrBM7eUn"
        },
        {
            "name": "dexterity_base",
            "current": "16",
            "max": "",
            "id": "-Sy8rVx3UGzF1BI5WvDf"
        },
        {
            "name": "dexterity_flag",
            "current": "0",
            "max": "",
            "id": "-o9lcsPH7zsrLtoaaruk"
        },
        {
            "name": "dexterity",
            "current": 16,
            "max": "",
            "id": "-GIGxq5FB3naKlkwbPLn"
        },
        {
            "name": "dexterity_mod",
            "current": 3,
            "max": "",
            "id": "-rt8vLSezDYRcussacVx"
        },
        {
            "name": "npc_dex_negative",
            "current": 0,
            "max": "",
            "id": "-REv8mEs6kXw7veOfd6V"
        },
        {
            "name": "constitution_base",
            "current": "14",
            "max": "",
            "id": "-t7CZxAXRUaARrHckmwp"
        },
        {
            "name": "constitution_flag",
            "current": "0",
            "max": "",
            "id": "-W61I28OJfE642amo1qU"
        },
        {
            "name": "constitution",
            "current": 14,
            "max": "",
            "id": "-CLqEtDdq1GJar93mgMY"
        },
        {
            "name": "constitution_mod",
            "current": 2,
            "max": "",
            "id": "-piHcKCVJR5PfyAPlony"
        },
        {
            "name": "npc_con_negative",
            "current": 0,
            "max": "",
            "id": "-Oz9KG6EvcuIjjJpwkKR"
        },
        {
            "name": "intelligence_base",
            "current": "14",
            "max": "",
            "id": "-TSOFa692UxqVkj0kTvM"
        },
        {
            "name": "intelligence_flag",
            "current": "0",
            "max": "",
            "id": "-G6sKNufjkdqrHRRn5J7"
        },
        {
            "name": "intelligence",
            "current": 14,
            "max": "",
            "id": "-ZbZANmDp6LK23Y4lHmZ"
        },
        {
            "name": "intelligence_mod",
            "current": 2,
            "max": "",
            "id": "-AYwj7zfbfmqZuHRhm1b"
        },
        {
            "name": "npc_int_negative",
            "current": 0,
            "max": "",
            "id": "-EMAzDWu9Xtw7W1thSnX"
        },
        {
            "name": "wisdom_base",
            "current": "11",
            "max": "",
            "id": "-ZYlnPxwufiew3HIMmhF"
        },
        {
            "name": "wisdom_flag",
            "current": "0",
            "max": "",
            "id": "-H32XLEN9cslYSuQYo9G"
        },
        {
            "name": "wisdom",
            "current": 11,
            "max": "",
            "id": "-j8dZkcI1lxxFLk1DboX"
        },
        {
            "name": "wisdom_mod",
            "current": 0,
            "max": "",
            "id": "-7Af6XPhv0xbUJizHHLK"
        },
        {
            "name": "npc_wis_negative",
            "current": 0,
            "max": "",
            "id": "-yaLi1h3d3EZ3rgkc40d"
        },
        {
            "name": "charisma_base",
            "current": "14",
            "max": "",
            "id": "-GWAqzwtYjOVR7BCHFWi"
        },
        {
            "name": "charisma_flag",
            "current": "0",
            "max": "",
            "id": "-3gZTMQ3YptAkuEs14Sg"
        },
        {
            "name": "charisma",
            "current": 14,
            "max": "",
            "id": "-l9l6jJrxKJGvCYpUNSC"
        },
        {
            "name": "charisma_mod",
            "current": 2,
            "max": "",
            "id": "-7TYNHviajHc4wROPoKM"
        },
        {
            "name": "npc_cha_negative",
            "current": 0,
            "max": "",
            "id": "-hGqeJNmlCgXYnl3074X"
        },
        {
            "name": "npc_skills_flag",
            "current": 3,
            "max": "",
            "id": "-zBJkWyDgC0SxU2nL43F"
        },
        {
            "name": "npc_athletics_base",
            "current": "4",
            "max": "",
            "id": "-y0lHEXWL8BEzq3J57gX"
        },
        {
            "name": "npc_athletics_flag",
            "current": "1",
            "max": "",
            "id": "-ATdybumBOm9x69GUZXg"
        },
        {
            "name": "npc_athletics",
            "current": 4,
            "max": "",
            "id": "-43IijIB7G25Z0tNoRKd"
        },
        {
            "name": "npc_deception_base",
            "current": "4",
            "max": "",
            "id": "-UMRTAo2RtSTtXVqVpQE"
        },
        {
            "name": "npc_deception_flag",
            "current": "1",
            "max": "",
            "id": "-i31DtnclIlxIoZtYLTl"
        },
        {
            "name": "npc_deception",
            "current": 4,
            "max": "",
            "id": "-r8T9bayVPfWFZDHKgrl"
        },
        {
            "name": "npc_saving_flag",
            "current": 7,
            "max": "",
            "id": "-Q2nGxBu71wK4B06Wkma"
        },
        {
            "name": "npc_str_save_base",
            "current": "4",
            "max": "",
            "id": "-z1hkXQuzwwDPEPmIwiM"
        },
        {
            "name": "npc_str_save_flag",
            "current": 1,
            "max": "",
            "id": "-lHPeKT8GwAWYiiCONEh"
        },
        {
            "name": "npc_str_save",
            "current": 4,
            "max": "",
            "id": "-bbIxZvg1481OM4E4jsG"
        },
        {
            "name": "npc_dex_save_base",
            "current": "5",
            "max": "",
            "id": "-Rojxq5u0hRzyG24SWcG"
        },
        {
            "name": "npc_dex_save_flag",
            "current": 1,
            "max": "",
            "id": "-ZLfrdao6OaAKYiscZA4"
        },
        {
            "name": "npc_dex_save",
            "current": 5,
            "max": "",
            "id": "-cdX1D6EaDTB4JfpOoXd"
        },
        {
            "name": "npc_wis_save_base",
            "current": "2",
            "max": "",
            "id": "-bwhehuTtjLF6fSQAdtE"
        },
        {
            "name": "npc_wis_save_flag",
            "current": 1,
            "max": "",
            "id": "-oo0vSt1dlm5WXyj9x7D"
        },
        {
            "name": "npc_wis_save",
            "current": 2,
            "max": "",
            "id": "-U4JSbX34XRKeUi9KQIn"
        },
        {
            "name": "repeating_npcaction_-oVyil21z9cRZMiWueDR_name",
            "current": "Мультиатака",
            "max": "",
            "id": "-6JIw8YZEUMNQx0NM9G9"
        },
        {
            "name": "repeating_npcaction_-oVyil21z9cRZMiWueDR_description",
            "current": "Капитан проводит 3 рукопашные атаки - 2 скимитаром и 1 кинжалом, либо 2 дальнобойные атаки кинжалом.",
            "max": "",
            "id": "-0IJYzWveBIv86XHv0lN"
        },
        {
            "name": "repeating_npcaction_-oVyil21z9cRZMiWueDR_attack_tohitrange",
            "current": "+0",
            "max": "",
            "id": "-BC0LAwEBFbmCPVdE9ii"
        },
        {
            "name": "repeating_npcaction_-oVyil21z9cRZMiWueDR_attack_onhit",
            "current": "",
            "max": "",
            "id": "-ex8V75TbRFRgpvACGel"
        },
        {
            "name": "repeating_npcaction_-oVyil21z9cRZMiWueDR_damage_flag",
            "current": "",
            "max": "",
            "id": "-CGIEcOsGPPLojpJ35Q1"
        },
        {
            "name": "repeating_npcaction_-oVyil21z9cRZMiWueDR_attack_crit",
            "current": "",
            "max": "",
            "id": "-We9ytK7WnmoYoRcNfki"
        },
        {
            "name": "repeating_npcaction_-oVyil21z9cRZMiWueDR_attack_crit2",
            "current": "",
            "max": "",
            "id": "-E1klO17wso5EOflI4ci"
        },
        {
            "name": "repeating_npcaction_-oVyil21z9cRZMiWueDR_rollbase",
            "current": "@{wtype}&{template:npcaction} @{npc_name_flag} {{rname=@{name}}} {{description=@{show_desc}}} @{charname_output}",
            "max": "",
            "id": "-GttHsMSJcS6JiBESdmN"
        },
        {
            "name": "repeating_npcaction_-bHhRCx5IH5vOEIiQkl3_name",
            "current": "Скимитар",
            "max": "",
            "id": "-uTL7QKJbslA4ijJaBCO"
        },
        {
            "name": "repeating_npcaction_-bHhRCx5IH5vOEIiQkl3_description",
            "current": "Рукопашное Оружие: +5 к атаке, досягаемость: 1 клетка, одна цель. Попадание: 6 (1d6 + 3) рубящего урона.",
            "max": "",
            "id": "-NUcbIgahukWnnrmknEA"
        },
        {
            "name": "repeating_npcaction_-bHhRCx5IH5vOEIiQkl3_attack_flag",
            "current": "on",
            "max": "",
            "id": "-K5BQalqG38lCvgiHI03"
        },
        {
            "name": "repeating_npcaction_-bHhRCx5IH5vOEIiQkl3_attack_tohitrange",
            "current": "+5",
            "max": "",
            "id": "-mSt8dOQXazjypT3bHjn"
        },
        {
            "name": "repeating_npcaction_-bHhRCx5IH5vOEIiQkl3_attack_onhit",
            "current": "",
            "max": "",
            "id": "-deQ57jo0cPgTbEmQAvX"
        },
        {
            "name": "repeating_npcaction_-bHhRCx5IH5vOEIiQkl3_attack_tohit",
            "current": "5",
            "max": "",
            "id": "-8fz9kzC7PifKHtkfC34"
        },
        {
            "name": "repeating_npcaction_-bHhRCx5IH5vOEIiQkl3_attack_damage",
            "current": "1d6+3",
            "max": "",
            "id": "-s9ObGOGrTeZM7kq8NSK"
        },
        {
            "name": "repeating_npcaction_-bHhRCx5IH5vOEIiQkl3_damage_flag",
            "current": "{{damage=1}} {{dmg1flag=1}}",
            "max": "",
            "id": "-12ZHVCuQcTnwMJmf8MO"
        },
        {
            "name": "repeating_npcaction_-bHhRCx5IH5vOEIiQkl3_rollbase",
            "current": "@{wtype}&{template:npcaction} {{attack=1}} @{damage_flag} @{npc_name_flag} {{rname=@{name}}} {{r1=[[@{d20}+(@{attack_tohit})]]}} @{rtype}+(@{attack_tohit})]]}} {{dmg1=[[@{attack_damage}]]}} {{dmg1type=@{attack_damagetype}}} {{dmg2=[[@{attack_damage2}+0]]}} {{dmg2type=@{attack_damagetype2}}} {{crit1=[[@{attack_crit}+0]]}} {{crit2=[[@{attack_crit2}+0]]}} {{description=@{show_desc}}} @{charname_output}",
            "max": "",
            "id": "-DlsMYq2p8QqMM1kht0y"
        },
        {
            "name": "repeating_npcaction_-bHhRCx5IH5vOEIiQkl3_attack_crit",
            "current": "1d6+3",
            "max": "",
            "id": "-nxzwlA1WHvaQWFL66R1"
        },
        {
            "name": "repeating_npcaction_-bHhRCx5IH5vOEIiQkl3_attack_crit2",
            "current": "",
            "max": "",
            "id": "-lI7GXzoubjkzWUsEcUy"
        },
        {
            "name": "repeating_npcaction_-mVq7ALK7mC226RzaB8u_name",
            "current": "Кинжал",
            "max": "",
            "id": "-liuAc708pO1oQhzKeaF"
        },
        {
            "name": "repeating_npcaction_-mVq7ALK7mC226RzaB8u_description",
            "current": "Рукопашное или Дальнобойное Оружие: +5 к атаке, досягаемость: 1 клетка или дальнобойное 4/12 клеток, одна цель. Попадание: 5 (1d4 + 3) колющего урона.",
            "max": "",
            "id": "-hTw7DYVOmuQg75BkvkZ"
        },
        {
            "name": "repeating_npcaction_-mVq7ALK7mC226RzaB8u_attack_flag",
            "current": "on",
            "max": "",
            "id": "-3szyoG83RWy1DDm4ii1"
        },
        {
            "name": "repeating_npcaction_-mVq7ALK7mC226RzaB8u_attack_tohitrange",
            "current": "+5",
            "max": "",
            "id": "-4GCPhdUD7m6xVDaljAC"
        },
        {
            "name": "repeating_npcaction_-mVq7ALK7mC226RzaB8u_attack_onhit",
            "current": "",
            "max": "",
            "id": "-h5WwByfeQ6y76otNq8q"
        },
        {
            "name": "repeating_npcaction_-mVq7ALK7mC226RzaB8u_attack_tohit",
            "current": "5",
            "max": "",
            "id": "-4p7A3CoBDalVVnEL51g"
        },
        {
            "name": "repeating_npcaction_-mVq7ALK7mC226RzaB8u_attack_damage",
            "current": "1d4+3",
            "max": "",
            "id": "-8hH5Mv3fLdft19oLtEV"
        },
        {
            "name": "repeating_npcaction_-mVq7ALK7mC226RzaB8u_damage_flag",
            "current": "{{damage=1}} {{dmg1flag=1}}",
            "max": "",
            "id": "-uWjODcDU63cHlEPkadY"
        },
        {
            "name": "repeating_npcaction_-mVq7ALK7mC226RzaB8u_rollbase",
            "current": "@{wtype}&{template:npcaction} {{attack=1}} @{damage_flag} @{npc_name_flag} {{rname=@{name}}} {{r1=[[@{d20}+(@{attack_tohit})]]}} @{rtype}+(@{attack_tohit})]]}} {{dmg1=[[@{attack_damage}]]}} {{dmg1type=@{attack_damagetype}}} {{dmg2=[[@{attack_damage2}+0]]}} {{dmg2type=@{attack_damagetype2}}} {{crit1=[[@{attack_crit}+0]]}} {{crit2=[[@{attack_crit2}+0]]}} {{description=@{show_desc}}} @{charname_output}",
            "max": "",
            "id": "-NS7nUdxHzAFLD82HviY"
        },
        {
            "name": "repeating_npcaction_-mVq7ALK7mC226RzaB8u_attack_crit",
            "current": "1d4+3",
            "max": "",
            "id": "-FnZ9Hj3IVp1lqedsr8U"
        },
        {
            "name": "repeating_npcaction_-mVq7ALK7mC226RzaB8u_attack_crit2",
            "current": "",
            "max": "",
            "id": "-l23Ee6gDM3Xy7hZYs8x"
        }
    ],
    "abilities": []
}