{
    "schema_version": 2,
    "oldId": "-aqUHs4shDBPkkziuTWy",
    "name": "Красный Слаад (Red Slaad)",
    "avatar": "https://tentaculus.ru/monsters/img/cute_monsters/RED_SLAAD.jpg",
    "bio": "",
    "gmnotes": "",
    "defaulttoken": "",
    "tags": "[]",
    "controlledby": "",
    "inplayerjournals": "",
    "attribs": [
        {
            "name": "hitdieroll",
            "current": "4",
            "max": "",
            "id": "-X83j1UNkKMahmIzihPF"
        },
        {
            "name": "showleveler",
            "current": 0,
            "max": "",
            "id": "-ClxB8RldjPcrwSU2NV0"
        },
        {
            "name": "invalidXP",
            "current": 0,
            "max": "",
            "id": "-40VGaQ0rH5eeOUsxUwz"
        },
        {
            "name": "version",
            "current": 4.21,
            "max": "",
            "id": "-aUDlRtsu20JsXWfqOnP"
        },
        {
            "name": "mancer_confirm_flag",
            "current": "",
            "max": "",
            "id": "-gsg2kHR2a90tVX4kSAi"
        },
        {
            "name": "mancer_npc",
            "current": "on",
            "max": "",
            "id": "-lbdJoPOaCl6JR9RlYpg"
        },
        {
            "name": "l1mancer_status",
            "current": "completed",
            "max": "",
            "id": "-OXlyUmx0VsrjQlOKagm"
        },
        {
            "name": "rtype",
            "current": "@{advantagetoggle}",
            "max": "",
            "id": "-VHCIsyUDUzS1ATno99j"
        },
        {
            "name": "dtype",
            "current": "full",
            "max": "",
            "id": "-5AJNqrTmojkiGMMJWuw"
        },
        {
            "name": "appliedUpdates",
            "current": "upgrade_to_4_2_1",
            "max": "",
            "id": "-L0SqdMlFhOqDFNm4NT6"
        },
        {
            "name": "npc",
            "current": "1",
            "max": "",
            "id": "-C6R5fG1mdIA5bZhmD86"
        },
        {
            "name": "npc_options-flag",
            "current": "0",
            "max": "",
            "id": "-4wOEoQnS2b79CFp7JzP"
        },
        {
            "name": "ui_flags",
            "current": "",
            "max": "",
            "id": "-C69m0Os5Xfr8nv4ig8C"
        },
        {
            "name": "npc_name",
            "current": "Красный Слаад (Red Slaad)",
            "max": "",
            "id": "-sNzznLN90YRAuUcP4uO"
        },
        {
            "name": "npc_type",
            "current": "аберрация хаотично-нейтральное",
            "max": "",
            "id": "-v8j3lXfmvMdtjP9Lwuk"
        },
        {
            "name": "npc_speed",
            "current": "6 клеток",
            "max": "",
            "id": "-ecifavPHIYfE4MIHBsV"
        },
        {
            "name": "hp",
            "current": "",
            "max": "93",
            "id": "-lfrJCaX6fsSIjzDYAHg"
        },
        {
            "name": "npc_ac",
            "current": "14 (естественная броня)",
            "max": "",
            "id": "-Fbcd4Pab8ZLLjnjkCVK"
        },
        {
            "name": "ac",
            "current": "14 (естественная броня)",
            "max": "",
            "id": "-dTarfKcw1HZF7sL6AQp"
        },
        {
            "name": "npc_languages",
            "current": "Слаад, телепатия 12 клеток",
            "max": "",
            "id": "-hy4MTKv3zXPAcI6pEep"
        },
        {
            "name": "npc_challenge",
            "current": "5",
            "max": "",
            "id": "-P7r76YbjhB0fnfapwPp"
        },
        {
            "name": "passive_wisdom",
            "current": "5",
            "max": "",
            "id": "-GHDJaOahW9eFGWc517A"
        },
        {
            "name": "initiative_bonus",
            "current": 1,
            "max": "",
            "id": "-vJioZnaqtA5AMnPp5Z5"
        },
        {
            "name": "npc_hpformula",
            "current": "11d10 + 33",
            "max": "",
            "id": "-EqQp00yBhPVCwb4wncI"
        },
        {
            "name": "strength_base",
            "current": "16",
            "max": "",
            "id": "-ioi1aJy3c8aiZZWMNZR"
        },
        {
            "name": "strength_flag",
            "current": "0",
            "max": "",
            "id": "-Sez0TudGgqCMHEf5eq4"
        },
        {
            "name": "strength",
            "current": 16,
            "max": "",
            "id": "-vjhtdUC09pwVOGXZk7m"
        },
        {
            "name": "strength_mod",
            "current": 3,
            "max": "",
            "id": "-9gUqlcSwJf6cbIdKviI"
        },
        {
            "name": "npc_str_negative",
            "current": 0,
            "max": "",
            "id": "-8A5CmgfPS3qUB5Usw0I"
        },
        {
            "name": "dexterity_base",
            "current": "12",
            "max": "",
            "id": "-UeHeUKd3aDDSVwbFxRV"
        },
        {
            "name": "dexterity_flag",
            "current": "0",
            "max": "",
            "id": "-9NDu6pJCaiKjsjbjdm1"
        },
        {
            "name": "dexterity",
            "current": 12,
            "max": "",
            "id": "-eQ0FvaYQBgfPBOCAB9y"
        },
        {
            "name": "dexterity_mod",
            "current": 1,
            "max": "",
            "id": "-L5PvIRVAkIARV3UuYJC"
        },
        {
            "name": "npc_dex_negative",
            "current": 0,
            "max": "",
            "id": "-AaDBzaWpYvBV7V0aFZ8"
        },
        {
            "name": "constitution_base",
            "current": "16",
            "max": "",
            "id": "-qt6EIAM2zJzixbETgoi"
        },
        {
            "name": "constitution_flag",
            "current": "0",
            "max": "",
            "id": "-ZT3IpYUVocPB59vLy8f"
        },
        {
            "name": "constitution",
            "current": 16,
            "max": "",
            "id": "-sR0Gwh77B8MU9Ivs449"
        },
        {
            "name": "constitution_mod",
            "current": 3,
            "max": "",
            "id": "-DRIinAVrw3LghUhzy0i"
        },
        {
            "name": "npc_con_negative",
            "current": 0,
            "max": "",
            "id": "-axzMYpiKkF8aijuSCZf"
        },
        {
            "name": "intelligence_base",
            "current": "6",
            "max": "",
            "id": "-V1zJ06xrO6ZfFzM29Jw"
        },
        {
            "name": "intelligence_flag",
            "current": "0",
            "max": "",
            "id": "-Iy7lsVXuZcKYXoAMGKM"
        },
        {
            "name": "intelligence",
            "current": 6,
            "max": "",
            "id": "-2Tae1E2lJ5aMCYyE3da"
        },
        {
            "name": "intelligence_mod",
            "current": -2,
            "max": "",
            "id": "-1O9XWy93HKIKvlLOuT8"
        },
        {
            "name": "npc_int_negative",
            "current": 1,
            "max": "",
            "id": "-Vi34zWSyR8GxNX2zg4R"
        },
        {
            "name": "wisdom_base",
            "current": "6",
            "max": "",
            "id": "-oLVUea2MYwBf5RTuPIe"
        },
        {
            "name": "wisdom_flag",
            "current": "0",
            "max": "",
            "id": "-PMjKDALWDwlhrd6WxF7"
        },
        {
            "name": "wisdom",
            "current": 6,
            "max": "",
            "id": "-kpbgpxtaLCtzNTEspnS"
        },
        {
            "name": "wisdom_mod",
            "current": -2,
            "max": "",
            "id": "-6eauALB0A1OpADzlBaQ"
        },
        {
            "name": "npc_wis_negative",
            "current": 1,
            "max": "",
            "id": "-i5rnngMbkiCizgZk1kr"
        },
        {
            "name": "charisma_base",
            "current": "7",
            "max": "",
            "id": "-Qm9kUQNpd5NLcXfLG7n"
        },
        {
            "name": "charisma_flag",
            "current": "0",
            "max": "",
            "id": "-Q0DlA5PepZtB4xf65wp"
        },
        {
            "name": "charisma",
            "current": 7,
            "max": "",
            "id": "-jukGSzg9opbz1E5BaIZ"
        },
        {
            "name": "charisma_mod",
            "current": -2,
            "max": "",
            "id": "-8KIljNF8NbFPamht9av"
        },
        {
            "name": "npc_cha_negative",
            "current": 1,
            "max": "",
            "id": "-5zim3Op4DZ9Annp3qZD"
        },
        {
            "name": "npc_skills_flag",
            "current": 3,
            "max": "",
            "id": "-GNiMe9K9tPH5wPVKQoG"
        },
        {
            "name": "npc_perception_base",
            "current": "1",
            "max": "",
            "id": "-BZc4S3nVixM2fsPQHzc"
        },
        {
            "name": "npc_perception_flag",
            "current": "1",
            "max": "",
            "id": "-m8794ZzSAghrGQ3ruCn"
        },
        {
            "name": "npc_perception",
            "current": 1,
            "max": "",
            "id": "-q1ikpyrG5lpMgoU72Dp"
        },
        {
            "name": "npc_resistances",
            "current": "кислота, холод, огонь, молния, гром",
            "max": "",
            "id": "-UY6u6oVHLiiDf4oyvuL"
        },
        {
            "name": "npc_senses",
            "current": "темнозрение 12 клеток",
            "max": "",
            "id": "-hvSDc7d5EItaXXgle6v"
        },
        {
            "name": "repeating_npcaction_-KtBbFYXoCrdBpDJisvD_name",
            "current": "Мультиатака",
            "max": "",
            "id": "-PwwPwWxZpD5MG9TmTSE"
        },
        {
            "name": "repeating_npcaction_-KtBbFYXoCrdBpDJisvD_description",
            "current": "Слаад проводит три атаки: одну Укусом и две Когтями.",
            "max": "",
            "id": "-zYVltkfIRq51mFUdcxg"
        },
        {
            "name": "repeating_npcaction_-KtBbFYXoCrdBpDJisvD_attack_tohitrange",
            "current": "+0",
            "max": "",
            "id": "-F1IkbaiHZXlGYzrnvp6"
        },
        {
            "name": "repeating_npcaction_-KtBbFYXoCrdBpDJisvD_attack_onhit",
            "current": "",
            "max": "",
            "id": "-ju7NeJKbluF7C6CmAxN"
        },
        {
            "name": "repeating_npcaction_-KtBbFYXoCrdBpDJisvD_damage_flag",
            "current": "",
            "max": "",
            "id": "-0uVI7TggT50QMczW5Pk"
        },
        {
            "name": "repeating_npcaction_-KtBbFYXoCrdBpDJisvD_attack_crit",
            "current": "",
            "max": "",
            "id": "-IWAZzCN9s5zi0r2SbX2"
        },
        {
            "name": "repeating_npcaction_-KtBbFYXoCrdBpDJisvD_attack_crit2",
            "current": "",
            "max": "",
            "id": "-8AC3qPwgFkGp4UyQrwE"
        },
        {
            "name": "repeating_npcaction_-KtBbFYXoCrdBpDJisvD_rollbase",
            "current": "@{wtype}&{template:npcaction} @{npc_name_flag} {{rname=@{name}}} {{description=@{show_desc}}} @{charname_output}",
            "max": "",
            "id": "-pJlYIEHBVkCN3FEZAx9"
        },
        {
            "name": "repeating_npcaction_-aGFXAxU1ZtTdKlhGZOi_name",
            "current": "Укус",
            "max": "",
            "id": "-0vZWX9Yn6ahQ5GXjOlX"
        },
        {
            "name": "repeating_npcaction_-aGFXAxU1ZtTdKlhGZOi_description",
            "current": "Рукопашное Оружие: +6 к атаке, досягаемость: 1 клетка, одна цель. Попадание: 8 (2d4 + 3) колющего урона.",
            "max": "",
            "id": "-pmiTDbwHr82oPBuEm7b"
        },
        {
            "name": "repeating_npcaction_-aGFXAxU1ZtTdKlhGZOi_attack_flag",
            "current": "on",
            "max": "",
            "id": "-zWm8AGoxZ10fN3Astzi"
        },
        {
            "name": "repeating_npcaction_-aGFXAxU1ZtTdKlhGZOi_attack_tohitrange",
            "current": "+6",
            "max": "",
            "id": "-JjcTYukuaoeVWr0E3Ff"
        },
        {
            "name": "repeating_npcaction_-aGFXAxU1ZtTdKlhGZOi_attack_onhit",
            "current": "",
            "max": "",
            "id": "-60wRDisC1U93mXh9stV"
        },
        {
            "name": "repeating_npcaction_-aGFXAxU1ZtTdKlhGZOi_attack_tohit",
            "current": "6",
            "max": "",
            "id": "-4N9N5vF8IayXJKAN8Yz"
        },
        {
            "name": "repeating_npcaction_-aGFXAxU1ZtTdKlhGZOi_attack_damage",
            "current": "2d4+3",
            "max": "",
            "id": "-Jmgpm45rJnUPWW7vmqF"
        },
        {
            "name": "repeating_npcaction_-aGFXAxU1ZtTdKlhGZOi_damage_flag",
            "current": "{{damage=1}} {{dmg1flag=1}}",
            "max": "",
            "id": "-LbWAmVnhHvYfkngYr5Z"
        },
        {
            "name": "repeating_npcaction_-aGFXAxU1ZtTdKlhGZOi_rollbase",
            "current": "@{wtype}&{template:npcaction} {{attack=1}} @{damage_flag} @{npc_name_flag} {{rname=@{name}}} {{r1=[[@{d20}+(@{attack_tohit})]]}} @{rtype}+(@{attack_tohit})]]}} {{dmg1=[[@{attack_damage}]]}} {{dmg1type=@{attack_damagetype}}} {{dmg2=[[@{attack_damage2}+0]]}} {{dmg2type=@{attack_damagetype2}}} {{crit1=[[@{attack_crit}+0]]}} {{crit2=[[@{attack_crit2}+0]]}} {{description=@{show_desc}}} @{charname_output}",
            "max": "",
            "id": "-qYrbIdzs0A4dqcm4z8X"
        },
        {
            "name": "repeating_npcaction_-aGFXAxU1ZtTdKlhGZOi_attack_crit",
            "current": "2d4+3",
            "max": "",
            "id": "-02fTjFEaGtbHwpjYZiA"
        },
        {
            "name": "repeating_npcaction_-aGFXAxU1ZtTdKlhGZOi_attack_crit2",
            "current": "",
            "max": "",
            "id": "-ZKo0MoWOl7bA5S2JpUP"
        },
        {
            "name": "repeating_npcaction_-qIvNpjgVBpvahNH2Sg9_name",
            "current": "Когти",
            "max": "",
            "id": "-59bMxQd7DDXesPNwTug"
        },
        {
            "name": "repeating_npcaction_-qIvNpjgVBpvahNH2Sg9_description",
            "current": "Рукопашное Оружие: +6 к атаке, досягаемость: 1 клетка, одна цель. Попадание: 7 (1d8 + 3) колющего урона. Если цель - гуманоид, она должна бросить спасбросок сложностью 14 по Телосложению или станет заражена болезнью - Крохотное Яйцо слаада.\n\nA гуманоид может носить только 1 яйцо в 1 промежуток времени. Через 3 месяца яйцо проникает в грудную полость и превращается в личинку слаада. За 24 часа до рождения слаада, зараженное существо начинает чувствовать себя плохо, его скорость снижена вдвое, и он имеет помеху на броски атаки, проверки навыков, и спасброски. Во время рождения личинка прорывается через жизненно важные органы и выходит через грудь зараженного существа, убивая его за 1 раунд.\n\nЕсли болезнь вылечена до того как личинка выбралась, нерожденный слаад уничтожается.\n\n",
            "max": "",
            "id": "-E12WBdtLv4MkLJg5uNi"
        },
        {
            "name": "repeating_npcaction_-qIvNpjgVBpvahNH2Sg9_attack_flag",
            "current": "on",
            "max": "",
            "id": "-zNBUFgUNJj1t5e1Z3fX"
        },
        {
            "name": "repeating_npcaction_-qIvNpjgVBpvahNH2Sg9_attack_tohitrange",
            "current": "+6",
            "max": "",
            "id": "-xOW44aBz5J9CYuH3pre"
        },
        {
            "name": "repeating_npcaction_-qIvNpjgVBpvahNH2Sg9_attack_onhit",
            "current": "",
            "max": "",
            "id": "-fzygiVWDkz14Phiidaw"
        },
        {
            "name": "repeating_npcaction_-qIvNpjgVBpvahNH2Sg9_attack_tohit",
            "current": "6",
            "max": "",
            "id": "-GuY69dxiSDyfxRilv9y"
        },
        {
            "name": "repeating_npcaction_-qIvNpjgVBpvahNH2Sg9_attack_damage",
            "current": "1d8+3",
            "max": "",
            "id": "-tP1JnWi1AbLavC8kkDC"
        },
        {
            "name": "repeating_npcaction_-qIvNpjgVBpvahNH2Sg9_damage_flag",
            "current": "{{damage=1}} {{dmg1flag=1}}",
            "max": "",
            "id": "-MAkFo7Zn58uNbX1RQ7K"
        },
        {
            "name": "repeating_npcaction_-qIvNpjgVBpvahNH2Sg9_rollbase",
            "current": "@{wtype}&{template:npcaction} {{attack=1}} @{damage_flag} @{npc_name_flag} {{rname=@{name}}} {{r1=[[@{d20}+(@{attack_tohit})]]}} @{rtype}+(@{attack_tohit})]]}} {{dmg1=[[@{attack_damage}]]}} {{dmg1type=@{attack_damagetype}}} {{dmg2=[[@{attack_damage2}+0]]}} {{dmg2type=@{attack_damagetype2}}} {{crit1=[[@{attack_crit}+0]]}} {{crit2=[[@{attack_crit2}+0]]}} {{description=@{show_desc}}} @{charname_output}",
            "max": "",
            "id": "-gbmF8zpsHbXMDTacZXJ"
        },
        {
            "name": "repeating_npcaction_-qIvNpjgVBpvahNH2Sg9_attack_crit",
            "current": "1d8+3",
            "max": "",
            "id": "-97jo1ccnHpbvcWmBeT3"
        },
        {
            "name": "repeating_npcaction_-qIvNpjgVBpvahNH2Sg9_attack_crit2",
            "current": "",
            "max": "",
            "id": "-yTPh3f063prDxSAChro"
        },
        {
            "name": "repeating_npctrait_-7C7y3PdWieVFIKTBYWI_name",
            "current": "Сопротивление Магии",
            "max": "",
            "id": "-pbUX1vH6NzVBmSU604Z"
        },
        {
            "name": "repeating_npctrait_-7C7y3PdWieVFIKTBYWI_description",
            "current": "Слаад имеет преимущество в спасбросках против заклинаний и других магических эффектов",
            "max": "",
            "id": "-9mOFraXFBXFllJ3ebGt"
        },
        {
            "name": "repeating_npctrait_-7pUmvmqoKYRHDZ0KKz8_name",
            "current": "Регенерация",
            "max": "",
            "id": "-o4tJx690CB8r8Yjcp50"
        },
        {
            "name": "repeating_npctrait_-7pUmvmqoKYRHDZ0KKz8_description",
            "current": "Слаад восстанавливает 10 очков здоровья в начале каждого своего хода, если у него остается хотя бы одно очко здоровья.",
            "max": "",
            "id": "-MZsu45amxiLc1SFZyxC"
        },
        {
            "name": "repeating_npctrait_-jEBR2040oydCVkHc1MH_name",
            "current": "Опционально: Управляющий камень",
            "max": "",
            "id": "-rFBXcFe87037lCaZnbg"
        },
        {
            "name": "repeating_spell-5_-BskT7SlzTPE1McbaGRg_spellname",
            "current": "УЛУЧШЕННОЕ ВОССТАНОВЛЕНИЕ",
            "max": "",
            "id": "-W2TUm5sOAZtWulmRyhD"
        },
        {
            "name": "repeating_spell-5_-BskT7SlzTPE1McbaGRg_spellschool",
            "current": "abjuration",
            "max": "",
            "id": "-gIv8VCmIIks3CeXOAhx"
        },
        {
            "name": "repeating_spell-5_-BskT7SlzTPE1McbaGRg_spellcastingtime",
            "current": "1 действие",
            "max": "",
            "id": "-Q45NGzOb7WNP1MBu6g7"
        },
        {
            "name": "repeating_spell-5_-BskT7SlzTPE1McbaGRg_spellrange",
            "current": "Касание",
            "max": "",
            "id": "-KDE0t7pSRec1lQB42Zs"
        },
        {
            "name": "repeating_spell-5_-BskT7SlzTPE1McbaGRg_spelltarget",
            "current": "",
            "max": "",
            "id": "-hsQZaSCafp5W3ITqzVv"
        },
        {
            "name": "repeating_spell-5_-BskT7SlzTPE1McbaGRg_spellcomp_materials",
            "current": "алмазный порошок стоимостью не менее 100 зм, который расходуется при произнесении",
            "max": "",
            "id": "-AD1KayVS2XGa6n1tayZ"
        },
        {
            "name": "repeating_spell-5_-BskT7SlzTPE1McbaGRg_spelldescription",
            "current": "Вы наделяете существо положительной энергией, способной излечить ослабляющий эффект. Вы можете снять один уровень истощения или один из следующих эффектов: Один эффект очарования или окаменения Одно проклятие, включая связь с проклятым оружием Снижение одного из параметров Один эффект, снижающий максимальное количество ОЗ",
            "max": "",
            "id": "-NEiDLobqt3z8yBcww6N"
        },
        {
            "name": "repeating_spell-5_-BskT7SlzTPE1McbaGRg_spellduration",
            "current": "Мгновенно",
            "max": "",
            "id": "-8qaUYJq42S0YQvP9l0X"
        },
        {
            "name": "repeating_spell-5_-BskT7SlzTPE1McbaGRg_spellcomp_v",
            "current": "{{v=1}}",
            "max": "",
            "id": "-wI7I4oeAprtKYR4Jjm2"
        },
        {
            "name": "repeating_spell-5_-BskT7SlzTPE1McbaGRg_spellcomp_s",
            "current": "{{s=1}}",
            "max": "",
            "id": "-lhBPgPpllBEhA9Hy5MK"
        },
        {
            "name": "repeating_spell-5_-BskT7SlzTPE1McbaGRg_spellcomp_m",
            "current": "{{m=1}}",
            "max": "",
            "id": "-Aef14lVcXWBlrp955cs"
        },
        {
            "name": "repeating_spell-5_-BskT7SlzTPE1McbaGRg_spellsource",
            "current": "PHB",
            "max": "",
            "id": "-FqzhI9EpnBwXpinJUTX"
        },
        {
            "name": "repeating_spell-5_-BskT7SlzTPE1McbaGRg_details-flag",
            "current": "0",
            "max": "",
            "id": "-KMgXIiSSF6LuJ8QhMRF"
        },
        {
            "name": "repeating_spell-5_-BskT7SlzTPE1McbaGRg_options-flag",
            "current": "0",
            "max": "",
            "id": "-uX3utRSLmsKgk3yvDlp"
        },
        {
            "name": "repeating_npctrait_-jEBR2040oydCVkHc1MH_description",
            "current": "В мозгу слаада находится магический драгоценный камень, который управляет слаадом. Слаад обязан подчиняться любому, кто владеет этим камнем, а также он обладает имунитетом к Очарованю в это время.\n\nНекоторые заклинания могут быть использованы чтобы достать этот камень. Если слаад проваливает спасбросок против пленения, заклинатель может вместо пленения выбрать чтобы камень оказался у него в руках. Заклинание Желание также может быть использовано для получения камня, если оно произносится в присутствии слаада.\n\nЗаклинание\n greater_restoration улучшенное восстановление [greater restoration]: \n может быть использовано для уничтожения камня без причинения вреда слааду.\n\nПерсонаж с продвинутым навыком Медицина (Мудрость) может попытаться извлечь камень из слаада, если он в небоеспособном состоянии. Каждая попытка требует 1 минуты непрерывной работы и успешной проверки Медицины (Мудрость) со сложностью 20. Каждая неудачная попытка наносит слааду 22 (4d10) физического урона.\n\n",
            "max": "",
            "id": "-7FDKnUlD3aU1HomPQA4"
        },
        {
            "name": "npcspellcastingflag",
            "current": "1",
            "max": "",
            "id": "-KuVgWvQFFsSfJ6u9ofK"
        }
    ],
    "abilities": []
}