{
    "schema_version": 2,
    "oldId": "-cbwPJLvzcWZAvXDkARK",
    "name": "Крыса-оборотень (Wererat)",
    "avatar": "https://tentaculus.ru/monsters/img/cute_monsters/WERERAT.jpg",
    "bio": "",
    "gmnotes": "",
    "defaulttoken": "",
    "tags": "[]",
    "controlledby": "",
    "inplayerjournals": "",
    "attribs": [
        {
            "name": "hitdieroll",
            "current": "4",
            "max": "",
            "id": "-eqZki5OTKAdzXL2zQGD"
        },
        {
            "name": "showleveler",
            "current": 0,
            "max": "",
            "id": "-B25GyJNOGz7XIG9jqCc"
        },
        {
            "name": "invalidXP",
            "current": 0,
            "max": "",
            "id": "-1LQFfiJvzW1S6hAW6XA"
        },
        {
            "name": "version",
            "current": 4.21,
            "max": "",
            "id": "-pm5vzWZ13VB49uliwSz"
        },
        {
            "name": "mancer_confirm_flag",
            "current": "",
            "max": "",
            "id": "-ruV4xITpigZM2qyXnpn"
        },
        {
            "name": "mancer_npc",
            "current": "on",
            "max": "",
            "id": "-AaRIiNUPNgdho05kMFY"
        },
        {
            "name": "l1mancer_status",
            "current": "completed",
            "max": "",
            "id": "-56eyFN4ZdtFyzqEE6vX"
        },
        {
            "name": "rtype",
            "current": "@{advantagetoggle}",
            "max": "",
            "id": "-XpjmK4PItX9FUMrRJ5F"
        },
        {
            "name": "dtype",
            "current": "full",
            "max": "",
            "id": "-4oJgm3EMMAdOZcPcV57"
        },
        {
            "name": "appliedUpdates",
            "current": "upgrade_to_4_2_1",
            "max": "",
            "id": "-C2iAfPNk0kIXn1SmlZe"
        },
        {
            "name": "npc",
            "current": "1",
            "max": "",
            "id": "-NeE5PqRM8WqQJpJyObX"
        },
        {
            "name": "npc_options-flag",
            "current": "0",
            "max": "",
            "id": "-USkyhGzGFQFViajsYK3"
        },
        {
            "name": "ui_flags",
            "current": "",
            "max": "",
            "id": "-4TtWOpbRvCKKhJFwntH"
        },
        {
            "name": "npc_name",
            "current": "Крыса-оборотень (Wererat)",
            "max": "",
            "id": "-B0EVlcwN5TARcy3SBMW"
        },
        {
            "name": "npc_type",
            "current": "гуманоид (человек, перевертыш) законно-злое",
            "max": "",
            "id": "-9GRjYizZCYepHtgWcVr"
        },
        {
            "name": "npc_speed",
            "current": "6 клеток",
            "max": "",
            "id": "-hM3AfyviRDHttOXR9Ad"
        },
        {
            "name": "hp",
            "current": "",
            "max": "33",
            "id": "-ePjY0tQb71pK2YuE0fH"
        },
        {
            "name": "npc_ac",
            "current": "12",
            "max": "",
            "id": "-XlieKs1jWus2SPGYYOY"
        },
        {
            "name": "ac",
            "current": "12",
            "max": "",
            "id": "-ia9ehRUFf9amJI4Zzah"
        },
        {
            "name": "npc_languages",
            "current": "Общий (не может разговаривать в форме крысы)",
            "max": "",
            "id": "-YKvVDPhV8knr93cebg2"
        },
        {
            "name": "npc_challenge",
            "current": "2",
            "max": "",
            "id": "-2kuy2G2E6vWz9uipK23"
        },
        {
            "name": "passive_wisdom",
            "current": "2",
            "max": "",
            "id": "-A9ndGepClnPegaQhrNO"
        },
        {
            "name": "initiative_bonus",
            "current": 2,
            "max": "",
            "id": "-1lAJZGP6GcLpZYoTwYt"
        },
        {
            "name": "npc_hpformula",
            "current": "6d8 + 6",
            "max": "",
            "id": "-NobVJf2KlAsU3igT0KV"
        },
        {
            "name": "strength_base",
            "current": "10",
            "max": "",
            "id": "-xm4RaXVpEe6lfxpQZq6"
        },
        {
            "name": "strength_flag",
            "current": "0",
            "max": "",
            "id": "-JiGk3xfQTl9f5TBaUb2"
        },
        {
            "name": "strength",
            "current": 10,
            "max": "",
            "id": "-rCiq5jp6IBMYt8U5VLR"
        },
        {
            "name": "strength_mod",
            "current": 0,
            "max": "",
            "id": "-zKMYQzdO1PgpDZLIliA"
        },
        {
            "name": "npc_str_negative",
            "current": 0,
            "max": "",
            "id": "-mmtG64EoUp4f2vaa6rb"
        },
        {
            "name": "dexterity_base",
            "current": "15",
            "max": "",
            "id": "-7DKkmS1m12bo6PRkHV8"
        },
        {
            "name": "dexterity_flag",
            "current": "0",
            "max": "",
            "id": "-qEwxBEYCkTM5NTEX9KF"
        },
        {
            "name": "dexterity",
            "current": 15,
            "max": "",
            "id": "-URxPpRFIlYZsgcJ1FyH"
        },
        {
            "name": "dexterity_mod",
            "current": 2,
            "max": "",
            "id": "-VDiISQe4ZOZNFa59UMu"
        },
        {
            "name": "npc_dex_negative",
            "current": 0,
            "max": "",
            "id": "-0FDuq64Wh5l6t7b5qQ7"
        },
        {
            "name": "constitution_base",
            "current": "12",
            "max": "",
            "id": "-5OuPIB5m1A92a4GFDZZ"
        },
        {
            "name": "constitution_flag",
            "current": "0",
            "max": "",
            "id": "-rb3jQ8YlE0QSGhnSJRS"
        },
        {
            "name": "constitution",
            "current": 12,
            "max": "",
            "id": "-hAjMzNNr9Mm2Ibr4wF6"
        },
        {
            "name": "constitution_mod",
            "current": 1,
            "max": "",
            "id": "-mzBWjo7NaDXpNCtWV0z"
        },
        {
            "name": "npc_con_negative",
            "current": 0,
            "max": "",
            "id": "-qiXYlm9xzvc05UIjUKD"
        },
        {
            "name": "intelligence_base",
            "current": "11",
            "max": "",
            "id": "-TPRdnsc8qUTUfvrtKP9"
        },
        {
            "name": "intelligence_flag",
            "current": "0",
            "max": "",
            "id": "-Qy4wlXnrF95JTIxFIkJ"
        },
        {
            "name": "intelligence",
            "current": 11,
            "max": "",
            "id": "-tZGiqbW0rdwxiYxmDOK"
        },
        {
            "name": "intelligence_mod",
            "current": 0,
            "max": "",
            "id": "-cIx9I7jMgPKpJ6MU0qy"
        },
        {
            "name": "npc_int_negative",
            "current": 0,
            "max": "",
            "id": "-dlNHx4TUyQLkiZl0tG5"
        },
        {
            "name": "wisdom_base",
            "current": "10",
            "max": "",
            "id": "-4C90z0d6UkYrqLrrgBx"
        },
        {
            "name": "wisdom_flag",
            "current": "0",
            "max": "",
            "id": "-IoZgWO40WMoBRvEEIQm"
        },
        {
            "name": "wisdom",
            "current": 10,
            "max": "",
            "id": "-3yS64xMATkcspZasJjF"
        },
        {
            "name": "wisdom_mod",
            "current": 0,
            "max": "",
            "id": "-Q4VkPWtGDzjkiGvjHoZ"
        },
        {
            "name": "npc_wis_negative",
            "current": 0,
            "max": "",
            "id": "-QefrP77WstyMgT8JxDz"
        },
        {
            "name": "charisma_base",
            "current": "8",
            "max": "",
            "id": "-IIc1P8QN6m9dkP7v4nh"
        },
        {
            "name": "charisma_flag",
            "current": "0",
            "max": "",
            "id": "-vYEOisijSCtnGfsNmDC"
        },
        {
            "name": "charisma",
            "current": 8,
            "max": "",
            "id": "-Wvk9UQYoHtIWzgG91T8"
        },
        {
            "name": "charisma_mod",
            "current": -1,
            "max": "",
            "id": "-4PWOZsNClgnHKzCthnm"
        },
        {
            "name": "npc_cha_negative",
            "current": 1,
            "max": "",
            "id": "-hMI4UGFAQVlDj7R6jPX"
        },
        {
            "name": "npc_skills_flag",
            "current": 3,
            "max": "",
            "id": "-x4tl4s6d6Yl2JWisaGv"
        },
        {
            "name": "npc_perception_base",
            "current": "2",
            "max": "",
            "id": "-FZAZbCg4bAQd2SJwUfo"
        },
        {
            "name": "npc_perception_flag",
            "current": "1",
            "max": "",
            "id": "-Cuk3KugRnVodD7GnIv9"
        },
        {
            "name": "npc_perception",
            "current": 2,
            "max": "",
            "id": "-qw9UASGNaAMnBerftz4"
        },
        {
            "name": "npc_stealth_base",
            "current": "4",
            "max": "",
            "id": "-PlJRgT2tBzvC82Lo5WP"
        },
        {
            "name": "npc_stealth_flag",
            "current": "1",
            "max": "",
            "id": "-lM35V4yVZoaLgdItHad"
        },
        {
            "name": "npc_stealth",
            "current": 4,
            "max": "",
            "id": "-OeYUaHKpOtvLJr1Sx7g"
        },
        {
            "name": "npc_immunities",
            "current": "дробящий, колющий, and рубящего урона от немагического оружия кроме посеребренного",
            "max": "",
            "id": "-Gpd9G0i69p2ZejEu6Uh"
        },
        {
            "name": "npc_senses",
            "current": "темнозрение 12 клеток (в форме крысы)",
            "max": "",
            "id": "-P1PcrIDcoDXWFGnvVaF"
        },
        {
            "name": "repeating_npcaction_-JwtnIHeeUaIGOyJqwsY_name",
            "current": "Мультиатака (Форма гуманоида или гибридная)",
            "max": "",
            "id": "-c1igTvmMwNzDVK4PaYg"
        },
        {
            "name": "repeating_npcaction_-JwtnIHeeUaIGOyJqwsY_description",
            "current": "Крыса-оборотень проводит две атаки, только одна из который может быть a bite.",
            "max": "",
            "id": "-GTKi2GT3AsOgtUFDL3Y"
        },
        {
            "name": "repeating_npcaction_-JwtnIHeeUaIGOyJqwsY_attack_tohitrange",
            "current": "+0",
            "max": "",
            "id": "-61Qqixp0zjqd7vyET4V"
        },
        {
            "name": "repeating_npcaction_-JwtnIHeeUaIGOyJqwsY_attack_onhit",
            "current": "",
            "max": "",
            "id": "-apMac3E6akAztakCUIa"
        },
        {
            "name": "repeating_npcaction_-JwtnIHeeUaIGOyJqwsY_damage_flag",
            "current": "",
            "max": "",
            "id": "-1J8akd6vIDU1UmPK5q8"
        },
        {
            "name": "repeating_npcaction_-JwtnIHeeUaIGOyJqwsY_attack_crit",
            "current": "",
            "max": "",
            "id": "-uR1rxBvVK3nCWVQk0K3"
        },
        {
            "name": "repeating_npcaction_-JwtnIHeeUaIGOyJqwsY_attack_crit2",
            "current": "",
            "max": "",
            "id": "-fu60hlLZmUFuMQDpJLI"
        },
        {
            "name": "repeating_npcaction_-JwtnIHeeUaIGOyJqwsY_rollbase",
            "current": "@{wtype}&{template:npcaction} @{npc_name_flag} {{rname=@{name}}} {{description=@{show_desc}}} @{charname_output}",
            "max": "",
            "id": "-kk72cM6aZwsOvkU1jlH"
        },
        {
            "name": "repeating_npcaction_-IhqlvDV23YyrS6Jwn5P_name",
            "current": "Укус (Форма крысы или гибридная).",
            "max": "",
            "id": "-YR2Zyezz1lVrBmE2d0d"
        },
        {
            "name": "repeating_npcaction_-IhqlvDV23YyrS6Jwn5P_description",
            "current": "Рукопашное Оружие: +4 к атаке, досягаемость: 1 клетка, одна цель. Попадание: 4 (1d4 + 2) колющего урона. Если цель - гуманоид, она должна бросить спасбросок сложностью 11 по Телосложению или станет проклятой крысиной ликантропией.",
            "max": "",
            "id": "-pHwclCuh4ekEDk2lo1W"
        },
        {
            "name": "repeating_npcaction_-IhqlvDV23YyrS6Jwn5P_attack_flag",
            "current": "on",
            "max": "",
            "id": "-tPgA7xTBMgS3XNra7EQ"
        },
        {
            "name": "repeating_npcaction_-IhqlvDV23YyrS6Jwn5P_attack_tohitrange",
            "current": "+4",
            "max": "",
            "id": "-4a6gQ7oZPPPfX6cqMYN"
        },
        {
            "name": "repeating_npcaction_-IhqlvDV23YyrS6Jwn5P_attack_onhit",
            "current": "",
            "max": "",
            "id": "-HsHi8bBt0T909i6IGuY"
        },
        {
            "name": "repeating_npcaction_-IhqlvDV23YyrS6Jwn5P_attack_tohit",
            "current": "4",
            "max": "",
            "id": "-C3qnc2aOAAiuu2UT33g"
        },
        {
            "name": "repeating_npcaction_-IhqlvDV23YyrS6Jwn5P_attack_damage",
            "current": "1d4+2",
            "max": "",
            "id": "-qLvHPEcNwWDv3OCHzQL"
        },
        {
            "name": "repeating_npcaction_-IhqlvDV23YyrS6Jwn5P_damage_flag",
            "current": "{{damage=1}} {{dmg1flag=1}}",
            "max": "",
            "id": "-m2Nvvgu0KVGgo0XcYwQ"
        },
        {
            "name": "repeating_npcaction_-IhqlvDV23YyrS6Jwn5P_rollbase",
            "current": "@{wtype}&{template:npcaction} {{attack=1}} @{damage_flag} @{npc_name_flag} {{rname=@{name}}} {{r1=[[@{d20}+(@{attack_tohit})]]}} @{rtype}+(@{attack_tohit})]]}} {{dmg1=[[@{attack_damage}]]}} {{dmg1type=@{attack_damagetype}}} {{dmg2=[[@{attack_damage2}+0]]}} {{dmg2type=@{attack_damagetype2}}} {{crit1=[[@{attack_crit}+0]]}} {{crit2=[[@{attack_crit2}+0]]}} {{description=@{show_desc}}} @{charname_output}",
            "max": "",
            "id": "-QDliJ2msEZeCTi7Bdz0"
        },
        {
            "name": "repeating_npcaction_-IhqlvDV23YyrS6Jwn5P_attack_crit",
            "current": "1d4+2",
            "max": "",
            "id": "-yNbe2pBUSRaFfKwq3Fb"
        },
        {
            "name": "repeating_npcaction_-IhqlvDV23YyrS6Jwn5P_attack_crit2",
            "current": "",
            "max": "",
            "id": "-j81zwnkvFUwd6iE6vo8"
        },
        {
            "name": "repeating_npcaction_-HtAU9GcAPmMrXa4gXQQ_name",
            "current": "Короткий Меч (Форма гуманоида или гибридная)",
            "max": "",
            "id": "-llO3c4vBQcOvvO79Xtk"
        },
        {
            "name": "repeating_npcaction_-HtAU9GcAPmMrXa4gXQQ_description",
            "current": "Рукопашное Оружие: +4 к атаке, досягаемость: 1 клетка, одна цель. Попадание: 5 (1d6 + 2) колющего урона.",
            "max": "",
            "id": "-ZRquUtBhbk2dWkHf6NM"
        },
        {
            "name": "repeating_npcaction_-HtAU9GcAPmMrXa4gXQQ_attack_flag",
            "current": "on",
            "max": "",
            "id": "-2Q2HIZi1BIplih6tbme"
        },
        {
            "name": "repeating_npcaction_-HtAU9GcAPmMrXa4gXQQ_attack_tohitrange",
            "current": "+4",
            "max": "",
            "id": "-CV75T3dW9SZ4vQQQDqy"
        },
        {
            "name": "repeating_npcaction_-HtAU9GcAPmMrXa4gXQQ_attack_onhit",
            "current": "",
            "max": "",
            "id": "-ytxoPpoI37LX9IrPaP3"
        },
        {
            "name": "repeating_npcaction_-HtAU9GcAPmMrXa4gXQQ_attack_tohit",
            "current": "4",
            "max": "",
            "id": "-vx3Ta6vosrQofCIOmI2"
        },
        {
            "name": "repeating_npcaction_-HtAU9GcAPmMrXa4gXQQ_attack_damage",
            "current": "1d6+2",
            "max": "",
            "id": "-4YopdjIuqTHoOinB6aK"
        },
        {
            "name": "repeating_npcaction_-HtAU9GcAPmMrXa4gXQQ_damage_flag",
            "current": "{{damage=1}} {{dmg1flag=1}}",
            "max": "",
            "id": "-utG3BGifbPAB19zqVvk"
        },
        {
            "name": "repeating_npcaction_-HtAU9GcAPmMrXa4gXQQ_rollbase",
            "current": "@{wtype}&{template:npcaction} {{attack=1}} @{damage_flag} @{npc_name_flag} {{rname=@{name}}} {{r1=[[@{d20}+(@{attack_tohit})]]}} @{rtype}+(@{attack_tohit})]]}} {{dmg1=[[@{attack_damage}]]}} {{dmg1type=@{attack_damagetype}}} {{dmg2=[[@{attack_damage2}+0]]}} {{dmg2type=@{attack_damagetype2}}} {{crit1=[[@{attack_crit}+0]]}} {{crit2=[[@{attack_crit2}+0]]}} {{description=@{show_desc}}} @{charname_output}",
            "max": "",
            "id": "-RUyXZqZzdb6mTQlkycr"
        },
        {
            "name": "repeating_npcaction_-HtAU9GcAPmMrXa4gXQQ_attack_crit",
            "current": "1d6+2",
            "max": "",
            "id": "-imit5lAVCf4xOi0BzL4"
        },
        {
            "name": "repeating_npcaction_-HtAU9GcAPmMrXa4gXQQ_attack_crit2",
            "current": "",
            "max": "",
            "id": "-J2ItkgSHPCVBs4JCVKi"
        },
        {
            "name": "repeating_npcaction_-UEZR9gGRjYiJWDcAukG_name",
            "current": "Ручной арбалет (Форма гуманоида или гибридная)",
            "max": "",
            "id": "-ygEDxNBUqSOsZV3NAtC"
        },
        {
            "name": "repeating_npcaction_-UEZR9gGRjYiJWDcAukG_description",
            "current": "Дальнобойное оружие: +4 к атаке, досягаемость 6/24 клетки, одна цель. Попадание: 5 (1d6 + 2) колющего урона.",
            "max": "",
            "id": "-yGIbwyH1n9zQFhoCT3x"
        },
        {
            "name": "repeating_npcaction_-UEZR9gGRjYiJWDcAukG_attack_flag",
            "current": "on",
            "max": "",
            "id": "-fhrve5LOL3KEist3bOv"
        },
        {
            "name": "repeating_npcaction_-UEZR9gGRjYiJWDcAukG_attack_tohitrange",
            "current": "+4",
            "max": "",
            "id": "-UUMERxLjXdeTnzW4dB9"
        },
        {
            "name": "repeating_npcaction_-UEZR9gGRjYiJWDcAukG_attack_onhit",
            "current": "",
            "max": "",
            "id": "-A7v7cwjT9OYBWac0VMj"
        },
        {
            "name": "repeating_npcaction_-UEZR9gGRjYiJWDcAukG_attack_tohit",
            "current": "4",
            "max": "",
            "id": "-xJHuJaME7ZNdnOup3J4"
        },
        {
            "name": "repeating_npcaction_-UEZR9gGRjYiJWDcAukG_attack_damage",
            "current": "1d6+2",
            "max": "",
            "id": "-pnIkpN3DiE7xflRwnOK"
        },
        {
            "name": "repeating_npcaction_-UEZR9gGRjYiJWDcAukG_damage_flag",
            "current": "{{damage=1}} {{dmg1flag=1}}",
            "max": "",
            "id": "-HaKXVO2W41QNhsrxOXZ"
        },
        {
            "name": "repeating_npcaction_-UEZR9gGRjYiJWDcAukG_rollbase",
            "current": "@{wtype}&{template:npcaction} {{attack=1}} @{damage_flag} @{npc_name_flag} {{rname=@{name}}} {{r1=[[@{d20}+(@{attack_tohit})]]}} @{rtype}+(@{attack_tohit})]]}} {{dmg1=[[@{attack_damage}]]}} {{dmg1type=@{attack_damagetype}}} {{dmg2=[[@{attack_damage2}+0]]}} {{dmg2type=@{attack_damagetype2}}} {{crit1=[[@{attack_crit}+0]]}} {{crit2=[[@{attack_crit2}+0]]}} {{description=@{show_desc}}} @{charname_output}",
            "max": "",
            "id": "-jodaDtKfYFFA4bdNIPF"
        },
        {
            "name": "repeating_npcaction_-UEZR9gGRjYiJWDcAukG_attack_crit",
            "current": "1d6+2",
            "max": "",
            "id": "-UNnfeAnQP46Cobc4cGO"
        },
        {
            "name": "repeating_npcaction_-UEZR9gGRjYiJWDcAukG_attack_crit2",
            "current": "",
            "max": "",
            "id": "-IYM4KqAUV9HX900p7AV"
        },
        {
            "name": "repeating_npctrait_-N4WiEbnBgKZm9UXl9mw_name",
            "current": "Перевертыш",
            "max": "",
            "id": "-W2wTjrCLRMJZC9VdRbq"
        },
        {
            "name": "repeating_npctrait_-N4WiEbnBgKZm9UXl9mw_description",
            "current": "Крыса-оборотень может использовать основное действие чтобы превратиться в крысочеловека или в гигантскую крысу, или возвращается в истинную форму - гуманоида. Все характеристики, кроме размера, одинаковы для любой формы. Все вещи, носимые либо надетые, не трансформируются. После смерти возвращается в истинную форму.",
            "max": "",
            "id": "-zrk8IlFkHz3KkaRooPe"
        },
        {
            "name": "repeating_npctrait_-aQ1hiVDmceNg1ybpvBX_name",
            "current": "Чуткий Нюх",
            "max": "",
            "id": "-TD2tHVBdSOEOqCLvKwR"
        },
        {
            "name": "repeating_npctrait_-aQ1hiVDmceNg1ybpvBX_description",
            "current": "Крыса-оборотень имеет преимущество на проверки Мудрости (Внимательность) которые полагаются на нюх.",
            "max": "",
            "id": "-0nxDvc1h1HbMxiNzO9A"
        },
        {
            "name": "npcspellcastingflag",
            "current": "0",
            "max": "",
            "id": "-tocL3JBeDsm1apUEUc1"
        }
    ],
    "abilities": []
}