{
    "schema_version": 2,
    "oldId": "-dUJCtFiqFarSwLu9Wh0",
    "name": "Ворон (Raven)",
    "avatar": "https://tentaculus.ru/monsters/img/cute_monsters/RAVEN.jpg",
    "bio": "",
    "gmnotes": "",
    "defaulttoken": "",
    "tags": "[]",
    "controlledby": "",
    "inplayerjournals": "",
    "attribs": [
        {
            "name": "hitdieroll",
            "current": "4",
            "max": "",
            "id": "-opzveUDfjyfJnr2Eraz"
        },
        {
            "name": "showleveler",
            "current": 0,
            "max": "",
            "id": "-TifwNGap8b7aod7j5Jt"
        },
        {
            "name": "invalidXP",
            "current": 0,
            "max": "",
            "id": "-eynoDGgSFSrRB8u3x0X"
        },
        {
            "name": "version",
            "current": 4.21,
            "max": "",
            "id": "-TgHChTxWUtdNkl6X0IU"
        },
        {
            "name": "mancer_confirm_flag",
            "current": "",
            "max": "",
            "id": "-HDdGeEHUk1kPYAAvbC8"
        },
        {
            "name": "mancer_npc",
            "current": "on",
            "max": "",
            "id": "-bUFNX5meCanGSMG0zag"
        },
        {
            "name": "l1mancer_status",
            "current": "completed",
            "max": "",
            "id": "-rdVgQqiEfkRqagFA0cF"
        },
        {
            "name": "rtype",
            "current": "@{advantagetoggle}",
            "max": "",
            "id": "-CGTjpfonmIP8i50lhHx"
        },
        {
            "name": "dtype",
            "current": "full",
            "max": "",
            "id": "-JqkyVfAe7pmTzcxZQqr"
        },
        {
            "name": "appliedUpdates",
            "current": "upgrade_to_4_2_1",
            "max": "",
            "id": "-VNiRDrLs5U3D7fWY7SX"
        },
        {
            "name": "npc",
            "current": "1",
            "max": "",
            "id": "-yMAO40kxx5wMjruJf15"
        },
        {
            "name": "npc_options-flag",
            "current": "0",
            "max": "",
            "id": "-bzXhgaZd5Fm8Dy94yhc"
        },
        {
            "name": "ui_flags",
            "current": "",
            "max": "",
            "id": "-5r3KX0THI81sPimmCXl"
        },
        {
            "name": "npc_name",
            "current": "Ворон (Raven)",
            "max": "",
            "id": "-iaFfMdF9CfQDOn3Rp17"
        },
        {
            "name": "npc_type",
            "current": "зверь без мировоззрения",
            "max": "",
            "id": "-f2aCHUJJZIUNMNO5eW1"
        },
        {
            "name": "npc_speed",
            "current": "2 клетки, полет 10 клеток",
            "max": "",
            "id": "-gdU2tzBIUcHaDwWkw0o"
        },
        {
            "name": "hp",
            "current": "",
            "max": "1",
            "id": "-5Ef26HURQ1pEzazf9Ld"
        },
        {
            "name": "npc_ac",
            "current": "12",
            "max": "",
            "id": "-ZRO85qf9gedm9BDg9gx"
        },
        {
            "name": "ac",
            "current": "12",
            "max": "",
            "id": "-qEy439e7wjdpo5haoq5"
        },
        {
            "name": "npc_languages",
            "current": "",
            "max": "",
            "id": "-suGa1vpKE2p0KCZVeTB"
        },
        {
            "name": "npc_challenge",
            "current": "0",
            "max": "",
            "id": "-ZaRtCFYvRm0LBcpafUC"
        },
        {
            "name": "passive_wisdom",
            "current": "0",
            "max": "",
            "id": "-tQOE9pnKHjKtqBv1V8T"
        },
        {
            "name": "initiative_bonus",
            "current": 2,
            "max": "",
            "id": "-OVlzzfIxYvKABrCtckq"
        },
        {
            "name": "npc_hpformula",
            "current": "1d4-1",
            "max": "",
            "id": "-cUlcjwioO5NaRkCjTAa"
        },
        {
            "name": "strength_base",
            "current": "2",
            "max": "",
            "id": "-YEMpR1sdzNZZ8e5mD2w"
        },
        {
            "name": "strength_flag",
            "current": "0",
            "max": "",
            "id": "-ki6Lovuisg31PsHzZqL"
        },
        {
            "name": "strength",
            "current": 2,
            "max": "",
            "id": "-bZhjWFITRG1TQoraImw"
        },
        {
            "name": "strength_mod",
            "current": -4,
            "max": "",
            "id": "-6uscGVGyVNMQRN1wiPq"
        },
        {
            "name": "npc_str_negative",
            "current": 1,
            "max": "",
            "id": "-nek6cdTuW3i12e8rZ9c"
        },
        {
            "name": "dexterity_base",
            "current": "14",
            "max": "",
            "id": "-coR05rHTuzcyFIP7hP1"
        },
        {
            "name": "dexterity_flag",
            "current": "0",
            "max": "",
            "id": "-3SKu0fR8QINbh3DLUbz"
        },
        {
            "name": "dexterity",
            "current": 14,
            "max": "",
            "id": "-lMJhYoQMAmIELTXpOmH"
        },
        {
            "name": "dexterity_mod",
            "current": 2,
            "max": "",
            "id": "-JM2gDBPe2Cl2GJuWJ9b"
        },
        {
            "name": "npc_dex_negative",
            "current": 0,
            "max": "",
            "id": "-584XH2V9RcDCqG3lKRB"
        },
        {
            "name": "constitution_base",
            "current": "8",
            "max": "",
            "id": "-hkcJNKkCNVqPz6nTAMf"
        },
        {
            "name": "constitution_flag",
            "current": "0",
            "max": "",
            "id": "-qE3D2LEojQPe7INZ81Z"
        },
        {
            "name": "constitution",
            "current": 8,
            "max": "",
            "id": "-LpzdITOMtqO4IUEWiAL"
        },
        {
            "name": "constitution_mod",
            "current": -1,
            "max": "",
            "id": "-oE4Vyj340irZ4n3CaU1"
        },
        {
            "name": "npc_con_negative",
            "current": 1,
            "max": "",
            "id": "-ytPS6mQ663VU9JxODeg"
        },
        {
            "name": "intelligence_base",
            "current": "2",
            "max": "",
            "id": "-oRvqep721JVyBb0NNCY"
        },
        {
            "name": "intelligence_flag",
            "current": "0",
            "max": "",
            "id": "-jNao2Acfxo1FkCFQb93"
        },
        {
            "name": "intelligence",
            "current": 2,
            "max": "",
            "id": "-ktr2eSyZq8qX9Uw7aLE"
        },
        {
            "name": "intelligence_mod",
            "current": -4,
            "max": "",
            "id": "-GhjReVjppMol1XduOLz"
        },
        {
            "name": "npc_int_negative",
            "current": 1,
            "max": "",
            "id": "-azNucNZGGQpyXJHs2WH"
        },
        {
            "name": "wisdom_base",
            "current": "12",
            "max": "",
            "id": "-cQCXv5JlVGeFkFg25I3"
        },
        {
            "name": "wisdom_flag",
            "current": "0",
            "max": "",
            "id": "-KRxleHYIBU0mBzZ8Cyu"
        },
        {
            "name": "wisdom",
            "current": 12,
            "max": "",
            "id": "-PwOFR5aLKi9p89HcJWA"
        },
        {
            "name": "wisdom_mod",
            "current": 1,
            "max": "",
            "id": "-qQTexW1qPs4vX95xRVd"
        },
        {
            "name": "npc_wis_negative",
            "current": 0,
            "max": "",
            "id": "-UwLI9etxL6hn5lz27zG"
        },
        {
            "name": "charisma_base",
            "current": "6",
            "max": "",
            "id": "-dAw8Xv1wSRB5QzJkK16"
        },
        {
            "name": "charisma_flag",
            "current": "0",
            "max": "",
            "id": "-D53raYdragcbSpNoLCE"
        },
        {
            "name": "charisma",
            "current": 6,
            "max": "",
            "id": "-QnnALveluZxQ0AxbACO"
        },
        {
            "name": "charisma_mod",
            "current": -2,
            "max": "",
            "id": "-VgYODpiFJkgItIbmzXA"
        },
        {
            "name": "npc_cha_negative",
            "current": 1,
            "max": "",
            "id": "-G7PpD5lfaZcqOXFImC9"
        },
        {
            "name": "npc_skills_flag",
            "current": 3,
            "max": "",
            "id": "-TguEUOkp4AjVDkH2tTb"
        },
        {
            "name": "npc_perception_base",
            "current": "3",
            "max": "",
            "id": "-0KKPQ8pMKVhm2G5twFI"
        },
        {
            "name": "npc_perception_flag",
            "current": "1",
            "max": "",
            "id": "-nFuuSVMgY2w8bcmPKGD"
        },
        {
            "name": "npc_perception",
            "current": 3,
            "max": "",
            "id": "-OcKs5sCYnkjXo7sezEl"
        },
        {
            "name": "repeating_npcaction_-Gpdxe4miDkoZa13QYAB_name",
            "current": "Клюв",
            "max": "",
            "id": "-cMuLt86BMgH7b3BnhzW"
        },
        {
            "name": "repeating_npcaction_-Gpdxe4miDkoZa13QYAB_description",
            "current": "Рукопашное Оружие: +4 к атаке, досягаемость: 1 клетка, одна цель. Попадание: 1 колющего урона.",
            "max": "",
            "id": "-wxCdQMjlrdYFF8PUR7q"
        },
        {
            "name": "repeating_npcaction_-Gpdxe4miDkoZa13QYAB_attack_tohitrange",
            "current": "+0",
            "max": "",
            "id": "-UScXKi2WttlXTXVOe4J"
        },
        {
            "name": "repeating_npcaction_-Gpdxe4miDkoZa13QYAB_attack_onhit",
            "current": "",
            "max": "",
            "id": "-osjBaqiS8gvjzoOW3cI"
        },
        {
            "name": "repeating_npcaction_-Gpdxe4miDkoZa13QYAB_damage_flag",
            "current": "",
            "max": "",
            "id": "-dY5s6qY45x83elOJFRe"
        },
        {
            "name": "repeating_npcaction_-Gpdxe4miDkoZa13QYAB_attack_crit",
            "current": "",
            "max": "",
            "id": "-zIdGDDh9DBN8jpaOfb2"
        },
        {
            "name": "repeating_npcaction_-Gpdxe4miDkoZa13QYAB_attack_crit2",
            "current": "",
            "max": "",
            "id": "-0XOJvADeHwOo2pXUuSf"
        },
        {
            "name": "repeating_npcaction_-Gpdxe4miDkoZa13QYAB_rollbase",
            "current": "@{wtype}&{template:npcaction} @{npc_name_flag} {{rname=@{name}}} {{description=@{show_desc}}} @{charname_output}",
            "max": "",
            "id": "-YgS4aqn22Ji9OZzBGHd"
        },
        {
            "name": "repeating_npctrait_-Z65qZrCrH7dtbuNQw3R_name",
            "current": "Мимикрия",
            "max": "",
            "id": "-FF4LpfsSUgOgUdlmIrP"
        },
        {
            "name": "repeating_npctrait_-Z65qZrCrH7dtbuNQw3R_description",
            "current": "Ворон способен подражать простым звукам, таким как шепот существа, плач ребенка, стрекотание насекомого. Существо, которое слышит эти звуки должно сделать успешную проверку Мудрости (Проницательность) сложностью 10, чтобы понять что это иммитация.",
            "max": "",
            "id": "-O3oIIc7ixijREDeAC61"
        },
        {
            "name": "npcspellcastingflag",
            "current": "0",
            "max": "",
            "id": "-nYZD5Up3zDfi01nV1rq"
        }
    ],
    "abilities": []
}