{
    "schema_version": 2,
    "oldId": "-JY6ERcDlaWP1o8Tf0lW",
    "name": "Рой Квипперов (Swarm of Quippers)",
    "avatar": "https://tentaculus.ru/monsters/img/cute_monsters/SWARM_OF_QUIPPERS.jpg",
    "bio": "",
    "gmnotes": "",
    "defaulttoken": "",
    "tags": "[]",
    "controlledby": "",
    "inplayerjournals": "",
    "attribs": [
        {
            "name": "hitdieroll",
            "current": "4",
            "max": "",
            "id": "-vIcHKDw1LJkJqfa83Y8"
        },
        {
            "name": "showleveler",
            "current": 0,
            "max": "",
            "id": "-67umBVsiZ33z1z2OMfC"
        },
        {
            "name": "invalidXP",
            "current": 0,
            "max": "",
            "id": "-tEWHuBlWPDzshzPhc7w"
        },
        {
            "name": "version",
            "current": 4.21,
            "max": "",
            "id": "-nDzm364ilmuUD3llPdM"
        },
        {
            "name": "mancer_confirm_flag",
            "current": "",
            "max": "",
            "id": "-dZFQTd5iBvoBNPcp5b9"
        },
        {
            "name": "mancer_npc",
            "current": "on",
            "max": "",
            "id": "-yZFPiYoEBTeDg2WuzL4"
        },
        {
            "name": "l1mancer_status",
            "current": "completed",
            "max": "",
            "id": "-btwpa3KbCPRz5P1twun"
        },
        {
            "name": "rtype",
            "current": "@{advantagetoggle}",
            "max": "",
            "id": "-Q53efDT0CnVVMCmdDNA"
        },
        {
            "name": "dtype",
            "current": "full",
            "max": "",
            "id": "-54LVmpRsqKCRDZqs076"
        },
        {
            "name": "appliedUpdates",
            "current": "upgrade_to_4_2_1",
            "max": "",
            "id": "-dqafs0bKutwN3XP8MbJ"
        },
        {
            "name": "npc",
            "current": "1",
            "max": "",
            "id": "-x4YR1lxPxrx8Cf32vIy"
        },
        {
            "name": "npc_options-flag",
            "current": "0",
            "max": "",
            "id": "-DUtb9W74VCbi1H8fL8v"
        },
        {
            "name": "ui_flags",
            "current": "",
            "max": "",
            "id": "-ZIMnL1qK7Jg35KPwpeD"
        },
        {
            "name": "npc_name",
            "current": "Рой Квипперов (Swarm of Quippers)",
            "max": "",
            "id": "-tiPAEUi3zrkCJqIrwEY"
        },
        {
            "name": "npc_type",
            "current": "рой Крошечных зверей без мировоззрения",
            "max": "",
            "id": "-2qDaWkESNPyoCd4SGPF"
        },
        {
            "name": "npc_speed",
            "current": "0 клеток, плавая 40 клеток",
            "max": "",
            "id": "-CKUWfHnAm3owmiQ2iXp"
        },
        {
            "name": "hp",
            "current": "",
            "max": "28",
            "id": "-7hnXF1vJtD59JJGexSd"
        },
        {
            "name": "npc_ac",
            "current": "13",
            "max": "",
            "id": "-C6YDRTxenMj3q5HliAp"
        },
        {
            "name": "ac",
            "current": "13",
            "max": "",
            "id": "-X20CHzUvNmagy1x8iRx"
        },
        {
            "name": "npc_languages",
            "current": "",
            "max": "",
            "id": "-cZMHXmHTAvz8wizUR5b"
        },
        {
            "name": "npc_challenge",
            "current": "1",
            "max": "",
            "id": "-acDoN5BxaRrNtZ6nLwL"
        },
        {
            "name": "passive_wisdom",
            "current": "1",
            "max": "",
            "id": "-qfq7cAbQliyKIiPolek"
        },
        {
            "name": "initiative_bonus",
            "current": 3,
            "max": "",
            "id": "-pRp4Om9XlY6YzsRKdi7"
        },
        {
            "name": "npc_hpformula",
            "current": "8d8-8",
            "max": "",
            "id": "-9z1BJ5SjLobk5YGdeqj"
        },
        {
            "name": "strength_base",
            "current": "13",
            "max": "",
            "id": "-WL5mOFGq0eL3VpGMVuI"
        },
        {
            "name": "strength_flag",
            "current": "0",
            "max": "",
            "id": "-EAyomMCevIdP8QJ1XDp"
        },
        {
            "name": "strength",
            "current": 13,
            "max": "",
            "id": "-weOeJ3aRJXdLX8FYlKW"
        },
        {
            "name": "strength_mod",
            "current": 1,
            "max": "",
            "id": "-FRgfw3WKuJLESg9LPix"
        },
        {
            "name": "npc_str_negative",
            "current": 0,
            "max": "",
            "id": "-nGIOt0VTAe9ZnrtqFIJ"
        },
        {
            "name": "dexterity_base",
            "current": "16",
            "max": "",
            "id": "-asOP65uis7mtL0zC4V2"
        },
        {
            "name": "dexterity_flag",
            "current": "0",
            "max": "",
            "id": "-4ruQosYg8Vp2uGbWWi1"
        },
        {
            "name": "dexterity",
            "current": 16,
            "max": "",
            "id": "-2EtufWxdMyMG6v8eRva"
        },
        {
            "name": "dexterity_mod",
            "current": 3,
            "max": "",
            "id": "-EeH0jGVl4g14XoHxTcR"
        },
        {
            "name": "npc_dex_negative",
            "current": 0,
            "max": "",
            "id": "-Z0OuV0AcVAr3shpIRoy"
        },
        {
            "name": "constitution_base",
            "current": "9",
            "max": "",
            "id": "-kUM5fbfjnT5I4tpjw75"
        },
        {
            "name": "constitution_flag",
            "current": "0",
            "max": "",
            "id": "-AVpvQZpSLZf6T0QIkgY"
        },
        {
            "name": "constitution",
            "current": 9,
            "max": "",
            "id": "-Pz3yi9VtnWi3gySsYB3"
        },
        {
            "name": "constitution_mod",
            "current": -1,
            "max": "",
            "id": "-OsgqaPEZC770k42aoAY"
        },
        {
            "name": "npc_con_negative",
            "current": 1,
            "max": "",
            "id": "-JLehwifbnKBySkLHO8e"
        },
        {
            "name": "intelligence_base",
            "current": "1",
            "max": "",
            "id": "-zqEDh1RceOcvcKmRdEq"
        },
        {
            "name": "intelligence_flag",
            "current": "0",
            "max": "",
            "id": "-qiKnRocMqqh1wnwU5AY"
        },
        {
            "name": "intelligence",
            "current": 1,
            "max": "",
            "id": "-YRL7o8e50YpqPXuZUj3"
        },
        {
            "name": "intelligence_mod",
            "current": -5,
            "max": "",
            "id": "-oryO6ARSvfW3iuCevY3"
        },
        {
            "name": "npc_int_negative",
            "current": 1,
            "max": "",
            "id": "-caudMeXWD2l8tV8DO7R"
        },
        {
            "name": "wisdom_base",
            "current": "7",
            "max": "",
            "id": "-Lbmvsn0ieCarGiPfXO3"
        },
        {
            "name": "wisdom_flag",
            "current": "0",
            "max": "",
            "id": "-FCULzW6QfxcR2vthEhY"
        },
        {
            "name": "wisdom",
            "current": 7,
            "max": "",
            "id": "-NocDECwgJvceh2gHGge"
        },
        {
            "name": "wisdom_mod",
            "current": -2,
            "max": "",
            "id": "-CgC6WiYH2FvXdb427zp"
        },
        {
            "name": "npc_wis_negative",
            "current": 1,
            "max": "",
            "id": "-saVLSfsRPxVIarcSwWK"
        },
        {
            "name": "charisma_base",
            "current": "2",
            "max": "",
            "id": "-qyfzDaXGTPUy7U7FQHl"
        },
        {
            "name": "charisma_flag",
            "current": "0",
            "max": "",
            "id": "-Tt5eMeHyCTsaiSwRIzj"
        },
        {
            "name": "charisma",
            "current": 2,
            "max": "",
            "id": "-GpuTq48bq9eKKwQxi7E"
        },
        {
            "name": "charisma_mod",
            "current": -4,
            "max": "",
            "id": "-qShkkrwznYseJ74P4Ou"
        },
        {
            "name": "npc_cha_negative",
            "current": 1,
            "max": "",
            "id": "-wwZHpuUwkmrAYkJimNu"
        },
        {
            "name": "npc_resistances",
            "current": "дробящий, колющий, рубящий",
            "max": "",
            "id": "-oCoAEw251k4fL57IvM9"
        },
        {
            "name": "npc_condition_immunities",
            "current": "очарование, испуг, паралич, окаменение, сбивание с ног, удерживание, ошеломление",
            "max": "",
            "id": "-fUwyeBK5G5XIC1aC4nL"
        },
        {
            "name": "npc_senses",
            "current": "темнозрение 12 клетки",
            "max": "",
            "id": "-ZnenyFpII7KGGCEcJPz"
        },
        {
            "name": "repeating_npcaction_-Rpcq0uC8fzwMHdH7TJr_name",
            "current": "Укусы (Полное здоровье)",
            "max": "",
            "id": "-KSJstcm7sHwv3MC1qsX"
        },
        {
            "name": "repeating_npcaction_-Rpcq0uC8fzwMHdH7TJr_description",
            "current": "Рукопашное Оружие: +5 к атаке, досягаемость 0 клеток, одно существо в пространстве роя. Попадание: 14 (4d6) колющего урона, или 7 (2d6) колющего урона если у роя меньше половины очков здоровья.",
            "max": "",
            "id": "-G2zXesumTp9t3jMpueY"
        },
        {
            "name": "repeating_npcaction_-Rpcq0uC8fzwMHdH7TJr_attack_flag",
            "current": "on",
            "max": "",
            "id": "-7BQZIFAgdMJtoxK2Gqk"
        },
        {
            "name": "repeating_npcaction_-Rpcq0uC8fzwMHdH7TJr_attack_tohitrange",
            "current": "+5",
            "max": "",
            "id": "-F0o5XZgDqQs2OPqHMO3"
        },
        {
            "name": "repeating_npcaction_-Rpcq0uC8fzwMHdH7TJr_attack_onhit",
            "current": "",
            "max": "",
            "id": "-rXQUSb5C6gn7LxYEpfH"
        },
        {
            "name": "repeating_npcaction_-Rpcq0uC8fzwMHdH7TJr_attack_tohit",
            "current": "5",
            "max": "",
            "id": "-qu2d2P5gFY95AxW1xus"
        },
        {
            "name": "repeating_npcaction_-Rpcq0uC8fzwMHdH7TJr_attack_damage",
            "current": "4d6",
            "max": "",
            "id": "-VWCp6AjMwZqimSNYrN7"
        },
        {
            "name": "repeating_npcaction_-Rpcq0uC8fzwMHdH7TJr_damage_flag",
            "current": "{{damage=1}} {{dmg1flag=1}}",
            "max": "",
            "id": "-s6hvgalAg4EthtHuMno"
        },
        {
            "name": "repeating_npcaction_-Rpcq0uC8fzwMHdH7TJr_rollbase",
            "current": "@{wtype}&{template:npcaction} {{attack=1}} @{damage_flag} @{npc_name_flag} {{rname=@{name}}} {{r1=[[@{d20}+(@{attack_tohit})]]}} @{rtype}+(@{attack_tohit})]]}} {{dmg1=[[@{attack_damage}]]}} {{dmg1type=@{attack_damagetype}}} {{dmg2=[[@{attack_damage2}+0]]}} {{dmg2type=@{attack_damagetype2}}} {{crit1=[[@{attack_crit}+0]]}} {{crit2=[[@{attack_crit2}+0]]}} {{description=@{show_desc}}} @{charname_output}",
            "max": "",
            "id": "-RDbt5tPwzoTIwRJdn5K"
        },
        {
            "name": "repeating_npcaction_-Rpcq0uC8fzwMHdH7TJr_attack_crit",
            "current": "4d6",
            "max": "",
            "id": "-TdRwdnvYe8Ca1MqzGSu"
        },
        {
            "name": "repeating_npcaction_-Rpcq0uC8fzwMHdH7TJr_attack_crit2",
            "current": "",
            "max": "",
            "id": "-6yzkWlSZtXgRtUeSknv"
        },
        {
            "name": "repeating_npcaction_-PeF7eYpygXt51bzNxAo_name",
            "current": "Укусы (Половина здоровья)",
            "max": "",
            "id": "-NYwJcrYlqFg5PG5vXsa"
        },
        {
            "name": "repeating_npcaction_-PeF7eYpygXt51bzNxAo_description",
            "current": "Рукопашное Оружие: +5 к атаке, досягаемость 0 клеток, одно существо в пространстве роя. Попадание: 14 (4d6) колющего урона, или 7 (2d6) колющего урона если у роя меньше половины очков здоровья.",
            "max": "",
            "id": "-1iTDzpeiePv034JlLlk"
        },
        {
            "name": "repeating_npcaction_-PeF7eYpygXt51bzNxAo_attack_flag",
            "current": "on",
            "max": "",
            "id": "-KPIobqUZFgTy8DsRH2T"
        },
        {
            "name": "repeating_npcaction_-PeF7eYpygXt51bzNxAo_attack_tohitrange",
            "current": "+5",
            "max": "",
            "id": "-ctcQYUwLhBspqXNvjRD"
        },
        {
            "name": "repeating_npcaction_-PeF7eYpygXt51bzNxAo_attack_onhit",
            "current": "",
            "max": "",
            "id": "-RkElET6E7hTjfYOd3Po"
        },
        {
            "name": "repeating_npcaction_-PeF7eYpygXt51bzNxAo_attack_tohit",
            "current": "5",
            "max": "",
            "id": "-pW4kpi6gH2Okom1MnNY"
        },
        {
            "name": "repeating_npcaction_-PeF7eYpygXt51bzNxAo_attack_damage",
            "current": "2d6",
            "max": "",
            "id": "-ynBPkEJJ4vtut5AgfNB"
        },
        {
            "name": "repeating_npcaction_-PeF7eYpygXt51bzNxAo_damage_flag",
            "current": "{{damage=1}} {{dmg1flag=1}}",
            "max": "",
            "id": "-LFuQee2BzwZgylUnUic"
        },
        {
            "name": "repeating_npcaction_-PeF7eYpygXt51bzNxAo_rollbase",
            "current": "@{wtype}&{template:npcaction} {{attack=1}} @{damage_flag} @{npc_name_flag} {{rname=@{name}}} {{r1=[[@{d20}+(@{attack_tohit})]]}} @{rtype}+(@{attack_tohit})]]}} {{dmg1=[[@{attack_damage}]]}} {{dmg1type=@{attack_damagetype}}} {{dmg2=[[@{attack_damage2}+0]]}} {{dmg2type=@{attack_damagetype2}}} {{crit1=[[@{attack_crit}+0]]}} {{crit2=[[@{attack_crit2}+0]]}} {{description=@{show_desc}}} @{charname_output}",
            "max": "",
            "id": "-suUWYupnUvXKxGeOHLm"
        },
        {
            "name": "repeating_npcaction_-PeF7eYpygXt51bzNxAo_attack_crit",
            "current": "2d6",
            "max": "",
            "id": "-UTgJnFNp4gZWCpkMzTK"
        },
        {
            "name": "repeating_npcaction_-PeF7eYpygXt51bzNxAo_attack_crit2",
            "current": "",
            "max": "",
            "id": "-GtWnS6gZ3Qpe13Hcju2"
        },
        {
            "name": "repeating_npctrait_-LAXeYYoQFlLeeiYmP7N_name",
            "current": "Кровавое безумие",
            "max": "",
            "id": "-fsBol5lcd4IK6R0rKNa"
        },
        {
            "name": "repeating_npctrait_-LAXeYYoQFlLeeiYmP7N_description",
            "current": "Рой имеет преимущество рукопашные броски атаки против любого существа у которого не максимум очков здоровья.",
            "max": "",
            "id": "-ypvCdfVLmh1qzRfjY2H"
        },
        {
            "name": "repeating_npctrait_-XXZJUqyL08pj2BZMJON_name",
            "current": "Рой",
            "max": "",
            "id": "-C9MFQnLYg57wipGNOoZ"
        },
        {
            "name": "repeating_npctrait_-XXZJUqyL08pj2BZMJON_description",
            "current": "Рой может занять пространство другого существа и наоборот, и весь рой может пройти сквозь отверстие, через которое может пройти 1 Крошечный квиппер. Рой не может восстанавливать очки здоровья получать временные очки здоровья.",
            "max": "",
            "id": "-OZxC5bULmBBshP51bYB"
        },
        {
            "name": "repeating_npctrait_-ZHdDQKr5a5ynY2XOa6T_name",
            "current": "Подводное Дыхание",
            "max": "",
            "id": "-tje6ItlCWQZxld0Or1M"
        },
        {
            "name": "repeating_npctrait_-ZHdDQKr5a5ynY2XOa6T_description",
            "current": "Рой может дышать только под водой.",
            "max": "",
            "id": "-oSJH6o40y741T1BCxRz"
        },
        {
            "name": "npcspellcastingflag",
            "current": "0",
            "max": "",
            "id": "-D368tuPGsQ5Ph3QWl62"
        }
    ],
    "abilities": []
}