{
    "schema_version": 2,
    "oldId": "-DDXbRWIPuKY52vdAGKF",
    "name": "Рой жуков (Swarm of Beetles)",
    "avatar": "https://tentaculus.ru/monsters/img/cute_monsters/SWARM_OF_BEETLES.jpg",
    "bio": "",
    "gmnotes": "",
    "defaulttoken": "",
    "tags": "[]",
    "controlledby": "",
    "inplayerjournals": "",
    "attribs": [
        {
            "name": "hitdieroll",
            "current": "4",
            "max": "",
            "id": "-iDPEHLtEJwgQsHCpYlq"
        },
        {
            "name": "showleveler",
            "current": 0,
            "max": "",
            "id": "-TW0TTfchx9yqeXysFQC"
        },
        {
            "name": "invalidXP",
            "current": 0,
            "max": "",
            "id": "-UeD8QzxC3rwuN6vrFUm"
        },
        {
            "name": "version",
            "current": 4.21,
            "max": "",
            "id": "-Jb5lF52ZErlax5TNYBV"
        },
        {
            "name": "mancer_confirm_flag",
            "current": "",
            "max": "",
            "id": "-Y75gHcOGD45DEnAePOE"
        },
        {
            "name": "mancer_npc",
            "current": "on",
            "max": "",
            "id": "-KJRp7EUIvcOFndLD0ec"
        },
        {
            "name": "l1mancer_status",
            "current": "completed",
            "max": "",
            "id": "-adJyOv6fvyLC3FNHoGq"
        },
        {
            "name": "rtype",
            "current": "@{advantagetoggle}",
            "max": "",
            "id": "-bWHW2Xzhdw8LWi5NRWu"
        },
        {
            "name": "dtype",
            "current": "full",
            "max": "",
            "id": "-6Xn5Y6yzhLneS17Cven"
        },
        {
            "name": "appliedUpdates",
            "current": "upgrade_to_4_2_1",
            "max": "",
            "id": "-IU6AYPLbJNwe2aRWbRE"
        },
        {
            "name": "npc",
            "current": "1",
            "max": "",
            "id": "-qCLV9Dvt54bYvpEebJM"
        },
        {
            "name": "npc_options-flag",
            "current": "0",
            "max": "",
            "id": "-EvZv4ajtsIP8YGPLwk0"
        },
        {
            "name": "ui_flags",
            "current": "",
            "max": "",
            "id": "-7tYlMZ1Lr3wl7AMDjJc"
        },
        {
            "name": "npc_name",
            "current": "Рой жуков (Swarm of Beetles)",
            "max": "",
            "id": "-C7jQ7YktfPE5DaC8adB"
        },
        {
            "name": "npc_type",
            "current": "рой Крошечных зверей без мировоззрения",
            "max": "",
            "id": "-jjX0BePZ1m0AmhexRIM"
        },
        {
            "name": "npc_speed",
            "current": "4 клетки, копание 1 клетка, лазая 4 клетки",
            "max": "",
            "id": "-OsTLbRxkL7HhHl7dqzr"
        },
        {
            "name": "hp",
            "current": "",
            "max": "22",
            "id": "-cDvBdNYiiqHncnVBLdb"
        },
        {
            "name": "npc_ac",
            "current": "12 (естественная броня)",
            "max": "",
            "id": "-Ysvv54reDC5ss5iDuIO"
        },
        {
            "name": "ac",
            "current": "12 (естественная броня)",
            "max": "",
            "id": "-S1cRsN8mmivipbfu8zq"
        },
        {
            "name": "npc_languages",
            "current": "",
            "max": "",
            "id": "-WSkY4lopt7BwM3se9pf"
        },
        {
            "name": "npc_challenge",
            "current": "1/2",
            "max": "",
            "id": "-HXaL8qJn6tBAmSCejxM"
        },
        {
            "name": "passive_wisdom",
            "current": "1/2",
            "max": "",
            "id": "-LGxfihgn1YaxZNi08f6"
        },
        {
            "name": "initiative_bonus",
            "current": 1,
            "max": "",
            "id": "-qVjLPX7SYeTTRLGU8By"
        },
        {
            "name": "npc_hpformula",
            "current": "5d8",
            "max": "",
            "id": "-EK6FFhboMf7GhxwYGdi"
        },
        {
            "name": "strength_base",
            "current": "3",
            "max": "",
            "id": "-KeRaqNmU8X1oUImNkAo"
        },
        {
            "name": "strength_flag",
            "current": "0",
            "max": "",
            "id": "-jKyXUutUYAYx1Eh0DTT"
        },
        {
            "name": "strength",
            "current": 3,
            "max": "",
            "id": "-4k4QcuKTfmGieyIZ98R"
        },
        {
            "name": "strength_mod",
            "current": -4,
            "max": "",
            "id": "-KreEiszgxNDsJfE7ZU3"
        },
        {
            "name": "npc_str_negative",
            "current": 1,
            "max": "",
            "id": "-fT1rFp9qJ6WxWTg3ykN"
        },
        {
            "name": "dexterity_base",
            "current": "13",
            "max": "",
            "id": "-PGgiCESwHqWGotsxKy7"
        },
        {
            "name": "dexterity_flag",
            "current": "0",
            "max": "",
            "id": "-xNnMTIIaD44PJ6m7oNK"
        },
        {
            "name": "dexterity",
            "current": 13,
            "max": "",
            "id": "-psuMAjZsWaSVSsf6SfT"
        },
        {
            "name": "dexterity_mod",
            "current": 1,
            "max": "",
            "id": "-ma6EqYCzr0wGJBWLVpG"
        },
        {
            "name": "npc_dex_negative",
            "current": 0,
            "max": "",
            "id": "-ARQKIFZ8oihE5lghIaa"
        },
        {
            "name": "constitution_base",
            "current": "10",
            "max": "",
            "id": "-82h4nTzOrpcui0JRv4f"
        },
        {
            "name": "constitution_flag",
            "current": "0",
            "max": "",
            "id": "-z8bcastdBrt5hTE6Zvg"
        },
        {
            "name": "constitution",
            "current": 10,
            "max": "",
            "id": "-GMjwT0Yj7i95EysxIE3"
        },
        {
            "name": "constitution_mod",
            "current": 0,
            "max": "",
            "id": "-Y2E6dqQBNNSPj9PFLVN"
        },
        {
            "name": "npc_con_negative",
            "current": 0,
            "max": "",
            "id": "-4eeVrs2XGPzG0jXRWyR"
        },
        {
            "name": "intelligence_base",
            "current": "1",
            "max": "",
            "id": "-wlENoL25r2LTMAh7IrN"
        },
        {
            "name": "intelligence_flag",
            "current": "0",
            "max": "",
            "id": "-lR7Ow0WOlD3EUFIdg9Z"
        },
        {
            "name": "intelligence",
            "current": 1,
            "max": "",
            "id": "-UeYZjeyjI8FJxDs4iaa"
        },
        {
            "name": "intelligence_mod",
            "current": -5,
            "max": "",
            "id": "-8YmN1cGCHvIlc8dAVGT"
        },
        {
            "name": "npc_int_negative",
            "current": 1,
            "max": "",
            "id": "-CeblqwqNCFRQdvZbqJZ"
        },
        {
            "name": "wisdom_base",
            "current": "7",
            "max": "",
            "id": "-221Cl2IYnuKVse02b9I"
        },
        {
            "name": "wisdom_flag",
            "current": "0",
            "max": "",
            "id": "-1nymatbCP4wITxiCFJx"
        },
        {
            "name": "wisdom",
            "current": 7,
            "max": "",
            "id": "-WEtGruYxt4IRvu3WAEY"
        },
        {
            "name": "wisdom_mod",
            "current": -2,
            "max": "",
            "id": "-BCNhqq3wxINPkFNN1Kt"
        },
        {
            "name": "npc_wis_negative",
            "current": 1,
            "max": "",
            "id": "-aautBwDmTIxHeWXLGLu"
        },
        {
            "name": "charisma_base",
            "current": "1",
            "max": "",
            "id": "-tE7sOKo0AzPZcwxei5i"
        },
        {
            "name": "charisma_flag",
            "current": "0",
            "max": "",
            "id": "-kloDUOdzPRvOEH71T8Z"
        },
        {
            "name": "charisma",
            "current": 1,
            "max": "",
            "id": "-1vWAU1t35SRZ18eaHD8"
        },
        {
            "name": "charisma_mod",
            "current": -5,
            "max": "",
            "id": "-IitlKTnFazh26zFsUgm"
        },
        {
            "name": "npc_cha_negative",
            "current": 1,
            "max": "",
            "id": "-9cl8ekT3FsM5opweR2b"
        },
        {
            "name": "npc_resistances",
            "current": "дробящий, колющий, рубящий",
            "max": "",
            "id": "-M14r2XjNc8UN7lp9o3P"
        },
        {
            "name": "npc_condition_immunities",
            "current": "очарование, испуг, паралич, окаменение, сбивание с ног, удерживание, ошеломление",
            "max": "",
            "id": "-I8cdGEwFanQAmRxtoeA"
        },
        {
            "name": "npc_senses",
            "current": "слепозрение 2 клетки",
            "max": "",
            "id": "-gaTp0HhvR9K9pZHrxYl"
        },
        {
            "name": "repeating_npcaction_-wvQxixjDLfgZJ6J7LVZ_name",
            "current": "Укусы (Полное здоровье)",
            "max": "",
            "id": "-OdgcjMUNcmirpqgEOyS"
        },
        {
            "name": "repeating_npcaction_-wvQxixjDLfgZJ6J7LVZ_description",
            "current": "Рукопашное Оружие: +3 к атаке, досягаемость 0 клеток, одна цель в пространстве роя. Попадание: 10 (4d4) колющего урона, или 5 (2d4) колющего урона если у роя меньше половины очков здоровья.",
            "max": "",
            "id": "-X7d5C20GWRCe7ayTscE"
        },
        {
            "name": "repeating_npcaction_-wvQxixjDLfgZJ6J7LVZ_attack_flag",
            "current": "on",
            "max": "",
            "id": "-eFn56k6WBmqJtppUGN8"
        },
        {
            "name": "repeating_npcaction_-wvQxixjDLfgZJ6J7LVZ_attack_tohitrange",
            "current": "+3",
            "max": "",
            "id": "-9pjvUb5qvN6ShwGPxmm"
        },
        {
            "name": "repeating_npcaction_-wvQxixjDLfgZJ6J7LVZ_attack_onhit",
            "current": "",
            "max": "",
            "id": "-zib8mc3WwyBxK4k6vSu"
        },
        {
            "name": "repeating_npcaction_-wvQxixjDLfgZJ6J7LVZ_attack_tohit",
            "current": "3",
            "max": "",
            "id": "-4J8RxlSmsI2lz0wkAEo"
        },
        {
            "name": "repeating_npcaction_-wvQxixjDLfgZJ6J7LVZ_attack_damage",
            "current": "4d4",
            "max": "",
            "id": "-DpIlTSMVfWei9ftiU9q"
        },
        {
            "name": "repeating_npcaction_-wvQxixjDLfgZJ6J7LVZ_damage_flag",
            "current": "{{damage=1}} {{dmg1flag=1}}",
            "max": "",
            "id": "-V9JmnZ4VPKaV3D3Ti0C"
        },
        {
            "name": "repeating_npcaction_-wvQxixjDLfgZJ6J7LVZ_rollbase",
            "current": "@{wtype}&{template:npcaction} {{attack=1}} @{damage_flag} @{npc_name_flag} {{rname=@{name}}} {{r1=[[@{d20}+(@{attack_tohit})]]}} @{rtype}+(@{attack_tohit})]]}} {{dmg1=[[@{attack_damage}]]}} {{dmg1type=@{attack_damagetype}}} {{dmg2=[[@{attack_damage2}+0]]}} {{dmg2type=@{attack_damagetype2}}} {{crit1=[[@{attack_crit}+0]]}} {{crit2=[[@{attack_crit2}+0]]}} {{description=@{show_desc}}} @{charname_output}",
            "max": "",
            "id": "-B4DidWn8XHYxwXXtLiW"
        },
        {
            "name": "repeating_npcaction_-wvQxixjDLfgZJ6J7LVZ_attack_crit",
            "current": "4d4",
            "max": "",
            "id": "-Ibyzr5K6xXzoaaWJFBj"
        },
        {
            "name": "repeating_npcaction_-wvQxixjDLfgZJ6J7LVZ_attack_crit2",
            "current": "",
            "max": "",
            "id": "-I7cV0UruDoRu2NfbDip"
        },
        {
            "name": "repeating_npcaction_-L2Za2EzPvor5HRMqd5u_name",
            "current": "Укусы (Половина здоровья)",
            "max": "",
            "id": "-ImAagAOYDCldbVynwtv"
        },
        {
            "name": "repeating_npcaction_-L2Za2EzPvor5HRMqd5u_description",
            "current": "Рукопашное Оружие: +3 к атаке, досягаемость 0 клеток, одна цель в пространстве роя. Попадание: 10 (4d4) колющего урона, или 5 (2d4) колющего урона если у роя меньше половины очков здоровья.",
            "max": "",
            "id": "-seFQncGSQOGVQrZXQfg"
        },
        {
            "name": "repeating_npcaction_-L2Za2EzPvor5HRMqd5u_attack_flag",
            "current": "on",
            "max": "",
            "id": "-yxAGRXKn5btBTqXIuJ3"
        },
        {
            "name": "repeating_npcaction_-L2Za2EzPvor5HRMqd5u_attack_tohitrange",
            "current": "+3",
            "max": "",
            "id": "-JIi7G54IhDMiWHXm3ZL"
        },
        {
            "name": "repeating_npcaction_-L2Za2EzPvor5HRMqd5u_attack_onhit",
            "current": "",
            "max": "",
            "id": "-L98zHoif5AgXyNd4dtU"
        },
        {
            "name": "repeating_npcaction_-L2Za2EzPvor5HRMqd5u_attack_tohit",
            "current": "3",
            "max": "",
            "id": "-Kydtx51muP6WS4bsbWj"
        },
        {
            "name": "repeating_npcaction_-L2Za2EzPvor5HRMqd5u_attack_damage",
            "current": "2d4",
            "max": "",
            "id": "-nlh63QkmohMyy1SxoW5"
        },
        {
            "name": "repeating_npcaction_-L2Za2EzPvor5HRMqd5u_damage_flag",
            "current": "{{damage=1}} {{dmg1flag=1}}",
            "max": "",
            "id": "-6DXlYgTDEn3SLg3zhlP"
        },
        {
            "name": "repeating_npcaction_-L2Za2EzPvor5HRMqd5u_rollbase",
            "current": "@{wtype}&{template:npcaction} {{attack=1}} @{damage_flag} @{npc_name_flag} {{rname=@{name}}} {{r1=[[@{d20}+(@{attack_tohit})]]}} @{rtype}+(@{attack_tohit})]]}} {{dmg1=[[@{attack_damage}]]}} {{dmg1type=@{attack_damagetype}}} {{dmg2=[[@{attack_damage2}+0]]}} {{dmg2type=@{attack_damagetype2}}} {{crit1=[[@{attack_crit}+0]]}} {{crit2=[[@{attack_crit2}+0]]}} {{description=@{show_desc}}} @{charname_output}",
            "max": "",
            "id": "-f759bsTKsMpAu7BbbG3"
        },
        {
            "name": "repeating_npcaction_-L2Za2EzPvor5HRMqd5u_attack_crit",
            "current": "2d4",
            "max": "",
            "id": "-v87LmAs3HmNnRxytLYo"
        },
        {
            "name": "repeating_npcaction_-L2Za2EzPvor5HRMqd5u_attack_crit2",
            "current": "",
            "max": "",
            "id": "-4GcORfcEgTvs5IHTSf3"
        },
        {
            "name": "repeating_npctrait_-tXINKFf4MrA5rBRcCAh_name",
            "current": "Рой",
            "max": "",
            "id": "-0nIuoIS157xh3zr8DSs"
        },
        {
            "name": "repeating_npctrait_-tXINKFf4MrA5rBRcCAh_description",
            "current": "Рой может занять пространство другого существа и наоборот, и весь рой может пройти сквозь отверстие, через которое может пройти 1 Крошечное насекомое. Рой не может восстанавливать очки здоровья получать временные очки здоровья.",
            "max": "",
            "id": "-Zvt7HjugDEwv9TUxXxH"
        },
        {
            "name": "npcspellcastingflag",
            "current": "0",
            "max": "",
            "id": "-qeTzuOV4sd7qsDZ1cLl"
        }
    ],
    "abilities": []
}