{
    "schema_version": 2,
    "oldId": "-12xIDWH1adNird0fVD8",
    "name": "Воин племени (Tribal Warrior)",
    "avatar": "https://tentaculus.ru/monsters/img/cute_monsters/TRIBAL_WARRIOR.jpg",
    "bio": "",
    "gmnotes": "",
    "defaulttoken": "",
    "tags": "[]",
    "controlledby": "",
    "inplayerjournals": "",
    "attribs": [
        {
            "name": "hitdieroll",
            "current": "4",
            "max": "",
            "id": "-LVignmiFsfqsRa3azxT"
        },
        {
            "name": "showleveler",
            "current": 0,
            "max": "",
            "id": "-zNdKXub5mY07rX9AOOV"
        },
        {
            "name": "invalidXP",
            "current": 0,
            "max": "",
            "id": "-SVoRUfJqCZYnwJRF1YM"
        },
        {
            "name": "version",
            "current": 4.21,
            "max": "",
            "id": "-gpm2UqsvK95xxPdTFaa"
        },
        {
            "name": "mancer_confirm_flag",
            "current": "",
            "max": "",
            "id": "-vhdxk2C8OwjjrOeckXd"
        },
        {
            "name": "mancer_npc",
            "current": "on",
            "max": "",
            "id": "-cDJUHjgSgwmNduEwzcx"
        },
        {
            "name": "l1mancer_status",
            "current": "completed",
            "max": "",
            "id": "-YcSgIZXWxRhVbIVPyTS"
        },
        {
            "name": "rtype",
            "current": "@{advantagetoggle}",
            "max": "",
            "id": "-O8BUHTdtcKcYFizqRSl"
        },
        {
            "name": "dtype",
            "current": "full",
            "max": "",
            "id": "-n26sRZwtPn7qevuQNQs"
        },
        {
            "name": "appliedUpdates",
            "current": "upgrade_to_4_2_1",
            "max": "",
            "id": "-04NBVn4NhvUWCIO1SkW"
        },
        {
            "name": "npc",
            "current": "1",
            "max": "",
            "id": "-unUlEWzhh8fpPV22C13"
        },
        {
            "name": "npc_options-flag",
            "current": "0",
            "max": "",
            "id": "-llMJ8jrxAIFba4i3WPf"
        },
        {
            "name": "ui_flags",
            "current": "",
            "max": "",
            "id": "-4emkAO7PB8LjyogiuaC"
        },
        {
            "name": "npc_name",
            "current": "Воин племени (Tribal Warrior)",
            "max": "",
            "id": "-bfGSZZL3iFevqdyX6XP"
        },
        {
            "name": "npc_type",
            "current": "гуманоид (любая раса) любое мировоззрение",
            "max": "",
            "id": "-Rc8LBE6WmgOqRhNUqXN"
        },
        {
            "name": "npc_speed",
            "current": "6 клеток",
            "max": "",
            "id": "-om2R0jGuU4VZ6czlZye"
        },
        {
            "name": "hp",
            "current": "",
            "max": "11",
            "id": "-wFNQ913xo6dx4EvwnFu"
        },
        {
            "name": "npc_ac",
            "current": "12 (доспех из шкур)",
            "max": "",
            "id": "-vOgg1ArKg8vaR64hQCM"
        },
        {
            "name": "ac",
            "current": "12 (доспех из шкур)",
            "max": "",
            "id": "-1kWiGa0S3xb8lBl9GPu"
        },
        {
            "name": "npc_languages",
            "current": "any one language",
            "max": "",
            "id": "-OVFjPDf5QsxXdcNTGp8"
        },
        {
            "name": "npc_challenge",
            "current": "1/8",
            "max": "",
            "id": "-v0I1Vtl6rox28d0V30a"
        },
        {
            "name": "passive_wisdom",
            "current": "1/8",
            "max": "",
            "id": "-AMOObGO7nMTzSAulT8k"
        },
        {
            "name": "initiative_bonus",
            "current": 0,
            "max": "",
            "id": "-vz0aTbZgKVG4TKFMxWZ"
        },
        {
            "name": "npc_hpformula",
            "current": "2d8 + 2",
            "max": "",
            "id": "-ViN5irlEK4a23k2Oehw"
        },
        {
            "name": "strength_base",
            "current": "13",
            "max": "",
            "id": "-Nwb2FCh4xZURoHWNaPK"
        },
        {
            "name": "strength_flag",
            "current": "0",
            "max": "",
            "id": "-yZ43zVsUvdeNL7zBqMj"
        },
        {
            "name": "strength",
            "current": 13,
            "max": "",
            "id": "-06KC8zrO1tTHe1Q1gFX"
        },
        {
            "name": "strength_mod",
            "current": 1,
            "max": "",
            "id": "-GydXW84OZvtkLmdW8x5"
        },
        {
            "name": "npc_str_negative",
            "current": 0,
            "max": "",
            "id": "-BeCEf2rPDZ4Ao5WHlqk"
        },
        {
            "name": "dexterity_base",
            "current": "11",
            "max": "",
            "id": "-Eq2kcbV5xM95IdZIIcm"
        },
        {
            "name": "dexterity_flag",
            "current": "0",
            "max": "",
            "id": "-G9No65SmVFcuUekY72B"
        },
        {
            "name": "dexterity",
            "current": 11,
            "max": "",
            "id": "-OSGYcniYKHci9fqzogr"
        },
        {
            "name": "dexterity_mod",
            "current": 0,
            "max": "",
            "id": "-O9AGcw3XXMPRBPP7Duw"
        },
        {
            "name": "npc_dex_negative",
            "current": 0,
            "max": "",
            "id": "-lsLOOiBzTVz5CH4Cuhp"
        },
        {
            "name": "constitution_base",
            "current": "12",
            "max": "",
            "id": "-OJCKDyIfAKuEL8xqRF2"
        },
        {
            "name": "constitution_flag",
            "current": "0",
            "max": "",
            "id": "-xf1hSDFQdlz3BqfQ70Y"
        },
        {
            "name": "constitution",
            "current": 12,
            "max": "",
            "id": "-IZRgE5QH0CqRNz8nKxk"
        },
        {
            "name": "constitution_mod",
            "current": 1,
            "max": "",
            "id": "-OVQlVhChJUDmXZ4Z03b"
        },
        {
            "name": "npc_con_negative",
            "current": 0,
            "max": "",
            "id": "-XirUrMhqEolW3eTZEKc"
        },
        {
            "name": "intelligence_base",
            "current": "8",
            "max": "",
            "id": "-UO7Q8A7IizN3fcklBma"
        },
        {
            "name": "intelligence_flag",
            "current": "0",
            "max": "",
            "id": "-I7uGxKaffvzeY8DbIJ1"
        },
        {
            "name": "intelligence",
            "current": 8,
            "max": "",
            "id": "-fkUROjsg1H48ADHHTDF"
        },
        {
            "name": "intelligence_mod",
            "current": -1,
            "max": "",
            "id": "-D7hbLxxb5AxrR5oVLk7"
        },
        {
            "name": "npc_int_negative",
            "current": 1,
            "max": "",
            "id": "-Q9PSiHPBjOyIsFPH2yT"
        },
        {
            "name": "wisdom_base",
            "current": "11",
            "max": "",
            "id": "-A2AxZWt5wiMNelLFQHa"
        },
        {
            "name": "wisdom_flag",
            "current": "0",
            "max": "",
            "id": "-CGNVIKTi05cchwBImFu"
        },
        {
            "name": "wisdom",
            "current": 11,
            "max": "",
            "id": "-9n3TLBEebg2qokWCHxd"
        },
        {
            "name": "wisdom_mod",
            "current": 0,
            "max": "",
            "id": "-23Z2Pstu8zQjKIa7g7Q"
        },
        {
            "name": "npc_wis_negative",
            "current": 0,
            "max": "",
            "id": "-fzlE4Ld7rUQoJ0odJPa"
        },
        {
            "name": "charisma_base",
            "current": "8",
            "max": "",
            "id": "-X3hYo8UXXIf8jtmk2yI"
        },
        {
            "name": "charisma_flag",
            "current": "0",
            "max": "",
            "id": "-uB1qPa1PhAa4UHE8ih7"
        },
        {
            "name": "charisma",
            "current": 8,
            "max": "",
            "id": "-wR6DAYEoeIbyYV5Cfh8"
        },
        {
            "name": "charisma_mod",
            "current": -1,
            "max": "",
            "id": "-UpIKZkGwtAImJolnlo2"
        },
        {
            "name": "npc_cha_negative",
            "current": 1,
            "max": "",
            "id": "-yF3t2VllVJeunPlrUhP"
        },
        {
            "name": "repeating_npcaction_-nV49PhQEkbZNGoOwqN1_name",
            "current": "Копье (Одной рукой)",
            "max": "",
            "id": "-6HzlCOVFI96FM0izmfi"
        },
        {
            "name": "repeating_npcaction_-nV49PhQEkbZNGoOwqN1_description",
            "current": "Рукопашное или Дальнобойное Оружие: +3 к атаке, досягаемость: 1 клетка или дальнобойное 4/12 клеток, одна цель. Попадание: 4 (1d6 + 1) колющего урона, или 5 (1d8 + 1) колющего урона если держит оружие двумя руками.",
            "max": "",
            "id": "-FXjGqofsyB4dz0tuk82"
        },
        {
            "name": "repeating_npcaction_-nV49PhQEkbZNGoOwqN1_attack_flag",
            "current": "on",
            "max": "",
            "id": "-11eSeeka9ikQ0up0K9J"
        },
        {
            "name": "repeating_npcaction_-nV49PhQEkbZNGoOwqN1_attack_tohitrange",
            "current": "+3",
            "max": "",
            "id": "-HVvtyrL18VmjUxf2K4S"
        },
        {
            "name": "repeating_npcaction_-nV49PhQEkbZNGoOwqN1_attack_onhit",
            "current": "",
            "max": "",
            "id": "-VriyzRrwORzKreWsqpQ"
        },
        {
            "name": "repeating_npcaction_-nV49PhQEkbZNGoOwqN1_attack_tohit",
            "current": "3",
            "max": "",
            "id": "-Q51IdYIjz8OC0WegFvA"
        },
        {
            "name": "repeating_npcaction_-nV49PhQEkbZNGoOwqN1_attack_damage",
            "current": "1d6+1",
            "max": "",
            "id": "-oKfX8oFL98n4AJf5mYp"
        },
        {
            "name": "repeating_npcaction_-nV49PhQEkbZNGoOwqN1_damage_flag",
            "current": "{{damage=1}} {{dmg1flag=1}}",
            "max": "",
            "id": "-4ZjrWZ0J3OOgsXEaZ2v"
        },
        {
            "name": "repeating_npcaction_-nV49PhQEkbZNGoOwqN1_rollbase",
            "current": "@{wtype}&{template:npcaction} {{attack=1}} @{damage_flag} @{npc_name_flag} {{rname=@{name}}} {{r1=[[@{d20}+(@{attack_tohit})]]}} @{rtype}+(@{attack_tohit})]]}} {{dmg1=[[@{attack_damage}]]}} {{dmg1type=@{attack_damagetype}}} {{dmg2=[[@{attack_damage2}+0]]}} {{dmg2type=@{attack_damagetype2}}} {{crit1=[[@{attack_crit}+0]]}} {{crit2=[[@{attack_crit2}+0]]}} {{description=@{show_desc}}} @{charname_output}",
            "max": "",
            "id": "-1tdra0lhTbjNezXp0XB"
        },
        {
            "name": "repeating_npcaction_-nV49PhQEkbZNGoOwqN1_attack_crit",
            "current": "1d6+1",
            "max": "",
            "id": "-5SGccPGqioySEHq4y7q"
        },
        {
            "name": "repeating_npcaction_-nV49PhQEkbZNGoOwqN1_attack_crit2",
            "current": "",
            "max": "",
            "id": "-1cvCQQ8jD4rFJi3nhgz"
        },
        {
            "name": "repeating_npcaction_-CvFbUmWbK2xDCjmdh7A_name",
            "current": "Копье (Двумя руками)",
            "max": "",
            "id": "-R4Z926To7ZL08CKeGu1"
        },
        {
            "name": "repeating_npcaction_-CvFbUmWbK2xDCjmdh7A_description",
            "current": "Рукопашное или Дальнобойное Оружие: +3 к атаке, досягаемость: 1 клетка или дальнобойное 4/12 клеток, одна цель. Попадание: 4 (1d6 + 1) колющего урона, или 5 (1d8 + 1) колющего урона если держит оружие двумя руками.",
            "max": "",
            "id": "-8tyV7A8iys32nqeN4bX"
        },
        {
            "name": "repeating_npcaction_-CvFbUmWbK2xDCjmdh7A_attack_flag",
            "current": "on",
            "max": "",
            "id": "-YGLhwMwT4T8GmFZEZdw"
        },
        {
            "name": "repeating_npcaction_-CvFbUmWbK2xDCjmdh7A_attack_tohitrange",
            "current": "+3",
            "max": "",
            "id": "-n40UUVNQn2v7InWXhtd"
        },
        {
            "name": "repeating_npcaction_-CvFbUmWbK2xDCjmdh7A_attack_onhit",
            "current": "",
            "max": "",
            "id": "-BlxYNF4y13tIxG6FEB7"
        },
        {
            "name": "repeating_npcaction_-CvFbUmWbK2xDCjmdh7A_attack_tohit",
            "current": "3",
            "max": "",
            "id": "-yWLt4J1hEOJ5YaCnbzK"
        },
        {
            "name": "repeating_npcaction_-CvFbUmWbK2xDCjmdh7A_attack_damage",
            "current": "1d8+1",
            "max": "",
            "id": "-PTGfJPDkj8gNkMRT7kj"
        },
        {
            "name": "repeating_npcaction_-CvFbUmWbK2xDCjmdh7A_damage_flag",
            "current": "{{damage=1}} {{dmg1flag=1}}",
            "max": "",
            "id": "-33Cc9JcAnI5jh7BJLdx"
        },
        {
            "name": "repeating_npcaction_-CvFbUmWbK2xDCjmdh7A_rollbase",
            "current": "@{wtype}&{template:npcaction} {{attack=1}} @{damage_flag} @{npc_name_flag} {{rname=@{name}}} {{r1=[[@{d20}+(@{attack_tohit})]]}} @{rtype}+(@{attack_tohit})]]}} {{dmg1=[[@{attack_damage}]]}} {{dmg1type=@{attack_damagetype}}} {{dmg2=[[@{attack_damage2}+0]]}} {{dmg2type=@{attack_damagetype2}}} {{crit1=[[@{attack_crit}+0]]}} {{crit2=[[@{attack_crit2}+0]]}} {{description=@{show_desc}}} @{charname_output}",
            "max": "",
            "id": "-rfUFogY6TfbJ4kApNqJ"
        },
        {
            "name": "repeating_npcaction_-CvFbUmWbK2xDCjmdh7A_attack_crit",
            "current": "1d8+1",
            "max": "",
            "id": "-lp2BzOCoLgN1XuBo93P"
        },
        {
            "name": "repeating_npcaction_-CvFbUmWbK2xDCjmdh7A_attack_crit2",
            "current": "",
            "max": "",
            "id": "-yYxDBuc55QIjGvth2EO"
        },
        {
            "name": "repeating_npctrait_-TOAiXX06N33I8ucGbwa_name",
            "current": "Тактика Стаи",
            "max": "",
            "id": "-nyEAYu8BbAf3cyvlI1X"
        },
        {
            "name": "repeating_npctrait_-TOAiXX06N33I8ucGbwa_description",
            "current": "Воин имеет преимущество к броскам атаки против существа если хотя бы один из его союзников находится в пределах 1 клетки от существа и союзник боеспособен.",
            "max": "",
            "id": "-etgn50FyZqrH6jw2t8R"
        },
        {
            "name": "npcspellcastingflag",
            "current": "0",
            "max": "",
            "id": "-BcocbEJ5QCxFDcvaXQU"
        }
    ],
    "abilities": []
}