{
    "schema_version": 2,
    "oldId": "-appx9drzsSeYMhMjPMd",
    "name": "Взрослый Красный Дракон (Adult Red Dragon)",
    "avatar": "https://tentaculus.ru/monsters/img/cute_monsters/ADULT_RED_DRAGON.jpg",
    "bio": "",
    "gmnotes": "",
    "defaulttoken": "",
    "tags": "[]",
    "controlledby": "",
    "inplayerjournals": "",
    "attribs": [
        {
            "name": "hitdieroll",
            "current": "4",
            "max": "",
            "id": "-iNnCeXTZlnUTfRngqIi"
        },
        {
            "name": "showleveler",
            "current": 0,
            "max": "",
            "id": "-a2OqYhys8f22U2TirKE"
        },
        {
            "name": "invalidXP",
            "current": 0,
            "max": "",
            "id": "-qaqlTppnsJD3mgbS5q8"
        },
        {
            "name": "version",
            "current": 4.21,
            "max": "",
            "id": "-7vzmxrUe2iSzVAUGdU1"
        },
        {
            "name": "mancer_confirm_flag",
            "current": "",
            "max": "",
            "id": "-SHhAAGV24TzGOE0dmDC"
        },
        {
            "name": "mancer_npc",
            "current": "on",
            "max": "",
            "id": "-zHPhyOpRa2R9yGSzcQk"
        },
        {
            "name": "l1mancer_status",
            "current": "completed",
            "max": "",
            "id": "-KadkogVZh1UBXLsG5nG"
        },
        {
            "name": "rtype",
            "current": "@{advantagetoggle}",
            "max": "",
            "id": "-iV95Q8LYeaw3PPW7d6m"
        },
        {
            "name": "dtype",
            "current": "full",
            "max": "",
            "id": "-Pic9ZeAxkDCBUHDeQsy"
        },
        {
            "name": "appliedUpdates",
            "current": "upgrade_to_4_2_1",
            "max": "",
            "id": "-oPwALLZl9nRlo2eCSQt"
        },
        {
            "name": "npc",
            "current": "1",
            "max": "",
            "id": "-WWqjgQwKmY3qiKyjg5Y"
        },
        {
            "name": "npc_options-flag",
            "current": "0",
            "max": "",
            "id": "-qmce6djlltdbT8wUyP5"
        },
        {
            "name": "ui_flags",
            "current": "",
            "max": "",
            "id": "-Hkm0b0csSVDG5gKcP8E"
        },
        {
            "name": "npc_name",
            "current": "Взрослый Красный Дракон (Adult Red Dragon)",
            "max": "",
            "id": "-kU4NLoYVMNJyWtUdRdD"
        },
        {
            "name": "npc_type",
            "current": "дракон хаотично-злое",
            "max": "",
            "id": "-Becnzyql40J2XWcixOy"
        },
        {
            "name": "npc_speed",
            "current": "8 клеток, лазание 8 клеток, полет 16 клеток",
            "max": "",
            "id": "-gDhSjCBeAPlCXBKj16C"
        },
        {
            "name": "hp",
            "current": "",
            "max": "256",
            "id": "-hx5S472KQwHBHKBMT1O"
        },
        {
            "name": "npc_ac",
            "current": "19 (естественная броня)",
            "max": "",
            "id": "-mq7nnjuF4DUwOtwMOjC"
        },
        {
            "name": "ac",
            "current": "19 (естественная броня)",
            "max": "",
            "id": "-Tpr9Gfwo8hv7qDK5oQE"
        },
        {
            "name": "npc_languages",
            "current": "Общий, Драконий",
            "max": "",
            "id": "-UnDv22pxyYSodaW2tHL"
        },
        {
            "name": "npc_challenge",
            "current": "17",
            "max": "",
            "id": "-W0SqprJsvFUnKDvzYOp"
        },
        {
            "name": "passive_wisdom",
            "current": "17",
            "max": "",
            "id": "-x6v1Na891hh9pMZwbED"
        },
        {
            "name": "initiative_bonus",
            "current": 0,
            "max": "",
            "id": "-qjBi6x28vcQ9P9mzj5b"
        },
        {
            "name": "npc_hpformula",
            "current": "19d12 + 133",
            "max": "",
            "id": "-r7tNP7QaslAXdkMKLIH"
        },
        {
            "name": "strength_base",
            "current": "27",
            "max": "",
            "id": "-p7yuiPi22aTy1kAR4xp"
        },
        {
            "name": "strength_flag",
            "current": "0",
            "max": "",
            "id": "-ug0LaotgEbnJvzyfP8y"
        },
        {
            "name": "strength",
            "current": 27,
            "max": "",
            "id": "-JicQg1HhMkCKwdvhxXd"
        },
        {
            "name": "strength_mod",
            "current": 8,
            "max": "",
            "id": "-BkPI7otY4nOnISgPbbF"
        },
        {
            "name": "npc_str_negative",
            "current": 0,
            "max": "",
            "id": "-uDwkMEAH8PJwIoVXTCO"
        },
        {
            "name": "dexterity_base",
            "current": "10",
            "max": "",
            "id": "-hx8ZVbCX3ly9sXu0O3s"
        },
        {
            "name": "dexterity_flag",
            "current": "0",
            "max": "",
            "id": "-BvWsptZfSINcPnxqnXj"
        },
        {
            "name": "dexterity",
            "current": 10,
            "max": "",
            "id": "-dw1FCB8b9x88wshnuUX"
        },
        {
            "name": "dexterity_mod",
            "current": 0,
            "max": "",
            "id": "-MWriSDGbWndDzy7LSz1"
        },
        {
            "name": "npc_dex_negative",
            "current": 0,
            "max": "",
            "id": "-wtb9d7ckdlMsgdm4B1s"
        },
        {
            "name": "constitution_base",
            "current": "25",
            "max": "",
            "id": "-q8ToWa8MnnZ1PQfieW7"
        },
        {
            "name": "constitution_flag",
            "current": "0",
            "max": "",
            "id": "-A0nwn0bf2hTpTzFjqPY"
        },
        {
            "name": "constitution",
            "current": 25,
            "max": "",
            "id": "-oHnVDQPdtPeymZHf452"
        },
        {
            "name": "constitution_mod",
            "current": 7,
            "max": "",
            "id": "-8eKD9Ku07mFFSouHxLF"
        },
        {
            "name": "npc_con_negative",
            "current": 0,
            "max": "",
            "id": "-U4HdPUqBhedc8yeByKQ"
        },
        {
            "name": "intelligence_base",
            "current": "16",
            "max": "",
            "id": "-WV9Mq3WL5QTzSR9M0UU"
        },
        {
            "name": "intelligence_flag",
            "current": "0",
            "max": "",
            "id": "-jZ8uOarfNNpbGfEubmZ"
        },
        {
            "name": "intelligence",
            "current": 16,
            "max": "",
            "id": "-IxLHYCPS0mPSYmUhllb"
        },
        {
            "name": "intelligence_mod",
            "current": 3,
            "max": "",
            "id": "-UIwjV4iKkD96AY6Q2JP"
        },
        {
            "name": "npc_int_negative",
            "current": 0,
            "max": "",
            "id": "-S7bhxRJ6iGJVHHuWzSQ"
        },
        {
            "name": "wisdom_base",
            "current": "13",
            "max": "",
            "id": "-WeOhMBVUnxlvjrI1Awn"
        },
        {
            "name": "wisdom_flag",
            "current": "0",
            "max": "",
            "id": "-PmGArLugGFpWiZEyuRj"
        },
        {
            "name": "wisdom",
            "current": 13,
            "max": "",
            "id": "-qUezGWgVZEFo3QXWTUs"
        },
        {
            "name": "wisdom_mod",
            "current": 1,
            "max": "",
            "id": "-K0e7d9WFcwYn4hME5d5"
        },
        {
            "name": "npc_wis_negative",
            "current": 0,
            "max": "",
            "id": "-tu35XFgBhnzBM2398zv"
        },
        {
            "name": "charisma_base",
            "current": "21",
            "max": "",
            "id": "-MUBRk3w5lELp0K4oDTn"
        },
        {
            "name": "charisma_flag",
            "current": "0",
            "max": "",
            "id": "-V6yif4KTR7LBMUTAexH"
        },
        {
            "name": "charisma",
            "current": 21,
            "max": "",
            "id": "-luHutOXLKSmOZOVW203"
        },
        {
            "name": "charisma_mod",
            "current": 5,
            "max": "",
            "id": "-tlO6awLzgwcQeWAKLlk"
        },
        {
            "name": "npc_cha_negative",
            "current": 0,
            "max": "",
            "id": "-fdo9X9cAEkycEua090Y"
        },
        {
            "name": "npc_skills_flag",
            "current": 3,
            "max": "",
            "id": "-myBZR2XsASAlEk8qIoN"
        },
        {
            "name": "npc_perception_base",
            "current": "13",
            "max": "",
            "id": "-0Q35SZraB4k6UciW3EV"
        },
        {
            "name": "npc_perception_flag",
            "current": "1",
            "max": "",
            "id": "-iX8SozDao55n6bNY2Os"
        },
        {
            "name": "npc_perception",
            "current": 13,
            "max": "",
            "id": "-l9gKMkAVP28IeyNjnch"
        },
        {
            "name": "npc_stealth_base",
            "current": "6",
            "max": "",
            "id": "-A4b2YQ15FKz3TKK1rRV"
        },
        {
            "name": "npc_stealth_flag",
            "current": "1",
            "max": "",
            "id": "-91FwEPP5z1YLWfMrQf6"
        },
        {
            "name": "npc_stealth",
            "current": 6,
            "max": "",
            "id": "-iwShQd0bWIWuENudXxB"
        },
        {
            "name": "npc_saving_flag",
            "current": 7,
            "max": "",
            "id": "-kIinD1FkmlVmvZUPNSe"
        },
        {
            "name": "npc_dex_save_base",
            "current": "6",
            "max": "",
            "id": "-szJ7NT2mBRw6RshMOFK"
        },
        {
            "name": "npc_dex_save_flag",
            "current": 1,
            "max": "",
            "id": "-FT2PwxRpqeBTcAdHqnu"
        },
        {
            "name": "npc_dex_save",
            "current": 6,
            "max": "",
            "id": "-3ighqkSxD8JmaQUB0Wz"
        },
        {
            "name": "npc_con_save_base",
            "current": "13",
            "max": "",
            "id": "-pyiIbLOF18VdJv8V7Wg"
        },
        {
            "name": "npc_con_save_flag",
            "current": 1,
            "max": "",
            "id": "-PctvpuAkza0gpFPJDJN"
        },
        {
            "name": "npc_con_save",
            "current": 13,
            "max": "",
            "id": "-lvShCXv0h5TYWfPVp3h"
        },
        {
            "name": "npc_wis_save_base",
            "current": "7",
            "max": "",
            "id": "-nSh4Jtw3rEJh8e8Jzwv"
        },
        {
            "name": "npc_wis_save_flag",
            "current": 1,
            "max": "",
            "id": "-qn0PSjQPANqlMCecq3N"
        },
        {
            "name": "npc_wis_save",
            "current": 7,
            "max": "",
            "id": "-2Qen9ilLL9K1xu7ngEk"
        },
        {
            "name": "npc_cha_save_base",
            "current": "11",
            "max": "",
            "id": "-kiGrT6mQQ5B2CfQegfA"
        },
        {
            "name": "npc_cha_save_flag",
            "current": 1,
            "max": "",
            "id": "-ffthnZgMDk1NPayvhN5"
        },
        {
            "name": "npc_cha_save",
            "current": 11,
            "max": "",
            "id": "-I2GqZE3660Lnx6YmaxK"
        },
        {
            "name": "npc_immunities",
            "current": "огонь",
            "max": "",
            "id": "-jDQS87Qp0HiexOdLIT6"
        },
        {
            "name": "npc_senses",
            "current": "слепозрение 12 клеток, темнозрение 24 клеток",
            "max": "",
            "id": "-gi8OuxsbBcboG0X35FQ"
        },
        {
            "name": "repeating_npcaction_-C3ArlMC0y5AYUpH6D1U_name",
            "current": "Мультиатака",
            "max": "",
            "id": "-HX5bTLvH3bUq1CiKJgd"
        },
        {
            "name": "repeating_npcaction_-C3ArlMC0y5AYUpH6D1U_description",
            "current": "Дракон использует Ужасающую Внешность. После этого он проводит 3 атаки: две зубами и одну когтями.",
            "max": "",
            "id": "-NajIqOfTwf2iQl6ORCX"
        },
        {
            "name": "repeating_npcaction_-C3ArlMC0y5AYUpH6D1U_attack_tohitrange",
            "current": "+0",
            "max": "",
            "id": "-78j0j5YWD9Aq2Gy2YYH"
        },
        {
            "name": "repeating_npcaction_-C3ArlMC0y5AYUpH6D1U_attack_onhit",
            "current": "",
            "max": "",
            "id": "-etJd9VgfazEfnjOjJ49"
        },
        {
            "name": "repeating_npcaction_-C3ArlMC0y5AYUpH6D1U_damage_flag",
            "current": "",
            "max": "",
            "id": "-kTzACpidAzgSDMNrYnC"
        },
        {
            "name": "repeating_npcaction_-C3ArlMC0y5AYUpH6D1U_attack_crit",
            "current": "",
            "max": "",
            "id": "-0hgwYuVq5yHczuaeveb"
        },
        {
            "name": "repeating_npcaction_-C3ArlMC0y5AYUpH6D1U_attack_crit2",
            "current": "",
            "max": "",
            "id": "-uIIvIXVOCgqN3ttjZiS"
        },
        {
            "name": "repeating_npcaction_-C3ArlMC0y5AYUpH6D1U_rollbase",
            "current": "@{wtype}&{template:npcaction} @{npc_name_flag} {{rname=@{name}}} {{description=@{show_desc}}} @{charname_output}",
            "max": "",
            "id": "-yzmJAnGS4u1WiBbo6VH"
        },
        {
            "name": "repeating_npcaction_-YBg7eEtCZu9tzpXpzPR_name",
            "current": "Укус",
            "max": "",
            "id": "-XpVosusAW6IhWk2Rvqh"
        },
        {
            "name": "repeating_npcaction_-YBg7eEtCZu9tzpXpzPR_description",
            "current": "Рукопашное Оружие: +14 к атаке, досягаемость: 2 клетки, одна цель. Попадание: 19 (2d10 + 8) колющего урона плюс 7 (2d6) урон огнем.",
            "max": "",
            "id": "-PHKElSN9VVfHbfi7U8w"
        },
        {
            "name": "repeating_npcaction_-YBg7eEtCZu9tzpXpzPR_attack_flag",
            "current": "on",
            "max": "",
            "id": "-jKWYX7lKc2aQg1bLNMe"
        },
        {
            "name": "repeating_npcaction_-YBg7eEtCZu9tzpXpzPR_attack_tohitrange",
            "current": "+14",
            "max": "",
            "id": "-qz4KUYTbbJZPCAClg81"
        },
        {
            "name": "repeating_npcaction_-YBg7eEtCZu9tzpXpzPR_attack_onhit",
            "current": "",
            "max": "",
            "id": "-vvX7tjYCEAnSG8evGgc"
        },
        {
            "name": "repeating_npcaction_-YBg7eEtCZu9tzpXpzPR_attack_tohit",
            "current": "14",
            "max": "",
            "id": "-pitcQd2AgoNJrLCUnBN"
        },
        {
            "name": "repeating_npcaction_-YBg7eEtCZu9tzpXpzPR_attack_damage",
            "current": "2d10+8+2d6",
            "max": "",
            "id": "-C20c1IHHmZc6nACEzR1"
        },
        {
            "name": "repeating_npcaction_-YBg7eEtCZu9tzpXpzPR_damage_flag",
            "current": "{{damage=1}} {{dmg1flag=1}}",
            "max": "",
            "id": "-FcypwvaESDPCrzGgu98"
        },
        {
            "name": "repeating_npcaction_-YBg7eEtCZu9tzpXpzPR_rollbase",
            "current": "@{wtype}&{template:npcaction} {{attack=1}} @{damage_flag} @{npc_name_flag} {{rname=@{name}}} {{r1=[[@{d20}+(@{attack_tohit})]]}} @{rtype}+(@{attack_tohit})]]}} {{dmg1=[[@{attack_damage}]]}} {{dmg1type=@{attack_damagetype}}} {{dmg2=[[@{attack_damage2}+0]]}} {{dmg2type=@{attack_damagetype2}}} {{crit1=[[@{attack_crit}+0]]}} {{crit2=[[@{attack_crit2}+0]]}} {{description=@{show_desc}}} @{charname_output}",
            "max": "",
            "id": "-codMzeqHbBLpHuEICDG"
        },
        {
            "name": "repeating_npcaction_-YBg7eEtCZu9tzpXpzPR_attack_crit",
            "current": "2d10+8+2d6",
            "max": "",
            "id": "-pE884gZ6Pbc6cLp0xUy"
        },
        {
            "name": "repeating_npcaction_-YBg7eEtCZu9tzpXpzPR_attack_crit2",
            "current": "",
            "max": "",
            "id": "-GxLA9O8z5BdD4uQHbS1"
        },
        {
            "name": "repeating_npcaction_-TVlYICLxgrGmMGDeyYq_name",
            "current": "Когти",
            "max": "",
            "id": "-hFxDJJMVp0PwJA2BqS7"
        },
        {
            "name": "repeating_npcaction_-TVlYICLxgrGmMGDeyYq_description",
            "current": "Рукопашное Оружие: +14 к атаке, досягаемость: 1 клетка, одна цель. Попадание: 15 (2d6 + 8) рубящего урона.",
            "max": "",
            "id": "-5vAYwL4f7sW8ZM4Ywm5"
        },
        {
            "name": "repeating_npcaction_-TVlYICLxgrGmMGDeyYq_attack_flag",
            "current": "on",
            "max": "",
            "id": "-RUQERpzC9Gl1to6A4Ri"
        },
        {
            "name": "repeating_npcaction_-TVlYICLxgrGmMGDeyYq_attack_tohitrange",
            "current": "+14",
            "max": "",
            "id": "-TjP0OOtrnwxWyX8MsZs"
        },
        {
            "name": "repeating_npcaction_-TVlYICLxgrGmMGDeyYq_attack_onhit",
            "current": "",
            "max": "",
            "id": "-fWMH5P5VVSszUqTG6o1"
        },
        {
            "name": "repeating_npcaction_-TVlYICLxgrGmMGDeyYq_attack_tohit",
            "current": "14",
            "max": "",
            "id": "-Zm0xjF9Cqnpah075nhq"
        },
        {
            "name": "repeating_npcaction_-TVlYICLxgrGmMGDeyYq_attack_damage",
            "current": "2d6+8",
            "max": "",
            "id": "-RPr3a8b3uCTJ1722cwS"
        },
        {
            "name": "repeating_npcaction_-TVlYICLxgrGmMGDeyYq_damage_flag",
            "current": "{{damage=1}} {{dmg1flag=1}}",
            "max": "",
            "id": "-VFtOyolhq8cq1BVEvT8"
        },
        {
            "name": "repeating_npcaction_-TVlYICLxgrGmMGDeyYq_rollbase",
            "current": "@{wtype}&{template:npcaction} {{attack=1}} @{damage_flag} @{npc_name_flag} {{rname=@{name}}} {{r1=[[@{d20}+(@{attack_tohit})]]}} @{rtype}+(@{attack_tohit})]]}} {{dmg1=[[@{attack_damage}]]}} {{dmg1type=@{attack_damagetype}}} {{dmg2=[[@{attack_damage2}+0]]}} {{dmg2type=@{attack_damagetype2}}} {{crit1=[[@{attack_crit}+0]]}} {{crit2=[[@{attack_crit2}+0]]}} {{description=@{show_desc}}} @{charname_output}",
            "max": "",
            "id": "-v2ydW7OTdF6F5s4QZ42"
        },
        {
            "name": "repeating_npcaction_-TVlYICLxgrGmMGDeyYq_attack_crit",
            "current": "2d6+8",
            "max": "",
            "id": "-vaPcfMPSe1M7giLOQvq"
        },
        {
            "name": "repeating_npcaction_-TVlYICLxgrGmMGDeyYq_attack_crit2",
            "current": "",
            "max": "",
            "id": "-wgGk5Ccf7mxLaUTPyeQ"
        },
        {
            "name": "repeating_npcaction_-5ADfDeLw8Zx2W98GqSk_name",
            "current": "Хвост",
            "max": "",
            "id": "-YVNRS5b9myPDpc5ThZC"
        },
        {
            "name": "repeating_npcaction_-5ADfDeLw8Zx2W98GqSk_description",
            "current": "Рукопашное Оружие: +14 к атаке, досягаемость 3 клетки, одна цель. Попадание: 17 (2d8 + 8) дробящего урона.",
            "max": "",
            "id": "-yHTits3Jai4vbQCSd2E"
        },
        {
            "name": "repeating_npcaction_-5ADfDeLw8Zx2W98GqSk_attack_flag",
            "current": "on",
            "max": "",
            "id": "-kZvudsAEfXC68SoohoO"
        },
        {
            "name": "repeating_npcaction_-5ADfDeLw8Zx2W98GqSk_attack_tohitrange",
            "current": "+14",
            "max": "",
            "id": "-BdYh7YpLhB438uMEUVE"
        },
        {
            "name": "repeating_npcaction_-5ADfDeLw8Zx2W98GqSk_attack_onhit",
            "current": "",
            "max": "",
            "id": "-rP6xGf8qjCvbkviNfdq"
        },
        {
            "name": "repeating_npcaction_-5ADfDeLw8Zx2W98GqSk_attack_tohit",
            "current": "14",
            "max": "",
            "id": "-ZdHhVgfPIpAxWSyiW3Q"
        },
        {
            "name": "repeating_npcaction_-5ADfDeLw8Zx2W98GqSk_attack_damage",
            "current": "2d8+8",
            "max": "",
            "id": "-3xyi2MTquhsneDxmGJS"
        },
        {
            "name": "repeating_npcaction_-5ADfDeLw8Zx2W98GqSk_damage_flag",
            "current": "{{damage=1}} {{dmg1flag=1}}",
            "max": "",
            "id": "-YgnBwNk8UsGI4sMkO5G"
        },
        {
            "name": "repeating_npcaction_-5ADfDeLw8Zx2W98GqSk_rollbase",
            "current": "@{wtype}&{template:npcaction} {{attack=1}} @{damage_flag} @{npc_name_flag} {{rname=@{name}}} {{r1=[[@{d20}+(@{attack_tohit})]]}} @{rtype}+(@{attack_tohit})]]}} {{dmg1=[[@{attack_damage}]]}} {{dmg1type=@{attack_damagetype}}} {{dmg2=[[@{attack_damage2}+0]]}} {{dmg2type=@{attack_damagetype2}}} {{crit1=[[@{attack_crit}+0]]}} {{crit2=[[@{attack_crit2}+0]]}} {{description=@{show_desc}}} @{charname_output}",
            "max": "",
            "id": "-KnTrExrlzgwQ2L2RpXz"
        },
        {
            "name": "repeating_npcaction_-5ADfDeLw8Zx2W98GqSk_attack_crit",
            "current": "2d8+8",
            "max": "",
            "id": "-ckqmoJw8cJ3rxPhtNUb"
        },
        {
            "name": "repeating_npcaction_-5ADfDeLw8Zx2W98GqSk_attack_crit2",
            "current": "",
            "max": "",
            "id": "-WmPA9BH8gIVLQDVmj4D"
        },
        {
            "name": "repeating_npcaction_-y0dUOcc1omdJ8pU6M85_name",
            "current": "Ужасающая Внешность",
            "max": "",
            "id": "-UbHJUFvblIOOvXbe7tu"
        },
        {
            "name": "repeating_npcaction_-y0dUOcc1omdJ8pU6M85_description",
            "current": "Каждое существо по выбору дракона в пределах 24 клеток должно бросить по Мудрости со сложностью 19. В случае неудачи существо становится испуганным. Существо может повторять спасбросок со сложностью в конце каждого своего хода. В случае успеха эфект страха заканчивается и существо становится имунным к Ужасающей Внешности на следующие 24 часа.",
            "max": "",
            "id": "-Hy1u3rvsP5vtFkshLta"
        },
        {
            "name": "repeating_npcaction_-y0dUOcc1omdJ8pU6M85_attack_tohitrange",
            "current": "+0",
            "max": "",
            "id": "-blJ8y3XjjWXa3pDoPB6"
        },
        {
            "name": "repeating_npcaction_-y0dUOcc1omdJ8pU6M85_attack_onhit",
            "current": "",
            "max": "",
            "id": "-oBbSeoYuy5sYD3CtNzk"
        },
        {
            "name": "repeating_npcaction_-y0dUOcc1omdJ8pU6M85_damage_flag",
            "current": "",
            "max": "",
            "id": "-8HMEXNK6xBhK3QaQivi"
        },
        {
            "name": "repeating_npcaction_-y0dUOcc1omdJ8pU6M85_attack_crit",
            "current": "",
            "max": "",
            "id": "-5imErrWfoXqt9MBvmqh"
        },
        {
            "name": "repeating_npcaction_-y0dUOcc1omdJ8pU6M85_attack_crit2",
            "current": "",
            "max": "",
            "id": "-fbQeDng10Ro4iJjNOgt"
        },
        {
            "name": "repeating_npcaction_-y0dUOcc1omdJ8pU6M85_rollbase",
            "current": "@{wtype}&{template:npcaction} @{npc_name_flag} {{rname=@{name}}} {{description=@{show_desc}}} @{charname_output}",
            "max": "",
            "id": "-b4Qr5x132yZNorJxGpB"
        },
        {
            "name": "repeating_npcaction_-QgdUr6vsHrgM0VM60Jt_name",
            "current": "Огненное Дыхание (Перезарядка 5-6)",
            "max": "",
            "id": "-fM54VaUDXIj26hUMtHQ"
        },
        {
            "name": "repeating_npcaction_-QgdUr6vsHrgM0VM60Jt_description",
            "current": "Дракон выдыхает огонь конусом размером 12 клеток. Каждое существо в этой области должно бросить спасбросок со сложностью 21 по Ловкости. В случае неудачи существо получает 63 (18d6) урон огнем, и половину урона в случае успеха.",
            "max": "",
            "id": "-KjhlSxxbGninAEuTSMp"
        },
        {
            "name": "repeating_npcaction_-QgdUr6vsHrgM0VM60Jt_attack_flag",
            "current": "on",
            "max": "",
            "id": "-BkjtTu69hl3kaSu2c5A"
        },
        {
            "name": "repeating_npcaction_-QgdUr6vsHrgM0VM60Jt_attack_tohitrange",
            "current": "+",
            "max": "",
            "id": "-zuhAkb726ye6EACSFVI"
        },
        {
            "name": "repeating_npcaction_-QgdUr6vsHrgM0VM60Jt_attack_onhit",
            "current": "",
            "max": "",
            "id": "-D9cK0SFY8bvUAilL3Y0"
        },
        {
            "name": "repeating_npcaction_-QgdUr6vsHrgM0VM60Jt_attack_tohit",
            "current": "",
            "max": "",
            "id": "-0v2zoWp0m4JofdyzDUm"
        },
        {
            "name": "repeating_npcaction_-QgdUr6vsHrgM0VM60Jt_attack_damage",
            "current": "18d6",
            "max": "",
            "id": "-v8igEx1vP4KzgbtUhC6"
        },
        {
            "name": "repeating_npcaction_-QgdUr6vsHrgM0VM60Jt_damage_flag",
            "current": "{{damage=1}} {{dmg1flag=1}}",
            "max": "",
            "id": "-tK9YIl5hSrqnBaT1l2a"
        },
        {
            "name": "repeating_npcaction_-QgdUr6vsHrgM0VM60Jt_rollbase",
            "current": "@{wtype}&{template:npcaction} {{attack=1}} @{damage_flag} @{npc_name_flag} {{rname=@{name}}} {{r1=[[@{d20}+(@{attack_tohit})]]}} @{rtype}+(@{attack_tohit})]]}} {{dmg1=[[@{attack_damage}]]}} {{dmg1type=@{attack_damagetype}}} {{dmg2=[[@{attack_damage2}+0]]}} {{dmg2type=@{attack_damagetype2}}} {{crit1=[[@{attack_crit}+0]]}} {{crit2=[[@{attack_crit2}+0]]}} {{description=@{show_desc}}} @{charname_output}",
            "max": "",
            "id": "-E6JqboAISpD4OsGKCk9"
        },
        {
            "name": "repeating_npcaction_-QgdUr6vsHrgM0VM60Jt_attack_crit",
            "current": "18d6",
            "max": "",
            "id": "-08uQiFW0Ozg3QBGBcut"
        },
        {
            "name": "repeating_npcaction_-QgdUr6vsHrgM0VM60Jt_attack_crit2",
            "current": "",
            "max": "",
            "id": "-GZ0fhjwVAEquW6pE62R"
        },
        {
            "name": "repeating_npctrait_-HwK4bIjMtlEpEDvKVgD_name",
            "current": "Легендарное Сопротивление (3/в день)",
            "max": "",
            "id": "-PXn5z1KK80PuZJiqhre"
        },
        {
            "name": "repeating_npctrait_-HwK4bIjMtlEpEDvKVgD_description",
            "current": "Если дракон провалил спасбросок, он может вместо этого считать его удачным.",
            "max": "",
            "id": "-G9iY6667NYWpRB7aQvN"
        },
        {
            "name": "npcspellcastingflag",
            "current": "0",
            "max": "",
            "id": "-W0BPN1w4n906DcM4YGQ"
        }
    ],
    "abilities": []
}