{
    "schema_version": 2,
    "oldId": "-DLPJ0nb1WhWS2RyqQGo",
    "name": "Взрослый Бронзовый Дракон (Adult Bronze Dragon)",
    "avatar": "https://tentaculus.ru/monsters/img/cute_monsters/ADULT_BRONZE_DRAGON.jpg",
    "bio": "<p>Бронзовые драконы это обитатели побережий, в основном питающиеся водными растениями и рыбой. Они принимают облик дружелюбных животных и с интересом наблюдают за другими существами. Также они восхищаются военными действиями и с готовностью вступают в армию, борющуюся за правое дело.</p> <p>Форма головы бронзового дракона определяется пластинами, покрытыми сетью рёбер и канавок. Изгибающиеся рога, отходящие от этих пластин, уравновешиваются шипами, расположенными на его нижней челюсти и подбородке. В плавании бронзовым драконам помогают перепончатые лапы и гладкая чешуя. Вирмлинги бронзовых драконов жёлтые, с зелёным отливом; однако, по мере взросления дракона, цвет его чешуи становится более глубокого, насыщенного бронзового оттенка. Зрачки в глазах бронзовых драконов исчезают с годами, пока глаза не становятся похожи на светящиеся зелёные шары.</p> <p><b>Драконы побережья.</b> Бронзовые драконы любят наблюдать за кораблями, путешествующими вдоль береговой линии мимо их логова, и иногда принимают облик дельфина или чайки, чтобы детально рассмотреть эти корабли и их команду. Отважные бронзовые драконы могут проскользнуть на борт корабля под видом птицы или крысы, осматривая трюм на предмет сокровищ. Если дракон найдёт достойное пополнение для своей коллекции, он будет торговаться с капитаном корабля за эту вещь.</p> <p><b>Машины войны.</b> Бронзовые драконы активно выступают против тирании, и многие бронзовые драконы стремятся испытать свой характер, используя свой размер и силу во благо.</p> <p>Если конфликт разворачивается возле его логова, бронзовый дракон удостоверятся в понимании причины, а после предлагает свои услуги стороне, сражающейся за добро. После того как бронзовый дракон принимает одну из сторон, он остаётся верным союзником.</p> <p><b>Хорошо организованное богатство.</b> Бронзовые драконы собирают сокровища затонувших судов, а также красочные кораллы и жемчуг с рифов и морского дна, вблизи своего логова. Когда бронзовый дракон обещает помочь армии вести войну против тирании, он просит символической оплаты. Если даже такой запрос не по карману союзникам, он может согласиться на коллекцию старых книг по военной истории или безделушку в память о союзе. Бронзовый дракон может также претендовать на сокровище, принадлежавшее врагу, если чувствует, что сокровище будет в большей сохранности под его защитой.</p>",
    "gmnotes": "",
    "defaulttoken": "",
    "tags": "[]",
    "controlledby": "",
    "inplayerjournals": "",
    "attribs": [
        {
            "name": "hitdieroll",
            "current": "4",
            "max": "",
            "id": "-Ls7fMlFyEpurC0aw2kN"
        },
        {
            "name": "showleveler",
            "current": 0,
            "max": "",
            "id": "-d3kMJyn9tZReRrc3MhN"
        },
        {
            "name": "invalidXP",
            "current": 0,
            "max": "",
            "id": "-THrQfSjbal3YjKJP6Z9"
        },
        {
            "name": "version",
            "current": 4.21,
            "max": "",
            "id": "-6FhvgZobtgcCTQrdmat"
        },
        {
            "name": "mancer_confirm_flag",
            "current": "",
            "max": "",
            "id": "-CIeMnmB3TOB47I8tJAT"
        },
        {
            "name": "mancer_npc",
            "current": "on",
            "max": "",
            "id": "-i1z7oj7mtuiMkJZVzMQ"
        },
        {
            "name": "l1mancer_status",
            "current": "completed",
            "max": "",
            "id": "-KNYWFCXXct56HQRSOX4"
        },
        {
            "name": "rtype",
            "current": "@{advantagetoggle}",
            "max": "",
            "id": "-gdEWyzxrM5M3qERJp2c"
        },
        {
            "name": "dtype",
            "current": "full",
            "max": "",
            "id": "-q2R1ZyoQJGLIZovaLVw"
        },
        {
            "name": "appliedUpdates",
            "current": "upgrade_to_4_2_1",
            "max": "",
            "id": "-rNwt9pIH02Kr562V4ch"
        },
        {
            "name": "npc",
            "current": "1",
            "max": "",
            "id": "-u62KMg8rVZYPTvqKiI3"
        },
        {
            "name": "npc_options-flag",
            "current": "0",
            "max": "",
            "id": "-rNTlrhdtlQuMq84gRP3"
        },
        {
            "name": "ui_flags",
            "current": "",
            "max": "",
            "id": "-QIMtY4DRGpAYvTUgwlK"
        },
        {
            "name": "npc_name",
            "current": "Взрослый Бронзовый Дракон (Adult Bronze Dragon)",
            "max": "",
            "id": "-a1lpdsdegMJjJUBnZPL"
        },
        {
            "name": "npc_type",
            "current": "дракон законно-доброе",
            "max": "",
            "id": "-rBoq3wktokMr40RTcFj"
        },
        {
            "name": "npc_speed",
            "current": "8 клеток, полет 16 клеток, плавание 8 клеток",
            "max": "",
            "id": "-fV7kZmVrppzlwkJdU2v"
        },
        {
            "name": "hp",
            "current": "",
            "max": "212",
            "id": "-zE1l0aRFir9qT8xHeBU"
        },
        {
            "name": "npc_ac",
            "current": "19 (естественная броня)",
            "max": "",
            "id": "-KQasEwJIYtnDTEKNZjG"
        },
        {
            "name": "ac",
            "current": "19 (естественная броня)",
            "max": "",
            "id": "-3tMdQMYVKsuBYpyBCNs"
        },
        {
            "name": "npc_languages",
            "current": "Общий, Драконий",
            "max": "",
            "id": "-KHyTirAitGvTJMtL1jC"
        },
        {
            "name": "npc_challenge",
            "current": "15",
            "max": "",
            "id": "-cLTXQr5FxEU5d45qOlG"
        },
        {
            "name": "passive_wisdom",
            "current": "15",
            "max": "",
            "id": "-ZSmAbFMd9CC0mzMNnzX"
        },
        {
            "name": "initiative_bonus",
            "current": 0,
            "max": "",
            "id": "-N8X7Axm8TmzpmLg6DZY"
        },
        {
            "name": "npc_hpformula",
            "current": "17d12 + 102",
            "max": "",
            "id": "-Zv534xszxs4h10BXScp"
        },
        {
            "name": "strength_base",
            "current": "25",
            "max": "",
            "id": "-uI1PGDnTABcgtbbhKWo"
        },
        {
            "name": "strength_flag",
            "current": "0",
            "max": "",
            "id": "-UWYQh2Y2sOgv2NThcuQ"
        },
        {
            "name": "strength",
            "current": 25,
            "max": "",
            "id": "-16LJ0JWZaNbqK6M5h0B"
        },
        {
            "name": "strength_mod",
            "current": 7,
            "max": "",
            "id": "-V709oOipXhaFydnqrOx"
        },
        {
            "name": "npc_str_negative",
            "current": 0,
            "max": "",
            "id": "-9Qe229yc4IIiKYmF1lq"
        },
        {
            "name": "dexterity_base",
            "current": "10",
            "max": "",
            "id": "-k4aoZ2Z8mNRhE877dvC"
        },
        {
            "name": "dexterity_flag",
            "current": "0",
            "max": "",
            "id": "-mKGzWAItoXpLRi2O768"
        },
        {
            "name": "dexterity",
            "current": 10,
            "max": "",
            "id": "-qFhhA3m7a8i7yuvzxSm"
        },
        {
            "name": "dexterity_mod",
            "current": 0,
            "max": "",
            "id": "-CW0w7gJQsxGweWgR1uU"
        },
        {
            "name": "npc_dex_negative",
            "current": 0,
            "max": "",
            "id": "-j24qRfqA7uhRLI3dEDn"
        },
        {
            "name": "constitution_base",
            "current": "23",
            "max": "",
            "id": "-vRCwkroeiTvLMPviJyj"
        },
        {
            "name": "constitution_flag",
            "current": "0",
            "max": "",
            "id": "-hqi2M2lcSDijLG3CqRV"
        },
        {
            "name": "constitution",
            "current": 23,
            "max": "",
            "id": "-P6J4FF3v3DzUQOGDXmU"
        },
        {
            "name": "constitution_mod",
            "current": 6,
            "max": "",
            "id": "-Lu1z8xMjl0rdA2VOriR"
        },
        {
            "name": "npc_con_negative",
            "current": 0,
            "max": "",
            "id": "-O3WQrDkdTXDkfHnVDF2"
        },
        {
            "name": "intelligence_base",
            "current": "16",
            "max": "",
            "id": "-Gf51ymH7rtXJN9Y4NM9"
        },
        {
            "name": "intelligence_flag",
            "current": "0",
            "max": "",
            "id": "-WpnBxzALYV0HzOhkd71"
        },
        {
            "name": "intelligence",
            "current": 16,
            "max": "",
            "id": "-w0AgszqIdGTB7qjmdXs"
        },
        {
            "name": "intelligence_mod",
            "current": 3,
            "max": "",
            "id": "-vDaMK4ToOVBQ7l3EpV0"
        },
        {
            "name": "npc_int_negative",
            "current": 0,
            "max": "",
            "id": "-L5m4ZVO6jvswKL7FJMn"
        },
        {
            "name": "wisdom_base",
            "current": "15",
            "max": "",
            "id": "-Jb92cJ2KCDx5Bh0bENv"
        },
        {
            "name": "wisdom_flag",
            "current": "0",
            "max": "",
            "id": "-RDqYnBnV6ungR26e9AM"
        },
        {
            "name": "wisdom",
            "current": 15,
            "max": "",
            "id": "-InGjQBVG5VqA3AyoMCD"
        },
        {
            "name": "wisdom_mod",
            "current": 2,
            "max": "",
            "id": "-MXd6dlpFEUjKmYS8anV"
        },
        {
            "name": "npc_wis_negative",
            "current": 0,
            "max": "",
            "id": "-tfp4t8LxRPaX33TSJ9c"
        },
        {
            "name": "charisma_base",
            "current": "19",
            "max": "",
            "id": "-D0x02EPe46EoAq7kpvX"
        },
        {
            "name": "charisma_flag",
            "current": "0",
            "max": "",
            "id": "-Fw1Tnu8ih30Ghj04xQu"
        },
        {
            "name": "charisma",
            "current": 19,
            "max": "",
            "id": "-ehnMchEvWyiwYMGcYvm"
        },
        {
            "name": "charisma_mod",
            "current": 4,
            "max": "",
            "id": "-8IJlPqdPcchbtPUeU6y"
        },
        {
            "name": "npc_cha_negative",
            "current": 0,
            "max": "",
            "id": "-C83BdOrvif98RNXLGfB"
        },
        {
            "name": "npc_skills_flag",
            "current": 3,
            "max": "",
            "id": "-ulnibd299dWEnuKX2gQ"
        },
        {
            "name": "npc_insight_base",
            "current": "7",
            "max": "",
            "id": "-HTy7ydI0rp8aS2FBdid"
        },
        {
            "name": "npc_insight_flag",
            "current": "1",
            "max": "",
            "id": "-42VNHoWtnp0ua7rlOYJ"
        },
        {
            "name": "npc_insight",
            "current": 7,
            "max": "",
            "id": "-lRV32oZJFXiNR3nbdBW"
        },
        {
            "name": "npc_perception_base",
            "current": "12",
            "max": "",
            "id": "-hopVfAZjKfNtUNqJED7"
        },
        {
            "name": "npc_perception_flag",
            "current": "1",
            "max": "",
            "id": "-TTLAjqbqv8KAgbPiI2F"
        },
        {
            "name": "npc_perception",
            "current": 12,
            "max": "",
            "id": "-m7xm5R7Dod4AFvLSWkJ"
        },
        {
            "name": "npc_stealth_base",
            "current": "5",
            "max": "",
            "id": "-2Y1P22TvEpn0t7YU8ym"
        },
        {
            "name": "npc_stealth_flag",
            "current": "1",
            "max": "",
            "id": "-FcQ0Vhg5xx8aszMqH0u"
        },
        {
            "name": "npc_stealth",
            "current": 5,
            "max": "",
            "id": "-afxu681V0uMsr34K2pq"
        },
        {
            "name": "npc_saving_flag",
            "current": 7,
            "max": "",
            "id": "-oh1wgKQwsgVpixZDWvG"
        },
        {
            "name": "npc_dex_save_base",
            "current": "5",
            "max": "",
            "id": "-d7LU32xZuPqdi9lE2m5"
        },
        {
            "name": "npc_dex_save_flag",
            "current": 1,
            "max": "",
            "id": "-Mhqx6t89guDYbYO7GW5"
        },
        {
            "name": "npc_dex_save",
            "current": 5,
            "max": "",
            "id": "-W7vxB7YH3jl7pllRpOp"
        },
        {
            "name": "npc_con_save_base",
            "current": "11",
            "max": "",
            "id": "-ouL04Fc85oSqk0ksVoe"
        },
        {
            "name": "npc_con_save_flag",
            "current": 1,
            "max": "",
            "id": "-Ha4JGIOBtrpRhEvPUvG"
        },
        {
            "name": "npc_con_save",
            "current": 11,
            "max": "",
            "id": "-UzJOi77P7qZsT2J1Tkp"
        },
        {
            "name": "npc_wis_save_base",
            "current": "7",
            "max": "",
            "id": "-yokFDOaeshZYGtMeEch"
        },
        {
            "name": "npc_wis_save_flag",
            "current": 1,
            "max": "",
            "id": "-3FM5Ag0Pex5kry97RNQ"
        },
        {
            "name": "npc_wis_save",
            "current": 7,
            "max": "",
            "id": "-r6ZRYCGK219pRfn2GGF"
        },
        {
            "name": "npc_cha_save_base",
            "current": "9",
            "max": "",
            "id": "-uc9Tu9iHkHAt8CAUpJF"
        },
        {
            "name": "npc_cha_save_flag",
            "current": 1,
            "max": "",
            "id": "-wej7ki0eWrqCNYhuqmU"
        },
        {
            "name": "npc_cha_save",
            "current": 9,
            "max": "",
            "id": "-MEhtJgYcjHFxbmusuvP"
        },
        {
            "name": "npc_immunities",
            "current": "lightning",
            "max": "",
            "id": "-deMmGAOVkq0OwH4XFyr"
        },
        {
            "name": "npc_senses",
            "current": "слепозрение 12 клеток, темнозрение 24 клеток",
            "max": "",
            "id": "-8uzNPpGk13SZuuDmTJW"
        },
        {
            "name": "repeating_npcaction_-FKt8PcDfs5xVPfPOPkr_name",
            "current": "Мультиатака",
            "max": "",
            "id": "-IwLdVev5RUOeTIlJZ0U"
        },
        {
            "name": "repeating_npcaction_-FKt8PcDfs5xVPfPOPkr_description",
            "current": "Дракон использует Ужасающую Внешность. После этого он проводит 3 атаки: две зубами и одну когтями.",
            "max": "",
            "id": "-VIhK9iR6P1tSWYW5Xkk"
        },
        {
            "name": "repeating_npcaction_-FKt8PcDfs5xVPfPOPkr_attack_tohitrange",
            "current": "+0",
            "max": "",
            "id": "-Uhpk5Wx7ntsmAxCdSrX"
        },
        {
            "name": "repeating_npcaction_-FKt8PcDfs5xVPfPOPkr_attack_onhit",
            "current": "",
            "max": "",
            "id": "-KHhZP3ZC8ngQb6Qr5uk"
        },
        {
            "name": "repeating_npcaction_-FKt8PcDfs5xVPfPOPkr_damage_flag",
            "current": "",
            "max": "",
            "id": "-Ml6XyWUXCxYhvdh3H53"
        },
        {
            "name": "repeating_npcaction_-FKt8PcDfs5xVPfPOPkr_attack_crit",
            "current": "",
            "max": "",
            "id": "-lNJUUnIguW01xvXoq2v"
        },
        {
            "name": "repeating_npcaction_-FKt8PcDfs5xVPfPOPkr_attack_crit2",
            "current": "",
            "max": "",
            "id": "-n9KGlxQ3GYIDHcfWoH9"
        },
        {
            "name": "repeating_npcaction_-FKt8PcDfs5xVPfPOPkr_rollbase",
            "current": "@{wtype}&{template:npcaction} @{npc_name_flag} {{rname=@{name}}} {{description=@{show_desc}}} @{charname_output}",
            "max": "",
            "id": "-F5RzD7wUeDvmQftCCFW"
        },
        {
            "name": "repeating_npcaction_-PCX3VJaoTuyXXftT4Yf_name",
            "current": "Укус",
            "max": "",
            "id": "-C5ICNYek7rbULTSNPG3"
        },
        {
            "name": "repeating_npcaction_-PCX3VJaoTuyXXftT4Yf_description",
            "current": "Рукопашное Оружие: +12 к атаке, досягаемость: 2 клетки, одна цель. Попадание: 18 (2d10 + 7) колющего урона.",
            "max": "",
            "id": "-GYbr46wBLT5LhN2yuWN"
        },
        {
            "name": "repeating_npcaction_-PCX3VJaoTuyXXftT4Yf_attack_flag",
            "current": "on",
            "max": "",
            "id": "-RjhXpeCUywSbOrMjTlo"
        },
        {
            "name": "repeating_npcaction_-PCX3VJaoTuyXXftT4Yf_attack_tohitrange",
            "current": "+12",
            "max": "",
            "id": "-kPJXYM9BH8IcA9OWUcq"
        },
        {
            "name": "repeating_npcaction_-PCX3VJaoTuyXXftT4Yf_attack_onhit",
            "current": "",
            "max": "",
            "id": "-ZpljUWTFcndfKGxOdP4"
        },
        {
            "name": "repeating_npcaction_-PCX3VJaoTuyXXftT4Yf_attack_tohit",
            "current": "12",
            "max": "",
            "id": "-QfoHVr4zFZXU7vsWOu5"
        },
        {
            "name": "repeating_npcaction_-PCX3VJaoTuyXXftT4Yf_attack_damage",
            "current": "2d10+7",
            "max": "",
            "id": "-L9t30EASzBg9oZAqYZB"
        },
        {
            "name": "repeating_npcaction_-PCX3VJaoTuyXXftT4Yf_damage_flag",
            "current": "{{damage=1}} {{dmg1flag=1}}",
            "max": "",
            "id": "-QwhVuzduNDcjUmrJkL7"
        },
        {
            "name": "repeating_npcaction_-PCX3VJaoTuyXXftT4Yf_rollbase",
            "current": "@{wtype}&{template:npcaction} {{attack=1}} @{damage_flag} @{npc_name_flag} {{rname=@{name}}} {{r1=[[@{d20}+(@{attack_tohit})]]}} @{rtype}+(@{attack_tohit})]]}} {{dmg1=[[@{attack_damage}]]}} {{dmg1type=@{attack_damagetype}}} {{dmg2=[[@{attack_damage2}+0]]}} {{dmg2type=@{attack_damagetype2}}} {{crit1=[[@{attack_crit}+0]]}} {{crit2=[[@{attack_crit2}+0]]}} {{description=@{show_desc}}} @{charname_output}",
            "max": "",
            "id": "-37pJQI2QErwjyUt605f"
        },
        {
            "name": "repeating_npcaction_-PCX3VJaoTuyXXftT4Yf_attack_crit",
            "current": "2d10+7",
            "max": "",
            "id": "-StlsRY6N28mjDCAtbBk"
        },
        {
            "name": "repeating_npcaction_-PCX3VJaoTuyXXftT4Yf_attack_crit2",
            "current": "",
            "max": "",
            "id": "-H4MLFB5DxQMhsVupUO4"
        },
        {
            "name": "repeating_npcaction_-9198J5fL4NvfDV5SpNK_name",
            "current": "Когти",
            "max": "",
            "id": "-ipJC632pSj6ILtsqvLn"
        },
        {
            "name": "repeating_npcaction_-9198J5fL4NvfDV5SpNK_description",
            "current": "Рукопашное Оружие: +12 к атаке, досягаемость: 1 клетка, одна цель. Попадание: 14 (2d6 + 7) рубящего урона.",
            "max": "",
            "id": "-v1VSQ0wIdroxPtXXpmu"
        },
        {
            "name": "repeating_npcaction_-9198J5fL4NvfDV5SpNK_attack_flag",
            "current": "on",
            "max": "",
            "id": "-KYHTBJMSCE112BgEITH"
        },
        {
            "name": "repeating_npcaction_-9198J5fL4NvfDV5SpNK_attack_tohitrange",
            "current": "+12",
            "max": "",
            "id": "-ANY0cCxWayQsydNwDw7"
        },
        {
            "name": "repeating_npcaction_-9198J5fL4NvfDV5SpNK_attack_onhit",
            "current": "",
            "max": "",
            "id": "-mqCCfi9ehlxiRq9pBta"
        },
        {
            "name": "repeating_npcaction_-9198J5fL4NvfDV5SpNK_attack_tohit",
            "current": "12",
            "max": "",
            "id": "-bNcQBXteDzxYVuAf9Ik"
        },
        {
            "name": "repeating_npcaction_-9198J5fL4NvfDV5SpNK_attack_damage",
            "current": "2d6+7",
            "max": "",
            "id": "-UD3JnvK8WydR11zRrcA"
        },
        {
            "name": "repeating_npcaction_-9198J5fL4NvfDV5SpNK_damage_flag",
            "current": "{{damage=1}} {{dmg1flag=1}}",
            "max": "",
            "id": "-sIgNLITTE4F3DY0DHtn"
        },
        {
            "name": "repeating_npcaction_-9198J5fL4NvfDV5SpNK_rollbase",
            "current": "@{wtype}&{template:npcaction} {{attack=1}} @{damage_flag} @{npc_name_flag} {{rname=@{name}}} {{r1=[[@{d20}+(@{attack_tohit})]]}} @{rtype}+(@{attack_tohit})]]}} {{dmg1=[[@{attack_damage}]]}} {{dmg1type=@{attack_damagetype}}} {{dmg2=[[@{attack_damage2}+0]]}} {{dmg2type=@{attack_damagetype2}}} {{crit1=[[@{attack_crit}+0]]}} {{crit2=[[@{attack_crit2}+0]]}} {{description=@{show_desc}}} @{charname_output}",
            "max": "",
            "id": "-XbBXgszjVtq7WHc33dp"
        },
        {
            "name": "repeating_npcaction_-9198J5fL4NvfDV5SpNK_attack_crit",
            "current": "2d6+7",
            "max": "",
            "id": "-sqJemSFlh7F40FxM3ag"
        },
        {
            "name": "repeating_npcaction_-9198J5fL4NvfDV5SpNK_attack_crit2",
            "current": "",
            "max": "",
            "id": "-WltHMuWx77Sq1mOMPPN"
        },
        {
            "name": "repeating_npcaction_-TGa4YImoNjnLgVubOWn_name",
            "current": "Хвост",
            "max": "",
            "id": "-7Xz04JjNZT22hpOKY4O"
        },
        {
            "name": "repeating_npcaction_-TGa4YImoNjnLgVubOWn_description",
            "current": "Рукопашное Оружие: +12 к атаке, досягаемость 3 клетки, одна цель. Попадание: 16 (2d8 + 7) дробящего урона.",
            "max": "",
            "id": "-rp3YV64MXHCGwPwH1Yl"
        },
        {
            "name": "repeating_npcaction_-TGa4YImoNjnLgVubOWn_attack_flag",
            "current": "on",
            "max": "",
            "id": "-EZhxO7uHFWh5tdB8eT2"
        },
        {
            "name": "repeating_npcaction_-TGa4YImoNjnLgVubOWn_attack_tohitrange",
            "current": "+12",
            "max": "",
            "id": "-2IoqLmqSx27r4Hkb91W"
        },
        {
            "name": "repeating_npcaction_-TGa4YImoNjnLgVubOWn_attack_onhit",
            "current": "",
            "max": "",
            "id": "-2E7pfMGuF2eY7h0PZXl"
        },
        {
            "name": "repeating_npcaction_-TGa4YImoNjnLgVubOWn_attack_tohit",
            "current": "12",
            "max": "",
            "id": "-Z7X73eDoWhMHchZGMeG"
        },
        {
            "name": "repeating_npcaction_-TGa4YImoNjnLgVubOWn_attack_damage",
            "current": "2d8+7",
            "max": "",
            "id": "-LkpJbfKRzpiE7M1bctq"
        },
        {
            "name": "repeating_npcaction_-TGa4YImoNjnLgVubOWn_damage_flag",
            "current": "{{damage=1}} {{dmg1flag=1}}",
            "max": "",
            "id": "-O6af41pFls1wPp2JAZc"
        },
        {
            "name": "repeating_npcaction_-TGa4YImoNjnLgVubOWn_rollbase",
            "current": "@{wtype}&{template:npcaction} {{attack=1}} @{damage_flag} @{npc_name_flag} {{rname=@{name}}} {{r1=[[@{d20}+(@{attack_tohit})]]}} @{rtype}+(@{attack_tohit})]]}} {{dmg1=[[@{attack_damage}]]}} {{dmg1type=@{attack_damagetype}}} {{dmg2=[[@{attack_damage2}+0]]}} {{dmg2type=@{attack_damagetype2}}} {{crit1=[[@{attack_crit}+0]]}} {{crit2=[[@{attack_crit2}+0]]}} {{description=@{show_desc}}} @{charname_output}",
            "max": "",
            "id": "-w1dFHJ4yAY3jeT0Oq17"
        },
        {
            "name": "repeating_npcaction_-TGa4YImoNjnLgVubOWn_attack_crit",
            "current": "2d8+7",
            "max": "",
            "id": "-yX843CgSCua8nDGnx0J"
        },
        {
            "name": "repeating_npcaction_-TGa4YImoNjnLgVubOWn_attack_crit2",
            "current": "",
            "max": "",
            "id": "-PZl9DM70pQSBesFMFzy"
        },
        {
            "name": "repeating_npcaction_-38zCsVMKNVa66JqySbL_name",
            "current": "Ужасающая Внешность",
            "max": "",
            "id": "-pBmnSuZwZoFGKHZijeb"
        },
        {
            "name": "repeating_npcaction_-38zCsVMKNVa66JqySbL_description",
            "current": "Каждое существо по выбору дракона в пределах 24 клеток должно бросить спасбросок по Мудрости со сложностью 17. В случае неудачи существо становится испуганным. Существо может повторять спасбросок в конце каждого своего хода. В случае успеха эфект страха заканчивается и существо становится имунным к Ужасающей Внешности на следующие 24 часа.",
            "max": "",
            "id": "-UoTaYy7k2qzto8Llaj4"
        },
        {
            "name": "repeating_npcaction_-38zCsVMKNVa66JqySbL_attack_tohitrange",
            "current": "+0",
            "max": "",
            "id": "-cEmhiRCRUPuPuSwawO7"
        },
        {
            "name": "repeating_npcaction_-38zCsVMKNVa66JqySbL_attack_onhit",
            "current": "",
            "max": "",
            "id": "-PBjYglxX2jopP2gnZIP"
        },
        {
            "name": "repeating_npcaction_-38zCsVMKNVa66JqySbL_damage_flag",
            "current": "",
            "max": "",
            "id": "-RoYWpIGPTKP9B5E2s4z"
        },
        {
            "name": "repeating_npcaction_-38zCsVMKNVa66JqySbL_attack_crit",
            "current": "",
            "max": "",
            "id": "-NpFvXEYTWte08UGu7xH"
        },
        {
            "name": "repeating_npcaction_-38zCsVMKNVa66JqySbL_attack_crit2",
            "current": "",
            "max": "",
            "id": "-DdEwFgH8a2bzJAlQzsv"
        },
        {
            "name": "repeating_npcaction_-38zCsVMKNVa66JqySbL_rollbase",
            "current": "@{wtype}&{template:npcaction} @{npc_name_flag} {{rname=@{name}}} {{description=@{show_desc}}} @{charname_output}",
            "max": "",
            "id": "-K3fh0VsaK0gEFlMkiRj"
        },
        {
            "name": "repeating_npcaction_-yegsSHCtktWg7WW5OWS_name",
            "current": "Оружия дыхания (Перезарядка 5-6)",
            "max": "",
            "id": "-gwiL7GzHnmlHuccUsY5"
        },
        {
            "name": "repeating_npcaction_-yegsSHCtktWg7WW5OWS_description",
            "current": "Дракон может использовать одно из оружий дыхания.\n\nДыхание Молнии. Дракон выдыхает молнию линией длиной 18 клеток и шириной 1 клетку. Каждое существо на этой линии должно сделать спасбросок по Ловкости со сложностью 19. В случае неудачи существо получает 66 (12d10) урона молнией, в случае успеха половину этого урона\n\nОтталкивающее дыхание. Дракон выдыхает отталкивающую энергию конусом размером 6 клеток. Каждое существо в конусе должно сделать спасбросок по Силе со сложностью 19. В случае провала существо отталкивается от дракона на 12 клеток.\n\n",
            "max": "",
            "id": "-2fitSRH5K4oQzw4sqcq"
        },
        {
            "name": "repeating_npcaction_-yegsSHCtktWg7WW5OWS_attack_flag",
            "current": "on",
            "max": "",
            "id": "-J9wH7Pq25O9f5lFmtCM"
        },
        {
            "name": "repeating_npcaction_-yegsSHCtktWg7WW5OWS_attack_tohitrange",
            "current": "+",
            "max": "",
            "id": "-f9gW8zXe4VnYGqdy3z2"
        },
        {
            "name": "repeating_npcaction_-yegsSHCtktWg7WW5OWS_attack_onhit",
            "current": "",
            "max": "",
            "id": "-qnAcCmzFOOPPO6rLJCE"
        },
        {
            "name": "repeating_npcaction_-yegsSHCtktWg7WW5OWS_attack_tohit",
            "current": "",
            "max": "",
            "id": "-oznO4BugDSLnIWReRH2"
        },
        {
            "name": "repeating_npcaction_-yegsSHCtktWg7WW5OWS_attack_damage",
            "current": "12d10",
            "max": "",
            "id": "-ePW1ymqFalep7IrARAa"
        },
        {
            "name": "repeating_npcaction_-yegsSHCtktWg7WW5OWS_damage_flag",
            "current": "{{damage=1}} {{dmg1flag=1}}",
            "max": "",
            "id": "-mj7pbGYvv3nclslPNQE"
        },
        {
            "name": "repeating_npcaction_-yegsSHCtktWg7WW5OWS_rollbase",
            "current": "@{wtype}&{template:npcaction} {{attack=1}} @{damage_flag} @{npc_name_flag} {{rname=@{name}}} {{r1=[[@{d20}+(@{attack_tohit})]]}} @{rtype}+(@{attack_tohit})]]}} {{dmg1=[[@{attack_damage}]]}} {{dmg1type=@{attack_damagetype}}} {{dmg2=[[@{attack_damage2}+0]]}} {{dmg2type=@{attack_damagetype2}}} {{crit1=[[@{attack_crit}+0]]}} {{crit2=[[@{attack_crit2}+0]]}} {{description=@{show_desc}}} @{charname_output}",
            "max": "",
            "id": "-YeQt36FFZ1WIpDAsoKO"
        },
        {
            "name": "repeating_npcaction_-yegsSHCtktWg7WW5OWS_attack_crit",
            "current": "12d10",
            "max": "",
            "id": "-6f7YX1IHMA0ndhjGBOo"
        },
        {
            "name": "repeating_npcaction_-yegsSHCtktWg7WW5OWS_attack_crit2",
            "current": "",
            "max": "",
            "id": "-CpWGPIOwApMN1S7606E"
        },
        {
            "name": "repeating_npctrait_-kT1CIjTg8l5xATWPZGz_name",
            "current": "Амфибия",
            "max": "",
            "id": "-QXKrO7zpWI0ZZfn2OlJ"
        },
        {
            "name": "repeating_npctrait_-kT1CIjTg8l5xATWPZGz_description",
            "current": "The dragon может дышать и воздухом и под водой.",
            "max": "",
            "id": "-z4LFhVn1Zza12CP6HhS"
        },
        {
            "name": "repeating_npctrait_-EuGEZ4RveDsJs1j1fH3_name",
            "current": "Легендарное Сопротивление (3/в день)",
            "max": "",
            "id": "-1MXopBU51Z5cHzAYOzt"
        },
        {
            "name": "repeating_npctrait_-EuGEZ4RveDsJs1j1fH3_description",
            "current": "Если дракон провалил спасбросок, он может вместо этого считать его удачным.",
            "max": "",
            "id": "-4Ak6lAReCvLGQZiq8cN"
        },
        {
            "name": "npcspellcastingflag",
            "current": "0",
            "max": "",
            "id": "-MvUdEcdInHOHvTevvoN"
        }
    ],
    "abilities": []
}