{
    "schema_version": 2,
    "oldId": "-A7U9mUByIS1t9cRJ7N5",
    "name": "Взрослый Латунный Дракон (Adult Brass Dragon)",
    "avatar": "https://tentaculus.ru/monsters/img/cute_monsters/ADULT_BRASS_DRAGON.jpg",
    "bio": "",
    "gmnotes": "",
    "defaulttoken": "",
    "tags": "[]",
    "controlledby": "",
    "inplayerjournals": "",
    "attribs": [
        {
            "name": "hitdieroll",
            "current": "4",
            "max": "",
            "id": "-nMzQRZbrr7MX2ee6JoS"
        },
        {
            "name": "showleveler",
            "current": 0,
            "max": "",
            "id": "-mQkANvjvmusCosoPF4S"
        },
        {
            "name": "invalidXP",
            "current": 0,
            "max": "",
            "id": "-qO2uQs6KhJdfgBdaRFa"
        },
        {
            "name": "version",
            "current": 4.21,
            "max": "",
            "id": "-tc6cP7zFI6OAORVULO6"
        },
        {
            "name": "mancer_confirm_flag",
            "current": "",
            "max": "",
            "id": "-Tibv0iaqGfXvXj5RmC6"
        },
        {
            "name": "mancer_npc",
            "current": "on",
            "max": "",
            "id": "-VD7xt31J6PY42zFnZWb"
        },
        {
            "name": "l1mancer_status",
            "current": "completed",
            "max": "",
            "id": "-9f0QGY74oRJ08bPlWzC"
        },
        {
            "name": "rtype",
            "current": "@{advantagetoggle}",
            "max": "",
            "id": "-kXQWQvhfIrV3g4N7XNF"
        },
        {
            "name": "dtype",
            "current": "full",
            "max": "",
            "id": "-VXI24S73ebYs36nag9h"
        },
        {
            "name": "appliedUpdates",
            "current": "upgrade_to_4_2_1",
            "max": "",
            "id": "-mLQR3ng5HG1gIKvrqnJ"
        },
        {
            "name": "npc",
            "current": "1",
            "max": "",
            "id": "-bPHkhpA2AVUz5OdmxGy"
        },
        {
            "name": "npc_options-flag",
            "current": "0",
            "max": "",
            "id": "-fRM8GddEbfNQ6WmNKl6"
        },
        {
            "name": "ui_flags",
            "current": "",
            "max": "",
            "id": "-O95jNxo5kaMU9CaOGPq"
        },
        {
            "name": "npc_name",
            "current": "Взрослый Латунный Дракон (Adult Brass Dragon)",
            "max": "",
            "id": "-KYcQE0JGAVsHNtbZVBf"
        },
        {
            "name": "npc_type",
            "current": "дракон хаотично-доброе",
            "max": "",
            "id": "-fvPyc5mv1NmMpvkkMft"
        },
        {
            "name": "npc_speed",
            "current": "8 клеток, копание 8 клеток, полет 16 клеток",
            "max": "",
            "id": "-2wqwHAZjfaC3w7OO3ss"
        },
        {
            "name": "hp",
            "current": "",
            "max": "172",
            "id": "-L7naCfSwwkIbIcWVVVF"
        },
        {
            "name": "npc_ac",
            "current": "18 (естественная броня)",
            "max": "",
            "id": "-Ou01v88hQMN8FyuXSZb"
        },
        {
            "name": "ac",
            "current": "18 (естественная броня)",
            "max": "",
            "id": "-LNS7ki20apDmm1e40yn"
        },
        {
            "name": "npc_languages",
            "current": "Общий, Драконий",
            "max": "",
            "id": "-uwlNbsGnm6WN2q6pHK1"
        },
        {
            "name": "npc_challenge",
            "current": "13",
            "max": "",
            "id": "-IV72E8de2nlXjyKTKGf"
        },
        {
            "name": "passive_wisdom",
            "current": "13",
            "max": "",
            "id": "-RCG332IG0K0PzBd95rf"
        },
        {
            "name": "initiative_bonus",
            "current": 0,
            "max": "",
            "id": "-Bzmhb73yjwLnxTeBjCe"
        },
        {
            "name": "npc_hpformula",
            "current": "15d12 + 75",
            "max": "",
            "id": "-eqeJPoPsP5nNeWxDI8c"
        },
        {
            "name": "strength_base",
            "current": "23",
            "max": "",
            "id": "-XBm72i3RqWuR7YfLiwd"
        },
        {
            "name": "strength_flag",
            "current": "0",
            "max": "",
            "id": "-kx0ll5uPStJ0DGc9bGK"
        },
        {
            "name": "strength",
            "current": 23,
            "max": "",
            "id": "-rvKoWlS8C2WRzU8Bqc1"
        },
        {
            "name": "strength_mod",
            "current": 6,
            "max": "",
            "id": "-AohDeWZ79M2PTU6J0v6"
        },
        {
            "name": "npc_str_negative",
            "current": 0,
            "max": "",
            "id": "-w35LrzIFrL7wzYzcUdT"
        },
        {
            "name": "dexterity_base",
            "current": "10",
            "max": "",
            "id": "-kbrAdRe1J8IrKdqdPkp"
        },
        {
            "name": "dexterity_flag",
            "current": "0",
            "max": "",
            "id": "-lzX5jpncPlbM9eYl6IU"
        },
        {
            "name": "dexterity",
            "current": 10,
            "max": "",
            "id": "-YWnkX0QBH7HsrQNAmAF"
        },
        {
            "name": "dexterity_mod",
            "current": 0,
            "max": "",
            "id": "-A2YLCo03m7bsO9hlTzM"
        },
        {
            "name": "npc_dex_negative",
            "current": 0,
            "max": "",
            "id": "-rLkafng0AG4Htldo0w8"
        },
        {
            "name": "constitution_base",
            "current": "21",
            "max": "",
            "id": "-Ul8ZHIJzlR54eYCLAj7"
        },
        {
            "name": "constitution_flag",
            "current": "0",
            "max": "",
            "id": "-GNDfsCl3K2J4tRYnPLr"
        },
        {
            "name": "constitution",
            "current": 21,
            "max": "",
            "id": "-MbmcGGTr3x43njSokIK"
        },
        {
            "name": "constitution_mod",
            "current": 5,
            "max": "",
            "id": "-fk4xprLbwuBqnyGyG6g"
        },
        {
            "name": "npc_con_negative",
            "current": 0,
            "max": "",
            "id": "-g8wM8R5Q1gdIto6uOw4"
        },
        {
            "name": "intelligence_base",
            "current": "14",
            "max": "",
            "id": "-tJ6QSWq5eqrtEvi4AfM"
        },
        {
            "name": "intelligence_flag",
            "current": "0",
            "max": "",
            "id": "-RwfGaIs4Q3QX7OelXbC"
        },
        {
            "name": "intelligence",
            "current": 14,
            "max": "",
            "id": "-EWsITKcWeX6aNbsHSB2"
        },
        {
            "name": "intelligence_mod",
            "current": 2,
            "max": "",
            "id": "-COpbTtduDzciNsLUXlm"
        },
        {
            "name": "npc_int_negative",
            "current": 0,
            "max": "",
            "id": "-U0TrbOyDtXKgegMEED5"
        },
        {
            "name": "wisdom_base",
            "current": "13",
            "max": "",
            "id": "-vfSGR7GBUe0j93baPjn"
        },
        {
            "name": "wisdom_flag",
            "current": "0",
            "max": "",
            "id": "-9E8wL1bAXUY1a215BN2"
        },
        {
            "name": "wisdom",
            "current": 13,
            "max": "",
            "id": "-6SZZbvsN6fTI1ncWKQe"
        },
        {
            "name": "wisdom_mod",
            "current": 1,
            "max": "",
            "id": "-AW2IA2m6QXb108GAHq2"
        },
        {
            "name": "npc_wis_negative",
            "current": 0,
            "max": "",
            "id": "-UzxKc2x3bPxYQgxKLOj"
        },
        {
            "name": "charisma_base",
            "current": "17",
            "max": "",
            "id": "-vVq4alI7bHW2ELZYF0g"
        },
        {
            "name": "charisma_flag",
            "current": "0",
            "max": "",
            "id": "-8rC1l8AKvzHeLR3Murq"
        },
        {
            "name": "charisma",
            "current": 17,
            "max": "",
            "id": "-Kydds4vAhpwBntCTkGY"
        },
        {
            "name": "charisma_mod",
            "current": 3,
            "max": "",
            "id": "-vH9d62WgAdb4UpCfMGx"
        },
        {
            "name": "npc_cha_negative",
            "current": 0,
            "max": "",
            "id": "-ozRl0x0CXZ560EQZbXm"
        },
        {
            "name": "npc_skills_flag",
            "current": 3,
            "max": "",
            "id": "-scgEkA69kMEO2t3VU7y"
        },
        {
            "name": "npc_history_base",
            "current": "7",
            "max": "",
            "id": "-ltjijBzXaEFsS8ltkHo"
        },
        {
            "name": "npc_history_flag",
            "current": "1",
            "max": "",
            "id": "-HJgTWLo9JfwMEvMTikS"
        },
        {
            "name": "npc_history",
            "current": 7,
            "max": "",
            "id": "-wTbiBwPGHYaAF6LEiMf"
        },
        {
            "name": "npc_perception_base",
            "current": "11",
            "max": "",
            "id": "-wlymLBTmo88PWfgPsFd"
        },
        {
            "name": "npc_perception_flag",
            "current": "1",
            "max": "",
            "id": "-YemXiWrPPRhmbJSr1r2"
        },
        {
            "name": "npc_perception",
            "current": 11,
            "max": "",
            "id": "-6JMA2tZCQqEpJnNfZbf"
        },
        {
            "name": "npc_persuasion_base",
            "current": "8",
            "max": "",
            "id": "-Cq5vH2vswqMGVUh4B77"
        },
        {
            "name": "npc_persuasion_flag",
            "current": "1",
            "max": "",
            "id": "-yQwupELVxkznpyOEccb"
        },
        {
            "name": "npc_persuasion",
            "current": 8,
            "max": "",
            "id": "-Bvk17ufrCGOOOT5mYy1"
        },
        {
            "name": "npc_stealth_base",
            "current": "5",
            "max": "",
            "id": "-Rr7BtkQODgVymTj6rtq"
        },
        {
            "name": "npc_stealth_flag",
            "current": "1",
            "max": "",
            "id": "-WIB7UHg0pcpzgsLUBtK"
        },
        {
            "name": "npc_stealth",
            "current": 5,
            "max": "",
            "id": "-eoH8ZLQUtasepUcNPU6"
        },
        {
            "name": "npc_saving_flag",
            "current": 7,
            "max": "",
            "id": "-VN6Zqlgx4pEr4VlKhxT"
        },
        {
            "name": "npc_dex_save_base",
            "current": "5",
            "max": "",
            "id": "-dfTlipRk72otT0yo6id"
        },
        {
            "name": "npc_dex_save_flag",
            "current": 1,
            "max": "",
            "id": "-2LBIP6so9ZnzFWjE5mu"
        },
        {
            "name": "npc_dex_save",
            "current": 5,
            "max": "",
            "id": "-c6U1jHqjqzNrGBrZPvI"
        },
        {
            "name": "npc_con_save_base",
            "current": "10",
            "max": "",
            "id": "-fX2XAVB8tgOC0nBmGGt"
        },
        {
            "name": "npc_con_save_flag",
            "current": 1,
            "max": "",
            "id": "-H9PTOeuQQRked8Aooc6"
        },
        {
            "name": "npc_con_save",
            "current": 10,
            "max": "",
            "id": "-z9VOrtlwF4s4YOpWHAu"
        },
        {
            "name": "npc_wis_save_base",
            "current": "6",
            "max": "",
            "id": "-SCk6PJyh9uFU4mNgsKS"
        },
        {
            "name": "npc_wis_save_flag",
            "current": 1,
            "max": "",
            "id": "-zCSx4fzt0hi6vkuPtgY"
        },
        {
            "name": "npc_wis_save",
            "current": 6,
            "max": "",
            "id": "-0B8a2vOZ4jZYmsDLIzF"
        },
        {
            "name": "npc_cha_save_base",
            "current": "8",
            "max": "",
            "id": "-r0TnDtg07Buc9zRnk8W"
        },
        {
            "name": "npc_cha_save_flag",
            "current": 1,
            "max": "",
            "id": "-O8pPCGKbfBLguIISJJ1"
        },
        {
            "name": "npc_cha_save",
            "current": 8,
            "max": "",
            "id": "-R3eP6lzRrp4kRJTd15d"
        },
        {
            "name": "npc_immunities",
            "current": "огонь",
            "max": "",
            "id": "-BI4om5r8eOlUQr1tpKO"
        },
        {
            "name": "npc_senses",
            "current": "слепозрение 12 клеток, темнозрение 24 клеток",
            "max": "",
            "id": "-3ws0ayKnN9hpnIP8SgQ"
        },
        {
            "name": "repeating_npcaction_-DtyFqp3cAGAcIvTtIgh_name",
            "current": "Мультиатака",
            "max": "",
            "id": "-PN4jIHZ9IQqbWIYWz3L"
        },
        {
            "name": "repeating_npcaction_-DtyFqp3cAGAcIvTtIgh_description",
            "current": "Дракон использует Ужасающую Внешность. После этого он проводит 3 атаки: две зубами и одну когтями.",
            "max": "",
            "id": "-9oclhRfFsXYaAzULZLA"
        },
        {
            "name": "repeating_npcaction_-DtyFqp3cAGAcIvTtIgh_attack_tohitrange",
            "current": "+0",
            "max": "",
            "id": "-oHUr9zgBakWUY7lnzqk"
        },
        {
            "name": "repeating_npcaction_-DtyFqp3cAGAcIvTtIgh_attack_onhit",
            "current": "",
            "max": "",
            "id": "-N0Ir5eWyuo9wcRpw7Gn"
        },
        {
            "name": "repeating_npcaction_-DtyFqp3cAGAcIvTtIgh_damage_flag",
            "current": "",
            "max": "",
            "id": "-yuccdS2GE5iI4k2yl9I"
        },
        {
            "name": "repeating_npcaction_-DtyFqp3cAGAcIvTtIgh_attack_crit",
            "current": "",
            "max": "",
            "id": "-06h4vkPNnrdXdxD4JT3"
        },
        {
            "name": "repeating_npcaction_-DtyFqp3cAGAcIvTtIgh_attack_crit2",
            "current": "",
            "max": "",
            "id": "-h0xTxiU4WBLjjN4Rume"
        },
        {
            "name": "repeating_npcaction_-DtyFqp3cAGAcIvTtIgh_rollbase",
            "current": "@{wtype}&{template:npcaction} @{npc_name_flag} {{rname=@{name}}} {{description=@{show_desc}}} @{charname_output}",
            "max": "",
            "id": "-sEymYgsgbmTZwdDS8M2"
        },
        {
            "name": "repeating_npcaction_-E3xxFynRkpMM5LIyLaq_name",
            "current": "Укус",
            "max": "",
            "id": "-OsTqJjO20t0MLOhYK0r"
        },
        {
            "name": "repeating_npcaction_-E3xxFynRkpMM5LIyLaq_description",
            "current": "Рукопашное Оружие: +11 к атаке, досягаемость 1 клетка, одна цель. Попадание: 17 (2d10 + 6) колющего урона.",
            "max": "",
            "id": "-KRHaJavxgqFUv2yHpno"
        },
        {
            "name": "repeating_npcaction_-E3xxFynRkpMM5LIyLaq_attack_flag",
            "current": "on",
            "max": "",
            "id": "-aPIdZCjDbPUDYurFHlR"
        },
        {
            "name": "repeating_npcaction_-E3xxFynRkpMM5LIyLaq_attack_tohitrange",
            "current": "+11",
            "max": "",
            "id": "-2hi5a0hAGr8fO4Fmkt0"
        },
        {
            "name": "repeating_npcaction_-E3xxFynRkpMM5LIyLaq_attack_onhit",
            "current": "",
            "max": "",
            "id": "-rJmmfW2UnM2VfDXN7Ka"
        },
        {
            "name": "repeating_npcaction_-E3xxFynRkpMM5LIyLaq_attack_tohit",
            "current": "11",
            "max": "",
            "id": "-CuI6oNUAMk5nc7jTMfp"
        },
        {
            "name": "repeating_npcaction_-E3xxFynRkpMM5LIyLaq_attack_damage",
            "current": "2d10+6",
            "max": "",
            "id": "-zehzTw4tQwTBE5eiwuE"
        },
        {
            "name": "repeating_npcaction_-E3xxFynRkpMM5LIyLaq_damage_flag",
            "current": "{{damage=1}} {{dmg1flag=1}}",
            "max": "",
            "id": "-Il0SSOAi8fujLIT3vro"
        },
        {
            "name": "repeating_npcaction_-E3xxFynRkpMM5LIyLaq_rollbase",
            "current": "@{wtype}&{template:npcaction} {{attack=1}} @{damage_flag} @{npc_name_flag} {{rname=@{name}}} {{r1=[[@{d20}+(@{attack_tohit})]]}} @{rtype}+(@{attack_tohit})]]}} {{dmg1=[[@{attack_damage}]]}} {{dmg1type=@{attack_damagetype}}} {{dmg2=[[@{attack_damage2}+0]]}} {{dmg2type=@{attack_damagetype2}}} {{crit1=[[@{attack_crit}+0]]}} {{crit2=[[@{attack_crit2}+0]]}} {{description=@{show_desc}}} @{charname_output}",
            "max": "",
            "id": "-sUW7LIa7y4kIJevWhmB"
        },
        {
            "name": "repeating_npcaction_-E3xxFynRkpMM5LIyLaq_attack_crit",
            "current": "2d10+6",
            "max": "",
            "id": "-iImUp0ZkIcZYDRynPUd"
        },
        {
            "name": "repeating_npcaction_-E3xxFynRkpMM5LIyLaq_attack_crit2",
            "current": "",
            "max": "",
            "id": "-IXvYPMITBe7HTm2lHQg"
        },
        {
            "name": "repeating_npcaction_-hqiDVMHUSKg1T7AYlMk_name",
            "current": "Когти",
            "max": "",
            "id": "-DrOf6SVcwIDGUa9o5dv"
        },
        {
            "name": "repeating_npcaction_-hqiDVMHUSKg1T7AYlMk_description",
            "current": "Рукопашное Оружие: +11 к атаке, досягаемость: 1 клетка, одна цель. Попадание: 13 (2d6 + 6) рубящего урона.",
            "max": "",
            "id": "-HO9H8G3zPSJqi1DbZDH"
        },
        {
            "name": "repeating_npcaction_-hqiDVMHUSKg1T7AYlMk_attack_flag",
            "current": "on",
            "max": "",
            "id": "-6FIrkrhCN1Ld9tdIfMh"
        },
        {
            "name": "repeating_npcaction_-hqiDVMHUSKg1T7AYlMk_attack_tohitrange",
            "current": "+11",
            "max": "",
            "id": "-dQ4I9dFVD4JvJMvuk1k"
        },
        {
            "name": "repeating_npcaction_-hqiDVMHUSKg1T7AYlMk_attack_onhit",
            "current": "",
            "max": "",
            "id": "-IOtHz3yeubrea5388eJ"
        },
        {
            "name": "repeating_npcaction_-hqiDVMHUSKg1T7AYlMk_attack_tohit",
            "current": "11",
            "max": "",
            "id": "-iiPvkMHG0821Enwjm7J"
        },
        {
            "name": "repeating_npcaction_-hqiDVMHUSKg1T7AYlMk_attack_damage",
            "current": "2d6+6",
            "max": "",
            "id": "-VJc1gCkbwuphTA54Mdu"
        },
        {
            "name": "repeating_npcaction_-hqiDVMHUSKg1T7AYlMk_damage_flag",
            "current": "{{damage=1}} {{dmg1flag=1}}",
            "max": "",
            "id": "-Sn244dsedWW8BxqU9M7"
        },
        {
            "name": "repeating_npcaction_-hqiDVMHUSKg1T7AYlMk_rollbase",
            "current": "@{wtype}&{template:npcaction} {{attack=1}} @{damage_flag} @{npc_name_flag} {{rname=@{name}}} {{r1=[[@{d20}+(@{attack_tohit})]]}} @{rtype}+(@{attack_tohit})]]}} {{dmg1=[[@{attack_damage}]]}} {{dmg1type=@{attack_damagetype}}} {{dmg2=[[@{attack_damage2}+0]]}} {{dmg2type=@{attack_damagetype2}}} {{crit1=[[@{attack_crit}+0]]}} {{crit2=[[@{attack_crit2}+0]]}} {{description=@{show_desc}}} @{charname_output}",
            "max": "",
            "id": "-MXD4FbxUW09eWw4Ii96"
        },
        {
            "name": "repeating_npcaction_-hqiDVMHUSKg1T7AYlMk_attack_crit",
            "current": "2d6+6",
            "max": "",
            "id": "-58iVQU3r0xFkB9hXIlr"
        },
        {
            "name": "repeating_npcaction_-hqiDVMHUSKg1T7AYlMk_attack_crit2",
            "current": "",
            "max": "",
            "id": "-JqWlLf6fX7fJzdIAiUY"
        },
        {
            "name": "repeating_npcaction_-N0XJWu0DoiOVXAvIOSg_name",
            "current": "Хвост",
            "max": "",
            "id": "-bmfYLGg89Yee85VF6bp"
        },
        {
            "name": "repeating_npcaction_-N0XJWu0DoiOVXAvIOSg_description",
            "current": "Рукопашное Оружие: +11 к атаке, досягаемость 3 клетки, одна цель. Попадание: 15 (2d8 + 6) дробящего урона.",
            "max": "",
            "id": "-2GhyeJIokVrg82Angb6"
        },
        {
            "name": "repeating_npcaction_-N0XJWu0DoiOVXAvIOSg_attack_flag",
            "current": "on",
            "max": "",
            "id": "-s9CDnAqdAcRKvoL1nrM"
        },
        {
            "name": "repeating_npcaction_-N0XJWu0DoiOVXAvIOSg_attack_tohitrange",
            "current": "+11",
            "max": "",
            "id": "-tnnwDa8eF8WXP5qfX7n"
        },
        {
            "name": "repeating_npcaction_-N0XJWu0DoiOVXAvIOSg_attack_onhit",
            "current": "",
            "max": "",
            "id": "-rGYyQ75SShE8aylVgLL"
        },
        {
            "name": "repeating_npcaction_-N0XJWu0DoiOVXAvIOSg_attack_tohit",
            "current": "11",
            "max": "",
            "id": "-s3iP9OfVDPFmLVtbwIs"
        },
        {
            "name": "repeating_npcaction_-N0XJWu0DoiOVXAvIOSg_attack_damage",
            "current": "2d8+6",
            "max": "",
            "id": "-A3WKslXA7MpPGW4QuZJ"
        },
        {
            "name": "repeating_npcaction_-N0XJWu0DoiOVXAvIOSg_damage_flag",
            "current": "{{damage=1}} {{dmg1flag=1}}",
            "max": "",
            "id": "-6qe8v4oxaayI21BSzay"
        },
        {
            "name": "repeating_npcaction_-N0XJWu0DoiOVXAvIOSg_rollbase",
            "current": "@{wtype}&{template:npcaction} {{attack=1}} @{damage_flag} @{npc_name_flag} {{rname=@{name}}} {{r1=[[@{d20}+(@{attack_tohit})]]}} @{rtype}+(@{attack_tohit})]]}} {{dmg1=[[@{attack_damage}]]}} {{dmg1type=@{attack_damagetype}}} {{dmg2=[[@{attack_damage2}+0]]}} {{dmg2type=@{attack_damagetype2}}} {{crit1=[[@{attack_crit}+0]]}} {{crit2=[[@{attack_crit2}+0]]}} {{description=@{show_desc}}} @{charname_output}",
            "max": "",
            "id": "-PL8f4KqBsVgqaxoAZ8G"
        },
        {
            "name": "repeating_npcaction_-N0XJWu0DoiOVXAvIOSg_attack_crit",
            "current": "2d8+6",
            "max": "",
            "id": "-FniMf3mvmrYBaMpDads"
        },
        {
            "name": "repeating_npcaction_-N0XJWu0DoiOVXAvIOSg_attack_crit2",
            "current": "",
            "max": "",
            "id": "-CuFHcVAXxKzesO4FoFX"
        },
        {
            "name": "repeating_npcaction_-s6uz6zawdrughBIGrzv_name",
            "current": "Ужасающая Внешность",
            "max": "",
            "id": "-8YLySXExUAgFkGe8hIP"
        },
        {
            "name": "repeating_npcaction_-s6uz6zawdrughBIGrzv_description",
            "current": "Каждое существо по выбору дракона в пределах 24 клеток должно бросить спасбросок по Мудрости со сложностью 16. В случае неудачи существо становится испуганным. Существо может повторять спасбросок в конце каждого своего хода. В случае успеха эфект страха заканчивается и существо становится имунным к Ужасающей Внешности на следующие 24 часа.",
            "max": "",
            "id": "-qYDvUYYS6GGq1fVxKi2"
        },
        {
            "name": "repeating_npcaction_-s6uz6zawdrughBIGrzv_attack_tohitrange",
            "current": "+0",
            "max": "",
            "id": "-FsZgVqD0ki2aC3Hq6RF"
        },
        {
            "name": "repeating_npcaction_-s6uz6zawdrughBIGrzv_attack_onhit",
            "current": "",
            "max": "",
            "id": "-W7Lxopn27EEWhB4Fo3w"
        },
        {
            "name": "repeating_npcaction_-s6uz6zawdrughBIGrzv_damage_flag",
            "current": "",
            "max": "",
            "id": "-jkVGPoDiqbRqYg2YnXt"
        },
        {
            "name": "repeating_npcaction_-s6uz6zawdrughBIGrzv_attack_crit",
            "current": "",
            "max": "",
            "id": "-KBQ3qW0lEZtNlYRmYp7"
        },
        {
            "name": "repeating_npcaction_-s6uz6zawdrughBIGrzv_attack_crit2",
            "current": "",
            "max": "",
            "id": "-Kq3vdtZzsSHcohUXA6W"
        },
        {
            "name": "repeating_npcaction_-s6uz6zawdrughBIGrzv_rollbase",
            "current": "@{wtype}&{template:npcaction} @{npc_name_flag} {{rname=@{name}}} {{description=@{show_desc}}} @{charname_output}",
            "max": "",
            "id": "-9A0v4GjkL1T8ClnhJDS"
        },
        {
            "name": "repeating_npcaction_-yCOTWbxORHiSZKu97y5_name",
            "current": "Оружия Дыхания (Перезарядка 5-6)",
            "max": "",
            "id": "-80Nxc9RgAWziCBXZXCL"
        },
        {
            "name": "repeating_npcaction_-yCOTWbxORHiSZKu97y5_description",
            "current": "Дракон использует одно из доступных ему дыханий.\n\nОгненное Дыхание. Дракон выдыхает огонь линией в 12 клеток в длину и 1 клетку в ширину. Каждое существо на этой линии должно сделать спасбросок по ловкости сложностью 18. При провале существо получает 49 (13d6) урона огнем, в случае удачи - половину этого урона.\n\nДыхание Сна. Дракон выдыхает усыпляющий газ конусом в 12 клеток. Каждое существо в этом конусе должно сделать спасбросок по Телосложению со сложностью 18. При провале существо теряет сознание на 10 минут. Эффект сна заканчивается если существо получает урон, либо кто-то использует свое действие для того, чтобы его разбудить.\n\n",
            "max": "",
            "id": "-OUmMmVaAESR8q7Wm1LZ"
        },
        {
            "name": "repeating_npcaction_-yCOTWbxORHiSZKu97y5_attack_flag",
            "current": "on",
            "max": "",
            "id": "-3URFt3mYu6UhXOZAYd9"
        },
        {
            "name": "repeating_npcaction_-yCOTWbxORHiSZKu97y5_attack_tohitrange",
            "current": "+",
            "max": "",
            "id": "-bnezcJ0nk6NWeg9m6zF"
        },
        {
            "name": "repeating_npcaction_-yCOTWbxORHiSZKu97y5_attack_onhit",
            "current": "",
            "max": "",
            "id": "-W3F7igdgotVL8VtYAsa"
        },
        {
            "name": "repeating_npcaction_-yCOTWbxORHiSZKu97y5_attack_tohit",
            "current": "",
            "max": "",
            "id": "-vW8A3n2W0PUaurnoP9A"
        },
        {
            "name": "repeating_npcaction_-yCOTWbxORHiSZKu97y5_attack_damage",
            "current": "13d6",
            "max": "",
            "id": "-3QX1amIEDjwuxnAtObz"
        },
        {
            "name": "repeating_npcaction_-yCOTWbxORHiSZKu97y5_damage_flag",
            "current": "{{damage=1}} {{dmg1flag=1}}",
            "max": "",
            "id": "-pNxnlJFUZYxbpqiJImq"
        },
        {
            "name": "repeating_npcaction_-yCOTWbxORHiSZKu97y5_rollbase",
            "current": "@{wtype}&{template:npcaction} {{attack=1}} @{damage_flag} @{npc_name_flag} {{rname=@{name}}} {{r1=[[@{d20}+(@{attack_tohit})]]}} @{rtype}+(@{attack_tohit})]]}} {{dmg1=[[@{attack_damage}]]}} {{dmg1type=@{attack_damagetype}}} {{dmg2=[[@{attack_damage2}+0]]}} {{dmg2type=@{attack_damagetype2}}} {{crit1=[[@{attack_crit}+0]]}} {{crit2=[[@{attack_crit2}+0]]}} {{description=@{show_desc}}} @{charname_output}",
            "max": "",
            "id": "-rG3GTaFow3cUwHeupaD"
        },
        {
            "name": "repeating_npcaction_-yCOTWbxORHiSZKu97y5_attack_crit",
            "current": "13d6",
            "max": "",
            "id": "-MJpuHv12OTiQ2IQQDub"
        },
        {
            "name": "repeating_npcaction_-yCOTWbxORHiSZKu97y5_attack_crit2",
            "current": "",
            "max": "",
            "id": "-r2U29D0kxygNaFGwmQv"
        },
        {
            "name": "repeating_npctrait_-78a88XpylcwxDpWCaqp_name",
            "current": "Легендарное Сопротивление (3/в день)",
            "max": "",
            "id": "-GaWFfDEMG7Bi95TbCDQ"
        },
        {
            "name": "repeating_npctrait_-78a88XpylcwxDpWCaqp_description",
            "current": "Если дракон провалил спасбросок, он может вместо этого считать его удачным.",
            "max": "",
            "id": "-BbYcTUPdUhMnP3NllqR"
        },
        {
            "name": "npcspellcastingflag",
            "current": "0",
            "max": "",
            "id": "-9tZnGQzaJRPZlywXo59"
        }
    ],
    "abilities": []
}