{
    "schema_version": 2,
    "oldId": "-pGFV5R5xT0bY6f2n0Y6",
    "name": "Взрослый Синий Дракон (Adult Blue Dragon)",
    "avatar": "https://tentaculus.ru/monsters/img/cute_monsters/ADULT_BLUE_DRAGON.jpg",
    "bio": "",
    "gmnotes": "",
    "defaulttoken": "",
    "tags": "[]",
    "controlledby": "",
    "inplayerjournals": "",
    "attribs": [
        {
            "name": "hitdieroll",
            "current": "4",
            "max": "",
            "id": "-euhkO3aZdsyrUvnxDcR"
        },
        {
            "name": "showleveler",
            "current": 0,
            "max": "",
            "id": "-lnpRdIcg2T4bGlohgy5"
        },
        {
            "name": "invalidXP",
            "current": 0,
            "max": "",
            "id": "-LlZa69FVryJNiW04JjA"
        },
        {
            "name": "version",
            "current": 4.21,
            "max": "",
            "id": "-g4gIt15Rj1EN1wtjkmJ"
        },
        {
            "name": "mancer_confirm_flag",
            "current": "",
            "max": "",
            "id": "-k7yXMIzunzQFkioMvK4"
        },
        {
            "name": "mancer_npc",
            "current": "on",
            "max": "",
            "id": "-xy5uG1QvL3kvHEw0YFH"
        },
        {
            "name": "l1mancer_status",
            "current": "completed",
            "max": "",
            "id": "-PvEzy2nVoVEowTNA87m"
        },
        {
            "name": "rtype",
            "current": "@{advantagetoggle}",
            "max": "",
            "id": "-1VkTCh8nw9ssajLVDI2"
        },
        {
            "name": "dtype",
            "current": "full",
            "max": "",
            "id": "-LZZka8dSgnAlwWshuyr"
        },
        {
            "name": "appliedUpdates",
            "current": "upgrade_to_4_2_1",
            "max": "",
            "id": "-EtlrMBBbLzZXb7sZfgs"
        },
        {
            "name": "npc",
            "current": "1",
            "max": "",
            "id": "-wanurHUJlQHRkZDuOZr"
        },
        {
            "name": "npc_options-flag",
            "current": "0",
            "max": "",
            "id": "-HXlhm1RcwOvOSoDalgK"
        },
        {
            "name": "ui_flags",
            "current": "",
            "max": "",
            "id": "-PU4OxV4f3eVkKf7u9ex"
        },
        {
            "name": "npc_name",
            "current": "Взрослый Синий Дракон (Adult Blue Dragon)",
            "max": "",
            "id": "-QHthsedKVx5ntYmR3A3"
        },
        {
            "name": "npc_type",
            "current": "дракон законно-злое",
            "max": "",
            "id": "-wk4rdyvu5tIg2TVS8S2"
        },
        {
            "name": "npc_speed",
            "current": "8 клеток, копание 6 клеток, полет 16 клеток",
            "max": "",
            "id": "-RfgPzKYFNm6pX3oZAMB"
        },
        {
            "name": "hp",
            "current": "",
            "max": "225",
            "id": "-rDdQxHybzDcmTtbd7Kl"
        },
        {
            "name": "npc_ac",
            "current": "19",
            "max": "",
            "id": "-8yuhxYh9hgVkShzv2zI"
        },
        {
            "name": "ac",
            "current": "19",
            "max": "",
            "id": "-Wdfqd3zqDczXGyXHnYB"
        },
        {
            "name": "npc_languages",
            "current": "Общий, Драконий",
            "max": "",
            "id": "-v6cjLYXxLOdyyj8tP0j"
        },
        {
            "name": "npc_challenge",
            "current": "16",
            "max": "",
            "id": "-SGmskOnbimdnRKzdOwc"
        },
        {
            "name": "passive_wisdom",
            "current": "16",
            "max": "",
            "id": "-iB6QDY1t9ttfUf8baPe"
        },
        {
            "name": "initiative_bonus",
            "current": 0,
            "max": "",
            "id": "-J60LSAHgxyg22YmpiqI"
        },
        {
            "name": "npc_hpformula",
            "current": "18d12 + 108",
            "max": "",
            "id": "-69mKP4r79ZKiwlOsSOX"
        },
        {
            "name": "strength_base",
            "current": "25",
            "max": "",
            "id": "-BR6ROf03oMt7aveW6OI"
        },
        {
            "name": "strength_flag",
            "current": "0",
            "max": "",
            "id": "-3keCm2faflBoHDQnKUq"
        },
        {
            "name": "strength",
            "current": 25,
            "max": "",
            "id": "-bqDv1JEAXony7HdFAi0"
        },
        {
            "name": "strength_mod",
            "current": 7,
            "max": "",
            "id": "-tW5OdNOfWe3ZybLZ5fG"
        },
        {
            "name": "npc_str_negative",
            "current": 0,
            "max": "",
            "id": "-VgYZIHOciJKyvk4Mcmg"
        },
        {
            "name": "dexterity_base",
            "current": "10",
            "max": "",
            "id": "-MGyRGEzWo614kyIlkFa"
        },
        {
            "name": "dexterity_flag",
            "current": "0",
            "max": "",
            "id": "-SSprP9jIx0cPuniWz3k"
        },
        {
            "name": "dexterity",
            "current": 10,
            "max": "",
            "id": "-VJRMc2KT2bznW5zAeY3"
        },
        {
            "name": "dexterity_mod",
            "current": 0,
            "max": "",
            "id": "-0IztLl3KZFDYUfQZPvk"
        },
        {
            "name": "npc_dex_negative",
            "current": 0,
            "max": "",
            "id": "-EUJ6NgrBnNVfs40kGkR"
        },
        {
            "name": "constitution_base",
            "current": "23",
            "max": "",
            "id": "-IsHB3dCKFn1wo7FaHHk"
        },
        {
            "name": "constitution_flag",
            "current": "0",
            "max": "",
            "id": "-B44NtBIjB9qYW8aSwlU"
        },
        {
            "name": "constitution",
            "current": 23,
            "max": "",
            "id": "-V5c5Y6Ngy504Pbu6DFQ"
        },
        {
            "name": "constitution_mod",
            "current": 6,
            "max": "",
            "id": "-wwBVfoktbwMr2DzbWZK"
        },
        {
            "name": "npc_con_negative",
            "current": 0,
            "max": "",
            "id": "-EASJLh4MQXTkKCoKs61"
        },
        {
            "name": "intelligence_base",
            "current": "16",
            "max": "",
            "id": "-XtjI9tQWygUWjgOtTtL"
        },
        {
            "name": "intelligence_flag",
            "current": "0",
            "max": "",
            "id": "-F7AlVkh6SZTUegKGZAf"
        },
        {
            "name": "intelligence",
            "current": 16,
            "max": "",
            "id": "-rErEUnXwVZGaKePx0vM"
        },
        {
            "name": "intelligence_mod",
            "current": 3,
            "max": "",
            "id": "-je4ZA5tOThJBCa2ovKh"
        },
        {
            "name": "npc_int_negative",
            "current": 0,
            "max": "",
            "id": "-aO9OoBboLcyYgoB49Bf"
        },
        {
            "name": "wisdom_base",
            "current": "15",
            "max": "",
            "id": "-mfBTSTuEabvygsqaOCR"
        },
        {
            "name": "wisdom_flag",
            "current": "0",
            "max": "",
            "id": "-TRrraRBvcw1yltPn6oh"
        },
        {
            "name": "wisdom",
            "current": 15,
            "max": "",
            "id": "-VX7v1YINUBVeTzHKrc7"
        },
        {
            "name": "wisdom_mod",
            "current": 2,
            "max": "",
            "id": "-HKLf5OwjeyOGGkrvnkR"
        },
        {
            "name": "npc_wis_negative",
            "current": 0,
            "max": "",
            "id": "-UqMF7iNTDY0GuLDtfXH"
        },
        {
            "name": "charisma_base",
            "current": "19",
            "max": "",
            "id": "-cvIt9uAEyBuxAwT8OmX"
        },
        {
            "name": "charisma_flag",
            "current": "0",
            "max": "",
            "id": "-elnLSrAlaLB2TXSP8gQ"
        },
        {
            "name": "charisma",
            "current": 19,
            "max": "",
            "id": "-p1wKW1gdCGWtMnFN7zV"
        },
        {
            "name": "charisma_mod",
            "current": 4,
            "max": "",
            "id": "-yhSPqYUfnqwLfQKWRkQ"
        },
        {
            "name": "npc_cha_negative",
            "current": 0,
            "max": "",
            "id": "-rGfIA68asL3tXJlCHLG"
        },
        {
            "name": "npc_skills_flag",
            "current": 3,
            "max": "",
            "id": "-uag8Rbzim2CoTcxA5u7"
        },
        {
            "name": "npc_perception_base",
            "current": "12",
            "max": "",
            "id": "-VZOdp4ZJeaosRUk9SFn"
        },
        {
            "name": "npc_perception_flag",
            "current": "1",
            "max": "",
            "id": "-66f6Ov4nKpCkO0XOEtQ"
        },
        {
            "name": "npc_perception",
            "current": 12,
            "max": "",
            "id": "-YqoNQcu4AHmEOTR3ZzN"
        },
        {
            "name": "npc_stealth_base",
            "current": "5",
            "max": "",
            "id": "-wSp4RTVYmiEYbk9oS73"
        },
        {
            "name": "npc_stealth_flag",
            "current": "1",
            "max": "",
            "id": "-H0Tm3gUuo2KmZXEkDaD"
        },
        {
            "name": "npc_stealth",
            "current": 5,
            "max": "",
            "id": "-ZYuPljhYGmEpSATQfdO"
        },
        {
            "name": "npc_saving_flag",
            "current": 7,
            "max": "",
            "id": "-GQOEU3yNfI4V6DkcvY8"
        },
        {
            "name": "npc_dex_save_base",
            "current": "5",
            "max": "",
            "id": "-XssZ1tkQ38cza1mX9XR"
        },
        {
            "name": "npc_dex_save_flag",
            "current": 1,
            "max": "",
            "id": "-yOrUoLsPjrCnO5L5ywn"
        },
        {
            "name": "npc_dex_save",
            "current": 5,
            "max": "",
            "id": "-PZsEVo3CCpv3p2avRt7"
        },
        {
            "name": "npc_con_save_base",
            "current": "11",
            "max": "",
            "id": "-x7XikfcdIQiCydU85lM"
        },
        {
            "name": "npc_con_save_flag",
            "current": 1,
            "max": "",
            "id": "-AcOTHQATtkxBIvHsZEo"
        },
        {
            "name": "npc_con_save",
            "current": 11,
            "max": "",
            "id": "-12qcUmvCyU0CfXtdSeZ"
        },
        {
            "name": "npc_wis_save_base",
            "current": "7",
            "max": "",
            "id": "-kMjCT6HAPUW0N0kImCc"
        },
        {
            "name": "npc_wis_save_flag",
            "current": 1,
            "max": "",
            "id": "-oaMKNp6W8IuXDwXIUaB"
        },
        {
            "name": "npc_wis_save",
            "current": 7,
            "max": "",
            "id": "-bdHc9UbXJiYVS1l1Lg2"
        },
        {
            "name": "npc_cha_save_base",
            "current": "9",
            "max": "",
            "id": "-9M2sJWZFxjB85wGMNnW"
        },
        {
            "name": "npc_cha_save_flag",
            "current": 1,
            "max": "",
            "id": "-UvY7l5jZwVwhO5qqoqu"
        },
        {
            "name": "npc_cha_save",
            "current": 9,
            "max": "",
            "id": "-5WmiSTpRNDUZxlFW3D3"
        },
        {
            "name": "npc_immunities",
            "current": "молния",
            "max": "",
            "id": "-3lJNH1j8WSfLxqfWjfP"
        },
        {
            "name": "npc_senses",
            "current": "слепозрение 12 клеток, темнозрение 24 клеток",
            "max": "",
            "id": "-qCPHP8jqjFjn9GGdRdZ"
        },
        {
            "name": "repeating_npcaction_-nTmPCDqhd9FO3pCXNzg_name",
            "current": "Мультиатака",
            "max": "",
            "id": "-v71ydfGOhYsHDCDHegm"
        },
        {
            "name": "repeating_npcaction_-nTmPCDqhd9FO3pCXNzg_description",
            "current": "Дракон использует Ужасающую Внешность. После этого он проводит 3 атаки: две зубами и одну когтями.",
            "max": "",
            "id": "-ercL3I88T1zZlw1vmFE"
        },
        {
            "name": "repeating_npcaction_-nTmPCDqhd9FO3pCXNzg_attack_tohitrange",
            "current": "+0",
            "max": "",
            "id": "-5RbaQWNW1zwl2CH2dbF"
        },
        {
            "name": "repeating_npcaction_-nTmPCDqhd9FO3pCXNzg_attack_onhit",
            "current": "",
            "max": "",
            "id": "-ASbGaDwC8Nplv2BcVAz"
        },
        {
            "name": "repeating_npcaction_-nTmPCDqhd9FO3pCXNzg_damage_flag",
            "current": "",
            "max": "",
            "id": "-ccBZhEe7wWSdo7YYHHS"
        },
        {
            "name": "repeating_npcaction_-nTmPCDqhd9FO3pCXNzg_attack_crit",
            "current": "",
            "max": "",
            "id": "-9p2hDHdwKmfabb1YWqn"
        },
        {
            "name": "repeating_npcaction_-nTmPCDqhd9FO3pCXNzg_attack_crit2",
            "current": "",
            "max": "",
            "id": "-brNQDhbzCsq5xEXOAcW"
        },
        {
            "name": "repeating_npcaction_-nTmPCDqhd9FO3pCXNzg_rollbase",
            "current": "@{wtype}&{template:npcaction} @{npc_name_flag} {{rname=@{name}}} {{description=@{show_desc}}} @{charname_output}",
            "max": "",
            "id": "-sG3qa3prrI6iMtRPB1i"
        },
        {
            "name": "repeating_npcaction_-Vn4zVqZsKdGNIyys0Ow_name",
            "current": "Укус",
            "max": "",
            "id": "-LfmAalLrN0nBo6QzHrw"
        },
        {
            "name": "repeating_npcaction_-Vn4zVqZsKdGNIyys0Ow_description",
            "current": "Рукопашное Оружие: +12 к атаке, досягаемость: 2 клетки, одна цель. Попадание: 18 (2d10 + 7) колющего урона плюс 5 (1d10) урона молнией.",
            "max": "",
            "id": "-KGi5XeWqMZcafqP2v3H"
        },
        {
            "name": "repeating_npcaction_-Vn4zVqZsKdGNIyys0Ow_attack_flag",
            "current": "on",
            "max": "",
            "id": "-Rmyi5yyxinMJuygdcOA"
        },
        {
            "name": "repeating_npcaction_-Vn4zVqZsKdGNIyys0Ow_attack_tohitrange",
            "current": "+12",
            "max": "",
            "id": "-PZ0fLFbXMBnH7vfpgVD"
        },
        {
            "name": "repeating_npcaction_-Vn4zVqZsKdGNIyys0Ow_attack_onhit",
            "current": "",
            "max": "",
            "id": "-S7oMqwLOFjDM0yiLnWA"
        },
        {
            "name": "repeating_npcaction_-Vn4zVqZsKdGNIyys0Ow_attack_tohit",
            "current": "12",
            "max": "",
            "id": "-aMcp96EV82K6JaE50u2"
        },
        {
            "name": "repeating_npcaction_-Vn4zVqZsKdGNIyys0Ow_attack_damage",
            "current": "2d10+7+1d10",
            "max": "",
            "id": "-0CU1s2jWmMR1j9CFDGh"
        },
        {
            "name": "repeating_npcaction_-Vn4zVqZsKdGNIyys0Ow_damage_flag",
            "current": "{{damage=1}} {{dmg1flag=1}}",
            "max": "",
            "id": "-AgffXibWYelfORiKgWe"
        },
        {
            "name": "repeating_npcaction_-Vn4zVqZsKdGNIyys0Ow_rollbase",
            "current": "@{wtype}&{template:npcaction} {{attack=1}} @{damage_flag} @{npc_name_flag} {{rname=@{name}}} {{r1=[[@{d20}+(@{attack_tohit})]]}} @{rtype}+(@{attack_tohit})]]}} {{dmg1=[[@{attack_damage}]]}} {{dmg1type=@{attack_damagetype}}} {{dmg2=[[@{attack_damage2}+0]]}} {{dmg2type=@{attack_damagetype2}}} {{crit1=[[@{attack_crit}+0]]}} {{crit2=[[@{attack_crit2}+0]]}} {{description=@{show_desc}}} @{charname_output}",
            "max": "",
            "id": "-zFyQpXHAHhbOcqiaRxp"
        },
        {
            "name": "repeating_npcaction_-Vn4zVqZsKdGNIyys0Ow_attack_crit",
            "current": "2d10+7+1d10",
            "max": "",
            "id": "-ZEkJTSheGy8osJvhD8z"
        },
        {
            "name": "repeating_npcaction_-Vn4zVqZsKdGNIyys0Ow_attack_crit2",
            "current": "",
            "max": "",
            "id": "-OKXDHF1IkOWloOH8Mzr"
        },
        {
            "name": "repeating_npcaction_-H5rMn6Zzdf3GnOfv31u_name",
            "current": "Когти",
            "max": "",
            "id": "-3cs9TWgONDUupdcbiHO"
        },
        {
            "name": "repeating_npcaction_-H5rMn6Zzdf3GnOfv31u_description",
            "current": "Рукопашное Оружие: +12 к атаке, досягаемость: 1 клетка, одна цель. Попадание: 14 (2d6 + 7) рубящего урона.",
            "max": "",
            "id": "-fdzKZUe8o3vem7n5OW4"
        },
        {
            "name": "repeating_npcaction_-H5rMn6Zzdf3GnOfv31u_attack_flag",
            "current": "on",
            "max": "",
            "id": "-KpRh3BGlbuAH6vxxbE3"
        },
        {
            "name": "repeating_npcaction_-H5rMn6Zzdf3GnOfv31u_attack_tohitrange",
            "current": "+12",
            "max": "",
            "id": "-zKAkSVztvkAAriBJRzy"
        },
        {
            "name": "repeating_npcaction_-H5rMn6Zzdf3GnOfv31u_attack_onhit",
            "current": "",
            "max": "",
            "id": "-WKp9v1tycjDvvshOLBS"
        },
        {
            "name": "repeating_npcaction_-H5rMn6Zzdf3GnOfv31u_attack_tohit",
            "current": "12",
            "max": "",
            "id": "-tmp0ckaNVDFvXvLqoCa"
        },
        {
            "name": "repeating_npcaction_-H5rMn6Zzdf3GnOfv31u_attack_damage",
            "current": "2d6+7",
            "max": "",
            "id": "-mhLU97GKzQw0M4PtSzi"
        },
        {
            "name": "repeating_npcaction_-H5rMn6Zzdf3GnOfv31u_damage_flag",
            "current": "{{damage=1}} {{dmg1flag=1}}",
            "max": "",
            "id": "-4oPvvKKjOVQNEneK299"
        },
        {
            "name": "repeating_npcaction_-H5rMn6Zzdf3GnOfv31u_rollbase",
            "current": "@{wtype}&{template:npcaction} {{attack=1}} @{damage_flag} @{npc_name_flag} {{rname=@{name}}} {{r1=[[@{d20}+(@{attack_tohit})]]}} @{rtype}+(@{attack_tohit})]]}} {{dmg1=[[@{attack_damage}]]}} {{dmg1type=@{attack_damagetype}}} {{dmg2=[[@{attack_damage2}+0]]}} {{dmg2type=@{attack_damagetype2}}} {{crit1=[[@{attack_crit}+0]]}} {{crit2=[[@{attack_crit2}+0]]}} {{description=@{show_desc}}} @{charname_output}",
            "max": "",
            "id": "-HWqJoGiM4uUKNlBFvBS"
        },
        {
            "name": "repeating_npcaction_-H5rMn6Zzdf3GnOfv31u_attack_crit",
            "current": "2d6+7",
            "max": "",
            "id": "-Po2fbjjKnbykSeobbtB"
        },
        {
            "name": "repeating_npcaction_-H5rMn6Zzdf3GnOfv31u_attack_crit2",
            "current": "",
            "max": "",
            "id": "-BREToIwoanQf27vw787"
        },
        {
            "name": "repeating_npcaction_-qdfTTGZkMzMX7C2L01Z_name",
            "current": "Хвост",
            "max": "",
            "id": "-ThI3asiBn517i81nqA7"
        },
        {
            "name": "repeating_npcaction_-qdfTTGZkMzMX7C2L01Z_description",
            "current": "Рукопашное Оружие: +12 к атаке, досягаемость 3 клетки, одна цель. Попадание: 16 (2d8 + 7) дробящего урона.",
            "max": "",
            "id": "-QYJiz5SKSLgEcDRdwaK"
        },
        {
            "name": "repeating_npcaction_-qdfTTGZkMzMX7C2L01Z_attack_flag",
            "current": "on",
            "max": "",
            "id": "-Y6fGZGR2VBr43kJ1HY8"
        },
        {
            "name": "repeating_npcaction_-qdfTTGZkMzMX7C2L01Z_attack_tohitrange",
            "current": "+12",
            "max": "",
            "id": "-ckILCtXiTXIeOP2NrNZ"
        },
        {
            "name": "repeating_npcaction_-qdfTTGZkMzMX7C2L01Z_attack_onhit",
            "current": "",
            "max": "",
            "id": "-m37zYYGoGpaqK1dyKpw"
        },
        {
            "name": "repeating_npcaction_-qdfTTGZkMzMX7C2L01Z_attack_tohit",
            "current": "12",
            "max": "",
            "id": "-qEg0Lg2FJW1vrKWz5ti"
        },
        {
            "name": "repeating_npcaction_-qdfTTGZkMzMX7C2L01Z_attack_damage",
            "current": "2d8+7",
            "max": "",
            "id": "-Xf30rjOCONhyTj1nTmM"
        },
        {
            "name": "repeating_npcaction_-qdfTTGZkMzMX7C2L01Z_damage_flag",
            "current": "{{damage=1}} {{dmg1flag=1}}",
            "max": "",
            "id": "-YkScMxNwmjik8b1XTbR"
        },
        {
            "name": "repeating_npcaction_-qdfTTGZkMzMX7C2L01Z_rollbase",
            "current": "@{wtype}&{template:npcaction} {{attack=1}} @{damage_flag} @{npc_name_flag} {{rname=@{name}}} {{r1=[[@{d20}+(@{attack_tohit})]]}} @{rtype}+(@{attack_tohit})]]}} {{dmg1=[[@{attack_damage}]]}} {{dmg1type=@{attack_damagetype}}} {{dmg2=[[@{attack_damage2}+0]]}} {{dmg2type=@{attack_damagetype2}}} {{crit1=[[@{attack_crit}+0]]}} {{crit2=[[@{attack_crit2}+0]]}} {{description=@{show_desc}}} @{charname_output}",
            "max": "",
            "id": "-zWJIQpfClG7XrW8Jj3E"
        },
        {
            "name": "repeating_npcaction_-qdfTTGZkMzMX7C2L01Z_attack_crit",
            "current": "2d8+7",
            "max": "",
            "id": "-igJZo9hJdvUDuPuvBP8"
        },
        {
            "name": "repeating_npcaction_-qdfTTGZkMzMX7C2L01Z_attack_crit2",
            "current": "",
            "max": "",
            "id": "-cTz6QpMCN3F97ioyMIs"
        },
        {
            "name": "repeating_npcaction_-iT8qI6H5EbhhnK0Ove1_name",
            "current": "Ужасающая Внешность",
            "max": "",
            "id": "-nkA7t2155obQh4B8Aj2"
        },
        {
            "name": "repeating_npcaction_-iT8qI6H5EbhhnK0Ove1_description",
            "current": "Каждое существо по выбору дракона в пределах 24 клеток должно бросить спасбросок по Мудрости со сложностью 17. В случае неудачи существо становится испуганным. Существо может повторять спасбросок в конце каждого своего хода. В случае успеха эфект страха заканчивается и существо становится имунным к Ужасающей Внешности на следующие 24 часа.",
            "max": "",
            "id": "-l6u0MBKUWw11LrIVl1a"
        },
        {
            "name": "repeating_npcaction_-iT8qI6H5EbhhnK0Ove1_attack_tohitrange",
            "current": "+0",
            "max": "",
            "id": "-UGE0y7qSyJFQm7DvH0v"
        },
        {
            "name": "repeating_npcaction_-iT8qI6H5EbhhnK0Ove1_attack_onhit",
            "current": "",
            "max": "",
            "id": "-icU5BTYT6mgZLi4VVMf"
        },
        {
            "name": "repeating_npcaction_-iT8qI6H5EbhhnK0Ove1_damage_flag",
            "current": "",
            "max": "",
            "id": "-2I2gzwAZJEKA3NxLXwZ"
        },
        {
            "name": "repeating_npcaction_-iT8qI6H5EbhhnK0Ove1_attack_crit",
            "current": "",
            "max": "",
            "id": "-9KlheD5FSb0eiUXSSKR"
        },
        {
            "name": "repeating_npcaction_-iT8qI6H5EbhhnK0Ove1_attack_crit2",
            "current": "",
            "max": "",
            "id": "-GdTrWEc6gOQrgopT1zH"
        },
        {
            "name": "repeating_npcaction_-iT8qI6H5EbhhnK0Ove1_rollbase",
            "current": "@{wtype}&{template:npcaction} @{npc_name_flag} {{rname=@{name}}} {{description=@{show_desc}}} @{charname_output}",
            "max": "",
            "id": "-RwvCfL8yz4l7x12CGZv"
        },
        {
            "name": "repeating_npcaction_-NWj2Z3zeTTMxc4B8M5h_name",
            "current": "Электрическое Дыхание (Перезарядка 5-6)",
            "max": "",
            "id": "-8nEm2iIfXp6A3DJ2st7"
        },
        {
            "name": "repeating_npcaction_-NWj2Z3zeTTMxc4B8M5h_description",
            "current": "Дракон выдыхает линию молнии длиной 18 клеток и шириной 1 клетку. Каждое существо на этой линии должно бросить спасбросок по ловкости. В случае неудачи существо получает 66 (12d10) урона молнией, в случае успеха - половину этого урона.",
            "max": "",
            "id": "-v07Y3Wxuk9GuYYTp5fz"
        },
        {
            "name": "repeating_npcaction_-NWj2Z3zeTTMxc4B8M5h_attack_flag",
            "current": "on",
            "max": "",
            "id": "-fqCZjoN7vDpd1FABvfw"
        },
        {
            "name": "repeating_npcaction_-NWj2Z3zeTTMxc4B8M5h_attack_tohitrange",
            "current": "+",
            "max": "",
            "id": "-y1ElpRRdQmCDs6IiKMb"
        },
        {
            "name": "repeating_npcaction_-NWj2Z3zeTTMxc4B8M5h_attack_onhit",
            "current": "",
            "max": "",
            "id": "-mCz9f39FrSWs3Xer8s8"
        },
        {
            "name": "repeating_npcaction_-NWj2Z3zeTTMxc4B8M5h_attack_tohit",
            "current": "",
            "max": "",
            "id": "-884kGtAlKAHBFP2VYZj"
        },
        {
            "name": "repeating_npcaction_-NWj2Z3zeTTMxc4B8M5h_attack_damage",
            "current": "12d10",
            "max": "",
            "id": "-mLIow0Ep9TcefRLTtp2"
        },
        {
            "name": "repeating_npcaction_-NWj2Z3zeTTMxc4B8M5h_damage_flag",
            "current": "{{damage=1}} {{dmg1flag=1}}",
            "max": "",
            "id": "-1xs28LanHks6qqZ1KuJ"
        },
        {
            "name": "repeating_npcaction_-NWj2Z3zeTTMxc4B8M5h_rollbase",
            "current": "@{wtype}&{template:npcaction} {{attack=1}} @{damage_flag} @{npc_name_flag} {{rname=@{name}}} {{r1=[[@{d20}+(@{attack_tohit})]]}} @{rtype}+(@{attack_tohit})]]}} {{dmg1=[[@{attack_damage}]]}} {{dmg1type=@{attack_damagetype}}} {{dmg2=[[@{attack_damage2}+0]]}} {{dmg2type=@{attack_damagetype2}}} {{crit1=[[@{attack_crit}+0]]}} {{crit2=[[@{attack_crit2}+0]]}} {{description=@{show_desc}}} @{charname_output}",
            "max": "",
            "id": "-ucbwoF3WBbJ2ZLkZTUF"
        },
        {
            "name": "repeating_npcaction_-NWj2Z3zeTTMxc4B8M5h_attack_crit",
            "current": "12d10",
            "max": "",
            "id": "-AxhXWWkNQT97sTehQHp"
        },
        {
            "name": "repeating_npcaction_-NWj2Z3zeTTMxc4B8M5h_attack_crit2",
            "current": "",
            "max": "",
            "id": "-2yiwqDCJgaSjrNezciq"
        },
        {
            "name": "repeating_npctrait_-rtkdu29kIxnKKMpQ4f7_name",
            "current": "Легендарное Сопротивление (3/в день)",
            "max": "",
            "id": "-M8CbMVAZKVfKqibBrYR"
        },
        {
            "name": "repeating_npctrait_-rtkdu29kIxnKKMpQ4f7_description",
            "current": "Если дракон провалил спасбросок, он может вместо этого считать его удачным.",
            "max": "",
            "id": "-lM3MF9Fe0EOQjZCMB6Q"
        },
        {
            "name": "npcspellcastingflag",
            "current": "0",
            "max": "",
            "id": "-O8jHUrkysO4ZQ2nHYvE"
        }
    ],
    "abilities": []
}