{
    "schema_version": 2,
    "oldId": "-HeSLMZpnwDAjAjx6FjN",
    "name": "Визгун (Shrieker)",
    "avatar": "https://tentaculus.ru/monsters/img/cute_monsters/SHRIEKER.jpg",
    "bio": "",
    "gmnotes": "",
    "defaulttoken": "",
    "tags": "[]",
    "controlledby": "",
    "inplayerjournals": "",
    "attribs": [
        {
            "name": "hitdieroll",
            "current": "4",
            "max": "",
            "id": "-WCNADbvMVVGuJGWgIs7"
        },
        {
            "name": "showleveler",
            "current": 0,
            "max": "",
            "id": "-ee5EiiL1PfMRHRPnokw"
        },
        {
            "name": "invalidXP",
            "current": 0,
            "max": "",
            "id": "-V8Z48rZh63VXagnSiqk"
        },
        {
            "name": "version",
            "current": 4.21,
            "max": "",
            "id": "-PMLODGmuHFYQ9l55k2E"
        },
        {
            "name": "mancer_confirm_flag",
            "current": "",
            "max": "",
            "id": "-QeBMl5ON3VPkX0i1oQo"
        },
        {
            "name": "mancer_npc",
            "current": "on",
            "max": "",
            "id": "-cmrtixRyFo1Ne8HOcdb"
        },
        {
            "name": "l1mancer_status",
            "current": "completed",
            "max": "",
            "id": "-L61fvO33pREZv9bXrYT"
        },
        {
            "name": "rtype",
            "current": "@{advantagetoggle}",
            "max": "",
            "id": "-66fcp8PP0yEBYjU3PAh"
        },
        {
            "name": "dtype",
            "current": "full",
            "max": "",
            "id": "-Euox0t7vkkIMf6JTCJZ"
        },
        {
            "name": "appliedUpdates",
            "current": "upgrade_to_4_2_1",
            "max": "",
            "id": "-KDLpIoRmrSBuMXXnkF1"
        },
        {
            "name": "npc",
            "current": "1",
            "max": "",
            "id": "-DVfJNT2Rh0sp63AgFJG"
        },
        {
            "name": "npc_options-flag",
            "current": "0",
            "max": "",
            "id": "-7pd1eqjE66ZGlrrjaQQ"
        },
        {
            "name": "ui_flags",
            "current": "",
            "max": "",
            "id": "-54Vc039yOlPadoEcmkb"
        },
        {
            "name": "npc_name",
            "current": "Визгун (Shrieker)",
            "max": "",
            "id": "-zbWLt1Ugx5N2i23Jmvg"
        },
        {
            "name": "npc_type",
            "current": "растение без мировоззрения",
            "max": "",
            "id": "-prm4tgwkuwKa5OxUP4T"
        },
        {
            "name": "npc_speed",
            "current": "0 клеток",
            "max": "",
            "id": "-pec1eqTNW2iWpUTZg35"
        },
        {
            "name": "hp",
            "current": "",
            "max": "13",
            "id": "-rm7RgtVhr4gtnVFC8vM"
        },
        {
            "name": "npc_ac",
            "current": "5",
            "max": "",
            "id": "-XEJSS0EE0JomXFZVPjI"
        },
        {
            "name": "ac",
            "current": "5",
            "max": "",
            "id": "-oxA5dI4huNnw0b22ftX"
        },
        {
            "name": "npc_languages",
            "current": "",
            "max": "",
            "id": "-Y24atiXQsPTxr4uYo6h"
        },
        {
            "name": "npc_challenge",
            "current": "0",
            "max": "",
            "id": "-w8yXLC0jre1U1OgAsfc"
        },
        {
            "name": "passive_wisdom",
            "current": "0",
            "max": "",
            "id": "-kZ92zUF8OLIBGkGUCTW"
        },
        {
            "name": "initiative_bonus",
            "current": -5,
            "max": "",
            "id": "-DFQu0tZEwac9cApdH0Q"
        },
        {
            "name": "npc_hpformula",
            "current": "3d8",
            "max": "",
            "id": "-fhIKh1QVLvrGpWvlpVr"
        },
        {
            "name": "strength_base",
            "current": "1",
            "max": "",
            "id": "-H6rgOClYmykkWlxosqt"
        },
        {
            "name": "strength_flag",
            "current": "0",
            "max": "",
            "id": "-NVFrzfXIRJvAVcCBYzA"
        },
        {
            "name": "strength",
            "current": 1,
            "max": "",
            "id": "-Dkx8OKP6NxsNQpiLRdc"
        },
        {
            "name": "strength_mod",
            "current": -5,
            "max": "",
            "id": "-zpeQzz6HlSC5KXZLd8R"
        },
        {
            "name": "npc_str_negative",
            "current": 1,
            "max": "",
            "id": "-Oj73J3T2VsF5UfsKxY2"
        },
        {
            "name": "dexterity_base",
            "current": "1",
            "max": "",
            "id": "-PSQGon7RrjJCNBa8954"
        },
        {
            "name": "dexterity_flag",
            "current": "0",
            "max": "",
            "id": "-NFefnRcbidrWo8sEgRg"
        },
        {
            "name": "dexterity",
            "current": 1,
            "max": "",
            "id": "-shC3sgUheEnhyAG6zUV"
        },
        {
            "name": "dexterity_mod",
            "current": -5,
            "max": "",
            "id": "-wyIjl9q9wjzgoj0bxlU"
        },
        {
            "name": "npc_dex_negative",
            "current": 1,
            "max": "",
            "id": "-b9r2vHccgSaewyVKea1"
        },
        {
            "name": "constitution_base",
            "current": "10",
            "max": "",
            "id": "-YwMEgbgjgEp0nswHLR1"
        },
        {
            "name": "constitution_flag",
            "current": "0",
            "max": "",
            "id": "-ypoECMSBJ3PDVwuI66k"
        },
        {
            "name": "constitution",
            "current": 10,
            "max": "",
            "id": "-R8ttwZ69fvOEJSethaK"
        },
        {
            "name": "constitution_mod",
            "current": 0,
            "max": "",
            "id": "-Ie2FRcwHPylJ3VhLe37"
        },
        {
            "name": "npc_con_negative",
            "current": 0,
            "max": "",
            "id": "-UuPJAPnkk8GE1OwQcxz"
        },
        {
            "name": "intelligence_base",
            "current": "1",
            "max": "",
            "id": "-wXeckNDOhAUKPCxpZeY"
        },
        {
            "name": "intelligence_flag",
            "current": "0",
            "max": "",
            "id": "-dsxw7Rf8fbDAUJ086Gc"
        },
        {
            "name": "intelligence",
            "current": 1,
            "max": "",
            "id": "-DmL4JTOq9OrjSFi5G6R"
        },
        {
            "name": "intelligence_mod",
            "current": -5,
            "max": "",
            "id": "-3AQvzisq5vzfBfvEmmj"
        },
        {
            "name": "npc_int_negative",
            "current": 1,
            "max": "",
            "id": "-uhXpKswo3wDaViVPJL5"
        },
        {
            "name": "wisdom_base",
            "current": "3",
            "max": "",
            "id": "-dHeMs1olXr6vZdXGYPj"
        },
        {
            "name": "wisdom_flag",
            "current": "0",
            "max": "",
            "id": "-McIJdg9UJEg4G3DwsOk"
        },
        {
            "name": "wisdom",
            "current": 3,
            "max": "",
            "id": "-AGIVNsMufF8OyNw1jHZ"
        },
        {
            "name": "wisdom_mod",
            "current": -4,
            "max": "",
            "id": "-CwNN5RICPeVRZMqXQDR"
        },
        {
            "name": "npc_wis_negative",
            "current": 1,
            "max": "",
            "id": "-WKOCdoEGEuSPkM2MsZT"
        },
        {
            "name": "charisma_base",
            "current": "1",
            "max": "",
            "id": "-zcf1lmIzc5zkevnZebs"
        },
        {
            "name": "charisma_flag",
            "current": "0",
            "max": "",
            "id": "-W7qQFT3s6vAAXCPrSno"
        },
        {
            "name": "charisma",
            "current": 1,
            "max": "",
            "id": "-bkLtTIjIQGRV5ryu9FB"
        },
        {
            "name": "charisma_mod",
            "current": -5,
            "max": "",
            "id": "-Tbf4GqrqeA31LGGSDab"
        },
        {
            "name": "npc_cha_negative",
            "current": 1,
            "max": "",
            "id": "-TYanjt21g5BV3FM4p1r"
        },
        {
            "name": "npc_condition_immunities",
            "current": "ослепление, оглушение, испуг",
            "max": "",
            "id": "-N35EBnXxSs1FVlSjtcq"
        },
        {
            "name": "npc_senses",
            "current": "слепозрение 6 клеток (вне этого радиуса полностью слепой)",
            "max": "",
            "id": "-gRRNJ0t2DGAgzTbnLAS"
        },
        {
            "name": "repeating_npcaction_-tBXXlOhkRvar9V5zLUm_name",
            "current": "Визг",
            "max": "",
            "id": "-nlsrXyM3417HerbbdfC"
        },
        {
            "name": "repeating_npcaction_-tBXXlOhkRvar9V5zLUm_description",
            "current": "При появлении яркого света или существа в пределах 6 клеток от визгуна, он издает визг, который слышен в пределах 60 клеток от него. Визгун продолжает визжать до тех пор пока раздражитель не выходит за область зрения визгуна, после 1d4 ходов визгуна",
            "max": "",
            "id": "-YmqLQDqvaNA6fqTWdMe"
        },
        {
            "name": "repeating_npcaction_-tBXXlOhkRvar9V5zLUm_attack_tohitrange",
            "current": "+0",
            "max": "",
            "id": "-Fx3IPLDM4G8sKFmRLpV"
        },
        {
            "name": "repeating_npcaction_-tBXXlOhkRvar9V5zLUm_attack_onhit",
            "current": "",
            "max": "",
            "id": "-snzXGZghEv2LtGlrGvV"
        },
        {
            "name": "repeating_npcaction_-tBXXlOhkRvar9V5zLUm_damage_flag",
            "current": "",
            "max": "",
            "id": "-fYQEGNYaOgGNP2Em0Ro"
        },
        {
            "name": "repeating_npcaction_-tBXXlOhkRvar9V5zLUm_attack_crit",
            "current": "",
            "max": "",
            "id": "-SzdcvcYxl1KZonkLA3h"
        },
        {
            "name": "repeating_npcaction_-tBXXlOhkRvar9V5zLUm_attack_crit2",
            "current": "",
            "max": "",
            "id": "-fRxNOfyjr2rZ1jAjC0x"
        },
        {
            "name": "repeating_npcaction_-tBXXlOhkRvar9V5zLUm_rollbase",
            "current": "@{wtype}&{template:npcaction} @{npc_name_flag} {{rname=@{name}}} {{description=@{show_desc}}} @{charname_output}",
            "max": "",
            "id": "-JkMQpFdUZqkSSrorBA2"
        },
        {
            "name": "repeating_npctrait_-UgTjFEinXDS2JoGYS6P_name",
            "current": "Ложная Внешность",
            "max": "",
            "id": "-7RgwzUEI0QBxmjA7l1T"
        },
        {
            "name": "repeating_npctrait_-UgTjFEinXDS2JoGYS6P_description",
            "current": "Пока визгун остается неподвижным, он неотличим от обычного гриба.",
            "max": "",
            "id": "-MaC7swI2Pz1Bst6YEVQ"
        },
        {
            "name": "npcspellcastingflag",
            "current": "0",
            "max": "",
            "id": "-NUuBz8c4nljNQGO3Tt3"
        }
    ],
    "abilities": []
}