{
    "schema_version": 2,
    "oldId": "-vyOKlrJd0FwtxEqo0G3",
    "name": "Виноградная зараза (Vine Blight)",
    "avatar": "https://tentaculus.ru/monsters/img/cute_monsters/VINE_BLIGHT.jpg",
    "bio": "",
    "gmnotes": "",
    "defaulttoken": "",
    "tags": "[]",
    "controlledby": "",
    "inplayerjournals": "",
    "attribs": [
        {
            "name": "hitdieroll",
            "current": "4",
            "max": "",
            "id": "-m6VVkcYM7vwJJFYhhrx"
        },
        {
            "name": "showleveler",
            "current": 0,
            "max": "",
            "id": "-GveodNg02eYmXUFBsbW"
        },
        {
            "name": "invalidXP",
            "current": 0,
            "max": "",
            "id": "-LcpOMQ9U9a5z2ALeKpa"
        },
        {
            "name": "version",
            "current": 4.21,
            "max": "",
            "id": "-2AotswEa8JZsOL0pzN5"
        },
        {
            "name": "mancer_confirm_flag",
            "current": "",
            "max": "",
            "id": "-qfBTq8yfU90iR2buyqR"
        },
        {
            "name": "mancer_npc",
            "current": "on",
            "max": "",
            "id": "-ry5W2MzdTiOefhPI6Tk"
        },
        {
            "name": "l1mancer_status",
            "current": "completed",
            "max": "",
            "id": "-OpPb3MWUZXYsHlI0bDG"
        },
        {
            "name": "rtype",
            "current": "@{advantagetoggle}",
            "max": "",
            "id": "-8kM9xYfsqJZMu0IOmQr"
        },
        {
            "name": "dtype",
            "current": "full",
            "max": "",
            "id": "-4OSdRhiL9GJvugDQVzM"
        },
        {
            "name": "appliedUpdates",
            "current": "upgrade_to_4_2_1",
            "max": "",
            "id": "-joamskWysF8ecURTAS5"
        },
        {
            "name": "npc",
            "current": "1",
            "max": "",
            "id": "-SZMSeReT3qOdnh8aL3T"
        },
        {
            "name": "npc_options-flag",
            "current": "0",
            "max": "",
            "id": "-KmPNqWgs9ZS1zbmrnIi"
        },
        {
            "name": "ui_flags",
            "current": "",
            "max": "",
            "id": "-PManvp3WMhVIe59Z42i"
        },
        {
            "name": "npc_name",
            "current": "Виноградная зараза (Vine Blight)",
            "max": "",
            "id": "-kfuK35go1wR2J3KHJxJ"
        },
        {
            "name": "npc_type",
            "current": "растение нейтрально-злое",
            "max": "",
            "id": "-FwnUlVFf0pTOiM1loq9"
        },
        {
            "name": "npc_speed",
            "current": "2 клетки",
            "max": "",
            "id": "-iQXa7rgosChf2DTwe4Y"
        },
        {
            "name": "hp",
            "current": "",
            "max": "26",
            "id": "-BQg4kNKLnpHAlZUTi7H"
        },
        {
            "name": "npc_ac",
            "current": "12 (естественная броня)",
            "max": "",
            "id": "-3S7JBL0Pc6XxeE7clak"
        },
        {
            "name": "ac",
            "current": "12 (естественная броня)",
            "max": "",
            "id": "-YluvURC7OxTqMJuEDby"
        },
        {
            "name": "npc_languages",
            "current": "Общий",
            "max": "",
            "id": "-TK990qi9lOs0HfC2Wt7"
        },
        {
            "name": "npc_challenge",
            "current": "1/2",
            "max": "",
            "id": "-kChJTykFbWbBfgCoVgK"
        },
        {
            "name": "passive_wisdom",
            "current": "1/2",
            "max": "",
            "id": "-nbjdpqNudL7bXWlNUWp"
        },
        {
            "name": "initiative_bonus",
            "current": -1,
            "max": "",
            "id": "-DJkS5QV9uaEh26ktY6u"
        },
        {
            "name": "npc_hpformula",
            "current": "4d8 + 4",
            "max": "",
            "id": "-hOsYlTKEeIR5qi3URne"
        },
        {
            "name": "strength_base",
            "current": "15",
            "max": "",
            "id": "-TZEWhnBmn2ZGEo7ciaM"
        },
        {
            "name": "strength_flag",
            "current": "0",
            "max": "",
            "id": "-GUPom2I2PtVJI7t3F54"
        },
        {
            "name": "strength",
            "current": 15,
            "max": "",
            "id": "-MKLN9PI5KzEGen2rGFn"
        },
        {
            "name": "strength_mod",
            "current": 2,
            "max": "",
            "id": "-aSdBZRzdyaoEXlNfr31"
        },
        {
            "name": "npc_str_negative",
            "current": 0,
            "max": "",
            "id": "-KDWmtLtZLjCi5yTfl9v"
        },
        {
            "name": "dexterity_base",
            "current": "8",
            "max": "",
            "id": "-LHHnpARlWlDbCwTpSua"
        },
        {
            "name": "dexterity_flag",
            "current": "0",
            "max": "",
            "id": "-uqSYfVn5C3OS9SEnxOr"
        },
        {
            "name": "dexterity",
            "current": 8,
            "max": "",
            "id": "-nm4vMtMdcI6qIqYHRey"
        },
        {
            "name": "dexterity_mod",
            "current": -1,
            "max": "",
            "id": "-9XRgVXByLNG6w54mgFd"
        },
        {
            "name": "npc_dex_negative",
            "current": 1,
            "max": "",
            "id": "-4q1l1aRdMKjnHxAB9dJ"
        },
        {
            "name": "constitution_base",
            "current": "14",
            "max": "",
            "id": "-VucSDlRp2JZdkis9QrC"
        },
        {
            "name": "constitution_flag",
            "current": "0",
            "max": "",
            "id": "-quES1VbuknSdJYRXj8W"
        },
        {
            "name": "constitution",
            "current": 14,
            "max": "",
            "id": "-iFSZZufuUpRoftzS0tY"
        },
        {
            "name": "constitution_mod",
            "current": 2,
            "max": "",
            "id": "-22nF9naIxyinYF7t4X3"
        },
        {
            "name": "npc_con_negative",
            "current": 0,
            "max": "",
            "id": "-LjRo4NzTECz7uEXXyon"
        },
        {
            "name": "intelligence_base",
            "current": "5",
            "max": "",
            "id": "-CW4ryke1UGgkzHlQVrX"
        },
        {
            "name": "intelligence_flag",
            "current": "0",
            "max": "",
            "id": "-M7QVSqvD5c2K7jNFzL2"
        },
        {
            "name": "intelligence",
            "current": 5,
            "max": "",
            "id": "-9wN8udqbrbBhqvk9wh7"
        },
        {
            "name": "intelligence_mod",
            "current": -3,
            "max": "",
            "id": "-ORkFzgBPq7myQWBRej0"
        },
        {
            "name": "npc_int_negative",
            "current": 1,
            "max": "",
            "id": "-xdpZoAhFqK2n4Q7zSnH"
        },
        {
            "name": "wisdom_base",
            "current": "10",
            "max": "",
            "id": "-XEbgU0sqxVBORUGpH0j"
        },
        {
            "name": "wisdom_flag",
            "current": "0",
            "max": "",
            "id": "-azZPMe5tTV41sVQG1fO"
        },
        {
            "name": "wisdom",
            "current": 10,
            "max": "",
            "id": "-cz3RjPtWE3n7coqYAus"
        },
        {
            "name": "wisdom_mod",
            "current": 0,
            "max": "",
            "id": "-uI5ZWyMkb3dSE0yT8st"
        },
        {
            "name": "npc_wis_negative",
            "current": 0,
            "max": "",
            "id": "-aieJXeo8KuBSg0i0XQd"
        },
        {
            "name": "charisma_base",
            "current": "3",
            "max": "",
            "id": "-sgwp6yucOaS1cBo4xfC"
        },
        {
            "name": "charisma_flag",
            "current": "0",
            "max": "",
            "id": "-duL3LYNLhmblWuypM5J"
        },
        {
            "name": "charisma",
            "current": 3,
            "max": "",
            "id": "-pbuslK3qk9IViNwqYde"
        },
        {
            "name": "charisma_mod",
            "current": -4,
            "max": "",
            "id": "-Q2Ewp0cy58maIj971fs"
        },
        {
            "name": "npc_cha_negative",
            "current": 1,
            "max": "",
            "id": "-rc0YGx6mB8whqnls5sF"
        },
        {
            "name": "npc_skills_flag",
            "current": 3,
            "max": "",
            "id": "-4jdEoWjbGrVGWdw0toq"
        },
        {
            "name": "npc_stealth_base",
            "current": "1",
            "max": "",
            "id": "-aFYQnteg41xT5IwT9Ei"
        },
        {
            "name": "npc_stealth_flag",
            "current": "1",
            "max": "",
            "id": "-tBx4qDOAMf4W7YEg3ci"
        },
        {
            "name": "npc_stealth",
            "current": 1,
            "max": "",
            "id": "-OimeLqjZzAODpZ4zQd8"
        },
        {
            "name": "npc_condition_immunities",
            "current": "ослепление, оглушение",
            "max": "",
            "id": "-UqUM3nSIwmiExoXAhRh"
        },
        {
            "name": "npc_senses",
            "current": "слепозрение 12 клеток (вне этого радиуса полностью слепая)",
            "max": "",
            "id": "-fQ78BB7iNMpjYgKVUL2"
        },
        {
            "name": "repeating_npcaction_-LeSN8y4AZPle9RRHydg_name",
            "current": "Сдавливание",
            "max": "",
            "id": "-8o2mrM7PxD6hyjA7Vof"
        },
        {
            "name": "repeating_npcaction_-LeSN8y4AZPle9RRHydg_description",
            "current": "Рукопашное Оружие: +4 к атаке, досягаемость: 2 клетки, одна цель. Попадание: 9 (2d6 + 2) дробящего урона, и если цель - существо размером Средний или меньше, она захвачена (сложность освобождения 12) . Пока длится захват, цель удерживается и зараза не может сдавливать другую цель.",
            "max": "",
            "id": "-xQTGXgeEilDo80snwLs"
        },
        {
            "name": "repeating_npcaction_-LeSN8y4AZPle9RRHydg_attack_flag",
            "current": "on",
            "max": "",
            "id": "-vi4kOQVyM7rvImBw9jr"
        },
        {
            "name": "repeating_npcaction_-LeSN8y4AZPle9RRHydg_attack_tohitrange",
            "current": "+4",
            "max": "",
            "id": "-m1BAGQOC30hPws3E484"
        },
        {
            "name": "repeating_npcaction_-LeSN8y4AZPle9RRHydg_attack_onhit",
            "current": "",
            "max": "",
            "id": "-db1lxG3sZtTj07LoLla"
        },
        {
            "name": "repeating_npcaction_-LeSN8y4AZPle9RRHydg_attack_tohit",
            "current": "4",
            "max": "",
            "id": "-z8qbsKWsTBlQB3kH0XU"
        },
        {
            "name": "repeating_npcaction_-LeSN8y4AZPle9RRHydg_attack_damage",
            "current": "2d6+2",
            "max": "",
            "id": "-NfHuVDEg5E9FQpPhXZL"
        },
        {
            "name": "repeating_npcaction_-LeSN8y4AZPle9RRHydg_damage_flag",
            "current": "{{damage=1}} {{dmg1flag=1}}",
            "max": "",
            "id": "-NE0ALzQKPNxtJACrtSf"
        },
        {
            "name": "repeating_npcaction_-LeSN8y4AZPle9RRHydg_rollbase",
            "current": "@{wtype}&{template:npcaction} {{attack=1}} @{damage_flag} @{npc_name_flag} {{rname=@{name}}} {{r1=[[@{d20}+(@{attack_tohit})]]}} @{rtype}+(@{attack_tohit})]]}} {{dmg1=[[@{attack_damage}]]}} {{dmg1type=@{attack_damagetype}}} {{dmg2=[[@{attack_damage2}+0]]}} {{dmg2type=@{attack_damagetype2}}} {{crit1=[[@{attack_crit}+0]]}} {{crit2=[[@{attack_crit2}+0]]}} {{description=@{show_desc}}} @{charname_output}",
            "max": "",
            "id": "-ZGgxJOCJbXjWQs3glyR"
        },
        {
            "name": "repeating_npcaction_-LeSN8y4AZPle9RRHydg_attack_crit",
            "current": "2d6+2",
            "max": "",
            "id": "-94ZFfKKh88d7yrk4JEG"
        },
        {
            "name": "repeating_npcaction_-LeSN8y4AZPle9RRHydg_attack_crit2",
            "current": "",
            "max": "",
            "id": "-veFqh4HCvTMeNaXhg44"
        },
        {
            "name": "repeating_npcaction_-ENEiKd2XOHy00GB77nI_name",
            "current": "Опутывающие растения (Перезарядка 5-6)",
            "max": "",
            "id": "-nSN1RsyKHX0nnYgGgU4"
        },
        {
            "name": "repeating_npcaction_-ENEiKd2XOHy00GB77nI_description",
            "current": "Вокруг заразы радиусом 3 клетки вылезают цепляющиеся корни и побеги винограда, которые уничтожаются через минуту. Во время действия местность считается труднопроходимой для всех, кто не является растением. Кроме того, любое существо в этой области по выбору заразы при появлении растений должно выполнить успешный спасбросок со сложностью 12 по Силе или станет удерживаемым. Существо может использовать свое основное действие чтобы освободить себя или другое существо в пределах своей досягаемости. Для этого нужно провести успешную проверку Силы сложностью 12.",
            "max": "",
            "id": "-h7iqDXrCS44JTKEdYqU"
        },
        {
            "name": "repeating_npcaction_-ENEiKd2XOHy00GB77nI_attack_tohitrange",
            "current": "+0",
            "max": "",
            "id": "-I8ZQWxz0GXRxQuYnHLg"
        },
        {
            "name": "repeating_npcaction_-ENEiKd2XOHy00GB77nI_attack_onhit",
            "current": "",
            "max": "",
            "id": "-I5AuKODFjMFNGUtcwDX"
        },
        {
            "name": "repeating_npcaction_-ENEiKd2XOHy00GB77nI_damage_flag",
            "current": "",
            "max": "",
            "id": "-O612qEKap6PVdMzNzEL"
        },
        {
            "name": "repeating_npcaction_-ENEiKd2XOHy00GB77nI_attack_crit",
            "current": "",
            "max": "",
            "id": "-0cYzSb0bgq7e5VDIbVa"
        },
        {
            "name": "repeating_npcaction_-ENEiKd2XOHy00GB77nI_attack_crit2",
            "current": "",
            "max": "",
            "id": "-cYrRsrB34wUp2chzDLS"
        },
        {
            "name": "repeating_npcaction_-ENEiKd2XOHy00GB77nI_rollbase",
            "current": "@{wtype}&{template:npcaction} @{npc_name_flag} {{rname=@{name}}} {{description=@{show_desc}}} @{charname_output}",
            "max": "",
            "id": "-Xqk2EaUobFS7fR54Pa8"
        },
        {
            "name": "repeating_npctrait_-om5HqSHY5xkiwI6rBNl_name",
            "current": "Ложная Внешность",
            "max": "",
            "id": "-tfzvRfTwaVDLoDeuXXy"
        },
        {
            "name": "repeating_npctrait_-om5HqSHY5xkiwI6rBNl_description",
            "current": "Пока зараза остается неподвижной, она неотличима от обычной виноградной лозы.",
            "max": "",
            "id": "-OknDmbGVFkME03qXjQM"
        },
        {
            "name": "npcspellcastingflag",
            "current": "0",
            "max": "",
            "id": "-YIMXSAhZOXmaLHVDAyz"
        }
    ],
    "abilities": []
}