{
    "schema_version": 2,
    "oldId": "-cezsR6dBB0K73QwimiW",
    "name": "Вампир заклинатель (Vampire Spellcaster)",
    "avatar": "https://tentaculus.ru/monsters/img/cute_monsters/VAMPIRE_SPELLCASTER.jpg",
    "bio": "",
    "gmnotes": "",
    "defaulttoken": "",
    "tags": "[]",
    "controlledby": "",
    "inplayerjournals": "",
    "attribs": [
        {
            "name": "hitdieroll",
            "current": "4",
            "max": "",
            "id": "-0cv4zxDRAp5k0qMh5qa"
        },
        {
            "name": "showleveler",
            "current": 0,
            "max": "",
            "id": "-6d4sWVPP0lJJl96YClZ"
        },
        {
            "name": "invalidXP",
            "current": 0,
            "max": "",
            "id": "-0wjALLxdinQMsXqz6ii"
        },
        {
            "name": "version",
            "current": 4.21,
            "max": "",
            "id": "-qzyv8L9umsv0eqIByEf"
        },
        {
            "name": "mancer_confirm_flag",
            "current": "",
            "max": "",
            "id": "-0yDYtwQP3bFraR2VJIr"
        },
        {
            "name": "mancer_npc",
            "current": "on",
            "max": "",
            "id": "-VYp5SphgVsEJWHgBkfE"
        },
        {
            "name": "l1mancer_status",
            "current": "completed",
            "max": "",
            "id": "-RXDnd2UXiNHIEbv9vUZ"
        },
        {
            "name": "rtype",
            "current": "@{advantagetoggle}",
            "max": "",
            "id": "-mnn3wyR6HtIhnTFBru2"
        },
        {
            "name": "dtype",
            "current": "full",
            "max": "",
            "id": "-qGhttgFiK8Bw90mQw2u"
        },
        {
            "name": "appliedUpdates",
            "current": "upgrade_to_4_2_1",
            "max": "",
            "id": "-J4GhXGH7pZ8EjMy6glT"
        },
        {
            "name": "npc",
            "current": "1",
            "max": "",
            "id": "-dT3JjrGzcsLwv5wANgR"
        },
        {
            "name": "npc_options-flag",
            "current": "0",
            "max": "",
            "id": "-qNvpLYo43gh9qR9IOEx"
        },
        {
            "name": "ui_flags",
            "current": "",
            "max": "",
            "id": "-nVV9Ag8dFFvVu21OUUL"
        },
        {
            "name": "npc_name",
            "current": "Вампир заклинатель (Vampire Spellcaster)",
            "max": "",
            "id": "-D0bBA3UATlj8YtTjAVI"
        },
        {
            "name": "npc_type",
            "current": "нежить (перевертыш) законно-злое",
            "max": "",
            "id": "-LrSFSvLuErbeosoUS2s"
        },
        {
            "name": "npc_speed",
            "current": "6 клеток",
            "max": "",
            "id": "-fKSqP2AYRUx39LURhOv"
        },
        {
            "name": "hp",
            "current": "",
            "max": "144",
            "id": "-0i1PGnWecdLNbgwmugd"
        },
        {
            "name": "npc_ac",
            "current": "16 (естественная броня)",
            "max": "",
            "id": "-Ytswj28TGliyFehQi9u"
        },
        {
            "name": "ac",
            "current": "16 (естественная броня)",
            "max": "",
            "id": "-LIy9uqZpHVItkyQi0He"
        },
        {
            "name": "npc_languages",
            "current": "языки которые он знал при жизни",
            "max": "",
            "id": "-Bss38nIn26mHgKozOOi"
        },
        {
            "name": "npc_challenge",
            "current": "15",
            "max": "",
            "id": "-7yP5Yd6RnNIYz13pKyb"
        },
        {
            "name": "passive_wisdom",
            "current": "15",
            "max": "",
            "id": "-RoJ2dqujpjKarrVIuLy"
        },
        {
            "name": "initiative_bonus",
            "current": 4,
            "max": "",
            "id": "-m6dPfg2100mfaBCllnk"
        },
        {
            "name": "npc_hpformula",
            "current": "17d8 + 68",
            "max": "",
            "id": "-JQhSrJJSTO2s9XgRy6e"
        },
        {
            "name": "strength_base",
            "current": "18",
            "max": "",
            "id": "-u7jNfEKTnkFMYwEXmGX"
        },
        {
            "name": "strength_flag",
            "current": "0",
            "max": "",
            "id": "-BElG1vLk47KxDvb3tp6"
        },
        {
            "name": "strength",
            "current": 18,
            "max": "",
            "id": "-MQmkgYfUtLjAozObaHA"
        },
        {
            "name": "strength_mod",
            "current": 4,
            "max": "",
            "id": "-Yly3mPRH22wsELWW02C"
        },
        {
            "name": "npc_str_negative",
            "current": 0,
            "max": "",
            "id": "-UEGlwJvQBBpknL7UWGk"
        },
        {
            "name": "dexterity_base",
            "current": "18",
            "max": "",
            "id": "-TVmEym3MQpDUeQewIBY"
        },
        {
            "name": "dexterity_flag",
            "current": "0",
            "max": "",
            "id": "-brt9FrqBjjnVvfcQUcS"
        },
        {
            "name": "dexterity",
            "current": 18,
            "max": "",
            "id": "-8yMSzNXAZIRBFUV5dqY"
        },
        {
            "name": "dexterity_mod",
            "current": 4,
            "max": "",
            "id": "-X5nJPCD9Ly6whP486f6"
        },
        {
            "name": "npc_dex_negative",
            "current": 0,
            "max": "",
            "id": "-vquGke5RxWQ8jfzhcpR"
        },
        {
            "name": "constitution_base",
            "current": "18",
            "max": "",
            "id": "-0xQcIso9yRZ4xP8YcvB"
        },
        {
            "name": "constitution_flag",
            "current": "0",
            "max": "",
            "id": "-1p7vIGyaX4t58JaqqPd"
        },
        {
            "name": "constitution",
            "current": 18,
            "max": "",
            "id": "-NSg03Qj7PitWj8C9W4F"
        },
        {
            "name": "constitution_mod",
            "current": 4,
            "max": "",
            "id": "-dCw7VK4wQihHCSs525R"
        },
        {
            "name": "npc_con_negative",
            "current": 0,
            "max": "",
            "id": "-toxQ955TqJ8ZH5VGcsm"
        },
        {
            "name": "intelligence_base",
            "current": "17",
            "max": "",
            "id": "-rZl0n3VcLg6xWj6X4AC"
        },
        {
            "name": "intelligence_flag",
            "current": "0",
            "max": "",
            "id": "-midNKCtGAQUKNPaxZ3v"
        },
        {
            "name": "intelligence",
            "current": 17,
            "max": "",
            "id": "-F9DvRYBDoRnDe4I6Jwl"
        },
        {
            "name": "intelligence_mod",
            "current": 3,
            "max": "",
            "id": "-hZ3jJbQLhDcmWIDyTqs"
        },
        {
            "name": "npc_int_negative",
            "current": 0,
            "max": "",
            "id": "-tntqXN8KwOp2qBMLMnX"
        },
        {
            "name": "wisdom_base",
            "current": "15",
            "max": "",
            "id": "-Y5Ybr2fmuVHkN7oqBel"
        },
        {
            "name": "wisdom_flag",
            "current": "0",
            "max": "",
            "id": "-aG6shG5WLOpuOlqQ6sR"
        },
        {
            "name": "wisdom",
            "current": 15,
            "max": "",
            "id": "-2f7ydqXapUegWrDC9NA"
        },
        {
            "name": "wisdom_mod",
            "current": 2,
            "max": "",
            "id": "-USlPWVWtGtvMciSwM1I"
        },
        {
            "name": "npc_wis_negative",
            "current": 0,
            "max": "",
            "id": "-RXlL3KGDwQ5maBxtzwN"
        },
        {
            "name": "charisma_base",
            "current": "18",
            "max": "",
            "id": "-3bwp33PYN1JpPRvVoIy"
        },
        {
            "name": "charisma_flag",
            "current": "0",
            "max": "",
            "id": "-XmbHKQhOcrVTzf6ecft"
        },
        {
            "name": "charisma",
            "current": 18,
            "max": "",
            "id": "-f8VHuN9IypyQaIZ7GzB"
        },
        {
            "name": "charisma_mod",
            "current": 4,
            "max": "",
            "id": "-Mgzru08bAJ0Fk4yJ1m8"
        },
        {
            "name": "npc_cha_negative",
            "current": 0,
            "max": "",
            "id": "-cfjz3mwCHxqBmpgmJnQ"
        },
        {
            "name": "npc_skills_flag",
            "current": 3,
            "max": "",
            "id": "-aOm1A6V3QRogp6sfpLu"
        },
        {
            "name": "npc_perception_base",
            "current": "7",
            "max": "",
            "id": "-zZ2kJxc4UpZfBcobb0Z"
        },
        {
            "name": "npc_perception_flag",
            "current": "1",
            "max": "",
            "id": "-3CKAXqOJyeGQNbB8GQb"
        },
        {
            "name": "npc_perception",
            "current": 7,
            "max": "",
            "id": "-dXfkvVx5RlxHjFm1o2z"
        },
        {
            "name": "npc_stealth_base",
            "current": "9",
            "max": "",
            "id": "-oXfKAGpME7et9iMvgEN"
        },
        {
            "name": "npc_stealth_flag",
            "current": "1",
            "max": "",
            "id": "-gZ2U5cXRFyEdEkqvu3B"
        },
        {
            "name": "npc_stealth",
            "current": 9,
            "max": "",
            "id": "-pxdZbu1NVSGujwseehM"
        },
        {
            "name": "npc_saving_flag",
            "current": 7,
            "max": "",
            "id": "-GQzR3Vw3hv39LOsN8J6"
        },
        {
            "name": "npc_dex_save_base",
            "current": "9",
            "max": "",
            "id": "-kkQHUKwhAlS9Uw3yWsg"
        },
        {
            "name": "npc_dex_save_flag",
            "current": 1,
            "max": "",
            "id": "-b4Hy7aOlC7Qf5BuWkW7"
        },
        {
            "name": "npc_dex_save",
            "current": 9,
            "max": "",
            "id": "-ELOPSYHIWRcbuLSc0fH"
        },
        {
            "name": "npc_wis_save_base",
            "current": "7",
            "max": "",
            "id": "-W3xnuuE2vMBZbVhiVoM"
        },
        {
            "name": "npc_wis_save_flag",
            "current": 1,
            "max": "",
            "id": "-6NKqwQJFgQIRTKpOobB"
        },
        {
            "name": "npc_wis_save",
            "current": 7,
            "max": "",
            "id": "-zU52skYmDyBNjrI3huR"
        },
        {
            "name": "npc_cha_save_base",
            "current": "9",
            "max": "",
            "id": "-9voXp1lQvTrf4E45F8t"
        },
        {
            "name": "npc_cha_save_flag",
            "current": 1,
            "max": "",
            "id": "-aIdcQzJbDqKVoNYceIa"
        },
        {
            "name": "npc_cha_save",
            "current": 9,
            "max": "",
            "id": "-0SZSu50BpZflV4oa2Dj"
        },
        {
            "name": "npc_resistances",
            "current": "некротика; дробящий, колющий, и рубящий от немагического оружия",
            "max": "",
            "id": "-T8RK4bnH0yRyX7mvEgo"
        },
        {
            "name": "npc_senses",
            "current": "темнозрение 24 клетки",
            "max": "",
            "id": "-OyblOs3I49UyCprWLGv"
        },
        {
            "name": "repeating_npcaction_-WxBGiENnbtvyBMpm8SU_name",
            "current": "Мультиатака (только для формы вампира)",
            "max": "",
            "id": "-QKHqYRaiJDJYBCeiynJ"
        },
        {
            "name": "repeating_npcaction_-WxBGiENnbtvyBMpm8SU_description",
            "current": "Вампир проводит две атаки, только одна из которых может быть Укусом.",
            "max": "",
            "id": "-OvWxAbXlUgFYnunmBNW"
        },
        {
            "name": "repeating_npcaction_-WxBGiENnbtvyBMpm8SU_attack_tohitrange",
            "current": "+0",
            "max": "",
            "id": "-0qpgLyLVV1z7rYGdcAo"
        },
        {
            "name": "repeating_npcaction_-WxBGiENnbtvyBMpm8SU_attack_onhit",
            "current": "",
            "max": "",
            "id": "-kQoxxnY8XGiwZ2b9V01"
        },
        {
            "name": "repeating_npcaction_-WxBGiENnbtvyBMpm8SU_damage_flag",
            "current": "",
            "max": "",
            "id": "-boLs6ddaMV4iwgk5m7g"
        },
        {
            "name": "repeating_npcaction_-WxBGiENnbtvyBMpm8SU_attack_crit",
            "current": "",
            "max": "",
            "id": "-rSQoDF8mNtLbW5ftLzN"
        },
        {
            "name": "repeating_npcaction_-WxBGiENnbtvyBMpm8SU_attack_crit2",
            "current": "",
            "max": "",
            "id": "-GQJkRFlIqrwj8orDXCB"
        },
        {
            "name": "repeating_npcaction_-WxBGiENnbtvyBMpm8SU_rollbase",
            "current": "@{wtype}&{template:npcaction} @{npc_name_flag} {{rname=@{name}}} {{description=@{show_desc}}} @{charname_output}",
            "max": "",
            "id": "-LiaKtV93Y2Lqq4SiApV"
        },
        {
            "name": "repeating_npcaction_-jeqA0OEkTLEs8cExX8V_name",
            "current": "Безоружный удар (только для формы вампира)",
            "max": "",
            "id": "-cywjIfWkjX8Tzcz6Qk4"
        },
        {
            "name": "repeating_npcaction_-jeqA0OEkTLEs8cExX8V_description",
            "current": "Рукопашное Оружие: +9 к атаке, досягаемость: 1 клетка, одно существо. Попадание: 8 (1d8 + 4) дробящего урона. Вместо нанесения урона, вампир может захватить цель (сложность освобождения 18).",
            "max": "",
            "id": "-XOWyWv77eb09S6hMt6M"
        },
        {
            "name": "repeating_npcaction_-jeqA0OEkTLEs8cExX8V_attack_flag",
            "current": "on",
            "max": "",
            "id": "-K7z3yXG7oBfnUajFiYk"
        },
        {
            "name": "repeating_npcaction_-jeqA0OEkTLEs8cExX8V_attack_tohitrange",
            "current": "+9",
            "max": "",
            "id": "-QCoAnJ232ysvYhwlJG5"
        },
        {
            "name": "repeating_npcaction_-jeqA0OEkTLEs8cExX8V_attack_onhit",
            "current": "",
            "max": "",
            "id": "-RpfLER6DiwwLouGNb7u"
        },
        {
            "name": "repeating_npcaction_-jeqA0OEkTLEs8cExX8V_attack_tohit",
            "current": "9",
            "max": "",
            "id": "-FMGwaIJe2OTkp0ulF4R"
        },
        {
            "name": "repeating_npcaction_-jeqA0OEkTLEs8cExX8V_attack_damage",
            "current": "1d8+4",
            "max": "",
            "id": "-iV1GNUjJvkb70gNEXXa"
        },
        {
            "name": "repeating_npcaction_-jeqA0OEkTLEs8cExX8V_damage_flag",
            "current": "{{damage=1}} {{dmg1flag=1}}",
            "max": "",
            "id": "-uGK0MPhCfaGUDuuPkCN"
        },
        {
            "name": "repeating_npcaction_-jeqA0OEkTLEs8cExX8V_rollbase",
            "current": "@{wtype}&{template:npcaction} {{attack=1}} @{damage_flag} @{npc_name_flag} {{rname=@{name}}} {{r1=[[@{d20}+(@{attack_tohit})]]}} @{rtype}+(@{attack_tohit})]]}} {{dmg1=[[@{attack_damage}]]}} {{dmg1type=@{attack_damagetype}}} {{dmg2=[[@{attack_damage2}+0]]}} {{dmg2type=@{attack_damagetype2}}} {{crit1=[[@{attack_crit}+0]]}} {{crit2=[[@{attack_crit2}+0]]}} {{description=@{show_desc}}} @{charname_output}",
            "max": "",
            "id": "-JngQEsjRtyjb9Xf7F28"
        },
        {
            "name": "repeating_npcaction_-jeqA0OEkTLEs8cExX8V_attack_crit",
            "current": "1d8+4",
            "max": "",
            "id": "-rTUqDRTU2qnQDAyXhCZ"
        },
        {
            "name": "repeating_npcaction_-jeqA0OEkTLEs8cExX8V_attack_crit2",
            "current": "",
            "max": "",
            "id": "-HCOL1lAG1Lfd4ZuVBDp"
        },
        {
            "name": "repeating_npcaction_-uzbOLJoGdtIS7d2QpCN_name",
            "current": "Укус (форма вампира или летучей мыши)",
            "max": "",
            "id": "-IGn1QxQryt6S1v8YJZ0"
        },
        {
            "name": "repeating_npcaction_-uzbOLJoGdtIS7d2QpCN_description",
            "current": "Рукопашное Оружие: +9 к атаке, досягаемость: 1 клетка, одно согласное существо, или существо захваченное вампиром, небоеспособное, или удерживаемое. Попадание: 7 (1d6 + 4) колющего урона плюс 10 (3d6) урона некротикой. Максимум очков здоровья цели уменьшается на количество полученного урона некротикой, а вампир восстанавливает очков здоровья в количестве этого урона. Уменьшение максимума ОЗ длится до длительного отдыха. Если эффект уменьшает максимум ОЗ цели до 0, цель умирает. Гуманоид, убитый таким образом, будучи похороненным, восстает в следующую ночь Вампирским отродьем под управлением вампира.",
            "max": "",
            "id": "-VRT8vSkz3QONsWOMPC6"
        },
        {
            "name": "repeating_npcaction_-uzbOLJoGdtIS7d2QpCN_attack_flag",
            "current": "on",
            "max": "",
            "id": "-8Vdw1lIQZL2nCjaZY7L"
        },
        {
            "name": "repeating_npcaction_-uzbOLJoGdtIS7d2QpCN_attack_tohitrange",
            "current": "+9",
            "max": "",
            "id": "-4g2YD01rWRviJau1ag9"
        },
        {
            "name": "repeating_npcaction_-uzbOLJoGdtIS7d2QpCN_attack_onhit",
            "current": "",
            "max": "",
            "id": "-1hR7uRN3l8pPuSD6qwc"
        },
        {
            "name": "repeating_npcaction_-uzbOLJoGdtIS7d2QpCN_attack_tohit",
            "current": "9",
            "max": "",
            "id": "-MNaEfwOtL29fLuC7am7"
        },
        {
            "name": "repeating_npcaction_-uzbOLJoGdtIS7d2QpCN_attack_damage",
            "current": "1d6+4+3d6",
            "max": "",
            "id": "-ay3vmNTtBrnWiFRBfn9"
        },
        {
            "name": "repeating_npcaction_-uzbOLJoGdtIS7d2QpCN_damage_flag",
            "current": "{{damage=1}} {{dmg1flag=1}}",
            "max": "",
            "id": "-RZcXUx3CNpR1BUKvlxu"
        },
        {
            "name": "repeating_npcaction_-uzbOLJoGdtIS7d2QpCN_rollbase",
            "current": "@{wtype}&{template:npcaction} {{attack=1}} @{damage_flag} @{npc_name_flag} {{rname=@{name}}} {{r1=[[@{d20}+(@{attack_tohit})]]}} @{rtype}+(@{attack_tohit})]]}} {{dmg1=[[@{attack_damage}]]}} {{dmg1type=@{attack_damagetype}}} {{dmg2=[[@{attack_damage2}+0]]}} {{dmg2type=@{attack_damagetype2}}} {{crit1=[[@{attack_crit}+0]]}} {{crit2=[[@{attack_crit2}+0]]}} {{description=@{show_desc}}} @{charname_output}",
            "max": "",
            "id": "-3FHQbOwadUBEx30iKmf"
        },
        {
            "name": "repeating_npcaction_-uzbOLJoGdtIS7d2QpCN_attack_crit",
            "current": "1d6+4+3d6",
            "max": "",
            "id": "-DODCbG45WtD0cFmGXkv"
        },
        {
            "name": "repeating_npcaction_-uzbOLJoGdtIS7d2QpCN_attack_crit2",
            "current": "",
            "max": "",
            "id": "-Laux8G7KYEwrFN32Rl3"
        },
        {
            "name": "repeating_npcaction_-h9qZq5ccV0AZewveK6Z_name",
            "current": "Очарование",
            "max": "",
            "id": "-YVt2z59cFlGMu9boV1v"
        },
        {
            "name": "repeating_npcaction_-h9qZq5ccV0AZewveK6Z_description",
            "current": [
                "Вампир выбирает одного гуманоида, которого он может видеть в пределах 6 клеток от него. Если цель видит вампира, она должна выполнить успешный спасбросок со сложностью 17 по Мудрости против этой магии или она станет очарованной вампиром. Очарованная цель относится к вампиру как к доверенному другу, которого нужно слушаться и защищать. Хотя цель не под управлением вампира, она старается выполнять его команды наилучшим образом, и согласна на атаку Укусом.",
                "Каждый раз когда сам вампир или его союзники делают что-то вредное для цели, она может повторить спасбросок. В случае успешного спасброска эффект заканчивается. В противном случае эффект длится 24 часа, до уничтожения вампира, до перемещения вампира на другой План, или пока вампир не отменит эффект бонусным действием."
            ],
            "max": "",
            "id": "-lRhwPYDjlswvMGcmriV"
        },
        {
            "name": "repeating_npcaction_-h9qZq5ccV0AZewveK6Z_attack_tohitrange",
            "current": "+0",
            "max": "",
            "id": "-MEBTYhBdoBIoK3PaRJl"
        },
        {
            "name": "repeating_npcaction_-h9qZq5ccV0AZewveK6Z_attack_onhit",
            "current": "",
            "max": "",
            "id": "-2ZEOIQLGYxMpHQwBCT8"
        },
        {
            "name": "repeating_npcaction_-h9qZq5ccV0AZewveK6Z_damage_flag",
            "current": "",
            "max": "",
            "id": "-wqCgaEKY6wWzNSHoxhw"
        },
        {
            "name": "repeating_npcaction_-h9qZq5ccV0AZewveK6Z_attack_crit",
            "current": "",
            "max": "",
            "id": "-NmArPCJUCbDBdii129o"
        },
        {
            "name": "repeating_npcaction_-h9qZq5ccV0AZewveK6Z_attack_crit2",
            "current": "",
            "max": "",
            "id": "-rA9EydecfgX2ErU2pU7"
        },
        {
            "name": "repeating_npcaction_-h9qZq5ccV0AZewveK6Z_rollbase",
            "current": "@{wtype}&{template:npcaction} @{npc_name_flag} {{rname=@{name}}} {{description=@{show_desc}}} @{charname_output}",
            "max": "",
            "id": "-Ni4KrzWgZ4IwXlkK7jN"
        },
        {
            "name": "repeating_npcaction_-y75ImPmQbb3nGb82FB8_name",
            "current": "Дети ночи (раз в день)",
            "max": "",
            "id": "-me2jXTjiEStZf2HoyMM"
        },
        {
            "name": "repeating_npcaction_-y75ImPmQbb3nGb82FB8_description",
            "current": "Вампир магически призывает 2d4 роев летучих мышей или крыс, если солнце еще не взошло. На открытом воздухе вампир может вместо этого призвать 3d6 волков. Призванные существа появляются через 1d4 раундов, действуют как союзники вампира и подчиняются его вербальным командам. Звери остаются на 1 час, до смерти вампира, или пока вампир не отпустит их бонусным действием.",
            "max": "",
            "id": "-SimCHwyzgsE6rsRwBtE"
        },
        {
            "name": "repeating_npcaction_-y75ImPmQbb3nGb82FB8_attack_tohitrange",
            "current": "+0",
            "max": "",
            "id": "-y2TwdDpZvT4nDEiWmlg"
        },
        {
            "name": "repeating_npcaction_-y75ImPmQbb3nGb82FB8_attack_onhit",
            "current": "",
            "max": "",
            "id": "-4WcZK4ZhvOVGah0fFbd"
        },
        {
            "name": "repeating_npcaction_-y75ImPmQbb3nGb82FB8_damage_flag",
            "current": "",
            "max": "",
            "id": "-atk9JdZ1A2FixJJ4JqO"
        },
        {
            "name": "repeating_npcaction_-y75ImPmQbb3nGb82FB8_attack_crit",
            "current": "",
            "max": "",
            "id": "-M4Vi8doC0e2ZzKvvyuP"
        },
        {
            "name": "repeating_npcaction_-y75ImPmQbb3nGb82FB8_attack_crit2",
            "current": "",
            "max": "",
            "id": "-OUQUIedI0J6HuO24iQy"
        },
        {
            "name": "repeating_npcaction_-y75ImPmQbb3nGb82FB8_rollbase",
            "current": "@{wtype}&{template:npcaction} @{npc_name_flag} {{rname=@{name}}} {{description=@{show_desc}}} @{charname_output}",
            "max": "",
            "id": "-rJHKzkjFsqmENhrGUSt"
        },
        {
            "name": "repeating_npctrait_-SYXXyM8OWzHANYknRSp_name",
            "current": "Перевертыш",
            "max": "",
            "id": "-NviXqxkZbtn5ygETMkv"
        },
        {
            "name": "repeating_npctrait_-SYXXyM8OWzHANYknRSp_description",
            "current": "Если вампир не на солнечном свете, или в проточной воде, он может использовать основное действие чтобы превратиться в Крошечную летучую мышь или Среднее облако тумана, или возвращается в истинную форму.\n\nНаходясь в форме летучей мыши, вампир не может разговаривать, его пешая скорость снижается до 1 клетки, но он приобретает скорость полета 6 клеток. Все характеристики, кроме размера и скорости, не изменяются. Все что надето - трансформируется, но вещи, которые переносятся в руках - нет. После смерти возвращается в истинную форму.\n\nНаходясь в туманной форме, вампир не может использовать действия реакции, говорить, и манипулировать предметами. Он невесом, имеет скорость полета 4 клетки, может парить, а также может войти в пространство противника и остановиться в нем. Кроме того, туман может пройти везде, где может пройти воздух, туман не может пройти сквозь воду. Он имеет преимущество на проверки Силы, Ловкости, и Телосложения, а также обладает иммунитетом ко всему немагическому урону, кроме урона от солнечного света.\n\n",
            "max": "",
            "id": "-pxj1z09zWILcY1GuHdG"
        },
        {
            "name": "repeating_npctrait_-RDNVQ40KTuQnTeXNKsR_name",
            "current": "Легендарное Сопротивление (3/в день)",
            "max": "",
            "id": "-3s2wSXBSgHZhctVsTBu"
        },
        {
            "name": "repeating_npctrait_-RDNVQ40KTuQnTeXNKsR_description",
            "current": "Если вампир проваливает спасбросок, он может вместо этого считать его успешным.",
            "max": "",
            "id": "-5vBZoETc1usIwYo3cZz"
        },
        {
            "name": "repeating_npctrait_-bgXva7SfbOu7Rw4xoTS_name",
            "current": "Туманный побег",
            "max": "",
            "id": "-0pbYK5iZXJ3fSWUJGOk"
        },
        {
            "name": "repeating_npctrait_-bgXva7SfbOu7Rw4xoTS_description",
            "current": "Если очки здоровья вампира опускаются до 0 вне его места отдыха, вампир превращается в облако тумана (как указано в свойстве перевертыш) вместо того, чтобы лишиться сознания, при условии что он не находится в солнечном свете или в проточной воде. Если вампир не может трансформироваться, он уничтожен.\n\nПока вампир имеет 0 очков здоровья, он не может превратиться из туманной формы в обычную и должен добраться до места отдыха за 2 часа, или будет уничтожен. Достигнув места отдыха, вампир возвращается в обычную форму. Он парализован, пока не восстановит хотя бы 1 очко здоровья, что он может сделать проведя в месте отдыха 1 час.\n\n",
            "max": "",
            "id": "-lHmoqS0JSzmWJLKUlF7"
        },
        {
            "name": "repeating_npctrait_-BszOkiwlcuVXtSdta5x_name",
            "current": "Регенерация",
            "max": "",
            "id": "-qf1eDwfQQW6oNCqem3f"
        },
        {
            "name": "repeating_npctrait_-BszOkiwlcuVXtSdta5x_description",
            "current": "Вампир восстанавливает 20 очков здоровья в начале каждого своего хода, если у него остается хотя бы одно очко здоровья и он не в солнечном свете или в проточной воде. Если вампир получает урон излучением или урон от святой воды, регенерация не действует до начала следующего хода вампира.",
            "max": "",
            "id": "-KWCJML2UEdBKMQWNRaq"
        },
        {
            "name": "repeating_npctrait_-GxjdI0vEcwdt9gn3Ig9_name",
            "current": "Паучье Лазание",
            "max": "",
            "id": "-dpPkc2Zgs2NReJhCIVz"
        },
        {
            "name": "repeating_npctrait_-GxjdI0vEcwdt9gn3Ig9_description",
            "current": "Вампир может карабкаться по труднопроходимой местности, в том числе и по потолку, без каких-либо проверок.",
            "max": "",
            "id": "-1EgRQmQNsVa8wS1yvBU"
        },
        {
            "name": "repeating_npctrait_-CuO2PGFFcKKaMyHQa1Q_name",
            "current": "Слабые стороны вампира",
            "max": "",
            "id": "-M3H03Qisy1w3RdaiCD0"
        },
        {
            "name": "repeating_npctrait_-CuO2PGFFcKKaMyHQa1Q_description",
            "current": "Вампир имеет следующие изъяны: \n\nЗапрет. Вампир не может войти в жилище без приглашения одного из жителей.\n\nУрон от проточной воды. Вампир получает 20 урона ядом если заканчивает свой ход в проточной воде.\n\nКол в сердце. Если проткнуть сердце вампира колющим деревянным оружием пока он без сознание в своем логове, вампир станет парализован пока кол не выдернут.\n\nСверхчувствительность к солнечному свету. Вампир получает 20 урона излучением когда начинает свой ход в солнечном свете. Находясь на свету, он имеет помеху на броски атаки и проверки навыков.\n\n",
            "max": "",
            "id": "-WBGssJQwJXnqeC5ooXZ"
        },
        {
            "name": "repeating_npctrait_-vdav8g4bWhZfeNg29lU_name",
            "current": "Заклинатель",
            "max": "",
            "id": "-4DtgUTSRS83Dns3eGFO"
        },
        {
            "name": "repeating_spell-cantrip_-7KzCXnGo3FnbljvnmsH_spellname",
            "current": "ВОЛШЕБНАЯ РУКА",
            "max": "",
            "id": "-BR7rnGzROsZQAEd3NSK"
        },
        {
            "name": "repeating_spell-cantrip_-7KzCXnGo3FnbljvnmsH_spellschool",
            "current": "conjuration",
            "max": "",
            "id": "-VGMNsPOlzSu0ttsSrVB"
        },
        {
            "name": "repeating_spell-cantrip_-7KzCXnGo3FnbljvnmsH_spellcastingtime",
            "current": "1 действие",
            "max": "",
            "id": "-3ZW1hS6RZ4veSV7J7JA"
        },
        {
            "name": "repeating_spell-cantrip_-7KzCXnGo3FnbljvnmsH_spellrange",
            "current": "30 футов",
            "max": "",
            "id": "-56GTL6SJTbtaqABi1Nj"
        },
        {
            "name": "repeating_spell-cantrip_-7KzCXnGo3FnbljvnmsH_spelltarget",
            "current": "",
            "max": "",
            "id": "-tCPWBhk5gX48VsE7sOA"
        },
        {
            "name": "repeating_spell-cantrip_-7KzCXnGo3FnbljvnmsH_spellcomp_materials",
            "current": "",
            "max": "",
            "id": "-c0LkL4d3NtQV6w26Nox"
        },
        {
            "name": "repeating_spell-cantrip_-7KzCXnGo3FnbljvnmsH_spelldescription",
            "current": "Призрачная, летающая рука появляется в указанной вами точке в пределах дальности заклинания. Рука существует до тех пор, пока заклинание не закончится или вы не отзовете ее в качестве действия. Рука также исчезает, если окажется на расстоянии более 30 футов от вас, или вы произнесете это заклинание снова.   В качестве действия вы можете управлять рукой. Вы можете  использовать ее, чтобы воздействовать на объекты, открывать незамкнутые двери или емкости, доставать или класть предмет в открытую емкость, или выливать содержимое из флаконов. Вы можете перемещать руку на расстояние до 30 футов каждый раз, когда вы используете ее.   Рука не может атаковать, активировать магические предметы или поднимать предметы весом более 10 фунтов.",
            "max": "",
            "id": "-RljbcEGfdkvIDt1DItw"
        },
        {
            "name": "repeating_spell-cantrip_-7KzCXnGo3FnbljvnmsH_spellduration",
            "current": "1 минута",
            "max": "",
            "id": "-JZ8hOLNNezQCJ6QATNO"
        },
        {
            "name": "repeating_spell-cantrip_-7KzCXnGo3FnbljvnmsH_spellcomp_v",
            "current": "{{v=1}}",
            "max": "",
            "id": "-oaly3QNAcFREe3otFSs"
        },
        {
            "name": "repeating_spell-cantrip_-7KzCXnGo3FnbljvnmsH_spellcomp_s",
            "current": "{{s=1}}",
            "max": "",
            "id": "-ZmAY52O0Ab98ghc74uL"
        },
        {
            "name": "repeating_spell-cantrip_-7KzCXnGo3FnbljvnmsH_spellcomp_m",
            "current": "0",
            "max": "",
            "id": "-cLDEVBaKgq02wcuPN21"
        },
        {
            "name": "repeating_spell-cantrip_-7KzCXnGo3FnbljvnmsH_spellsource",
            "current": "PHB",
            "max": "",
            "id": "-gFKSclWl5YPhOUEsAZP"
        },
        {
            "name": "repeating_spell-cantrip_-7KzCXnGo3FnbljvnmsH_details-flag",
            "current": "0",
            "max": "",
            "id": "-XrRmmdOecAnHxZilHgw"
        },
        {
            "name": "repeating_spell-cantrip_-7KzCXnGo3FnbljvnmsH_options-flag",
            "current": "0",
            "max": "",
            "id": "-Gw4cBp8SKqPKKH7pAuT"
        },
        {
            "name": "repeating_spell-cantrip_-dOzRWnJhkV5aejtJFlT_spellname",
            "current": "ФОКУСЫ",
            "max": "",
            "id": "-WhU9YJgVFG0b5Zq2Zl7"
        },
        {
            "name": "repeating_spell-cantrip_-dOzRWnJhkV5aejtJFlT_spellschool",
            "current": "transmutation",
            "max": "",
            "id": "-mFIyCaq6JZtaPlj5Kqn"
        },
        {
            "name": "repeating_spell-cantrip_-dOzRWnJhkV5aejtJFlT_spellcastingtime",
            "current": "1 действие",
            "max": "",
            "id": "-YORGyd0BjirkDP6p7KR"
        },
        {
            "name": "repeating_spell-cantrip_-dOzRWnJhkV5aejtJFlT_spellrange",
            "current": "10 футов",
            "max": "",
            "id": "-cntQ6J0gv0TMAk7ahdO"
        },
        {
            "name": "repeating_spell-cantrip_-dOzRWnJhkV5aejtJFlT_spelltarget",
            "current": "",
            "max": "",
            "id": "-VzMipqf5TzdgCh3Loyx"
        },
        {
            "name": "repeating_spell-cantrip_-dOzRWnJhkV5aejtJFlT_spellcomp_materials",
            "current": "",
            "max": "",
            "id": "-nvIUoD0k357UKG75dv0"
        },
        {
            "name": "repeating_spell-cantrip_-dOzRWnJhkV5aejtJFlT_spelldescription",
            "current": "Заклинание представляет собой простой магический трюк, один из: <br> • Вы создаете мгновенны, безвредный сенсорный эффект, например дождь искр, дуновение ветерка, тихую мелодию или странный запах. <br> • Вы мгновенно зажигаете или тушите свечу, факел или маленький костер. <br> • Вы мгновенно очищаете или пачкаете объект объемом не более 1 кубического фута. <br> • Вы охлаждаете, нагреваете или ароматизируете до 1 кубического фута неживого вещества на 1 час. <br> • На выбранном вами объекте или поверхности появляется знак или символ, который исчезает через 1 час. <br> • Вы создаете немагическую безделушку или иллюзорный образ в вашей руке, который существует до конца вашего следующего хода. Если вы произнесете это заклинание несколько раз подряд, то можете поддерживать до трех не мгновенных эффектов одновременно и можете отменить любой из них в качестве действия.",
            "max": "",
            "id": "-QPMdWWWjTKhyj9UGT6x"
        },
        {
            "name": "repeating_spell-cantrip_-dOzRWnJhkV5aejtJFlT_spellduration",
            "current": "До 1 часа",
            "max": "",
            "id": "-cjxoD3cMoLlpd2dKWZV"
        },
        {
            "name": "repeating_spell-cantrip_-dOzRWnJhkV5aejtJFlT_spellcomp_v",
            "current": "{{v=1}}",
            "max": "",
            "id": "-V6fGcgUDher6PNYNhsW"
        },
        {
            "name": "repeating_spell-cantrip_-dOzRWnJhkV5aejtJFlT_spellcomp_s",
            "current": "{{s=1}}",
            "max": "",
            "id": "-76Xb0yPPcizqxjjEveW"
        },
        {
            "name": "repeating_spell-cantrip_-dOzRWnJhkV5aejtJFlT_spellcomp_m",
            "current": "0",
            "max": "",
            "id": "-wkYqzXBmC6bO8XWH5Rr"
        },
        {
            "name": "repeating_spell-cantrip_-dOzRWnJhkV5aejtJFlT_spellsource",
            "current": "PHB",
            "max": "",
            "id": "-tnQoWjjTSEcCWnoMFNH"
        },
        {
            "name": "repeating_spell-cantrip_-dOzRWnJhkV5aejtJFlT_details-flag",
            "current": "0",
            "max": "",
            "id": "-y4JFNT9UI9mO3EuPkot"
        },
        {
            "name": "repeating_spell-cantrip_-dOzRWnJhkV5aejtJFlT_options-flag",
            "current": "0",
            "max": "",
            "id": "-05uXth16D04AaxYKoQv"
        },
        {
            "name": "repeating_spell-cantrip_-L4YjyFDiPGwOBbHxWbu_spellname",
            "current": "ЛУЧ ХОЛОДА",
            "max": "",
            "id": "-x7h6k1TOYg44t6SpwmH"
        },
        {
            "name": "repeating_spell-cantrip_-L4YjyFDiPGwOBbHxWbu_spellschool",
            "current": "evocation",
            "max": "",
            "id": "-feEy1XS320UpwuLiCrn"
        },
        {
            "name": "repeating_spell-cantrip_-L4YjyFDiPGwOBbHxWbu_spellcastingtime",
            "current": "1 действие",
            "max": "",
            "id": "-V3DCuQX8uvtfviw2jwz"
        },
        {
            "name": "repeating_spell-cantrip_-L4YjyFDiPGwOBbHxWbu_spellrange",
            "current": "60 футов",
            "max": "",
            "id": "-ZTkENcjFJnmKm6d2jQ2"
        },
        {
            "name": "repeating_spell-cantrip_-L4YjyFDiPGwOBbHxWbu_spelltarget",
            "current": "",
            "max": "",
            "id": "-ZtQCMTp7zAdJKipAlrc"
        },
        {
            "name": "repeating_spell-cantrip_-L4YjyFDiPGwOBbHxWbu_spellcomp_materials",
            "current": "",
            "max": "",
            "id": "-XWNpLUnfnggF3ZaxVXY"
        },
        {
            "name": "repeating_spell-cantrip_-L4YjyFDiPGwOBbHxWbu_spelldescription",
            "current": "Холодный луч голубовато-белого света устремляется к цели в пределах дальности заклинания. Сделайте заклинательную атаку дальнего боя в против этой цели. При попадании она получает 1d8 урона холодом, а ее скорость уменьшается на 10 футов до начала вашего следующего хода.  <br>Урон заклинания увеличивается на 1d8, когда вы достигаете 5 уровня (2d8), 11 уровня (3d8) и 17 уровня (4d8).",
            "max": "",
            "id": "-Umh1weaY9nDmYvNhiyY"
        },
        {
            "name": "repeating_spell-cantrip_-L4YjyFDiPGwOBbHxWbu_spellduration",
            "current": "мгновенно",
            "max": "",
            "id": "-OjR5nsD7YHvtUEOstvy"
        },
        {
            "name": "repeating_spell-cantrip_-L4YjyFDiPGwOBbHxWbu_spellcomp_v",
            "current": "{{v=1}}",
            "max": "",
            "id": "-rxbPaWf4yvB62xTuUI5"
        },
        {
            "name": "repeating_spell-cantrip_-L4YjyFDiPGwOBbHxWbu_spellcomp_s",
            "current": "{{s=1}}",
            "max": "",
            "id": "-nh5FiQkCWrBcH1nRMGa"
        },
        {
            "name": "repeating_spell-cantrip_-L4YjyFDiPGwOBbHxWbu_spellcomp_m",
            "current": "0",
            "max": "",
            "id": "-l9AxVyuOCjav91pI1rr"
        },
        {
            "name": "repeating_spell-cantrip_-L4YjyFDiPGwOBbHxWbu_spellsource",
            "current": "PHB",
            "max": "",
            "id": "-hp08OdLPNoekxMTmGLp"
        },
        {
            "name": "repeating_spell-cantrip_-L4YjyFDiPGwOBbHxWbu_details-flag",
            "current": "0",
            "max": "",
            "id": "-idZk0dJiOPVLo3GR7Du"
        },
        {
            "name": "repeating_spell-cantrip_-L4YjyFDiPGwOBbHxWbu_options-flag",
            "current": "0",
            "max": "",
            "id": "-0Kk8a7Cf0E2GmYNGLLS"
        },
        {
            "name": "repeating_spell-1_-mtmbQ8FWKm9wf5A6LYD_spellname",
            "current": "ПОНИМАНИЕ ЯЗЫКОВ",
            "max": "",
            "id": "-zu72PjgZO7aQu3aXVBQ"
        },
        {
            "name": "repeating_spell-1_-mtmbQ8FWKm9wf5A6LYD_spellschool",
            "current": "divination",
            "max": "",
            "id": "-04u75O9ZYzpDkOiNmhU"
        },
        {
            "name": "repeating_spell-1_-mtmbQ8FWKm9wf5A6LYD_spellcastingtime",
            "current": "1 действие",
            "max": "",
            "id": "-WJAWyom8xJb9M6rG79y"
        },
        {
            "name": "repeating_spell-1_-mtmbQ8FWKm9wf5A6LYD_spellrange",
            "current": "Вы",
            "max": "",
            "id": "-DMlR7iQE64Tz2zz6rtM"
        },
        {
            "name": "repeating_spell-1_-mtmbQ8FWKm9wf5A6LYD_spelltarget",
            "current": "",
            "max": "",
            "id": "-DgdJOp9273ebCM1zJpU"
        },
        {
            "name": "repeating_spell-1_-mtmbQ8FWKm9wf5A6LYD_spellcomp_materials",
            "current": "щепотка сажи и соли",
            "max": "",
            "id": "-jtzxER0omaYwgFoStIs"
        },
        {
            "name": "repeating_spell-1_-mtmbQ8FWKm9wf5A6LYD_spelldescription",
            "current": "Пока действует заклинание, вы понимаете буквальное значение любого разговорного языка, который слышите. Вы также понимаете любую письменность, но для этого должны касаться поверхности, на которой написаны слова. На прочтение одной страницы текста уходит около 1 минуты.   Это заклинание не позволяет расшифровывать секретные послания или магические знаки в текстах, поскольку они не являются частью письменного языка.",
            "max": "",
            "id": "-tzsitvjaPQl0uc9oHIf"
        },
        {
            "name": "repeating_spell-1_-mtmbQ8FWKm9wf5A6LYD_spellduration",
            "current": "1 час",
            "max": "",
            "id": "-YU8HRNp372LuH2Y8Bwi"
        },
        {
            "name": "repeating_spell-1_-mtmbQ8FWKm9wf5A6LYD_spellcomp_v",
            "current": "{{v=1}}",
            "max": "",
            "id": "-K0N6rf5duxOnlghXvEo"
        },
        {
            "name": "repeating_spell-1_-mtmbQ8FWKm9wf5A6LYD_spellcomp_s",
            "current": "{{s=1}}",
            "max": "",
            "id": "-wpHGmybS8Z7X3G4xe7b"
        },
        {
            "name": "repeating_spell-1_-mtmbQ8FWKm9wf5A6LYD_spellcomp_m",
            "current": "{{m=1}}",
            "max": "",
            "id": "-41XLGCbFYIc2Zj8Hbax"
        },
        {
            "name": "repeating_spell-1_-mtmbQ8FWKm9wf5A6LYD_spellsource",
            "current": "PHB",
            "max": "",
            "id": "-XFMxsL7VOmDryeIEecS"
        },
        {
            "name": "repeating_spell-1_-mtmbQ8FWKm9wf5A6LYD_details-flag",
            "current": "0",
            "max": "",
            "id": "-Uduh6bmmRux4cwjBc8j"
        },
        {
            "name": "repeating_spell-1_-mtmbQ8FWKm9wf5A6LYD_options-flag",
            "current": "0",
            "max": "",
            "id": "-vpVQ5qEZn4ospJgLkQR"
        },
        {
            "name": "repeating_spell-1_-0QFC02cJdcFYddD1ZGe_spellname",
            "current": "ОБЛАКО ТУМАНА",
            "max": "",
            "id": "-KR2hGacBI43CqHr4xUw"
        },
        {
            "name": "repeating_spell-1_-0QFC02cJdcFYddD1ZGe_spellschool",
            "current": "conjuration",
            "max": "",
            "id": "-DHoN8uJ4C2byFYkvMAw"
        },
        {
            "name": "repeating_spell-1_-0QFC02cJdcFYddD1ZGe_spellcastingtime",
            "current": "1 действие",
            "max": "",
            "id": "-vsHm3aF968TzLhxkkXk"
        },
        {
            "name": "repeating_spell-1_-0QFC02cJdcFYddD1ZGe_spellrange",
            "current": "120 футов",
            "max": "",
            "id": "-VunSFAxQDEpLuYv4dvo"
        },
        {
            "name": "repeating_spell-1_-0QFC02cJdcFYddD1ZGe_spelltarget",
            "current": "",
            "max": "",
            "id": "-kXjCsEK05tKE3bPXWnf"
        },
        {
            "name": "repeating_spell-1_-0QFC02cJdcFYddD1ZGe_spellcomp_materials",
            "current": "",
            "max": "",
            "id": "-NZo5OEy8gr0yqLS4zR8"
        },
        {
            "name": "repeating_spell-1_-0QFC02cJdcFYddD1ZGe_spelldescription",
            "current": "В указанной вами точке в пределах дальности заклинания возникает сфера тумана радиусом 20 футов. Туман огибает углы, а его область считается сильно затемненной. Туман существует до тех пор, пока действует заклинание, или пока умеренный ветер (не менее 10 миль в час) не развеет его. <br>На более высоких кругах. Если вы произносите заклинание, используя ячейку 2 круга или выше, то радиус тумана растет на 20 футов каждый круг выше первого.",
            "max": "",
            "id": "-bfSXVqyO6kzZaenrWbb"
        },
        {
            "name": "repeating_spell-1_-0QFC02cJdcFYddD1ZGe_spellduration",
            "current": "конц-я, до 1 часа",
            "max": "",
            "id": "-zofOsBv7bE3ynljeh2h"
        },
        {
            "name": "repeating_spell-1_-0QFC02cJdcFYddD1ZGe_spellcomp_v",
            "current": "{{v=1}}",
            "max": "",
            "id": "-cVK1ZOrkpFBc6XV1N3K"
        },
        {
            "name": "repeating_spell-1_-0QFC02cJdcFYddD1ZGe_spellcomp_s",
            "current": "{{s=1}}",
            "max": "",
            "id": "-tREQMYi3vcuYoSuXnIw"
        },
        {
            "name": "repeating_spell-1_-0QFC02cJdcFYddD1ZGe_spellcomp_m",
            "current": "0",
            "max": "",
            "id": "-IYdxJSJ12IPLyyEBmQo"
        },
        {
            "name": "repeating_spell-1_-0QFC02cJdcFYddD1ZGe_spellsource",
            "current": "PHB",
            "max": "",
            "id": "-IOUPg2hWYaXRJd3f2uZ"
        },
        {
            "name": "repeating_spell-1_-0QFC02cJdcFYddD1ZGe_details-flag",
            "current": "0",
            "max": "",
            "id": "-NF9kOq0DWVmCtTzoB9a"
        },
        {
            "name": "repeating_spell-1_-0QFC02cJdcFYddD1ZGe_options-flag",
            "current": "0",
            "max": "",
            "id": "-Guz3gObYw1G2ooN0C4I"
        },
        {
            "name": "repeating_spell-1_-ZiQA4mDu2ZBnYoMpPqw_spellname",
            "current": "СОН",
            "max": "",
            "id": "-I42BnIB8ZURw3I0s3Oo"
        },
        {
            "name": "repeating_spell-1_-ZiQA4mDu2ZBnYoMpPqw_spellschool",
            "current": "enchantment",
            "max": "",
            "id": "-K3zB3cnB0LUZSdOvC4Z"
        },
        {
            "name": "repeating_spell-1_-ZiQA4mDu2ZBnYoMpPqw_spellcastingtime",
            "current": "1 действие",
            "max": "",
            "id": "-2kMuj9dImNj8ryEQalW"
        },
        {
            "name": "repeating_spell-1_-ZiQA4mDu2ZBnYoMpPqw_spellrange",
            "current": "90 футов",
            "max": "",
            "id": "-EJ1pHpPIMGIq472mbxg"
        },
        {
            "name": "repeating_spell-1_-ZiQA4mDu2ZBnYoMpPqw_spelltarget",
            "current": "",
            "max": "",
            "id": "-0nf9q2pelstnvHIiDbD"
        },
        {
            "name": "repeating_spell-1_-ZiQA4mDu2ZBnYoMpPqw_spellcomp_materials",
            "current": "щепотка мелкого песка, лепестки роз или сверчок",
            "max": "",
            "id": "-HddhsgzGiRT80b5WA6H"
        },
        {
            "name": "repeating_spell-1_-ZiQA4mDu2ZBnYoMpPqw_spelldescription",
            "current": "Заклинание погружает существ в магический сон. Бросьте 5d8 результат равен объему ОЗ существ, которых вы можете погрузить в сон. Существа в пределах 20 футов вокруг точки в пределах дальности заклинания, подвергаются заклинанию в порядке возрастания их текущего уровня ОЗ (игнорируя тех, кто находится без сознания).   Начиная с существа, имеющего наименьшее текущее количество ОЗ, каждое существо, оказавшееся под действием заклинания, засыпает на время его действия. Оно просыпается, если получает урон, или кто-либо будит его в качестве действия. Вычитайте ОЗ каждого уснувшего существа из общего объема, прежде чем перейти к следующему существу. ОЗ существа должны быть равны или меньше оставшегося объема ОЗ, чтобы заклинание подействовало на него.   Нежить и существа, имунные к очарованию, не восприимчивы к воздействию этого заклинания. <br>На более высоких кругах. Если вы произносите заклинание, используя ячейку 2 круга или выше, то бросьте дополнительные 2d8 за каждый круг выше первого.",
            "max": "",
            "id": "-7ihZZ38jFyynJL5bnEK"
        },
        {
            "name": "repeating_spell-1_-ZiQA4mDu2ZBnYoMpPqw_spellduration",
            "current": "1 минута",
            "max": "",
            "id": "-00PNY8zDHwIFB3mtrnI"
        },
        {
            "name": "repeating_spell-1_-ZiQA4mDu2ZBnYoMpPqw_spellcomp_v",
            "current": "{{v=1}}",
            "max": "",
            "id": "-o5gMELfEF9BA1wbM4qb"
        },
        {
            "name": "repeating_spell-1_-ZiQA4mDu2ZBnYoMpPqw_spellcomp_s",
            "current": "{{s=1}}",
            "max": "",
            "id": "-MboRWf4PqjhYS0PTNkR"
        },
        {
            "name": "repeating_spell-1_-ZiQA4mDu2ZBnYoMpPqw_spellcomp_m",
            "current": "{{m=1}}",
            "max": "",
            "id": "-aSQcLaE7hYND89UR7Zy"
        },
        {
            "name": "repeating_spell-1_-ZiQA4mDu2ZBnYoMpPqw_spellsource",
            "current": "PHB",
            "max": "",
            "id": "-yQPO4j8UT8mfW24RunJ"
        },
        {
            "name": "repeating_spell-1_-ZiQA4mDu2ZBnYoMpPqw_details-flag",
            "current": "0",
            "max": "",
            "id": "-JNCkZaf3JTPZ36Doos2"
        },
        {
            "name": "repeating_spell-1_-ZiQA4mDu2ZBnYoMpPqw_options-flag",
            "current": "0",
            "max": "",
            "id": "-Etf9TdDFQxbRhGJba4S"
        },
        {
            "name": "repeating_spell-2_-WLgoPQlSgq90LIYPovP_spellname",
            "current": "ЧТЕНИЕ МЫСЛЕЙ",
            "max": "",
            "id": "-S9vquvYiGPHP1rZrJDh"
        },
        {
            "name": "repeating_spell-2_-WLgoPQlSgq90LIYPovP_spellschool",
            "current": "divination",
            "max": "",
            "id": "-Kth6TnO96KXy1Oy3S21"
        },
        {
            "name": "repeating_spell-2_-WLgoPQlSgq90LIYPovP_spellcastingtime",
            "current": "1 действие",
            "max": "",
            "id": "-3Va2uXwkblAb9V8ES8T"
        },
        {
            "name": "repeating_spell-2_-WLgoPQlSgq90LIYPovP_spellrange",
            "current": "Вы",
            "max": "",
            "id": "-MlnnUHihYbwxzm6TarB"
        },
        {
            "name": "repeating_spell-2_-WLgoPQlSgq90LIYPovP_spelltarget",
            "current": "",
            "max": "",
            "id": "-RGXcew6egCMFrHfxv3E"
        },
        {
            "name": "repeating_spell-2_-WLgoPQlSgq90LIYPovP_spellcomp_materials",
            "current": "кусочек меди",
            "max": "",
            "id": "-oAIowPSPZKWdJyJ51eS"
        },
        {
            "name": "repeating_spell-2_-WLgoPQlSgq90LIYPovP_spelldescription",
            "current": "Пока действует заклинание, вы можете читать мысли существ. В момент произнесения заклинания и затем в качестве действия каждый свой ход, вы можете сосредроточиться на разуме одного существа в 30 футах от вас. Существа, которые имеют 3 и менее интеллекта или не знают ни одного языка, не восприимчивы к заклинанию. Сначала вы узнаете поверхностные мысли существа. В качестве действия вы можете переключиться на другое существо или попытаться проникнуть глубже в разум текущего существа. Если вы решили проникнуть глубже, то цель должна сделать спасбросок по Мудрости. В любом случае цель знает, что вы проникаете в его разум, и если вы не переключились на другое существо, то в свой ход, в качестве действия она может сделать проверку интеллекта против вашей проверки интеллекта. Вы можете искать мысли в радиусе 30 футов вокруг вас. Заклинание проникает сквозь препятствия, но блокируется 2 футами камня, 2 дюймами любого металла, тонким слоем свинца. Обнаружив существо таким образом, вы можете читать его мысли.",
            "max": "",
            "id": "-Y7oXSZMlt4K18SymofN"
        },
        {
            "name": "repeating_spell-2_-WLgoPQlSgq90LIYPovP_spellduration",
            "current": "конц-я, до 1 мин",
            "max": "",
            "id": "-feYSV2qHxdUUtDMQacF"
        },
        {
            "name": "repeating_spell-2_-WLgoPQlSgq90LIYPovP_spellcomp_v",
            "current": "{{v=1}}",
            "max": "",
            "id": "-7kbFOXpUELseirshfwS"
        },
        {
            "name": "repeating_spell-2_-WLgoPQlSgq90LIYPovP_spellcomp_s",
            "current": "{{s=1}}",
            "max": "",
            "id": "-EJNjpQ4z75pIVx6Te8j"
        },
        {
            "name": "repeating_spell-2_-WLgoPQlSgq90LIYPovP_spellcomp_m",
            "current": "{{m=1}}",
            "max": "",
            "id": "-YmpM5wSMHFTLOjrnHI5"
        },
        {
            "name": "repeating_spell-2_-WLgoPQlSgq90LIYPovP_spellsource",
            "current": "PHB",
            "max": "",
            "id": "-4rv1nYLBppgu6UHa78B"
        },
        {
            "name": "repeating_spell-2_-WLgoPQlSgq90LIYPovP_details-flag",
            "current": "0",
            "max": "",
            "id": "-4f3CIpAW1IMfX3oWp0J"
        },
        {
            "name": "repeating_spell-2_-WLgoPQlSgq90LIYPovP_options-flag",
            "current": "0",
            "max": "",
            "id": "-F4aNTYBYsOe3Bt4kvhC"
        },
        {
            "name": "repeating_spell-2_-QSeIDIiGBsCgjLjjDBd_spellname",
            "current": "ПОРЫВ ВЕТРА",
            "max": "",
            "id": "-2tvrKuKdywuBICLZDwo"
        },
        {
            "name": "repeating_spell-2_-QSeIDIiGBsCgjLjjDBd_spellschool",
            "current": "evocation",
            "max": "",
            "id": "-Mt21qLUMKqpGT5Teo0O"
        },
        {
            "name": "repeating_spell-2_-QSeIDIiGBsCgjLjjDBd_spellcastingtime",
            "current": "1 действие",
            "max": "",
            "id": "-NvkWYRz5v3bjWMim7GT"
        },
        {
            "name": "repeating_spell-2_-QSeIDIiGBsCgjLjjDBd_spellrange",
            "current": "Вы (60-футов линия)",
            "max": "",
            "id": "-Ss6Tl1kgE4eKPdgz4kN"
        },
        {
            "name": "repeating_spell-2_-QSeIDIiGBsCgjLjjDBd_spelltarget",
            "current": "",
            "max": "",
            "id": "-aeuI9dbDhgwhMl6Yi5c"
        },
        {
            "name": "repeating_spell-2_-QSeIDIiGBsCgjLjjDBd_spellcomp_materials",
            "current": "семечко любого бобового растения",
            "max": "",
            "id": "-v7baZbY2HLyqvDYiVij"
        },
        {
            "name": "repeating_spell-2_-QSeIDIiGBsCgjLjjDBd_spelldescription",
            "current": "Линия сильного ветра длиной 60 футов и шириной 10 футов устремляется от вас в выбранном направлении. Каждое существо, которое начинает свой ход в этой линии, должно сделать успешный спасбросок по Силе или его оттолкнет на 15 футов от вас по направлению линии.   Любое существо в линии вынуждено тратить 2 фута передвижения за каждый фут, который оно проходит в вашем направлении.   Порыв ветра развеивает газ или пар, гасит свечи, факелы и другие незащищенные источники огня в области действия. Защищенные источники огня, например фонари, начинают сильно колебаться и гаснут с шансом 50 процентов.   В качестве дополнительного действия в свой ход, пока заклинание действует, вы можете изменить направление в котором ветер дует от вас.",
            "max": "",
            "id": "-hRRD4tnbyQzsOInICEv"
        },
        {
            "name": "repeating_spell-2_-QSeIDIiGBsCgjLjjDBd_spellduration",
            "current": "конц-я, до 1 мин",
            "max": "",
            "id": "-CJJHJq6aY1jiCd3a7GK"
        },
        {
            "name": "repeating_spell-2_-QSeIDIiGBsCgjLjjDBd_spellcomp_v",
            "current": "{{v=1}}",
            "max": "",
            "id": "-Owkptx6i4WKE0l9pKWQ"
        },
        {
            "name": "repeating_spell-2_-QSeIDIiGBsCgjLjjDBd_spellcomp_s",
            "current": "{{s=1}}",
            "max": "",
            "id": "-jgiGwROGZvTFPBsDXc5"
        },
        {
            "name": "repeating_spell-2_-QSeIDIiGBsCgjLjjDBd_spellcomp_m",
            "current": "{{m=1}}",
            "max": "",
            "id": "-V5SVa4WVSE2MZj05rYw"
        },
        {
            "name": "repeating_spell-2_-QSeIDIiGBsCgjLjjDBd_spellsource",
            "current": "PHB",
            "max": "",
            "id": "-2qK5TJ3xE4sPScxVUDB"
        },
        {
            "name": "repeating_spell-2_-QSeIDIiGBsCgjLjjDBd_details-flag",
            "current": "0",
            "max": "",
            "id": "-jvcHBXQSSorRCu1AoGe"
        },
        {
            "name": "repeating_spell-2_-QSeIDIiGBsCgjLjjDBd_options-flag",
            "current": "0",
            "max": "",
            "id": "-mgUdughdyyqhxKDob5y"
        },
        {
            "name": "repeating_spell-2_-XmkNwengnLY6rLwL3kZ_spellname",
            "current": "ЗЕРКАЛЬНОЕ ОТРАЖЕНИЕ",
            "max": "",
            "id": "-bWbFe0xuDfzohbHNOF0"
        },
        {
            "name": "repeating_spell-2_-XmkNwengnLY6rLwL3kZ_spellschool",
            "current": "illusion",
            "max": "",
            "id": "-PbrMFMwyfkW8YC4Hnxu"
        },
        {
            "name": "repeating_spell-2_-XmkNwengnLY6rLwL3kZ_spellcastingtime",
            "current": "1 действие",
            "max": "",
            "id": "-M9SVZ6XMCZZwKC7Ht5c"
        },
        {
            "name": "repeating_spell-2_-XmkNwengnLY6rLwL3kZ_spellrange",
            "current": "Вы",
            "max": "",
            "id": "-jUu4BgoMYWAD2UeLAaR"
        },
        {
            "name": "repeating_spell-2_-XmkNwengnLY6rLwL3kZ_spelltarget",
            "current": "",
            "max": "",
            "id": "-cRHv8gnWOeo4M3CKXqx"
        },
        {
            "name": "repeating_spell-2_-XmkNwengnLY6rLwL3kZ_spellcomp_materials",
            "current": "",
            "max": "",
            "id": "-XKBBvurOVX5PD0x2CLe"
        },
        {
            "name": "repeating_spell-2_-XmkNwengnLY6rLwL3kZ_spelldescription",
            "current": "Рядом с вами появляются три ваших иллюзорных двойника. В качестве действия вы можете отозвать двойников. Каждый раз, когда существо атакует вас во время действия заклинания, бросьте d20, чтобы определить попала ли атака по вам или по одному из двойников. Если у вас три двойника, то результат 6 или выше означает, что атака попала по двойнику. При двух иллюзиях этот результат равен 8 или выше. При одной - 11 или выше. КБ двойника равен 10 + ваш модификатор Ловкости. Если атака попадает по нему, то двойник уничтожается. Двойника можно уничтожить только попав по нему атакой. Любой другой урон или эффекты игнорируются. Заклинание заканчивается, если все три двойника уничтожены. Заклинание не действует на существ, которые не могут видеть,полагаются на другие чувства, например слеповидение, или могут различать иллюзии, например благодаря истинному зрению.",
            "max": "",
            "id": "-2kHyL84V3WjGPTJ8DqV"
        },
        {
            "name": "repeating_spell-2_-XmkNwengnLY6rLwL3kZ_spellduration",
            "current": "1 минута",
            "max": "",
            "id": "-Ainw91G84k9KcyjRV11"
        },
        {
            "name": "repeating_spell-2_-XmkNwengnLY6rLwL3kZ_spellcomp_v",
            "current": "{{v=1}}",
            "max": "",
            "id": "-6pEe1t7VkMxCEAhK6YM"
        },
        {
            "name": "repeating_spell-2_-XmkNwengnLY6rLwL3kZ_spellcomp_s",
            "current": "{{s=1}}",
            "max": "",
            "id": "-qrfYuKPKBZRmIGCZdT9"
        },
        {
            "name": "repeating_spell-2_-XmkNwengnLY6rLwL3kZ_spellcomp_m",
            "current": "0",
            "max": "",
            "id": "-ZTrWgJQoqzyMddO7Hsg"
        },
        {
            "name": "repeating_spell-2_-XmkNwengnLY6rLwL3kZ_spellsource",
            "current": "PHB",
            "max": "",
            "id": "-8arBxq2lnji0hJDeJzx"
        },
        {
            "name": "repeating_spell-2_-XmkNwengnLY6rLwL3kZ_details-flag",
            "current": "0",
            "max": "",
            "id": "-SXjxnOEmlaozq04puSt"
        },
        {
            "name": "repeating_spell-2_-XmkNwengnLY6rLwL3kZ_options-flag",
            "current": "0",
            "max": "",
            "id": "-rGTeRUICJ6ysG6FVcAF"
        },
        {
            "name": "repeating_spell-3_-Jp6uLTwwuV38xH6Q7st_spellname",
            "current": "ВОССТАВШИЙ ТРУП",
            "max": "",
            "id": "-pSj4X0aZF5U3ILo6uuW"
        },
        {
            "name": "repeating_spell-3_-Jp6uLTwwuV38xH6Q7st_spellschool",
            "current": "necromancy",
            "max": "",
            "id": "-nalI0HaypXclXr5gcI1"
        },
        {
            "name": "repeating_spell-3_-Jp6uLTwwuV38xH6Q7st_spellcastingtime",
            "current": "1 минута",
            "max": "",
            "id": "-czckAMkpfAeKM5mvZMy"
        },
        {
            "name": "repeating_spell-3_-Jp6uLTwwuV38xH6Q7st_spellrange",
            "current": "10 футов",
            "max": "",
            "id": "-KrjIHrXJZtpObY90trB"
        },
        {
            "name": "repeating_spell-3_-Jp6uLTwwuV38xH6Q7st_spelltarget",
            "current": "",
            "max": "",
            "id": "-weu1za0UBSfIKtR8Lnm"
        },
        {
            "name": "repeating_spell-3_-Jp6uLTwwuV38xH6Q7st_spellcomp_materials",
            "current": "капля крови, кусочек плоти и щепотка костяной муки",
            "max": "",
            "id": "-MjRtFDZbpVaY6ooCe5p"
        },
        {
            "name": "repeating_spell-3_-Jp6uLTwwuV38xH6Q7st_spelldescription",
            "current": "Выберите кучку костей или труп гуманоида Среднего или Маленького размера. Каждый ваш ход в качестве дополнительного действия вы можете отдавать приказ любому из существ. Вы решаете, какое действие совершит существо и куда оно пойдет в следующий ход. Получив приказ, существо следует ему, пока задача не будет выполнена. Существо находится под вашим контролем в течение 24 часов, после чего оно перестает вас слушаться. Чтобы сохранить контроль над существом еще на 24 часа, вы должны снова использовать на нем это заклинание до того, как истекут 24 часа. Это использование заклинания обновляет контроль над четырьмя восставшими существами вместо того, чтобы создать новое. <br><b>На более высоких кругах.</b> Когда вы произносите заклинание, используя ячейку 4 круга или выше, вы можете поднять или восстановить контроль над двумя дополнительными существами за каждый круг выше 3. Для каждого существа требуется отдельная куча костей или труп.",
            "max": "",
            "id": "-7LxRwAoIjKrcgcHcRFA"
        },
        {
            "name": "repeating_spell-3_-Jp6uLTwwuV38xH6Q7st_spellduration",
            "current": "<br>мгновенно",
            "max": "",
            "id": "-sEcotuwfSCyO7ZsUW6H"
        },
        {
            "name": "repeating_spell-3_-Jp6uLTwwuV38xH6Q7st_spellcomp_v",
            "current": "{{v=1}}",
            "max": "",
            "id": "-IVHfAnzhvJZMzqD2ELB"
        },
        {
            "name": "repeating_spell-3_-Jp6uLTwwuV38xH6Q7st_spellcomp_s",
            "current": "{{s=1}}",
            "max": "",
            "id": "-Tr1n7YkEfQRkusqA7KO"
        },
        {
            "name": "repeating_spell-3_-Jp6uLTwwuV38xH6Q7st_spellcomp_m",
            "current": "{{m=1}}",
            "max": "",
            "id": "-XMPIbssVq8CXlXh0KFl"
        },
        {
            "name": "repeating_spell-3_-Jp6uLTwwuV38xH6Q7st_spellsource",
            "current": "PHB",
            "max": "",
            "id": "-FxLVPgNf7SkhUvHtWHP"
        },
        {
            "name": "repeating_spell-3_-Jp6uLTwwuV38xH6Q7st_details-flag",
            "current": "0",
            "max": "",
            "id": "-Q5izPwRTzRm3BN8fWUc"
        },
        {
            "name": "repeating_spell-3_-Jp6uLTwwuV38xH6Q7st_options-flag",
            "current": "0",
            "max": "",
            "id": "-DW2Gx2xR8R3g8n7MwPz"
        },
        {
            "name": "repeating_spell-3_-uzNXXLCmbOYA37dJUvr_spellname",
            "current": "ПРОКЛЯТИЕ",
            "max": "",
            "id": "-laCBvrodfPVph51VzGE"
        },
        {
            "name": "repeating_spell-3_-uzNXXLCmbOYA37dJUvr_spellschool",
            "current": "necromancy",
            "max": "",
            "id": "-3MG8PNmaTFY2OpG3jKS"
        },
        {
            "name": "repeating_spell-3_-uzNXXLCmbOYA37dJUvr_spellcastingtime",
            "current": "1 действие",
            "max": "",
            "id": "-YnCMvI0qS99Sdxwi1Wo"
        },
        {
            "name": "repeating_spell-3_-uzNXXLCmbOYA37dJUvr_spellrange",
            "current": "Касание",
            "max": "",
            "id": "-WGdNpYVKWqouKbdLEcC"
        },
        {
            "name": "repeating_spell-3_-uzNXXLCmbOYA37dJUvr_spelltarget",
            "current": "",
            "max": "",
            "id": "-DfZDMkO3MQIwmPImlnS"
        },
        {
            "name": "repeating_spell-3_-uzNXXLCmbOYA37dJUvr_spellcomp_materials",
            "current": "",
            "max": "",
            "id": "-42lMACbBlt1xXGNE5L4"
        },
        {
            "name": "repeating_spell-3_-uzNXXLCmbOYA37dJUvr_spelldescription",
            "current": "Вы касаетесь существа, и оно должно сделать спасбросок по Мудрости, или будет проклято до тех пор, пока действует заклинание. Произнося его, вы выбираете вид проклятия из следующих вариантов: Выберите один из параметров. Цель получает помеху на спасброски и проверки этого параметра, пока проклято. Пока цель проклята, она получает помеху на броски атаки против вас. Пока цель проклята, она должна делать спасбросок по Мудрости в начале каждого своего хода. При провале оно тратит свое действие, не делая ничего. Пока цель проклята, ваши атаки и заклинания наносят ей дополнительные 1d8 некротического урона. Снятие проклятия развеивает этот эффект. По усмотрению МП, вы можете выбирать другие варианты проклятий, но они не должны быть сильнее, чем перечисленные здесь. На более высоких кругах. Если вы произносите заклинание, используя ячейку 4 круга, то максимальная длительность концентрации увеличивается до 10 минут. Если вы используете ячейку 5 круга или выше, то заклинание более не требует концентрации, а длительность увеличивается до 8 часов за ячейку 5 круга и до 24 часов за ячейку 7 круга. Если вы используете ячейку 9 круга, то проклятие остается до тех пор, пока не будет развеяно.",
            "max": "",
            "id": "-NDeLs5lSFCUxqAQa3lo"
        },
        {
            "name": "repeating_spell-3_-uzNXXLCmbOYA37dJUvr_spellduration",
            "current": "К-ция, до 1 минуты",
            "max": "",
            "id": "-D19oQzi7hG6Me1WC3vB"
        },
        {
            "name": "repeating_spell-3_-uzNXXLCmbOYA37dJUvr_spellcomp_v",
            "current": "{{v=1}}",
            "max": "",
            "id": "-WtFvN6MinGH38SA3NF6"
        },
        {
            "name": "repeating_spell-3_-uzNXXLCmbOYA37dJUvr_spellcomp_s",
            "current": "{{s=1}}",
            "max": "",
            "id": "-EUI3Ye102XIWCCQ749z"
        },
        {
            "name": "repeating_spell-3_-uzNXXLCmbOYA37dJUvr_spellcomp_m",
            "current": "0",
            "max": "",
            "id": "-mAjaeotoW8uNDiJI0xZ"
        },
        {
            "name": "repeating_spell-3_-uzNXXLCmbOYA37dJUvr_spellsource",
            "current": "",
            "max": "",
            "id": "-ycmqEQMqExCMqMxaJ0r"
        },
        {
            "name": "repeating_spell-3_-uzNXXLCmbOYA37dJUvr_details-flag",
            "current": "0",
            "max": "",
            "id": "-MLELrWPJQ4JCGrf57aH"
        },
        {
            "name": "repeating_spell-3_-uzNXXLCmbOYA37dJUvr_options-flag",
            "current": "0",
            "max": "",
            "id": "-ED6cW878a86JzqcSOZS"
        },
        {
            "name": "repeating_spell-3_-CU79XEFllCg9EBSxkEM_spellname",
            "current": "НЕОБНАРУЖИМОСТЬ",
            "max": "",
            "id": "-MuXdSrKu1U2qNU1DhAz"
        },
        {
            "name": "repeating_spell-3_-CU79XEFllCg9EBSxkEM_spellschool",
            "current": "abjuration",
            "max": "",
            "id": "-xYcDShQZ7Cb3Vi7cY1r"
        },
        {
            "name": "repeating_spell-3_-CU79XEFllCg9EBSxkEM_spellcastingtime",
            "current": "1 действие",
            "max": "",
            "id": "-pXuhHRlbODeJCAVhYpf"
        },
        {
            "name": "repeating_spell-3_-CU79XEFllCg9EBSxkEM_spellrange",
            "current": "Касание",
            "max": "",
            "id": "-4Wpm1CcnyGXeJ51Hheu"
        },
        {
            "name": "repeating_spell-3_-CU79XEFllCg9EBSxkEM_spelltarget",
            "current": "",
            "max": "",
            "id": "-HyDPJ0WhwPYoRQyQtJP"
        },
        {
            "name": "repeating_spell-3_-CU79XEFllCg9EBSxkEM_spellcomp_materials",
            "current": "щепотка алмазного порошка стоимостью 25 зм, посыпанная на цель, которая расходуется при произнесении",
            "max": "",
            "id": "-0X1tDpWnZcbudQ6Behk"
        },
        {
            "name": "repeating_spell-3_-CU79XEFllCg9EBSxkEM_spelldescription",
            "current": "Вы касаетесь цели и скрываете её от наблюдения при помощи магии прорицания, пока действует заклинание. Целью может быть согласное существо или объект не больше 10 футов по любой из сторон. Цель нельзя выбрать в качестве цели заклинаний прорицания, а сенсоры, созданные этими заклинаниями, не видят её.",
            "max": "",
            "id": "-UwhTsQXXo8EcSE6nzzQ"
        },
        {
            "name": "repeating_spell-3_-CU79XEFllCg9EBSxkEM_spellduration",
            "current": "8 часов",
            "max": "",
            "id": "-n36sVJJSaESNNaO08PV"
        },
        {
            "name": "repeating_spell-3_-CU79XEFllCg9EBSxkEM_spellcomp_v",
            "current": "{{v=1}}",
            "max": "",
            "id": "-Iyi01sDU0TMgqUYgsME"
        },
        {
            "name": "repeating_spell-3_-CU79XEFllCg9EBSxkEM_spellcomp_s",
            "current": "{{s=1}}",
            "max": "",
            "id": "-qnwugjRma13E6ZwQmR6"
        },
        {
            "name": "repeating_spell-3_-CU79XEFllCg9EBSxkEM_spellcomp_m",
            "current": "0",
            "max": "",
            "id": "-FPJ6Bp8U6jHFEuBQvSU"
        },
        {
            "name": "repeating_spell-3_-CU79XEFllCg9EBSxkEM_spellsource",
            "current": "PHB",
            "max": "",
            "id": "-gRGcNMEr7oDCw0Uo86h"
        },
        {
            "name": "repeating_spell-3_-CU79XEFllCg9EBSxkEM_details-flag",
            "current": "0",
            "max": "",
            "id": "-SAZgiR5tdTyhx0UB4cC"
        },
        {
            "name": "repeating_spell-3_-CU79XEFllCg9EBSxkEM_options-flag",
            "current": "0",
            "max": "",
            "id": "-IL1WQKBGbJxrlfkEvP4"
        },
        {
            "name": "repeating_spell-4_-tfFiJx7nwC8exTytkGL_spellname",
            "current": "УСЫХАНИЕ",
            "max": "",
            "id": "-GvpXHWvY30d7eDCoorT"
        },
        {
            "name": "repeating_spell-4_-tfFiJx7nwC8exTytkGL_spellschool",
            "current": "necromancy",
            "max": "",
            "id": "-b6lySv6Da7NoDrEfdEu"
        },
        {
            "name": "repeating_spell-4_-tfFiJx7nwC8exTytkGL_spellcastingtime",
            "current": "1 действие",
            "max": "",
            "id": "-FcTPlc7ZdPpjToGGDv0"
        },
        {
            "name": "repeating_spell-4_-tfFiJx7nwC8exTytkGL_spellrange",
            "current": "30 футов",
            "max": "",
            "id": "-JaPPkdz5Pv7odJ3WgkO"
        },
        {
            "name": "repeating_spell-4_-tfFiJx7nwC8exTytkGL_spelltarget",
            "current": "",
            "max": "",
            "id": "-Uzlt4ru3DR0d1rsiopb"
        },
        {
            "name": "repeating_spell-4_-tfFiJx7nwC8exTytkGL_spellcomp_materials",
            "current": "",
            "max": "",
            "id": "-bKjXBHkWkPCP5hT9z3r"
        },
        {
            "name": "repeating_spell-4_-tfFiJx7nwC8exTytkGL_spelldescription",
            "current": "Темная энергия захлестывает выбранное вами существо в пределах дальности заклинания, высасывая из него жизненные силы. Цель должна сделать спасбросок по Телосложению. В случае провала она получает 8d8 некротического урона, а в случае успеха - половину этого урона. Нежить и големы не восприимчивы к этому заклинанию   Если вы выбрали растительное существо или магическое растение в качестве цели, то оно совершает спасбросок с помехой, а заклинание наносит максимальный урон.   Если вы выбрали простое растение в качестве цели, то оно не делает спасбросок, а просто засыхает и умирает.<br>На более высоких кругах. Если вы произносите заклинание, используя ячейку 5 круга или выше, то урон увеличивается на 1d8 за каждый круг выше четвертого.",
            "max": "",
            "id": "-28QSZp8y5A5o5qrD4An"
        },
        {
            "name": "repeating_spell-4_-tfFiJx7nwC8exTytkGL_spellduration",
            "current": "мгновенно",
            "max": "",
            "id": "-FNnq1PWmqNJFgm75jIP"
        },
        {
            "name": "repeating_spell-4_-tfFiJx7nwC8exTytkGL_spellcomp_v",
            "current": "{{v=1}}",
            "max": "",
            "id": "-3bvffZtfUUusQKSvp7q"
        },
        {
            "name": "repeating_spell-4_-tfFiJx7nwC8exTytkGL_spellcomp_s",
            "current": "{{s=1}}",
            "max": "",
            "id": "-rM02ZmKaIz9BvzqPxDX"
        },
        {
            "name": "repeating_spell-4_-tfFiJx7nwC8exTytkGL_spellcomp_m",
            "current": "0",
            "max": "",
            "id": "-nTWotKSqEV5bqMudc9e"
        },
        {
            "name": "repeating_spell-4_-tfFiJx7nwC8exTytkGL_spellsource",
            "current": "PHB",
            "max": "",
            "id": "-rFGAYywtcB1KeZqx9jb"
        },
        {
            "name": "repeating_spell-4_-tfFiJx7nwC8exTytkGL_details-flag",
            "current": "0",
            "max": "",
            "id": "-THxPxldq2VT075zt9Us"
        },
        {
            "name": "repeating_spell-4_-tfFiJx7nwC8exTytkGL_options-flag",
            "current": "0",
            "max": "",
            "id": "-t1kqFT8RV9xjvx3dk3D"
        },
        {
            "name": "repeating_spell-2_-5JTifPT5wTxIUtPK2td_spellname",
            "current": "НЕВИДИМОСТЬ",
            "max": "",
            "id": "-dtIgbz5OJwNB5FzQHGb"
        },
        {
            "name": "repeating_spell-2_-5JTifPT5wTxIUtPK2td_spellschool",
            "current": "illusion",
            "max": "",
            "id": "-yCKujZxQpKVGpursYXt"
        },
        {
            "name": "repeating_spell-2_-5JTifPT5wTxIUtPK2td_spellcastingtime",
            "current": "1 действие",
            "max": "",
            "id": "-S8oyQh9gsj1W511R6yx"
        },
        {
            "name": "repeating_spell-2_-5JTifPT5wTxIUtPK2td_spellrange",
            "current": "Касание",
            "max": "",
            "id": "-EBxru3CBghkNyHfx3Ym"
        },
        {
            "name": "repeating_spell-2_-5JTifPT5wTxIUtPK2td_spelltarget",
            "current": "",
            "max": "",
            "id": "-eN8REepSz6FKmKsfVjg"
        },
        {
            "name": "repeating_spell-2_-5JTifPT5wTxIUtPK2td_spellcomp_materials",
            "current": "ресница, покрытая гуммиарабиком",
            "max": "",
            "id": "-D5nVgOdqcnE1BgDJ7l6"
        },
        {
            "name": "repeating_spell-2_-5JTifPT5wTxIUtPK2td_spelldescription",
            "current": "Существо, которого вы коснулись, становится невидимым на время действия заклинания. Все снаряжение персонажа также становится невидимым до тех пор, пока оно на нем. Заклинание заканчивается, если цель атакует или произносит заклинание.   На более высоких уровнях. Если вы произносите заклинание, используя ячейку 3 круга или выше, вы можете использовать его на одну дополнительную цель за каждый круг выше второго.",
            "max": "",
            "id": "-mbIAqLPm1Hh8oNTU3Xq"
        },
        {
            "name": "repeating_spell-2_-5JTifPT5wTxIUtPK2td_spellduration",
            "current": "конц-я, до 1 часа",
            "max": "",
            "id": "-ZsKjA0QnDmKQqVTPhLA"
        },
        {
            "name": "repeating_spell-2_-5JTifPT5wTxIUtPK2td_spellcomp_v",
            "current": "{{v=1}}",
            "max": "",
            "id": "-tHSD4S2vp4WJtFTXO1t"
        },
        {
            "name": "repeating_spell-2_-5JTifPT5wTxIUtPK2td_spellcomp_s",
            "current": "{{s=1}}",
            "max": "",
            "id": "-GwRbuuZ7ryBgPGD1N43"
        },
        {
            "name": "repeating_spell-2_-5JTifPT5wTxIUtPK2td_spellcomp_m",
            "current": "{{m=1}}",
            "max": "",
            "id": "-Wx9RamWGfyTb9gpyVjY"
        },
        {
            "name": "repeating_spell-2_-5JTifPT5wTxIUtPK2td_spellsource",
            "current": "PHB",
            "max": "",
            "id": "-xFDU2ixkYL735J4kSFy"
        },
        {
            "name": "repeating_spell-2_-5JTifPT5wTxIUtPK2td_details-flag",
            "current": "0",
            "max": "",
            "id": "-k3XkdN8CuNmWDuhSOzR"
        },
        {
            "name": "repeating_spell-2_-5JTifPT5wTxIUtPK2td_options-flag",
            "current": "0",
            "max": "",
            "id": "-RlS8qZcBoApjoSjxjkY"
        },
        {
            "name": "repeating_spell-5_-25HpgH8FgkzZIlBgTOz_spellname",
            "current": "ПОДЧИНЕНИЕ ПЕРСОНЫ",
            "max": "",
            "id": "-8qORJlCN1luhvobCnpD"
        },
        {
            "name": "repeating_spell-5_-25HpgH8FgkzZIlBgTOz_spellschool",
            "current": "enchantment",
            "max": "",
            "id": "-O7bdZ2Wzk4rVP05qLIH"
        },
        {
            "name": "repeating_spell-5_-25HpgH8FgkzZIlBgTOz_spellcastingtime",
            "current": "1 действие",
            "max": "",
            "id": "-Ne3ng5Pgq1eRVDUStpR"
        },
        {
            "name": "repeating_spell-5_-25HpgH8FgkzZIlBgTOz_spellrange",
            "current": "60 футов",
            "max": "",
            "id": "-oBsklMgbFH4lCfSZ93e"
        },
        {
            "name": "repeating_spell-5_-25HpgH8FgkzZIlBgTOz_spelltarget",
            "current": "",
            "max": "",
            "id": "-61nQCSOMbMM9EfAQWRA"
        },
        {
            "name": "repeating_spell-5_-25HpgH8FgkzZIlBgTOz_spellcomp_materials",
            "current": "",
            "max": "",
            "id": "-yIy1g3L5ljzAKjpSNSG"
        },
        {
            "name": "repeating_spell-5_-25HpgH8FgkzZIlBgTOz_spelldescription",
            "current": "Вы пытаетесь подчинить гуманоида. Он должен совершить спасбросок по Мудрости или будет очарован вами на время действия заклинания.  Вы можете использовать телепатическую связь, чтобы отдавать приказы, если находитесь в сознании (действия не требуется), а цель выполняет их по мере своих возможностей. Вы можете отдать простой и обобщенный приказ. В качестве действия вы можете получить полный и точный контроль над целью до конца вашего следующего хода, существо совершает только выбранные вами действия и не делает ничего, что вы не позволяете ему. В течение этого времени, вы можете совершать реакции этим существом, однако это расходует и вашу собственную реакцию.   Каждый раз, когда цель получает урон, она делает новый спасбросок по Мудрости против этого заклинания. В случае успеха, заклинание заканчивается. <br>На более высоких кругах. Если вы произносите заклинание, используя ячейку 6 круга, то максимальная длительность концентрации увеличивается до 10 минут, 7 круга - до 1 ч., 8 круга и выше - до 8 ч.",
            "max": "",
            "id": "-rNbE1UkdCsLubuuQfHY"
        },
        {
            "name": "repeating_spell-5_-25HpgH8FgkzZIlBgTOz_spellduration",
            "current": "конц-я, до 1 мин",
            "max": "",
            "id": "-MoM9yHvj13rlppzxzQ2"
        },
        {
            "name": "repeating_spell-5_-25HpgH8FgkzZIlBgTOz_spellcomp_v",
            "current": "{{v=1}}",
            "max": "",
            "id": "-RKWf8KHHc4PUQMQ3ozU"
        },
        {
            "name": "repeating_spell-5_-25HpgH8FgkzZIlBgTOz_spellcomp_s",
            "current": "{{s=1}}",
            "max": "",
            "id": "-MR5vX0kpTXfG5Tld7VM"
        },
        {
            "name": "repeating_spell-5_-25HpgH8FgkzZIlBgTOz_spellcomp_m",
            "current": "0",
            "max": "",
            "id": "-WZqTJfSngo6oYMNADFO"
        },
        {
            "name": "repeating_spell-5_-25HpgH8FgkzZIlBgTOz_spellsource",
            "current": "PHB",
            "max": "",
            "id": "-KBGBMbIRwV6khlhf3ri"
        },
        {
            "name": "repeating_spell-5_-25HpgH8FgkzZIlBgTOz_details-flag",
            "current": "0",
            "max": "",
            "id": "-AqmWP4jzPKHwuBwZ8rB"
        },
        {
            "name": "repeating_spell-5_-25HpgH8FgkzZIlBgTOz_options-flag",
            "current": "0",
            "max": "",
            "id": "-Gt70UBnjJ0WXwIj9CLl"
        },
        {
            "name": "repeating_npctrait_-vdav8g4bWhZfeNg29lU_description",
            "current": "Вампир - заклинатель 9-го уровня. Его магические способности основываются на Интеллекте (сложность спасброска 15, +7 к атаке заклинаниями). Вампир подготовлены следующие заклинания Волшебника: \n\n• Заговоры (по желанию):\n mage_hand волшебная рука [mage hand]: \n,\n prestidigitation фокусы [prestidigitation]: \n,\n ray_of_frost луч холода [ray of frost]: \n\n\n• 1ый круг (4 слота):\n comprehend_languages понимание языков [comprehend languages]: \n,\n fog_cloud облако тумана [fog cloud]: \n,\n sleep сон [sleep]: \n\n\n• 2ой круг (3 слота):\n detect_thoughts чтение мыслей [detect thoughts]: \n,\n gust_of_wind порыв ветра [gust of wind]: \n,\n mirror_image зеркальное отражение [mirror image]: \n\n\n• 3ий круг (3 слота):\n animate_dead восставший труп [animate dead]: \n,\n bestow_curse проклятие [bestow curse]: \n,\n nondetection необнаружимость [nondetection]: \n\n\n• 4ый круг (3 слота):\n blight усыхание [blight]: \n,\n invisibility невидимость [invisibility]: \n\n\n• 5ый круг (1 слот):\n dominate_person подчинение персоны [dominate person]: \n\n\n",
            "max": "",
            "id": "-y5faq9LORjCIN7Xnq3L"
        },
        {
            "name": "npcspellcastingflag",
            "current": "1",
            "max": "",
            "id": "-MZvdsDx3rDaweZtpZOf"
        }
    ],
    "abilities": []
}