{
    "schema_version": 2,
    "oldId": "-IfO2h33HQg8BjL6SawQ",
    "name": "Вампир воин (Vampire Warrior)",
    "avatar": "https://tentaculus.ru/monsters/img/cute_monsters/VAMPIRE_WARRIOR.jpg",
    "bio": "",
    "gmnotes": "",
    "defaulttoken": "",
    "tags": "[]",
    "controlledby": "",
    "inplayerjournals": "",
    "attribs": [
        {
            "name": "hitdieroll",
            "current": "4",
            "max": "",
            "id": "-dYo6TKVyrRnKSghrn3x"
        },
        {
            "name": "showleveler",
            "current": 0,
            "max": "",
            "id": "-3a1UrQB6zTeDbl7myl4"
        },
        {
            "name": "invalidXP",
            "current": 0,
            "max": "",
            "id": "-p4zE71XdXsY82a2GdhH"
        },
        {
            "name": "version",
            "current": 4.21,
            "max": "",
            "id": "-FE8juGjCnqUPgx0dSyU"
        },
        {
            "name": "mancer_confirm_flag",
            "current": "",
            "max": "",
            "id": "-zG3J6LIhO04WYperxMc"
        },
        {
            "name": "mancer_npc",
            "current": "on",
            "max": "",
            "id": "-Gm9wMA6HGXSbuoooIOB"
        },
        {
            "name": "l1mancer_status",
            "current": "completed",
            "max": "",
            "id": "-E2fwCOmVuih6DiFNAWg"
        },
        {
            "name": "rtype",
            "current": "@{advantagetoggle}",
            "max": "",
            "id": "-IgM5aPNL8UZJKobZbcl"
        },
        {
            "name": "dtype",
            "current": "full",
            "max": "",
            "id": "-b2HPOk5BVM17bmqez3h"
        },
        {
            "name": "appliedUpdates",
            "current": "upgrade_to_4_2_1",
            "max": "",
            "id": "-FS77pNM4GupRU5Jpm93"
        },
        {
            "name": "npc",
            "current": "1",
            "max": "",
            "id": "-bg9Q6VFaSKr0ZBxc4z7"
        },
        {
            "name": "npc_options-flag",
            "current": "0",
            "max": "",
            "id": "-ou1yvKgwK4aQQkk9GGU"
        },
        {
            "name": "ui_flags",
            "current": "",
            "max": "",
            "id": "-zYDigX1O1WrGoD8RtN0"
        },
        {
            "name": "npc_name",
            "current": "Вампир воин (Vampire Warrior)",
            "max": "",
            "id": "-cH6MpRTrDp7Bge9WJoN"
        },
        {
            "name": "npc_type",
            "current": "нежить (перевертыш) законно-злое",
            "max": "",
            "id": "-FDb75FRyPxYOxQnnoNp"
        },
        {
            "name": "npc_speed",
            "current": "6 клеток",
            "max": "",
            "id": "-aGYEbvJTj43ojRIvzbs"
        },
        {
            "name": "hp",
            "current": "",
            "max": "144",
            "id": "-VFY1qGguYpcdTBoSKb8"
        },
        {
            "name": "npc_ac",
            "current": "18 (полный доспех)",
            "max": "",
            "id": "-qzyjw5EQsv7XCIm2vOd"
        },
        {
            "name": "ac",
            "current": "18 (полный доспех)",
            "max": "",
            "id": "-vrFLnXPheuPvEXgUzCg"
        },
        {
            "name": "npc_languages",
            "current": "языки которые он знал при жизни",
            "max": "",
            "id": "-sxvCqJsUrXGjBavV6FI"
        },
        {
            "name": "npc_challenge",
            "current": "15",
            "max": "",
            "id": "-bhwHySrox1pkV8e9ymg"
        },
        {
            "name": "passive_wisdom",
            "current": "15",
            "max": "",
            "id": "-QDUtfhZuMJBdZi84dbQ"
        },
        {
            "name": "initiative_bonus",
            "current": 4,
            "max": "",
            "id": "-t78lCkdSnGQ8vkDYz2Q"
        },
        {
            "name": "npc_hpformula",
            "current": "17d8 + 68",
            "max": "",
            "id": "-lvVfJEFSul0nebz4ptc"
        },
        {
            "name": "strength_base",
            "current": "18",
            "max": "",
            "id": "-lDcFyfUd0a9zQi2VJu2"
        },
        {
            "name": "strength_flag",
            "current": "0",
            "max": "",
            "id": "-TIMF4WPjTSsooGaGT0C"
        },
        {
            "name": "strength",
            "current": 18,
            "max": "",
            "id": "-NS1f6McfnpwyDHgGUtx"
        },
        {
            "name": "strength_mod",
            "current": 4,
            "max": "",
            "id": "-466FbYLzs31Fvhjc3Ne"
        },
        {
            "name": "npc_str_negative",
            "current": 0,
            "max": "",
            "id": "-fv691vJKStN3w5V4Opm"
        },
        {
            "name": "dexterity_base",
            "current": "18",
            "max": "",
            "id": "-Dc7DslawsN46iykz1cL"
        },
        {
            "name": "dexterity_flag",
            "current": "0",
            "max": "",
            "id": "-VafAtbARX0wTcPGwXek"
        },
        {
            "name": "dexterity",
            "current": 18,
            "max": "",
            "id": "-58MsYJKx8pLjxHEassE"
        },
        {
            "name": "dexterity_mod",
            "current": 4,
            "max": "",
            "id": "-sUkw8pVS5zxEFckojKS"
        },
        {
            "name": "npc_dex_negative",
            "current": 0,
            "max": "",
            "id": "-zcxpTmmYIfyuNESyywb"
        },
        {
            "name": "constitution_base",
            "current": "18",
            "max": "",
            "id": "-20EqvvX8Jmq96vNIJXQ"
        },
        {
            "name": "constitution_flag",
            "current": "0",
            "max": "",
            "id": "-tai7lmHyY5dATgLjZLc"
        },
        {
            "name": "constitution",
            "current": 18,
            "max": "",
            "id": "-DZj3FHcjGL0os4bmFz1"
        },
        {
            "name": "constitution_mod",
            "current": 4,
            "max": "",
            "id": "-F3XGvqO9dD08RSeKQ5J"
        },
        {
            "name": "npc_con_negative",
            "current": 0,
            "max": "",
            "id": "-S6lpS8I7qbI0khlTUfm"
        },
        {
            "name": "intelligence_base",
            "current": "17",
            "max": "",
            "id": "-SHJr0Qa8NRMLWYrzDZP"
        },
        {
            "name": "intelligence_flag",
            "current": "0",
            "max": "",
            "id": "-qBP2Pcvzy2Dyq5SDTT2"
        },
        {
            "name": "intelligence",
            "current": 17,
            "max": "",
            "id": "-5jxYpHtiJTKsneaQVql"
        },
        {
            "name": "intelligence_mod",
            "current": 3,
            "max": "",
            "id": "-rqRhniWl3P64T7ENrGP"
        },
        {
            "name": "npc_int_negative",
            "current": 0,
            "max": "",
            "id": "-A6qkB1F2qAVplb1waCd"
        },
        {
            "name": "wisdom_base",
            "current": "15",
            "max": "",
            "id": "-SsnZNQF4nPZ1HpvSyet"
        },
        {
            "name": "wisdom_flag",
            "current": "0",
            "max": "",
            "id": "-phMHHw5xCalQi8WEgDE"
        },
        {
            "name": "wisdom",
            "current": 15,
            "max": "",
            "id": "-d39zQ7jwMEwGlw721Mz"
        },
        {
            "name": "wisdom_mod",
            "current": 2,
            "max": "",
            "id": "-0OKmw6bCd9C7rpYW4lc"
        },
        {
            "name": "npc_wis_negative",
            "current": 0,
            "max": "",
            "id": "-TG8tMOOTZSpGUDpHfPs"
        },
        {
            "name": "charisma_base",
            "current": "18",
            "max": "",
            "id": "-4hqSXTSbziZgZvwdXXO"
        },
        {
            "name": "charisma_flag",
            "current": "0",
            "max": "",
            "id": "-cIOc456x2spxCby5fW7"
        },
        {
            "name": "charisma",
            "current": 18,
            "max": "",
            "id": "-ow9NVrjL5ttzcz218IN"
        },
        {
            "name": "charisma_mod",
            "current": 4,
            "max": "",
            "id": "-UDdm4yDGd9XCnDOX0p3"
        },
        {
            "name": "npc_cha_negative",
            "current": 0,
            "max": "",
            "id": "-Uy4fD0GPprsZpNuTrG6"
        },
        {
            "name": "npc_skills_flag",
            "current": 3,
            "max": "",
            "id": "-l9TcZOHCRfKr51mGdNe"
        },
        {
            "name": "npc_perception_base",
            "current": "7",
            "max": "",
            "id": "-FUlty9XrBxb0Th3GkYu"
        },
        {
            "name": "npc_perception_flag",
            "current": "1",
            "max": "",
            "id": "-b5qgSDhHsQY5pLE2V6H"
        },
        {
            "name": "npc_perception",
            "current": 7,
            "max": "",
            "id": "-0orh4zI5c2rbamJj99I"
        },
        {
            "name": "npc_stealth_base",
            "current": "9",
            "max": "",
            "id": "-6OqzQKStpitaGVr84sY"
        },
        {
            "name": "npc_stealth_flag",
            "current": "1",
            "max": "",
            "id": "-uKH4Goe4c2yDnOn2WeB"
        },
        {
            "name": "npc_stealth",
            "current": 9,
            "max": "",
            "id": "-MflY8cCI78PZr758xEo"
        },
        {
            "name": "npc_saving_flag",
            "current": 7,
            "max": "",
            "id": "-Uy17xNj7kZock5LbFF9"
        },
        {
            "name": "npc_dex_save_base",
            "current": "9",
            "max": "",
            "id": "-15eQMnQX1Mtm4yRiZID"
        },
        {
            "name": "npc_dex_save_flag",
            "current": 1,
            "max": "",
            "id": "-JjQxi79Y8HjdOT3Wjij"
        },
        {
            "name": "npc_dex_save",
            "current": 9,
            "max": "",
            "id": "-zZOirGkxecuTd1S35uL"
        },
        {
            "name": "npc_wis_save_base",
            "current": "7",
            "max": "",
            "id": "-tCTiHYbEeNkqwOesEeC"
        },
        {
            "name": "npc_wis_save_flag",
            "current": 1,
            "max": "",
            "id": "-y7ktaSO4FsCccfXPYcK"
        },
        {
            "name": "npc_wis_save",
            "current": 7,
            "max": "",
            "id": "-qivRl33QmF4Xhee3TEl"
        },
        {
            "name": "npc_cha_save_base",
            "current": "9",
            "max": "",
            "id": "-6DEbhQw9hXnRpdYJyQu"
        },
        {
            "name": "npc_cha_save_flag",
            "current": 1,
            "max": "",
            "id": "-AveTZUo2Hm3oMDGiHeq"
        },
        {
            "name": "npc_cha_save",
            "current": 9,
            "max": "",
            "id": "-E1PyQM9We1zY608eRbo"
        },
        {
            "name": "npc_resistances",
            "current": "некротика; дробящий, колющий, и рубящий от немагического оружия",
            "max": "",
            "id": "-SEtK3GOcBGsZVwFLrVl"
        },
        {
            "name": "npc_senses",
            "current": "темнозрение 24 клетки",
            "max": "",
            "id": "-oOkqfQu8cvKjOo1awJf"
        },
        {
            "name": "repeating_npcaction_-K2TaxFI3LSjwqinj8M9_name",
            "current": "Мультиатака (только для формы вампира)",
            "max": "",
            "id": "-barcFl7jh0Vp1M8ZJ7F"
        },
        {
            "name": "repeating_npcaction_-K2TaxFI3LSjwqinj8M9_description",
            "current": "Вампир проводит две атаки, только одна из которых может быть Укусом.",
            "max": "",
            "id": "-QJRpuCSdTorJVMNU9km"
        },
        {
            "name": "repeating_npcaction_-K2TaxFI3LSjwqinj8M9_attack_tohitrange",
            "current": "+0",
            "max": "",
            "id": "-oWXndYWV4kxsKtNRsZn"
        },
        {
            "name": "repeating_npcaction_-K2TaxFI3LSjwqinj8M9_attack_onhit",
            "current": "",
            "max": "",
            "id": "-Mw0a8TCy6LedHvJyyzN"
        },
        {
            "name": "repeating_npcaction_-K2TaxFI3LSjwqinj8M9_damage_flag",
            "current": "",
            "max": "",
            "id": "-vtduJWllmNRFg99Xwib"
        },
        {
            "name": "repeating_npcaction_-K2TaxFI3LSjwqinj8M9_attack_crit",
            "current": "",
            "max": "",
            "id": "-MmD0SVAeRZjEpvmeCQR"
        },
        {
            "name": "repeating_npcaction_-K2TaxFI3LSjwqinj8M9_attack_crit2",
            "current": "",
            "max": "",
            "id": "-01mbJlRFkAiIRNofRFd"
        },
        {
            "name": "repeating_npcaction_-K2TaxFI3LSjwqinj8M9_rollbase",
            "current": "@{wtype}&{template:npcaction} @{npc_name_flag} {{rname=@{name}}} {{description=@{show_desc}}} @{charname_output}",
            "max": "",
            "id": "-7eGOYLzC16SXjPgJ3Yc"
        },
        {
            "name": "repeating_npcaction_-L9YOzgKkRsnaqk1qYog_name",
            "current": "Безоружный удар (только для формы вампира)",
            "max": "",
            "id": "-CuRl6vQzd1z6aZVIxBj"
        },
        {
            "name": "repeating_npcaction_-L9YOzgKkRsnaqk1qYog_description",
            "current": "Рукопашное Оружие: +9 к атаке, досягаемость: 1 клетка, одно существо. Попадание: 8 (1d8 + 4) дробящего урона. Вместо нанесения урона, вампир может захватить цель (сложность освобождения 18).",
            "max": "",
            "id": "-GHLxCBMZJWkWMiS4TOs"
        },
        {
            "name": "repeating_npcaction_-L9YOzgKkRsnaqk1qYog_attack_flag",
            "current": "on",
            "max": "",
            "id": "-fMBX1Y4Cry2M53b0mvA"
        },
        {
            "name": "repeating_npcaction_-L9YOzgKkRsnaqk1qYog_attack_tohitrange",
            "current": "+9",
            "max": "",
            "id": "-BOcajdU785FyM6YYm2o"
        },
        {
            "name": "repeating_npcaction_-L9YOzgKkRsnaqk1qYog_attack_onhit",
            "current": "",
            "max": "",
            "id": "-5cirF7wA1LwvFqH2xcv"
        },
        {
            "name": "repeating_npcaction_-L9YOzgKkRsnaqk1qYog_attack_tohit",
            "current": "9",
            "max": "",
            "id": "-5zy0BxH9FHtyFQ1y9o2"
        },
        {
            "name": "repeating_npcaction_-L9YOzgKkRsnaqk1qYog_attack_damage",
            "current": "1d8+4",
            "max": "",
            "id": "-6P6UJVnWYb2P6oj75uh"
        },
        {
            "name": "repeating_npcaction_-L9YOzgKkRsnaqk1qYog_damage_flag",
            "current": "{{damage=1}} {{dmg1flag=1}}",
            "max": "",
            "id": "-yDTuqTHPUXXdswovWam"
        },
        {
            "name": "repeating_npcaction_-L9YOzgKkRsnaqk1qYog_rollbase",
            "current": "@{wtype}&{template:npcaction} {{attack=1}} @{damage_flag} @{npc_name_flag} {{rname=@{name}}} {{r1=[[@{d20}+(@{attack_tohit})]]}} @{rtype}+(@{attack_tohit})]]}} {{dmg1=[[@{attack_damage}]]}} {{dmg1type=@{attack_damagetype}}} {{dmg2=[[@{attack_damage2}+0]]}} {{dmg2type=@{attack_damagetype2}}} {{crit1=[[@{attack_crit}+0]]}} {{crit2=[[@{attack_crit2}+0]]}} {{description=@{show_desc}}} @{charname_output}",
            "max": "",
            "id": "-IMnUuqbJLXHml7jV6bR"
        },
        {
            "name": "repeating_npcaction_-L9YOzgKkRsnaqk1qYog_attack_crit",
            "current": "1d8+4",
            "max": "",
            "id": "-TpjbCASWTtdF7qTYayv"
        },
        {
            "name": "repeating_npcaction_-L9YOzgKkRsnaqk1qYog_attack_crit2",
            "current": "",
            "max": "",
            "id": "-H5ql85sNBaUQPSeG4Qf"
        },
        {
            "name": "repeating_npcaction_-TuKrTwOiVA9BhoBXt9A_name",
            "current": "Укус (форма вампира или летучей мыши)",
            "max": "",
            "id": "-Hw4T8QK3gXAmRsaVqQM"
        },
        {
            "name": "repeating_npcaction_-TuKrTwOiVA9BhoBXt9A_description",
            "current": "Рукопашное Оружие: +9 к атаке, досягаемость: 1 клетка, одно согласное существо, или существо захваченное вампиром, небоеспособное, или удерживаемое. Попадание: 7 (1d6 + 4) колющего урона плюс 10 (3d6) урона некротикой. Максимум очков здоровья цели уменьшается на количество полученного урона некротикой, а вампир восстанавливает очков здоровья в количестве этого урона. Уменьшение максимума ОЗ длится до длительного отдыха. Если эффект уменьшает максимум ОЗ цели до 0, цель умирает. Гуманоид, убитый таким образом, будучи похороненным, восстает в следующую ночь Вампирским отродьем под управлением вампира.",
            "max": "",
            "id": "-3YOWmlE5JIBvTQXNsWG"
        },
        {
            "name": "repeating_npcaction_-TuKrTwOiVA9BhoBXt9A_attack_flag",
            "current": "on",
            "max": "",
            "id": "-tX8Om2AH7Dg2mOgIqkE"
        },
        {
            "name": "repeating_npcaction_-TuKrTwOiVA9BhoBXt9A_attack_tohitrange",
            "current": "+9",
            "max": "",
            "id": "-mwgeERARYmNRcEZyXil"
        },
        {
            "name": "repeating_npcaction_-TuKrTwOiVA9BhoBXt9A_attack_onhit",
            "current": "",
            "max": "",
            "id": "-MYo1PTqhhbhh8Srib8I"
        },
        {
            "name": "repeating_npcaction_-TuKrTwOiVA9BhoBXt9A_attack_tohit",
            "current": "9",
            "max": "",
            "id": "-IwtytpziO8M9sR7kuUJ"
        },
        {
            "name": "repeating_npcaction_-TuKrTwOiVA9BhoBXt9A_attack_damage",
            "current": "1d6+4+3d6",
            "max": "",
            "id": "-jPaB7oZkITKT01A2y6Q"
        },
        {
            "name": "repeating_npcaction_-TuKrTwOiVA9BhoBXt9A_damage_flag",
            "current": "{{damage=1}} {{dmg1flag=1}}",
            "max": "",
            "id": "-4u9f1laQEsCAWXur52V"
        },
        {
            "name": "repeating_npcaction_-TuKrTwOiVA9BhoBXt9A_rollbase",
            "current": "@{wtype}&{template:npcaction} {{attack=1}} @{damage_flag} @{npc_name_flag} {{rname=@{name}}} {{r1=[[@{d20}+(@{attack_tohit})]]}} @{rtype}+(@{attack_tohit})]]}} {{dmg1=[[@{attack_damage}]]}} {{dmg1type=@{attack_damagetype}}} {{dmg2=[[@{attack_damage2}+0]]}} {{dmg2type=@{attack_damagetype2}}} {{crit1=[[@{attack_crit}+0]]}} {{crit2=[[@{attack_crit2}+0]]}} {{description=@{show_desc}}} @{charname_output}",
            "max": "",
            "id": "-m9gX84RVai1kbcdIwyy"
        },
        {
            "name": "repeating_npcaction_-TuKrTwOiVA9BhoBXt9A_attack_crit",
            "current": "1d6+4+3d6",
            "max": "",
            "id": "-T9cbL3eI2qYThLyxEWx"
        },
        {
            "name": "repeating_npcaction_-TuKrTwOiVA9BhoBXt9A_attack_crit2",
            "current": "",
            "max": "",
            "id": "-MpQTN7toaNO8FK79KeH"
        },
        {
            "name": "repeating_npcaction_-GmaM7egCXV4sFehTpkH_name",
            "current": "Очарование",
            "max": "",
            "id": "-ytojjCCv4RKaDTDY1BH"
        },
        {
            "name": "repeating_npcaction_-GmaM7egCXV4sFehTpkH_description",
            "current": [
                "Вампир выбирает одного гуманоида, которого он может видеть в пределах 6 клеток от него. Если цель видит вампира, она должна выполнить успешный спасбросок со сложностью 17 по Мудрости против этой магии или она станет очарованной вампиром. Очарованная цель относится к вампиру как к доверенному другу, которого нужно слушаться и защищать. Хотя цель не под управлением вампира, она старается выполнять его команды наилучшим образом, и согласна на атаку Укусом.",
                "Каждый раз когда сам вампир или его союзники делают что-то вредное для цели, она может повторить спасбросок. В случае успешного спасброска эффект заканчивается. В противном случае эффект длится 24 часа, до уничтожения вампира, до перемещения вампира на другой План, или пока вампир не отменит эффект бонусным действием."
            ],
            "max": "",
            "id": "-kbeP2ehBGO1KKcwXlk6"
        },
        {
            "name": "repeating_npcaction_-GmaM7egCXV4sFehTpkH_attack_tohitrange",
            "current": "+0",
            "max": "",
            "id": "-tbDENeRNBZUAshrSjJP"
        },
        {
            "name": "repeating_npcaction_-GmaM7egCXV4sFehTpkH_attack_onhit",
            "current": "",
            "max": "",
            "id": "-KPYdeCOPbn9HXPzi7oY"
        },
        {
            "name": "repeating_npcaction_-GmaM7egCXV4sFehTpkH_damage_flag",
            "current": "",
            "max": "",
            "id": "-hAy2IqYqMUJB2QHyis8"
        },
        {
            "name": "repeating_npcaction_-GmaM7egCXV4sFehTpkH_attack_crit",
            "current": "",
            "max": "",
            "id": "-3Ddumm18rICOAx7lBMb"
        },
        {
            "name": "repeating_npcaction_-GmaM7egCXV4sFehTpkH_attack_crit2",
            "current": "",
            "max": "",
            "id": "-rNKPEbiqjuli6MY76xD"
        },
        {
            "name": "repeating_npcaction_-GmaM7egCXV4sFehTpkH_rollbase",
            "current": "@{wtype}&{template:npcaction} @{npc_name_flag} {{rname=@{name}}} {{description=@{show_desc}}} @{charname_output}",
            "max": "",
            "id": "-UOdTkktqNLayVfVjGIW"
        },
        {
            "name": "repeating_npcaction_-RUJfEAnAl5iLtWjB0m4_name",
            "current": "Дети ночи (раз в день)",
            "max": "",
            "id": "-AaV6UnTsPQjEENyfYxj"
        },
        {
            "name": "repeating_npcaction_-RUJfEAnAl5iLtWjB0m4_description",
            "current": "Вампир магически призывает 2d4 роев летучих мышей или крыс, если солнце еще не взошло. На открытом воздухе вампир может вместо этого призвать 3d6 волков. Призванные существа появляются через 1d4 раундов, действуют как союзники вампира и подчиняются его вербальным командам. Звери остаются на 1 час, до смерти вампира, или пока вампир не отпустит их бонусным действием.",
            "max": "",
            "id": "-UEOpbyKjnm7fyUALaKT"
        },
        {
            "name": "repeating_npcaction_-RUJfEAnAl5iLtWjB0m4_attack_tohitrange",
            "current": "+0",
            "max": "",
            "id": "-JsAXZkt7560ETJgtqOI"
        },
        {
            "name": "repeating_npcaction_-RUJfEAnAl5iLtWjB0m4_attack_onhit",
            "current": "",
            "max": "",
            "id": "-NSKXSEUNkdEEJZK5N1q"
        },
        {
            "name": "repeating_npcaction_-RUJfEAnAl5iLtWjB0m4_damage_flag",
            "current": "",
            "max": "",
            "id": "-5M3oMnarFT6qx26JQvl"
        },
        {
            "name": "repeating_npcaction_-RUJfEAnAl5iLtWjB0m4_attack_crit",
            "current": "",
            "max": "",
            "id": "-BYtThMZVjfyXETQGpIU"
        },
        {
            "name": "repeating_npcaction_-RUJfEAnAl5iLtWjB0m4_attack_crit2",
            "current": "",
            "max": "",
            "id": "-r89qiE47syEIDuMme9H"
        },
        {
            "name": "repeating_npcaction_-RUJfEAnAl5iLtWjB0m4_rollbase",
            "current": "@{wtype}&{template:npcaction} @{npc_name_flag} {{rname=@{name}}} {{description=@{show_desc}}} @{charname_output}",
            "max": "",
            "id": "-8awBx7dedfMp0SC0WLd"
        },
        {
            "name": "repeating_npcaction_-CjlErEYTrAFW0hZ3bIV_name",
            "current": "Двуручный меч",
            "max": "",
            "id": "-UntLqCIS90CjRRwY6rt"
        },
        {
            "name": "repeating_npcaction_-CjlErEYTrAFW0hZ3bIV_description",
            "current": "Рукопашное Оружие: +9 к атаке, досягаемость: 1 клетка, одно существо. Попадание: 11 (2d6 + 4) рубящего урона.",
            "max": "",
            "id": "-2YAaciPybSVzK7WgoAJ"
        },
        {
            "name": "repeating_npcaction_-CjlErEYTrAFW0hZ3bIV_attack_flag",
            "current": "on",
            "max": "",
            "id": "-hWyEhjX96CqNVXAePv2"
        },
        {
            "name": "repeating_npcaction_-CjlErEYTrAFW0hZ3bIV_attack_tohitrange",
            "current": "+9",
            "max": "",
            "id": "-tDqCs1Pw7t227WxLKRJ"
        },
        {
            "name": "repeating_npcaction_-CjlErEYTrAFW0hZ3bIV_attack_onhit",
            "current": "",
            "max": "",
            "id": "-7K8yCtVmP5ZWy1ugVHv"
        },
        {
            "name": "repeating_npcaction_-CjlErEYTrAFW0hZ3bIV_attack_tohit",
            "current": "9",
            "max": "",
            "id": "-z0gfXU61IGCa1kjsbFe"
        },
        {
            "name": "repeating_npcaction_-CjlErEYTrAFW0hZ3bIV_attack_damage",
            "current": "2d6+4",
            "max": "",
            "id": "-GEBIpHrZoqYqazxqW3x"
        },
        {
            "name": "repeating_npcaction_-CjlErEYTrAFW0hZ3bIV_damage_flag",
            "current": "{{damage=1}} {{dmg1flag=1}}",
            "max": "",
            "id": "-UPQiOpi3GvECMung7bj"
        },
        {
            "name": "repeating_npcaction_-CjlErEYTrAFW0hZ3bIV_rollbase",
            "current": "@{wtype}&{template:npcaction} {{attack=1}} @{damage_flag} @{npc_name_flag} {{rname=@{name}}} {{r1=[[@{d20}+(@{attack_tohit})]]}} @{rtype}+(@{attack_tohit})]]}} {{dmg1=[[@{attack_damage}]]}} {{dmg1type=@{attack_damagetype}}} {{dmg2=[[@{attack_damage2}+0]]}} {{dmg2type=@{attack_damagetype2}}} {{crit1=[[@{attack_crit}+0]]}} {{crit2=[[@{attack_crit2}+0]]}} {{description=@{show_desc}}} @{charname_output}",
            "max": "",
            "id": "-4tjsQdfa0urZnIMSv96"
        },
        {
            "name": "repeating_npcaction_-CjlErEYTrAFW0hZ3bIV_attack_crit",
            "current": "2d6+4",
            "max": "",
            "id": "-8Mylf2rIgr91qpK6NQy"
        },
        {
            "name": "repeating_npcaction_-CjlErEYTrAFW0hZ3bIV_attack_crit2",
            "current": "",
            "max": "",
            "id": "-v0kca746EDyOtz0ekW0"
        },
        {
            "name": "repeating_npctrait_-DU65RJzKEHkv1Rd8Np2_name",
            "current": "Перевертыш",
            "max": "",
            "id": "-1LZ3olBM5LQVTxHYaai"
        },
        {
            "name": "repeating_npctrait_-DU65RJzKEHkv1Rd8Np2_description",
            "current": "Если вампир не на солнечном свете, или в проточной воде, он может использовать основное действие чтобы превратиться в Крошечную летучую мышь или Среднее облако тумана, или возвращается в истинную форму.\n\nНаходясь в форме летучей мыши, вампир не может разговаривать, его пешая скорость снижается до 1 клетки, но он приобретает скорость полета 6 клеток. Все характеристики, кроме размера и скорости, не изменяются. Все что надето - трансформируется, но вещи, которые переносятся в руках - нет. После смерти возвращается в истинную форму.\n\nНаходясь в туманной форме, вампир не может использовать действия реакции, говорить, и манипулировать предметами. Он невесом, имеет скорость полета 4 клетки, может парить, а также может войти в пространство противника и остановиться в нем. Кроме того, туман может пройти везде, где может пройти воздух, туман не может пройти сквозь воду. Он имеет преимущество на проверки Силы, Ловкости, и Телосложения, а также обладает иммунитетом ко всему немагическому урону, кроме урона от солнечного света.\n\n",
            "max": "",
            "id": "-93JvzI6ZKTin46lb7LM"
        },
        {
            "name": "repeating_npctrait_-IVvfr7d8nvKplAmDy7D_name",
            "current": "Легендарное Сопротивление (3/в день)",
            "max": "",
            "id": "-FrCYgObHPYZDQYjCpj1"
        },
        {
            "name": "repeating_npctrait_-IVvfr7d8nvKplAmDy7D_description",
            "current": "Если вампир проваливает спасбросок, он может вместо этого считать его успешным.",
            "max": "",
            "id": "-bsmdYPtkT7rL7K5DXoC"
        },
        {
            "name": "repeating_npctrait_-V7n0Ooa4wgTbAjfAoBg_name",
            "current": "Туманный побег",
            "max": "",
            "id": "-c4tAf7V9cPbVlgunDdb"
        },
        {
            "name": "repeating_npctrait_-V7n0Ooa4wgTbAjfAoBg_description",
            "current": "Если очки здоровья вампира опускаются до 0 вне его места отдыха, вампир превращается в облако тумана (как указано в свойстве перевертыш) вместо того, чтобы лишиться сознания, при условии что он не находится в солнечном свете или в проточной воде. Если вампир не может трансформироваться, он уничтожен.\n\nПока вампир имеет 0 очков здоровья, он не может превратиться из туманной формы в обычную и должен добраться до места отдыха за 2 часа, или будет уничтожен. Достигнув места отдыха, вампир возвращается в обычную форму. Он парализован, пока не восстановит хотя бы 1 очко здоровья, что он может сделать проведя в месте отдыха 1 час.\n\n",
            "max": "",
            "id": "-SIRDfkBpAEcfmjbe6Uw"
        },
        {
            "name": "repeating_npctrait_-4SISnGmYmWJJLGmJKP5_name",
            "current": "Регенерация",
            "max": "",
            "id": "-XKZgNN1jKCqw6Qz3J9U"
        },
        {
            "name": "repeating_npctrait_-4SISnGmYmWJJLGmJKP5_description",
            "current": "Вампир восстанавливает 20 очков здоровья в начале каждого своего хода, если у него остается хотя бы одно очко здоровья и он не в солнечном свете или в проточной воде. Если вампир получает урон излучением или урон от святой воды, регенерация не действует до начала следующего хода вампира.",
            "max": "",
            "id": "-i0rnZKjjfjaAXeC2gGL"
        },
        {
            "name": "repeating_npctrait_-fMr5bmnJmgeyq2qPOJZ_name",
            "current": "Паучье Лазание",
            "max": "",
            "id": "-5S1EMi71drkXuCIAY7V"
        },
        {
            "name": "repeating_npctrait_-fMr5bmnJmgeyq2qPOJZ_description",
            "current": "Вампир может карабкаться по труднопроходимой местности, в том числе и по потолку, без каких-либо проверок.",
            "max": "",
            "id": "-4vfSS1WkjAm8bgv37Bm"
        },
        {
            "name": "repeating_npctrait_-4VJRZ0O8OKvcywpppfg_name",
            "current": "Слабые стороны вампира",
            "max": "",
            "id": "-eTjlfcMfwRI4RanlOYJ"
        },
        {
            "name": "repeating_npctrait_-4VJRZ0O8OKvcywpppfg_description",
            "current": "Вампир имеет следующие изъяны: \n\nЗапрет. Вампир не может войти в жилище без приглашения одного из жителей.\n\nУрон от проточной воды. Вампир получает 20 урона ядом если заканчивает свой ход в проточной воде.\n\nКол в сердце. Если проткнуть сердце вампира колющим деревянным оружием пока он без сознание в своем логове, вампир станет парализован пока кол не выдернут.\n\nСверхчувствительность к солнечному свету. Вампир получает 20 урона излучением когда начинает свой ход в солнечном свете. Находясь на свету, он имеет помеху на броски атаки и проверки навыков.\n\n",
            "max": "",
            "id": "-g075ocmRJHryxeQpFRD"
        },
        {
            "name": "npcspellcastingflag",
            "current": "0",
            "max": "",
            "id": "-6McKXTAVfP3kWtFTXew"
        }
    ],
    "abilities": []
}