{
    "schema_version": 2,
    "oldId": "-Uw4llucYaihowy9mPKR",
    "name": "Нотик (Nothic)",
    "avatar": "https://tentaculus.ru/monsters/img/cute_monsters/NOTHIC.jpg",
    "bio": "",
    "gmnotes": "",
    "defaulttoken": "",
    "tags": "[]",
    "controlledby": "",
    "inplayerjournals": "",
    "attribs": [
        {
            "name": "hitdieroll",
            "current": "4",
            "max": "",
            "id": "-9kM0Ozhhb3xhtPbIjpK"
        },
        {
            "name": "showleveler",
            "current": 0,
            "max": "",
            "id": "-7S5iHYyokbkZSHmUXn9"
        },
        {
            "name": "invalidXP",
            "current": 0,
            "max": "",
            "id": "-eSVjgz3Q52FDWsFW39A"
        },
        {
            "name": "version",
            "current": 4.21,
            "max": "",
            "id": "-hQ66t4xeQ2VPGAiwv6B"
        },
        {
            "name": "mancer_confirm_flag",
            "current": "",
            "max": "",
            "id": "-6YtHeiuujOhfh8JNTyN"
        },
        {
            "name": "mancer_npc",
            "current": "on",
            "max": "",
            "id": "-55nWTNrU5NPXfdf0FUS"
        },
        {
            "name": "l1mancer_status",
            "current": "completed",
            "max": "",
            "id": "-CILDGL3vcr6NmogDwky"
        },
        {
            "name": "rtype",
            "current": "@{advantagetoggle}",
            "max": "",
            "id": "-Zze0A0lNGhAattKZnEl"
        },
        {
            "name": "dtype",
            "current": "full",
            "max": "",
            "id": "-czEQEe3zV2LkLF87AJC"
        },
        {
            "name": "appliedUpdates",
            "current": "upgrade_to_4_2_1",
            "max": "",
            "id": "-RnheNZ4QX40GUq5RjAo"
        },
        {
            "name": "npc",
            "current": "1",
            "max": "",
            "id": "-jnj0obnIlbENP7qjwCX"
        },
        {
            "name": "npc_options-flag",
            "current": "0",
            "max": "",
            "id": "-Bi6xd2E2GM1DrZz6M20"
        },
        {
            "name": "ui_flags",
            "current": "",
            "max": "",
            "id": "-XG6qklhXW9aVXWjeFZS"
        },
        {
            "name": "npc_name",
            "current": "Нотик (Nothic)",
            "max": "",
            "id": "-nUZizmWwqgP1zq9aR7p"
        },
        {
            "name": "npc_type",
            "current": "аберрация нейтрально-злое",
            "max": "",
            "id": "-y1NAFJq7dctrJWQJzD4"
        },
        {
            "name": "npc_speed",
            "current": "6 клеток",
            "max": "",
            "id": "-MIVeI5vRrus53Vcfrtr"
        },
        {
            "name": "hp",
            "current": "",
            "max": "45",
            "id": "-EIlK5lPUOFzI9Avj4TE"
        },
        {
            "name": "npc_ac",
            "current": "15 (естественная броня)",
            "max": "",
            "id": "-pw2MEPTgOVkC1C40rfJ"
        },
        {
            "name": "ac",
            "current": "15 (естественная броня)",
            "max": "",
            "id": "-5nUJQoGocOgzhzcDo5y"
        },
        {
            "name": "npc_languages",
            "current": "Подземный",
            "max": "",
            "id": "-f3UkUd28C8XaGX57jyM"
        },
        {
            "name": "npc_challenge",
            "current": "2",
            "max": "",
            "id": "-aeestOUsoJrwU5FnGDE"
        },
        {
            "name": "passive_wisdom",
            "current": "2",
            "max": "",
            "id": "-XsVhkHkFGBC4RVTkHon"
        },
        {
            "name": "initiative_bonus",
            "current": 3,
            "max": "",
            "id": "-jquflghz4dsyJdIP8oZ"
        },
        {
            "name": "npc_hpformula",
            "current": "6d8 + 18",
            "max": "",
            "id": "-0hLs1bXjIhaHwJDWsjT"
        },
        {
            "name": "strength_base",
            "current": "14",
            "max": "",
            "id": "-4Aztu1nes3cNgzmZvsF"
        },
        {
            "name": "strength_flag",
            "current": "0",
            "max": "",
            "id": "-NzWe84fx1y1hGxHE6Xt"
        },
        {
            "name": "strength",
            "current": 14,
            "max": "",
            "id": "-7lxWqUxTllBNTPhTtWs"
        },
        {
            "name": "strength_mod",
            "current": 2,
            "max": "",
            "id": "-VD1kTDSt7n5GhHnFMat"
        },
        {
            "name": "npc_str_negative",
            "current": 0,
            "max": "",
            "id": "-lulaOakVbUzZRB6G59n"
        },
        {
            "name": "dexterity_base",
            "current": "16",
            "max": "",
            "id": "-n0fbxRFFy1PrWbUouFW"
        },
        {
            "name": "dexterity_flag",
            "current": "0",
            "max": "",
            "id": "-MNw4BFR3v1AV4c2kSdu"
        },
        {
            "name": "dexterity",
            "current": 16,
            "max": "",
            "id": "-cBhIqVnUTq7dAWkhesN"
        },
        {
            "name": "dexterity_mod",
            "current": 3,
            "max": "",
            "id": "-2UiWpq9RfjJnVV3AHYT"
        },
        {
            "name": "npc_dex_negative",
            "current": 0,
            "max": "",
            "id": "-449cBX70BJ8sCrXxIC6"
        },
        {
            "name": "constitution_base",
            "current": "16",
            "max": "",
            "id": "-4k00Fw7HGZVhJOFYsXO"
        },
        {
            "name": "constitution_flag",
            "current": "0",
            "max": "",
            "id": "-BOEPL2CmRi21KjspUHJ"
        },
        {
            "name": "constitution",
            "current": 16,
            "max": "",
            "id": "-K75KzH9Qu36scVvVKHi"
        },
        {
            "name": "constitution_mod",
            "current": 3,
            "max": "",
            "id": "-r9Iw1LavNYyTzGruZYa"
        },
        {
            "name": "npc_con_negative",
            "current": 0,
            "max": "",
            "id": "-abqX3Mgwgdopqkhod8o"
        },
        {
            "name": "intelligence_base",
            "current": "13",
            "max": "",
            "id": "-1H3CLCogFybP3t0XWsn"
        },
        {
            "name": "intelligence_flag",
            "current": "0",
            "max": "",
            "id": "-ci3zicYkdhGvZyqiPKU"
        },
        {
            "name": "intelligence",
            "current": 13,
            "max": "",
            "id": "-A2SzdDYvhUue7kDERbx"
        },
        {
            "name": "intelligence_mod",
            "current": 1,
            "max": "",
            "id": "-qYU83C0tK9s5QDYlZza"
        },
        {
            "name": "npc_int_negative",
            "current": 0,
            "max": "",
            "id": "-14H0VquVMySS825m18S"
        },
        {
            "name": "wisdom_base",
            "current": "10",
            "max": "",
            "id": "-zx6MQ8jaIFVsyxMlaxV"
        },
        {
            "name": "wisdom_flag",
            "current": "0",
            "max": "",
            "id": "-OL5p93NGD7K8sNTQntM"
        },
        {
            "name": "wisdom",
            "current": 10,
            "max": "",
            "id": "-0E7YI1tCE6nja94q7K3"
        },
        {
            "name": "wisdom_mod",
            "current": 0,
            "max": "",
            "id": "-xXhoC7dl1TiGeFiat0v"
        },
        {
            "name": "npc_wis_negative",
            "current": 0,
            "max": "",
            "id": "-qlDzYBBcn85jVHHbnQ7"
        },
        {
            "name": "charisma_base",
            "current": "8",
            "max": "",
            "id": "-5JL2eMHdxdLb7HsgBve"
        },
        {
            "name": "charisma_flag",
            "current": "0",
            "max": "",
            "id": "-gu3z5e9UWloK9MHptLe"
        },
        {
            "name": "charisma",
            "current": 8,
            "max": "",
            "id": "-MaOylaw8G3sTqymMrBz"
        },
        {
            "name": "charisma_mod",
            "current": -1,
            "max": "",
            "id": "-Wdicc9cmlJvmOTAcO0B"
        },
        {
            "name": "npc_cha_negative",
            "current": 1,
            "max": "",
            "id": "-MG0TEYTowZpV1oeDaXm"
        },
        {
            "name": "npc_skills_flag",
            "current": 3,
            "max": "",
            "id": "-NXIvaCDcQTrCGfnzN75"
        },
        {
            "name": "npc_arcana_base",
            "current": "3",
            "max": "",
            "id": "-3zaz5J5x9a1OK8oSBg4"
        },
        {
            "name": "npc_arcana_flag",
            "current": "1",
            "max": "",
            "id": "-uprrjcz6GsO0RWJuQPd"
        },
        {
            "name": "npc_arcana",
            "current": 3,
            "max": "",
            "id": "-9qIAbAHAn3YHB5oAjst"
        },
        {
            "name": "npc_insight_base",
            "current": "4",
            "max": "",
            "id": "-JNEgXxFQFnFAqhg8hGr"
        },
        {
            "name": "npc_insight_flag",
            "current": "1",
            "max": "",
            "id": "-WUfXyGwFYSXzfqbLsJD"
        },
        {
            "name": "npc_insight",
            "current": 4,
            "max": "",
            "id": "-Wv8Lt3rRIlJ82XTFNgV"
        },
        {
            "name": "npc_perception_base",
            "current": "2",
            "max": "",
            "id": "-riqKDsqF5p1GJTRPU5Y"
        },
        {
            "name": "npc_perception_flag",
            "current": "1",
            "max": "",
            "id": "-HevQHzsWqlVrO0Dyuso"
        },
        {
            "name": "npc_perception",
            "current": 2,
            "max": "",
            "id": "-LzcpsJSSTfKSrR9ARta"
        },
        {
            "name": "npc_stealth_base",
            "current": "5",
            "max": "",
            "id": "-897gvbFe3warmvNZTgA"
        },
        {
            "name": "npc_stealth_flag",
            "current": "1",
            "max": "",
            "id": "-8YWhP2YKFCH9yW6mE5S"
        },
        {
            "name": "npc_stealth",
            "current": 5,
            "max": "",
            "id": "-89MQ1rVJuEJrDirqHII"
        },
        {
            "name": "npc_senses",
            "current": "истинное зрение 24 клетки",
            "max": "",
            "id": "-wosjRIPVR7udiEeOSs2"
        },
        {
            "name": "repeating_npcaction_-KRO5oCeBTF9dADephVA_name",
            "current": "Мультиатака",
            "max": "",
            "id": "-d0sbonIkgon2UdgpOni"
        },
        {
            "name": "repeating_npcaction_-KRO5oCeBTF9dADephVA_description",
            "current": "Нотик делает две атаки когтями.",
            "max": "",
            "id": "-C1ER7f2UEnhWtS5BF2u"
        },
        {
            "name": "repeating_npcaction_-KRO5oCeBTF9dADephVA_attack_tohitrange",
            "current": "+0",
            "max": "",
            "id": "-teWXtmFDZXyONx4qE21"
        },
        {
            "name": "repeating_npcaction_-KRO5oCeBTF9dADephVA_attack_onhit",
            "current": "",
            "max": "",
            "id": "-y9BSNreEPq49EbC1BZf"
        },
        {
            "name": "repeating_npcaction_-KRO5oCeBTF9dADephVA_damage_flag",
            "current": "",
            "max": "",
            "id": "-34IuEZDftIlyXk7NtQq"
        },
        {
            "name": "repeating_npcaction_-KRO5oCeBTF9dADephVA_attack_crit",
            "current": "",
            "max": "",
            "id": "-WZq04lvFd8JDQRPnIkz"
        },
        {
            "name": "repeating_npcaction_-KRO5oCeBTF9dADephVA_attack_crit2",
            "current": "",
            "max": "",
            "id": "-XPaMGwKBVYEOT1rQvjI"
        },
        {
            "name": "repeating_npcaction_-KRO5oCeBTF9dADephVA_rollbase",
            "current": "@{wtype}&{template:npcaction} @{npc_name_flag} {{rname=@{name}}} {{description=@{show_desc}}} @{charname_output}",
            "max": "",
            "id": "-sTwOySPhimquGUSNjVx"
        },
        {
            "name": "repeating_npcaction_-Tb2xMlJShD7ufD5XjfO_name",
            "current": "Когти",
            "max": "",
            "id": "-a23QmVoPDLKmlEr8unu"
        },
        {
            "name": "repeating_npcaction_-Tb2xMlJShD7ufD5XjfO_description",
            "current": "Рукопашное Оружие: +4 к атаке, досягаемость: 1 клетка, одна цель. Попадание: 6 (1d6 + 3) рубящего урона.",
            "max": "",
            "id": "-ZWZLgLrPSViTzeestWT"
        },
        {
            "name": "repeating_npcaction_-Tb2xMlJShD7ufD5XjfO_attack_flag",
            "current": "on",
            "max": "",
            "id": "-XtYbOfoyO7IcYu7txKh"
        },
        {
            "name": "repeating_npcaction_-Tb2xMlJShD7ufD5XjfO_attack_tohitrange",
            "current": "+4",
            "max": "",
            "id": "-nIACXpJly8fS4f2xXtC"
        },
        {
            "name": "repeating_npcaction_-Tb2xMlJShD7ufD5XjfO_attack_onhit",
            "current": "",
            "max": "",
            "id": "-STT1Ojuu7O3o5GPOySI"
        },
        {
            "name": "repeating_npcaction_-Tb2xMlJShD7ufD5XjfO_attack_tohit",
            "current": "4",
            "max": "",
            "id": "-vhqDmgFeoCw2b8XE2d1"
        },
        {
            "name": "repeating_npcaction_-Tb2xMlJShD7ufD5XjfO_attack_damage",
            "current": "1d6+3",
            "max": "",
            "id": "-Vr4Mha44wU5tLxshFJd"
        },
        {
            "name": "repeating_npcaction_-Tb2xMlJShD7ufD5XjfO_damage_flag",
            "current": "{{damage=1}} {{dmg1flag=1}}",
            "max": "",
            "id": "-3VdqjuebADdtsA5XLNg"
        },
        {
            "name": "repeating_npcaction_-Tb2xMlJShD7ufD5XjfO_rollbase",
            "current": "@{wtype}&{template:npcaction} {{attack=1}} @{damage_flag} @{npc_name_flag} {{rname=@{name}}} {{r1=[[@{d20}+(@{attack_tohit})]]}} @{rtype}+(@{attack_tohit})]]}} {{dmg1=[[@{attack_damage}]]}} {{dmg1type=@{attack_damagetype}}} {{dmg2=[[@{attack_damage2}+0]]}} {{dmg2type=@{attack_damagetype2}}} {{crit1=[[@{attack_crit}+0]]}} {{crit2=[[@{attack_crit2}+0]]}} {{description=@{show_desc}}} @{charname_output}",
            "max": "",
            "id": "-5NdtXLXAjjKUrsHbP4x"
        },
        {
            "name": "repeating_npcaction_-Tb2xMlJShD7ufD5XjfO_attack_crit",
            "current": "1d6+3",
            "max": "",
            "id": "-N0p5vuiSv0k1F7y46N3"
        },
        {
            "name": "repeating_npcaction_-Tb2xMlJShD7ufD5XjfO_attack_crit2",
            "current": "",
            "max": "",
            "id": "-n95SnwWvSLOlmCyrhPC"
        },
        {
            "name": "repeating_npcaction_-0MoUXI4L0t0Wp3sr9Xw_name",
            "current": "Гниющий взгляд",
            "max": "",
            "id": "-oUInIGoSo6hpOfHONPv"
        },
        {
            "name": "repeating_npcaction_-0MoUXI4L0t0Wp3sr9Xw_description",
            "current": "Нотик атакует одно существо которое он может видеть в пределах 6 клеток от него. Цель должна выполнить успешный спасбросок со сложностью 12 по Телосложению против этой магии. В случае неудачи существо получает 10 (3d6) урона некротикой.",
            "max": "",
            "id": "-lVMmnF9477CFrQSx5zQ"
        },
        {
            "name": "repeating_npcaction_-0MoUXI4L0t0Wp3sr9Xw_attack_flag",
            "current": "on",
            "max": "",
            "id": "-6gKa940j9MIvYo946MW"
        },
        {
            "name": "repeating_npcaction_-0MoUXI4L0t0Wp3sr9Xw_attack_tohitrange",
            "current": "+",
            "max": "",
            "id": "-T7jXc74qJvwTQ2ziXMg"
        },
        {
            "name": "repeating_npcaction_-0MoUXI4L0t0Wp3sr9Xw_attack_onhit",
            "current": "",
            "max": "",
            "id": "-8ytaz2pPH9wDGb6BkkS"
        },
        {
            "name": "repeating_npcaction_-0MoUXI4L0t0Wp3sr9Xw_attack_tohit",
            "current": "",
            "max": "",
            "id": "-4wjDEgyFFZcuZQDQQWD"
        },
        {
            "name": "repeating_npcaction_-0MoUXI4L0t0Wp3sr9Xw_attack_damage",
            "current": "3d6",
            "max": "",
            "id": "-pxwnCRRMUucI62jgK8s"
        },
        {
            "name": "repeating_npcaction_-0MoUXI4L0t0Wp3sr9Xw_damage_flag",
            "current": "{{damage=1}} {{dmg1flag=1}}",
            "max": "",
            "id": "-wpeqZhXhrbqTClrh5pG"
        },
        {
            "name": "repeating_npcaction_-0MoUXI4L0t0Wp3sr9Xw_rollbase",
            "current": "@{wtype}&{template:npcaction} {{attack=1}} @{damage_flag} @{npc_name_flag} {{rname=@{name}}} {{r1=[[@{d20}+(@{attack_tohit})]]}} @{rtype}+(@{attack_tohit})]]}} {{dmg1=[[@{attack_damage}]]}} {{dmg1type=@{attack_damagetype}}} {{dmg2=[[@{attack_damage2}+0]]}} {{dmg2type=@{attack_damagetype2}}} {{crit1=[[@{attack_crit}+0]]}} {{crit2=[[@{attack_crit2}+0]]}} {{description=@{show_desc}}} @{charname_output}",
            "max": "",
            "id": "-XFvY2uUPAl3NkVcXG8X"
        },
        {
            "name": "repeating_npcaction_-0MoUXI4L0t0Wp3sr9Xw_attack_crit",
            "current": "3d6",
            "max": "",
            "id": "-u66qOug27r5kscT3eZd"
        },
        {
            "name": "repeating_npcaction_-0MoUXI4L0t0Wp3sr9Xw_attack_crit2",
            "current": "",
            "max": "",
            "id": "-ZUvp0OM1nG8oR5r0uWe"
        },
        {
            "name": "repeating_npcaction_-fPJdePdloSlQglFbHun_name",
            "current": "Необычная Проницательность",
            "max": "",
            "id": "-fJfoYl6bz4haeTlHxy9"
        },
        {
            "name": "repeating_npcaction_-fPJdePdloSlQglFbHun_description",
            "current": "Нотик атакует одно существо которое он может видеть в пределах 6 клеток от него. Цель выдержать состязание своей Харизмы (Обман) против Мудрости (Проницательность) нотика. Если нотик побеждает, он магически узнает один факт или секрет этой цели. Цель автоматически побеждает если обладает иммунитетом к очарованию.",
            "max": "",
            "id": "-5ikGLigY2HZF0gOuKDC"
        },
        {
            "name": "repeating_npcaction_-fPJdePdloSlQglFbHun_attack_tohitrange",
            "current": "+0",
            "max": "",
            "id": "-WNpeYQlppCuP8oRAA5g"
        },
        {
            "name": "repeating_npcaction_-fPJdePdloSlQglFbHun_attack_onhit",
            "current": "",
            "max": "",
            "id": "-QfxHzpefVdpbS2nf6FA"
        },
        {
            "name": "repeating_npcaction_-fPJdePdloSlQglFbHun_damage_flag",
            "current": "",
            "max": "",
            "id": "-W8PHUrbMurwO0yNX7yI"
        },
        {
            "name": "repeating_npcaction_-fPJdePdloSlQglFbHun_attack_crit",
            "current": "",
            "max": "",
            "id": "-xeJqzB2UyeII1iieTov"
        },
        {
            "name": "repeating_npcaction_-fPJdePdloSlQglFbHun_attack_crit2",
            "current": "",
            "max": "",
            "id": "-OF9jfUGH1F2cI6hy04h"
        },
        {
            "name": "repeating_npcaction_-fPJdePdloSlQglFbHun_rollbase",
            "current": "@{wtype}&{template:npcaction} @{npc_name_flag} {{rname=@{name}}} {{description=@{show_desc}}} @{charname_output}",
            "max": "",
            "id": "-njsTMjxweNhXpAPTPPf"
        },
        {
            "name": "repeating_npctrait_-db9Dv0KQKSQknVu7WYp_name",
            "current": "Острое зрение",
            "max": "",
            "id": "-mBDDW9fFLrT7FU2DEdX"
        },
        {
            "name": "repeating_npctrait_-db9Dv0KQKSQknVu7WYp_description",
            "current": "Нотик имеет преимущество на проверки Мудрости (Внимательность) которые полагаются на зрение.",
            "max": "",
            "id": "-azWasQFiGs6xNUyWMz9"
        },
        {
            "name": "npcspellcastingflag",
            "current": "0",
            "max": "",
            "id": "-xMCFGqZWkcFL3zdvRJr"
        }
    ],
    "abilities": []
}