{
    "schema_version": 2,
    "oldId": "-ZeDzycHKpx9q5NNAGrb",
    "name": "Нага страж (Guardian Naga)",
    "avatar": "https://tentaculus.ru/monsters/img/cute_monsters/GUARDIAN_NAGA.jpg",
    "bio": "",
    "gmnotes": "",
    "defaulttoken": "",
    "tags": "[]",
    "controlledby": "",
    "inplayerjournals": "",
    "attribs": [
        {
            "name": "hitdieroll",
            "current": "4",
            "max": "",
            "id": "-iJA1fORhzDfFGiYCcAG"
        },
        {
            "name": "showleveler",
            "current": 0,
            "max": "",
            "id": "-yuq1N65FMqhzhdwzFG5"
        },
        {
            "name": "invalidXP",
            "current": 0,
            "max": "",
            "id": "-3lyVsRMHO4zJVKd0J3E"
        },
        {
            "name": "version",
            "current": 4.21,
            "max": "",
            "id": "-84pmsetDuRPOwHS53I3"
        },
        {
            "name": "mancer_confirm_flag",
            "current": "",
            "max": "",
            "id": "-ogk7wcRQLZJW41H0QGe"
        },
        {
            "name": "mancer_npc",
            "current": "on",
            "max": "",
            "id": "-wqcGNfNKdrlugbEeDJ0"
        },
        {
            "name": "l1mancer_status",
            "current": "completed",
            "max": "",
            "id": "-LeDCJCSGiIMwDTq00Zt"
        },
        {
            "name": "rtype",
            "current": "@{advantagetoggle}",
            "max": "",
            "id": "-h0ryOEuD1maupOmJ5q7"
        },
        {
            "name": "dtype",
            "current": "full",
            "max": "",
            "id": "-QN470uLRF7YPaI0Hs4t"
        },
        {
            "name": "appliedUpdates",
            "current": "upgrade_to_4_2_1",
            "max": "",
            "id": "-RJN2kQeB0qS7Rsa48cu"
        },
        {
            "name": "npc",
            "current": "1",
            "max": "",
            "id": "-wIrJdZxqrt9YV0LHKQV"
        },
        {
            "name": "npc_options-flag",
            "current": "0",
            "max": "",
            "id": "-9ltJjNZ2FMewJ44csae"
        },
        {
            "name": "ui_flags",
            "current": "",
            "max": "",
            "id": "-18gj8wK4XM5bbAwHQqH"
        },
        {
            "name": "npc_name",
            "current": "Нага страж (Guardian Naga)",
            "max": "",
            "id": "-MKSsvN01R90w8x5ndf8"
        },
        {
            "name": "npc_type",
            "current": "монстр законно-доброе",
            "max": "",
            "id": "-ZS4Pq9S8MoUlBKgayjr"
        },
        {
            "name": "npc_speed",
            "current": "8 клеток",
            "max": "",
            "id": "-Ql7jSKSyhLRzDVyEe5h"
        },
        {
            "name": "hp",
            "current": "",
            "max": "127",
            "id": "-sOxvSDwd0migbEZnUzr"
        },
        {
            "name": "npc_ac",
            "current": "18 (естественная броня)",
            "max": "",
            "id": "-NwS5wsSVzgEBIp1BBa8"
        },
        {
            "name": "ac",
            "current": "18 (естественная броня)",
            "max": "",
            "id": "-BsrxgyilIe1g4vrLBJw"
        },
        {
            "name": "npc_languages",
            "current": "Небесный, Общий",
            "max": "",
            "id": "-Ek6JJ6NRI3tY8Z1E1IG"
        },
        {
            "name": "npc_challenge",
            "current": "10",
            "max": "",
            "id": "-ywCXcsrh7ES4Ze4caVl"
        },
        {
            "name": "passive_wisdom",
            "current": "10",
            "max": "",
            "id": "-teEPW0TUyIfPpILtR7j"
        },
        {
            "name": "initiative_bonus",
            "current": 4,
            "max": "",
            "id": "-KG0pgRfNxYR8hFEVuaC"
        },
        {
            "name": "npc_hpformula",
            "current": "15d10 + 45",
            "max": "",
            "id": "-sxGci3IMIxms5Soa2bi"
        },
        {
            "name": "strength_base",
            "current": "19",
            "max": "",
            "id": "-T7DXgnx9T0F9SZe3Eb1"
        },
        {
            "name": "strength_flag",
            "current": "0",
            "max": "",
            "id": "-ZeLH0eyFSihYuo5OmJx"
        },
        {
            "name": "strength",
            "current": 19,
            "max": "",
            "id": "-UXlbIU6evQoQIAcWZep"
        },
        {
            "name": "strength_mod",
            "current": 4,
            "max": "",
            "id": "-fcMIinvNDb0tmWp9VEY"
        },
        {
            "name": "npc_str_negative",
            "current": 0,
            "max": "",
            "id": "-p7uJFmsK21gZQ6rL2Gz"
        },
        {
            "name": "dexterity_base",
            "current": "18",
            "max": "",
            "id": "-Q2LDQpY9XH3vSX69ETO"
        },
        {
            "name": "dexterity_flag",
            "current": "0",
            "max": "",
            "id": "-Ig6Q17PXnA6va0151hH"
        },
        {
            "name": "dexterity",
            "current": 18,
            "max": "",
            "id": "-hkdrq7rXiTzF88W2k4l"
        },
        {
            "name": "dexterity_mod",
            "current": 4,
            "max": "",
            "id": "-QBpgZSOtGbfMjfSI5HJ"
        },
        {
            "name": "npc_dex_negative",
            "current": 0,
            "max": "",
            "id": "-F6zyqx8D4GAZe06xvKG"
        },
        {
            "name": "constitution_base",
            "current": "16",
            "max": "",
            "id": "-gzIbvqXXafOfDVuT907"
        },
        {
            "name": "constitution_flag",
            "current": "0",
            "max": "",
            "id": "-nIcrRFDbTfnEUSnfutz"
        },
        {
            "name": "constitution",
            "current": 16,
            "max": "",
            "id": "-uxcaTbMaAsQvHcKoU4w"
        },
        {
            "name": "constitution_mod",
            "current": 3,
            "max": "",
            "id": "-JEUuHc70S3eZWiEAJT1"
        },
        {
            "name": "npc_con_negative",
            "current": 0,
            "max": "",
            "id": "-Tbp8SoWGvTMjLralXrI"
        },
        {
            "name": "intelligence_base",
            "current": "16",
            "max": "",
            "id": "-2f5yFpLJNBXu1zMuGWn"
        },
        {
            "name": "intelligence_flag",
            "current": "0",
            "max": "",
            "id": "-Mkw9AQKwdE9O8YSEEFT"
        },
        {
            "name": "intelligence",
            "current": 16,
            "max": "",
            "id": "-qOLtFGlYXkBncH3Qb7h"
        },
        {
            "name": "intelligence_mod",
            "current": 3,
            "max": "",
            "id": "-4AOeuixtlh3zLyFdueA"
        },
        {
            "name": "npc_int_negative",
            "current": 0,
            "max": "",
            "id": "-0v2br5Sk3UyrWsnzZdJ"
        },
        {
            "name": "wisdom_base",
            "current": "19",
            "max": "",
            "id": "-KLgRhAkCBZ5oBouDsMu"
        },
        {
            "name": "wisdom_flag",
            "current": "0",
            "max": "",
            "id": "-QQHOelvh2jONgJwELJ3"
        },
        {
            "name": "wisdom",
            "current": 19,
            "max": "",
            "id": "-HcEsnMIzKk84O9bVWWR"
        },
        {
            "name": "wisdom_mod",
            "current": 4,
            "max": "",
            "id": "-Yh09GzaTSGRCB4lGt8L"
        },
        {
            "name": "npc_wis_negative",
            "current": 0,
            "max": "",
            "id": "-ybQnCApmeS488q2hlVe"
        },
        {
            "name": "charisma_base",
            "current": "18",
            "max": "",
            "id": "-TmVPE8dzalNcdR4Ncjt"
        },
        {
            "name": "charisma_flag",
            "current": "0",
            "max": "",
            "id": "-SFnPAao9gJUlRiBFv94"
        },
        {
            "name": "charisma",
            "current": 18,
            "max": "",
            "id": "-e2atVtlDCvNg9BSiRQl"
        },
        {
            "name": "charisma_mod",
            "current": 4,
            "max": "",
            "id": "-kH4UDYqO6zFTIKlPemL"
        },
        {
            "name": "npc_cha_negative",
            "current": 0,
            "max": "",
            "id": "-e75EY3Azlx4qs0Ixr39"
        },
        {
            "name": "npc_saving_flag",
            "current": 7,
            "max": "",
            "id": "-lHakfAudUO0WWSwDGsH"
        },
        {
            "name": "npc_dex_save_base",
            "current": "8",
            "max": "",
            "id": "-3odIkbiQVqSv3am3coP"
        },
        {
            "name": "npc_dex_save_flag",
            "current": 1,
            "max": "",
            "id": "-YLMrs16uwEQZ4b6HPUo"
        },
        {
            "name": "npc_dex_save",
            "current": 8,
            "max": "",
            "id": "-USjXSyDJT3Ug2FpkPXZ"
        },
        {
            "name": "npc_con_save_base",
            "current": "7",
            "max": "",
            "id": "-sM9qffEYsG5LRyr4CCI"
        },
        {
            "name": "npc_con_save_flag",
            "current": 1,
            "max": "",
            "id": "-3OFvnmGNvVrOdUwlxbZ"
        },
        {
            "name": "npc_con_save",
            "current": 7,
            "max": "",
            "id": "-WNgmljJLfdWiumDA1uq"
        },
        {
            "name": "npc_int_save_base",
            "current": "7",
            "max": "",
            "id": "-oQZ5MeQIRcACizC0fBv"
        },
        {
            "name": "npc_int_save_flag",
            "current": 1,
            "max": "",
            "id": "-86YchG9ux2bC2416KR2"
        },
        {
            "name": "npc_int_save",
            "current": 7,
            "max": "",
            "id": "-iq4krOy5YifCqsRuUEz"
        },
        {
            "name": "npc_wis_save_base",
            "current": "8",
            "max": "",
            "id": "-yKhQhHgKcT3CrT3IS6e"
        },
        {
            "name": "npc_wis_save_flag",
            "current": 1,
            "max": "",
            "id": "-ZsQmjUINbBaVgWY5v18"
        },
        {
            "name": "npc_wis_save",
            "current": 8,
            "max": "",
            "id": "-bSsXKxDdxJozWUFHibj"
        },
        {
            "name": "npc_cha_save_base",
            "current": "8",
            "max": "",
            "id": "-29Qs8ieuT14ag9Y0g3v"
        },
        {
            "name": "npc_cha_save_flag",
            "current": 1,
            "max": "",
            "id": "-kOBg0x70mMGG6N9fnS6"
        },
        {
            "name": "npc_cha_save",
            "current": 8,
            "max": "",
            "id": "-YTCTR4XgGnjEpPDD0LJ"
        },
        {
            "name": "npc_immunities",
            "current": "яд",
            "max": "",
            "id": "-DRgGbbqZTHnBzTyvzhL"
        },
        {
            "name": "npc_condition_immunities",
            "current": "очарование, отравление",
            "max": "",
            "id": "-jb84YojCYvMzMabxWDU"
        },
        {
            "name": "npc_senses",
            "current": "темнозрение 12 клетки",
            "max": "",
            "id": "-syqB3j2ImnSpECRcNiM"
        },
        {
            "name": "repeating_npcaction_-4rJWAMFFQbEI8w4w2JG_name",
            "current": "Укус",
            "max": "",
            "id": "-fyogjSS78pcp8nfeILy"
        },
        {
            "name": "repeating_npcaction_-4rJWAMFFQbEI8w4w2JG_description",
            "current": "Рукопашное Оружие: +8 к атаке, досягаемость: 2 клетки, одно существо. Попадание: 8 (1d8 + 4) колющего урона. Цель должна бросить спасбросок со сложностью со сложностью 15 по Телосложению. В случае неудачи существо получает 45 (10d8) урона ядом, и половину урона в случае успеха.",
            "max": "",
            "id": "-KuFxGLWPgjL26LYwHgQ"
        },
        {
            "name": "repeating_npcaction_-4rJWAMFFQbEI8w4w2JG_attack_flag",
            "current": "on",
            "max": "",
            "id": "-fiIdmSZYQReiWwrU4Zo"
        },
        {
            "name": "repeating_npcaction_-4rJWAMFFQbEI8w4w2JG_attack_tohitrange",
            "current": "+8",
            "max": "",
            "id": "-FsxzvBplrVCOjyrv1PT"
        },
        {
            "name": "repeating_npcaction_-4rJWAMFFQbEI8w4w2JG_attack_onhit",
            "current": "",
            "max": "",
            "id": "-cXZdBQ4APztfkKTg8Sa"
        },
        {
            "name": "repeating_npcaction_-4rJWAMFFQbEI8w4w2JG_attack_tohit",
            "current": "8",
            "max": "",
            "id": "-6HA599Ehi1Zqf1o3Lzm"
        },
        {
            "name": "repeating_npcaction_-4rJWAMFFQbEI8w4w2JG_attack_damage",
            "current": "1d8+4",
            "max": "",
            "id": "-HaCD4Nbu5jCMsT32VpJ"
        },
        {
            "name": "repeating_npcaction_-4rJWAMFFQbEI8w4w2JG_damage_flag",
            "current": "{{damage=1}} {{dmg1flag=1}}",
            "max": "",
            "id": "-EixTOQ2sHQRDfbYf868"
        },
        {
            "name": "repeating_npcaction_-4rJWAMFFQbEI8w4w2JG_rollbase",
            "current": "@{wtype}&{template:npcaction} {{attack=1}} @{damage_flag} @{npc_name_flag} {{rname=@{name}}} {{r1=[[@{d20}+(@{attack_tohit})]]}} @{rtype}+(@{attack_tohit})]]}} {{dmg1=[[@{attack_damage}]]}} {{dmg1type=@{attack_damagetype}}} {{dmg2=[[@{attack_damage2}+0]]}} {{dmg2type=@{attack_damagetype2}}} {{crit1=[[@{attack_crit}+0]]}} {{crit2=[[@{attack_crit2}+0]]}} {{description=@{show_desc}}} @{charname_output}",
            "max": "",
            "id": "-vPZUUQQos7ScGWcy3Ad"
        },
        {
            "name": "repeating_npcaction_-4rJWAMFFQbEI8w4w2JG_attack_crit",
            "current": "1d8+4",
            "max": "",
            "id": "-4GtLdeNOOxqpqNepY1D"
        },
        {
            "name": "repeating_npcaction_-4rJWAMFFQbEI8w4w2JG_attack_crit2",
            "current": "",
            "max": "",
            "id": "-Rep6YFB16YhHjyfh0Cq"
        },
        {
            "name": "repeating_npcaction_-AsnSWNjG4bXndP9anKy_name",
            "current": "Плевок ядом",
            "max": "",
            "id": "-DQyoztKPKlOoHvuWaTN"
        },
        {
            "name": "repeating_npcaction_-AsnSWNjG4bXndP9anKy_description",
            "current": "Дальнобойное оружие: +8 к атаке, досягаемость 3/6 клеток, одно существо. Попадание: Цель должна сделать спасбросок со сложностью 15 по Телосложению. В случае неудачи существо получает 45 (10d8) урона ядом, и половину урона в случае успеха.",
            "max": "",
            "id": "-U7smr74wP5Zll8R7m1z"
        },
        {
            "name": "repeating_npcaction_-AsnSWNjG4bXndP9anKy_attack_flag",
            "current": "on",
            "max": "",
            "id": "-RjdipZBQCX8wIt7YIRl"
        },
        {
            "name": "repeating_npcaction_-AsnSWNjG4bXndP9anKy_attack_tohitrange",
            "current": "+8",
            "max": "",
            "id": "-G5rz6Vr2jyF6DBQLmLR"
        },
        {
            "name": "repeating_npcaction_-AsnSWNjG4bXndP9anKy_attack_onhit",
            "current": "",
            "max": "",
            "id": "-e5iJ3yqz55sUKN7wPPY"
        },
        {
            "name": "repeating_npcaction_-AsnSWNjG4bXndP9anKy_attack_tohit",
            "current": "8",
            "max": "",
            "id": "-sOJufWPt6wiRgEd0d1N"
        },
        {
            "name": "repeating_npcaction_-AsnSWNjG4bXndP9anKy_attack_damage",
            "current": "10d8",
            "max": "",
            "id": "-3ISWQagCFc939DCdqof"
        },
        {
            "name": "repeating_npcaction_-AsnSWNjG4bXndP9anKy_damage_flag",
            "current": "{{damage=1}} {{dmg1flag=1}}",
            "max": "",
            "id": "-NTYa0El2ZTVEvZEvYqh"
        },
        {
            "name": "repeating_npcaction_-AsnSWNjG4bXndP9anKy_rollbase",
            "current": "@{wtype}&{template:npcaction} {{attack=1}} @{damage_flag} @{npc_name_flag} {{rname=@{name}}} {{r1=[[@{d20}+(@{attack_tohit})]]}} @{rtype}+(@{attack_tohit})]]}} {{dmg1=[[@{attack_damage}]]}} {{dmg1type=@{attack_damagetype}}} {{dmg2=[[@{attack_damage2}+0]]}} {{dmg2type=@{attack_damagetype2}}} {{crit1=[[@{attack_crit}+0]]}} {{crit2=[[@{attack_crit2}+0]]}} {{description=@{show_desc}}} @{charname_output}",
            "max": "",
            "id": "-PTahvQqkdwAguvY52WD"
        },
        {
            "name": "repeating_npcaction_-AsnSWNjG4bXndP9anKy_attack_crit",
            "current": "10d8",
            "max": "",
            "id": "-EymsTNMTRqljSbTz3K3"
        },
        {
            "name": "repeating_npcaction_-AsnSWNjG4bXndP9anKy_attack_crit2",
            "current": "",
            "max": "",
            "id": "-3IfUExvt25rqSjGvIMA"
        },
        {
            "name": "repeating_npctrait_-tAMQMmGeahFU9x2SQdJ_name",
            "current": "Восстановление",
            "max": "",
            "id": "-WCPBFEHYWG3dcYATaV6"
        },
        {
            "name": "repeating_npctrait_-tAMQMmGeahFU9x2SQdJ_description",
            "current": "Если нага умирает, она возвращается к жизни через 1d6 дней и восстанавливает все свои очки здоровья. Только заклинание Желание может отменить это свойство.",
            "max": "",
            "id": "-lXx4meEVfojiZARtVkW"
        },
        {
            "name": "repeating_npctrait_-7l2SuoaTF6FoMmBhJVD_name",
            "current": "Заклинатель",
            "max": "",
            "id": "-WtdvvN2Mc2Q3HwT4xTb"
        },
        {
            "name": "repeating_spell-cantrip_-NqE9trx2kL0vnYrIbXH_spellname",
            "current": "ПОЧИНКА",
            "max": "",
            "id": "-w7aFwFAODZGh2Jja28W"
        },
        {
            "name": "repeating_spell-cantrip_-NqE9trx2kL0vnYrIbXH_spellschool",
            "current": "transmutation",
            "max": "",
            "id": "-xL9O14ywUYyfemY578H"
        },
        {
            "name": "repeating_spell-cantrip_-NqE9trx2kL0vnYrIbXH_spellcastingtime",
            "current": "1 минута",
            "max": "",
            "id": "-68JKNDRYO6k6RddTzc7"
        },
        {
            "name": "repeating_spell-cantrip_-NqE9trx2kL0vnYrIbXH_spellrange",
            "current": "Касание",
            "max": "",
            "id": "-67yM9Z50I28DbfvktYK"
        },
        {
            "name": "repeating_spell-cantrip_-NqE9trx2kL0vnYrIbXH_spelltarget",
            "current": "",
            "max": "",
            "id": "-c6XvAKt241PXpy32ebH"
        },
        {
            "name": "repeating_spell-cantrip_-NqE9trx2kL0vnYrIbXH_spellcomp_materials",
            "current": "два магнетита",
            "max": "",
            "id": "-kTMartIKjUvzGRiyRN4"
        },
        {
            "name": "repeating_spell-cantrip_-NqE9trx2kL0vnYrIbXH_spelldescription",
            "current": "Это заклинание восстанавливает один разлом или разрыв в объекте, которого вы касаетесь. Например сломанное звено цепи, две половинки сломанного ключа, порваный плащ или протекающий бурдюк. Пока разрыв или разлом не больше 1 фута в любой из размерностей, вы полностью исправляете его, не оставляя следов. Заклинание способно физически починить магический предмет или голема, но не может вернуть в него магию.",
            "max": "",
            "id": "-hoH8vLg5Po2hPCbPrXP"
        },
        {
            "name": "repeating_spell-cantrip_-NqE9trx2kL0vnYrIbXH_spellduration",
            "current": "мгновенно",
            "max": "",
            "id": "-DaK3JSwCOef0T2tCFlw"
        },
        {
            "name": "repeating_spell-cantrip_-NqE9trx2kL0vnYrIbXH_spellcomp_v",
            "current": "{{v=1}}",
            "max": "",
            "id": "-HOzPpidsnQUOvKFw6Q2"
        },
        {
            "name": "repeating_spell-cantrip_-NqE9trx2kL0vnYrIbXH_spellcomp_s",
            "current": "{{s=1}}",
            "max": "",
            "id": "-YrlqDSwu3Vz0YcbjH7r"
        },
        {
            "name": "repeating_spell-cantrip_-NqE9trx2kL0vnYrIbXH_spellcomp_m",
            "current": "0",
            "max": "",
            "id": "-c4xeG5zfahFnuIGNMbm"
        },
        {
            "name": "repeating_spell-cantrip_-NqE9trx2kL0vnYrIbXH_spellsource",
            "current": "PHB",
            "max": "",
            "id": "-1qGk9Eemfu7RCa5ZOQl"
        },
        {
            "name": "repeating_spell-cantrip_-NqE9trx2kL0vnYrIbXH_details-flag",
            "current": "0",
            "max": "",
            "id": "-HAnDAZHvdQKccWjLdZh"
        },
        {
            "name": "repeating_spell-cantrip_-NqE9trx2kL0vnYrIbXH_options-flag",
            "current": "0",
            "max": "",
            "id": "-w2RH5Lp8FlYSDotYT8L"
        },
        {
            "name": "repeating_spell-cantrip_-v5zOYUJznYhm7SBzoE2_spellname",
            "current": "СВЯЩЕННОЕ ПЛАМЯ",
            "max": "",
            "id": "-zZVST2HTedvOv8jcpoA"
        },
        {
            "name": "repeating_spell-cantrip_-v5zOYUJznYhm7SBzoE2_spellschool",
            "current": "evocation",
            "max": "",
            "id": "-xgkc2fmQyYW1AJ6w81I"
        },
        {
            "name": "repeating_spell-cantrip_-v5zOYUJznYhm7SBzoE2_spellcastingtime",
            "current": "1 действие",
            "max": "",
            "id": "-t0R3qhDKnMkgZrNWUmd"
        },
        {
            "name": "repeating_spell-cantrip_-v5zOYUJznYhm7SBzoE2_spellrange",
            "current": "60 футов",
            "max": "",
            "id": "-4QRSxfQnHlHYL3fzRbW"
        },
        {
            "name": "repeating_spell-cantrip_-v5zOYUJznYhm7SBzoE2_spelltarget",
            "current": "",
            "max": "",
            "id": "-SdWzYiDlEjyiyjc5oxs"
        },
        {
            "name": "repeating_spell-cantrip_-v5zOYUJznYhm7SBzoE2_spellcomp_materials",
            "current": "",
            "max": "",
            "id": "-xheOJou7gI1Drbl5FdL"
        },
        {
            "name": "repeating_spell-cantrip_-v5zOYUJznYhm7SBzoE2_spelldescription",
            "current": "Огненный свет обрушивается на существо, которое вы можете видеть в пределах дальности заклинания. Цель должна сделать спасбросок по Ловкости или получит 1d8 урона излучением. Цель не получает бонусы от укрытий на этот спасбросок.   Урон от заклинания увеличивается на 1d8 по достижению 5 уровня (2d8), 11 уровня (3d8) и 17 уровня (4d8).",
            "max": "",
            "id": "-h8lH9ccKvWEYv8zvLuL"
        },
        {
            "name": "repeating_spell-cantrip_-v5zOYUJznYhm7SBzoE2_spellduration",
            "current": "Мгновенно",
            "max": "",
            "id": "-OZNTzHDwvw19ayWTSZk"
        },
        {
            "name": "repeating_spell-cantrip_-v5zOYUJznYhm7SBzoE2_spellcomp_v",
            "current": "{{v=1}}",
            "max": "",
            "id": "-dt5CwCllnJoQNXFWSAo"
        },
        {
            "name": "repeating_spell-cantrip_-v5zOYUJznYhm7SBzoE2_spellcomp_s",
            "current": "{{s=1}}",
            "max": "",
            "id": "-QLT5apdf1P0bHgV2eVP"
        },
        {
            "name": "repeating_spell-cantrip_-v5zOYUJznYhm7SBzoE2_spellcomp_m",
            "current": "0",
            "max": "",
            "id": "-4h09ojIsDBjfhOczuQj"
        },
        {
            "name": "repeating_spell-cantrip_-v5zOYUJznYhm7SBzoE2_spellsource",
            "current": "PHB",
            "max": "",
            "id": "-HyUM77podB7n8FMQzo8"
        },
        {
            "name": "repeating_spell-cantrip_-v5zOYUJznYhm7SBzoE2_details-flag",
            "current": "0",
            "max": "",
            "id": "-9LTC6q8kj1h4oKtcTsZ"
        },
        {
            "name": "repeating_spell-cantrip_-v5zOYUJznYhm7SBzoE2_options-flag",
            "current": "0",
            "max": "",
            "id": "-xDNMp6vdxSNpIzke4bh"
        },
        {
            "name": "repeating_spell-cantrip_-zc4RUHFZ9UHZSHalE3u_spellname",
            "current": "ВОЛШЕБСТВО",
            "max": "",
            "id": "-7rqCliiorVSUK6uNQFz"
        },
        {
            "name": "repeating_spell-cantrip_-zc4RUHFZ9UHZSHalE3u_spellschool",
            "current": "transmutation",
            "max": "",
            "id": "-COn9HqskDESgbWBj2qz"
        },
        {
            "name": "repeating_spell-cantrip_-zc4RUHFZ9UHZSHalE3u_spellcastingtime",
            "current": "1 действие",
            "max": "",
            "id": "-K6XlmyqZm5TNyFwnOmt"
        },
        {
            "name": "repeating_spell-cantrip_-zc4RUHFZ9UHZSHalE3u_spellrange",
            "current": "30 футов",
            "max": "",
            "id": "-HiX76QfGsW14gCFlHcM"
        },
        {
            "name": "repeating_spell-cantrip_-zc4RUHFZ9UHZSHalE3u_spelltarget",
            "current": "",
            "max": "",
            "id": "-ZUfJa3zG9L0pbNh5f70"
        },
        {
            "name": "repeating_spell-cantrip_-zc4RUHFZ9UHZSHalE3u_spellcomp_materials",
            "current": "",
            "max": "",
            "id": "-YVbjDdflNIhPAzPuytA"
        },
        {
            "name": "repeating_spell-cantrip_-zc4RUHFZ9UHZSHalE3u_spelldescription",
            "current": "Вы демонстрируете небольшое чудо, являющееся знаком вашей сверхъестественной силы. Вы создаете один из следующих эффектов в пределах дальности заклинания:<br> • Ваш голос звучит  в три раза громче, чем обычно в течение 1 минуты.<br> • Вы заставляете пламя трепетать, изменить цвет или стать ярче/слабее на 1 минуту.<br> • Вы заставляете землю безвредно дрожать в течение 1 минуты.<br> • Вы создаете мгновенный звук, исходящий из любой точки в пределах дальности заклинания. Это могут быть раскаты грома, карканье ворона или зловещий шепот.<br> • Вы резко открываете или громко захлопываете незакрытую дверь или окно.<br> • Вы изменяете свое обличье для чужого взора на 1 минуту.сли вы произносите это заклинание несколько раз, то можете получить до трех активных одноминутных эффектов за раз. Вы можете отменить такой эффект, потратив действие.",
            "max": "",
            "id": "-F4LpnMATrlSXLgfINOJ"
        },
        {
            "name": "repeating_spell-cantrip_-zc4RUHFZ9UHZSHalE3u_spellduration",
            "current": "До 1 минуты",
            "max": "",
            "id": "-QdLuwh8XDa7aEWSTMOw"
        },
        {
            "name": "repeating_spell-cantrip_-zc4RUHFZ9UHZSHalE3u_spellcomp_v",
            "current": "{{v=1}}",
            "max": "",
            "id": "-KEEuiKxw8GjT23xv3iQ"
        },
        {
            "name": "repeating_spell-cantrip_-zc4RUHFZ9UHZSHalE3u_spellcomp_s",
            "current": "0",
            "max": "",
            "id": "-EPuF8zcoVOXUZJcSj3W"
        },
        {
            "name": "repeating_spell-cantrip_-zc4RUHFZ9UHZSHalE3u_spellcomp_m",
            "current": "0",
            "max": "",
            "id": "-09QjoLxSX4iiZhTATvc"
        },
        {
            "name": "repeating_spell-cantrip_-zc4RUHFZ9UHZSHalE3u_spellsource",
            "current": "PHB",
            "max": "",
            "id": "-xLApMVxPn6H2smR6BH6"
        },
        {
            "name": "repeating_spell-cantrip_-zc4RUHFZ9UHZSHalE3u_details-flag",
            "current": "0",
            "max": "",
            "id": "-KMImX730h8z52EOkGVA"
        },
        {
            "name": "repeating_spell-cantrip_-zc4RUHFZ9UHZSHalE3u_options-flag",
            "current": "0",
            "max": "",
            "id": "-3Z0lXhBwqBoAEv1v0as"
        },
        {
            "name": "repeating_spell-1_-fZ0xINFzBw7qHQr7eoK_spellname",
            "current": "ПРИКАЗ",
            "max": "",
            "id": "-tBYjhYfrivh7Uk5xTgh"
        },
        {
            "name": "repeating_spell-1_-fZ0xINFzBw7qHQr7eoK_spellschool",
            "current": "enchantment",
            "max": "",
            "id": "-PHTBOcoNnZ5dmrzQdIX"
        },
        {
            "name": "repeating_spell-1_-fZ0xINFzBw7qHQr7eoK_spellcastingtime",
            "current": "1 действие",
            "max": "",
            "id": "-j3CH79heGWiAArFj9sF"
        },
        {
            "name": "repeating_spell-1_-fZ0xINFzBw7qHQr7eoK_spellrange",
            "current": "60 футов",
            "max": "",
            "id": "-WipgdOMGlPq4aRZ64TA"
        },
        {
            "name": "repeating_spell-1_-fZ0xINFzBw7qHQr7eoK_spelltarget",
            "current": "",
            "max": "",
            "id": "-AjORIvS62em62V0B2pX"
        },
        {
            "name": "repeating_spell-1_-fZ0xINFzBw7qHQr7eoK_spellcomp_materials",
            "current": "",
            "max": "",
            "id": "-MFQOWaGPudt9uAqp7JI"
        },
        {
            "name": "repeating_spell-1_-fZ0xINFzBw7qHQr7eoK_spelldescription",
            "current": "Вы отдаете однословный приказ существу, которое можете видеть в пределах дальности заклинания. Цель должна сделать спасбросок по Мудрости или будет следовать этой команде в свой следующий ход. Заклинание не действует, если целью является нежить, цель не понимает ваш язык или ваш приказ наносит прямой вред цели. Далее описаны несколько приказов и их эффекты. Вы можете отдавать другие приказы. В этом случае МП решает, как ведет себя цель. Если цель не может выполнить ваш приказ, то заклинание заканчивается.<br>Подойди. Цель двигается к вам по кратчайшему пути и останавливается, если оказывается в 5 футах от вас. <br>Брось. Цель роняет то, что было у нее в руках, а затем заканчивает свой ход. <br>Беги. Цель тратит весь свой ход, чтобы как можно быстрее убежать от вас. <br>Ложись. Цель падает на землю и заканчивает свой ход. <br>Стой. Цель не двигается и не совершает действий в этом ходу. Летающее существо продолжает парить, если оно способно на это. Если ему нужно двигаться, чтобы оставаться в воздухе, то оно пролетает минимальное расстояние, необходимое для этого. На более высоких кругах. Если вы произносите заклинание, используя ячейку 2 круга или выше, то можете использовать это заклинание на одну дополнительную цель за каждый круг выше первого. Существа должны находиться в пределах 30 футов друг от друга, когда вы применяете на них заклинание.",
            "max": "",
            "id": "-5iQSc9xx70OD4uAsRdZ"
        },
        {
            "name": "repeating_spell-1_-fZ0xINFzBw7qHQr7eoK_spellduration",
            "current": "1 раунд",
            "max": "",
            "id": "-11cNwCUArY282m8aMNM"
        },
        {
            "name": "repeating_spell-1_-fZ0xINFzBw7qHQr7eoK_spellcomp_v",
            "current": "{{v=1}}",
            "max": "",
            "id": "-jxBZTi3sEArdoVBix4Y"
        },
        {
            "name": "repeating_spell-1_-fZ0xINFzBw7qHQr7eoK_spellcomp_s",
            "current": "0",
            "max": "",
            "id": "-9D42hXvQ3Me84Z6l4LK"
        },
        {
            "name": "repeating_spell-1_-fZ0xINFzBw7qHQr7eoK_spellcomp_m",
            "current": "0",
            "max": "",
            "id": "-8xrgJkruQbdaVRQDuP5"
        },
        {
            "name": "repeating_spell-1_-fZ0xINFzBw7qHQr7eoK_spellsource",
            "current": "PHB",
            "max": "",
            "id": "-tyIy33axOmkrtUQ7MSs"
        },
        {
            "name": "repeating_spell-1_-fZ0xINFzBw7qHQr7eoK_details-flag",
            "current": "0",
            "max": "",
            "id": "-5LH3zYwNcY61IJfZDdQ"
        },
        {
            "name": "repeating_spell-1_-fZ0xINFzBw7qHQr7eoK_options-flag",
            "current": "0",
            "max": "",
            "id": "-KUKKSyJE5gQINzTDAWb"
        },
        {
            "name": "repeating_spell-1_-pvBV3rSdmA8jEkoxlkF_spellname",
            "current": "ИСЦЕЛЕНИЕ РАН",
            "max": "",
            "id": "-Ii7WjIpHK9aAMmqCGfa"
        },
        {
            "name": "repeating_spell-1_-pvBV3rSdmA8jEkoxlkF_spellschool",
            "current": "evocation",
            "max": "",
            "id": "-NolqZR50mIB1CbedRPj"
        },
        {
            "name": "repeating_spell-1_-pvBV3rSdmA8jEkoxlkF_spellcastingtime",
            "current": "1 действие",
            "max": "",
            "id": "-Aadaq3A0uJk814q68W9"
        },
        {
            "name": "repeating_spell-1_-pvBV3rSdmA8jEkoxlkF_spellrange",
            "current": "Касание",
            "max": "",
            "id": "-zT7kYqXeVGiFUj0nT13"
        },
        {
            "name": "repeating_spell-1_-pvBV3rSdmA8jEkoxlkF_spelltarget",
            "current": "",
            "max": "",
            "id": "-DIwglWMm7C8HGSc6chc"
        },
        {
            "name": "repeating_spell-1_-pvBV3rSdmA8jEkoxlkF_spellcomp_materials",
            "current": "",
            "max": "",
            "id": "-QqfshkIjYc9eXE53oUO"
        },
        {
            "name": "repeating_spell-1_-pvBV3rSdmA8jEkoxlkF_spelldescription",
            "current": "Существо, которого вы касаетесь, восстанавливает ОЗ, равное 1d8 + ваш модификатор параметра заклинаний. Это заклинание не действует на нежить и големов. На более высоких кругах. Если вы произносите заклинание, используя ячейку 2 круга или выше, то объем исцеления увеличивается на 1d8 за каждый круг выше первого.",
            "max": "",
            "id": "-sLmnrcas8Hhr0zXe320"
        },
        {
            "name": "repeating_spell-1_-pvBV3rSdmA8jEkoxlkF_spellduration",
            "current": "Мгновенно",
            "max": "",
            "id": "-RtcrtEmGNP0raABffVJ"
        },
        {
            "name": "repeating_spell-1_-pvBV3rSdmA8jEkoxlkF_spellcomp_v",
            "current": "{{v=1}}",
            "max": "",
            "id": "-bXdFZG6OzstOtBGS9x1"
        },
        {
            "name": "repeating_spell-1_-pvBV3rSdmA8jEkoxlkF_spellcomp_s",
            "current": "{{s=1}}",
            "max": "",
            "id": "-nq3vTCvr55upm1VeXyV"
        },
        {
            "name": "repeating_spell-1_-pvBV3rSdmA8jEkoxlkF_spellcomp_m",
            "current": "0",
            "max": "",
            "id": "-hNyakL6URWXr63qAw9r"
        },
        {
            "name": "repeating_spell-1_-pvBV3rSdmA8jEkoxlkF_spellsource",
            "current": "PHB",
            "max": "",
            "id": "-X7ujLUw5PRpPLF2N4Xb"
        },
        {
            "name": "repeating_spell-1_-pvBV3rSdmA8jEkoxlkF_details-flag",
            "current": "0",
            "max": "",
            "id": "-lJveQf6TP8TnF1c6gyp"
        },
        {
            "name": "repeating_spell-1_-pvBV3rSdmA8jEkoxlkF_options-flag",
            "current": "0",
            "max": "",
            "id": "-48tDHD2GMpZR5SyLzwX"
        },
        {
            "name": "repeating_spell-1_-un0QUlUa8uSvoAzMLBT_spellname",
            "current": "ЩИТ ВЕРЫ",
            "max": "",
            "id": "-X7pAKiXvH6sjqnfGWmU"
        },
        {
            "name": "repeating_spell-1_-un0QUlUa8uSvoAzMLBT_spellschool",
            "current": "abjuration",
            "max": "",
            "id": "-N3xEzOu9pfkgKz5PgTw"
        },
        {
            "name": "repeating_spell-1_-un0QUlUa8uSvoAzMLBT_spellcastingtime",
            "current": "1 бонусное действие",
            "max": "",
            "id": "-fjt0JPVIFAqO1TExuQC"
        },
        {
            "name": "repeating_spell-1_-un0QUlUa8uSvoAzMLBT_spellrange",
            "current": "60 футов",
            "max": "",
            "id": "-xrGpUiq8nMIOF9UjaX3"
        },
        {
            "name": "repeating_spell-1_-un0QUlUa8uSvoAzMLBT_spelltarget",
            "current": "",
            "max": "",
            "id": "-jXk6JHrfNS6hpH5kcHu"
        },
        {
            "name": "repeating_spell-1_-un0QUlUa8uSvoAzMLBT_spellcomp_materials",
            "current": "кусочек пергамента с начертанным на нем священным писанием",
            "max": "",
            "id": "-ADzKy9iakIxJKeuopzP"
        },
        {
            "name": "repeating_spell-1_-un0QUlUa8uSvoAzMLBT_spelldescription",
            "current": "Мерцающее поле окружает выбранное вами существо в пределах дальности заклинания, даруя ему +2 к КБ на время действия заклинания.",
            "max": "",
            "id": "-AmanLWoRTRGU6FTwRI6"
        },
        {
            "name": "repeating_spell-1_-un0QUlUa8uSvoAzMLBT_spellduration",
            "current": "К-ция, до 10 минут",
            "max": "",
            "id": "-7HXHZgAS3pfVw1NI2tT"
        },
        {
            "name": "repeating_spell-1_-un0QUlUa8uSvoAzMLBT_spellcomp_v",
            "current": "{{v=1}}",
            "max": "",
            "id": "-rUAcOuPPCi75F4jLypp"
        },
        {
            "name": "repeating_spell-1_-un0QUlUa8uSvoAzMLBT_spellcomp_s",
            "current": "{{s=1}}",
            "max": "",
            "id": "-kISFtkXWb66NylazcM0"
        },
        {
            "name": "repeating_spell-1_-un0QUlUa8uSvoAzMLBT_spellcomp_m",
            "current": "{{m=1}}",
            "max": "",
            "id": "-90uVufA4AHT8Y3qwn2L"
        },
        {
            "name": "repeating_spell-1_-un0QUlUa8uSvoAzMLBT_spellsource",
            "current": "PHB",
            "max": "",
            "id": "-dZzoQqJvMyELvfk8GJK"
        },
        {
            "name": "repeating_spell-1_-un0QUlUa8uSvoAzMLBT_details-flag",
            "current": "0",
            "max": "",
            "id": "-97F78yFzNa6As4fnyQ5"
        },
        {
            "name": "repeating_spell-1_-un0QUlUa8uSvoAzMLBT_options-flag",
            "current": "0",
            "max": "",
            "id": "-nYlyDfZg4z0iMsWlSU4"
        },
        {
            "name": "repeating_spell-2_-18GO1x5dKHwsJnRRcrA_spellname",
            "current": "УМИРОТВОРЕНИЕ",
            "max": "",
            "id": "-qljwdW75XiHmxfbE183"
        },
        {
            "name": "repeating_spell-2_-18GO1x5dKHwsJnRRcrA_spellschool",
            "current": "enchantment",
            "max": "",
            "id": "-yAQtptxD0mRUMvHquGz"
        },
        {
            "name": "repeating_spell-2_-18GO1x5dKHwsJnRRcrA_spellcastingtime",
            "current": "1 действие",
            "max": "",
            "id": "-DjRBmjOJhqSxohX6cL0"
        },
        {
            "name": "repeating_spell-2_-18GO1x5dKHwsJnRRcrA_spellrange",
            "current": "60 футов",
            "max": "",
            "id": "-3NrwThS3dtlFvisRlgW"
        },
        {
            "name": "repeating_spell-2_-18GO1x5dKHwsJnRRcrA_spelltarget",
            "current": "",
            "max": "",
            "id": "-E1RMCczyrr7Uw0cxD3B"
        },
        {
            "name": "repeating_spell-2_-18GO1x5dKHwsJnRRcrA_spellcomp_materials",
            "current": "",
            "max": "",
            "id": "-FvWwzoWzAdIDqERBCyi"
        },
        {
            "name": "repeating_spell-2_-18GO1x5dKHwsJnRRcrA_spelldescription",
            "current": "Вы пытаетесь подавить сильные эмоции у группы существ. Каждый гуманоид в сфере радиусом 20 футов вокруг выбранной вами точки должен сделать спасбросок по Харизме<br>Вы пытаетесь подавить сильные эмоции у группы существ. Все гуманоиды в сфере с радиусом 20 футов с центром в точке, выбранной в пределах дистанции, должны совершить спасбросок Харизмы; существо может добровольно провалить этот спасбросок, если пожелает. Если существо проваливает спасбросок, выберите один из двух описанных ниже эффектов:<br>Вы можете подавить все эффекты, делающие цель очарованной или испуганной. Когда это заклинание оканчивается, все подавленные эффекты восстанавливаются, при условии, что за это время их действие не окончилось.<br>В качестве альтернативы, вы можете сделать цель безразличной к выбранным вами существам, к которым она относилась враждебно. Это безразличие оканчивается, если цель атакована или ей причинён вред заклинанием, или если она станет свидетелем того, как причиняют вред её друзьям. Когда заклинание оканчивается, существо становится вновь враждебным, если Мастер не решит по-другому.",
            "max": "",
            "id": "-7FVkIM52xGfa8VebI4M"
        },
        {
            "name": "repeating_spell-2_-18GO1x5dKHwsJnRRcrA_spellduration",
            "current": "К-ция, до 1 минуты",
            "max": "",
            "id": "-uGo3andvaGRCsdmNB3G"
        },
        {
            "name": "repeating_spell-2_-18GO1x5dKHwsJnRRcrA_spellcomp_v",
            "current": "{{v=1}}",
            "max": "",
            "id": "-w7UATugDpVUEZXSEnLb"
        },
        {
            "name": "repeating_spell-2_-18GO1x5dKHwsJnRRcrA_spellcomp_s",
            "current": "{{s=1}}",
            "max": "",
            "id": "-Pqm3u4dVpm1DVhNyTZz"
        },
        {
            "name": "repeating_spell-2_-18GO1x5dKHwsJnRRcrA_spellcomp_m",
            "current": "0",
            "max": "",
            "id": "-w5bI4Hhap7AUVPc45Gx"
        },
        {
            "name": "repeating_spell-2_-18GO1x5dKHwsJnRRcrA_spellsource",
            "current": "PHB",
            "max": "",
            "id": "-3j76F8MIwALMyKebA5N"
        },
        {
            "name": "repeating_spell-2_-18GO1x5dKHwsJnRRcrA_details-flag",
            "current": "0",
            "max": "",
            "id": "-VSrFfVtFcQdmlkFtb1a"
        },
        {
            "name": "repeating_spell-2_-18GO1x5dKHwsJnRRcrA_options-flag",
            "current": "0",
            "max": "",
            "id": "-AsMybAr5xJ6jieyQEhC"
        },
        {
            "name": "repeating_spell-2_-0gfg5SQ36xRkMxIVVls_spellname",
            "current": "УДЕРЖАНИЕ ПЕРСОНЫ",
            "max": "",
            "id": "-nCHTKz6N40Q22p1mswJ"
        },
        {
            "name": "repeating_spell-2_-0gfg5SQ36xRkMxIVVls_spellschool",
            "current": "enchantment",
            "max": "",
            "id": "-1P7O7tedCPAgI4wzuA2"
        },
        {
            "name": "repeating_spell-2_-0gfg5SQ36xRkMxIVVls_spellcastingtime",
            "current": "1 действие",
            "max": "",
            "id": "-3Fy8VBbtMBbOie6diY2"
        },
        {
            "name": "repeating_spell-2_-0gfg5SQ36xRkMxIVVls_spellrange",
            "current": "60 футов",
            "max": "",
            "id": "-CCO5yPiCd76nZAtaZPV"
        },
        {
            "name": "repeating_spell-2_-0gfg5SQ36xRkMxIVVls_spelltarget",
            "current": "",
            "max": "",
            "id": "-3eR0TvkhVtqlJVwjuZG"
        },
        {
            "name": "repeating_spell-2_-0gfg5SQ36xRkMxIVVls_spellcomp_materials",
            "current": "маленький, ровный кусочек железа",
            "max": "",
            "id": "-Mug3oCNWxNMun1uANAT"
        },
        {
            "name": "repeating_spell-2_-0gfg5SQ36xRkMxIVVls_spelldescription",
            "current": "Выберите гуманоида, которого вы можете видеть в пределах дальности заклинания. Цель должна сделать спасбросок по Мудрости или будет парализована на время действия заклинания. В конце каждого своего хода цель может сделать новый спасбросок по Мудрости. В случае успеха заклинание заканчивается для этой цели.   <br>На более высоких кругах. Если вы произносите заклинание, используя ячейку 3 круга или выше, то можете использовать его на однго дополнительного гуманоида за каждый круг выше второго. Существа должны находиться в пределах 30 футов друг от друга, когда вы произносите заклинание.",
            "max": "",
            "id": "-QuywogVUmJS6ozsZTaq"
        },
        {
            "name": "repeating_spell-2_-0gfg5SQ36xRkMxIVVls_spellduration",
            "current": "конц-я, до 1 мин",
            "max": "",
            "id": "-5xZtlHNy9qlZTWGlBb8"
        },
        {
            "name": "repeating_spell-2_-0gfg5SQ36xRkMxIVVls_spellcomp_v",
            "current": "{{v=1}}",
            "max": "",
            "id": "-fk2CCLlzCKJtoYZ7L89"
        },
        {
            "name": "repeating_spell-2_-0gfg5SQ36xRkMxIVVls_spellcomp_s",
            "current": "{{s=1}}",
            "max": "",
            "id": "-LG5Wo8wF6BFj7xNcKZH"
        },
        {
            "name": "repeating_spell-2_-0gfg5SQ36xRkMxIVVls_spellcomp_m",
            "current": "{{m=1}}",
            "max": "",
            "id": "-YU3yDtJtTcMl2MDwiPw"
        },
        {
            "name": "repeating_spell-2_-0gfg5SQ36xRkMxIVVls_spellsource",
            "current": "PHB",
            "max": "",
            "id": "-XR8Fpni6yB6t889X0CC"
        },
        {
            "name": "repeating_spell-2_-0gfg5SQ36xRkMxIVVls_details-flag",
            "current": "0",
            "max": "",
            "id": "-ptJGAyGb7utrbGdFMew"
        },
        {
            "name": "repeating_spell-2_-0gfg5SQ36xRkMxIVVls_options-flag",
            "current": "0",
            "max": "",
            "id": "-3W4jjGiBDTozL0T27SA"
        },
        {
            "name": "repeating_spell-3_-uzNXXLCmbOYA37dJUvr_spellname",
            "current": "ПРОКЛЯТИЕ",
            "max": "",
            "id": "-laCBvrodfPVph51VzGE"
        },
        {
            "name": "repeating_spell-3_-uzNXXLCmbOYA37dJUvr_spellschool",
            "current": "necromancy",
            "max": "",
            "id": "-3MG8PNmaTFY2OpG3jKS"
        },
        {
            "name": "repeating_spell-3_-uzNXXLCmbOYA37dJUvr_spellcastingtime",
            "current": "1 действие",
            "max": "",
            "id": "-YnCMvI0qS99Sdxwi1Wo"
        },
        {
            "name": "repeating_spell-3_-uzNXXLCmbOYA37dJUvr_spellrange",
            "current": "Касание",
            "max": "",
            "id": "-WGdNpYVKWqouKbdLEcC"
        },
        {
            "name": "repeating_spell-3_-uzNXXLCmbOYA37dJUvr_spelltarget",
            "current": "",
            "max": "",
            "id": "-DfZDMkO3MQIwmPImlnS"
        },
        {
            "name": "repeating_spell-3_-uzNXXLCmbOYA37dJUvr_spellcomp_materials",
            "current": "",
            "max": "",
            "id": "-42lMACbBlt1xXGNE5L4"
        },
        {
            "name": "repeating_spell-3_-uzNXXLCmbOYA37dJUvr_spelldescription",
            "current": "Вы касаетесь существа, и оно должно сделать спасбросок по Мудрости, или будет проклято до тех пор, пока действует заклинание. Произнося его, вы выбираете вид проклятия из следующих вариантов: Выберите один из параметров. Цель получает помеху на спасброски и проверки этого параметра, пока проклято. Пока цель проклята, она получает помеху на броски атаки против вас. Пока цель проклята, она должна делать спасбросок по Мудрости в начале каждого своего хода. При провале оно тратит свое действие, не делая ничего. Пока цель проклята, ваши атаки и заклинания наносят ей дополнительные 1d8 некротического урона. Снятие проклятия развеивает этот эффект. По усмотрению МП, вы можете выбирать другие варианты проклятий, но они не должны быть сильнее, чем перечисленные здесь. На более высоких кругах. Если вы произносите заклинание, используя ячейку 4 круга, то максимальная длительность концентрации увеличивается до 10 минут. Если вы используете ячейку 5 круга или выше, то заклинание более не требует концентрации, а длительность увеличивается до 8 часов за ячейку 5 круга и до 24 часов за ячейку 7 круга. Если вы используете ячейку 9 круга, то проклятие остается до тех пор, пока не будет развеяно.",
            "max": "",
            "id": "-NDeLs5lSFCUxqAQa3lo"
        },
        {
            "name": "repeating_spell-3_-uzNXXLCmbOYA37dJUvr_spellduration",
            "current": "К-ция, до 1 минуты",
            "max": "",
            "id": "-D19oQzi7hG6Me1WC3vB"
        },
        {
            "name": "repeating_spell-3_-uzNXXLCmbOYA37dJUvr_spellcomp_v",
            "current": "{{v=1}}",
            "max": "",
            "id": "-WtFvN6MinGH38SA3NF6"
        },
        {
            "name": "repeating_spell-3_-uzNXXLCmbOYA37dJUvr_spellcomp_s",
            "current": "{{s=1}}",
            "max": "",
            "id": "-EUI3Ye102XIWCCQ749z"
        },
        {
            "name": "repeating_spell-3_-uzNXXLCmbOYA37dJUvr_spellcomp_m",
            "current": "0",
            "max": "",
            "id": "-mAjaeotoW8uNDiJI0xZ"
        },
        {
            "name": "repeating_spell-3_-uzNXXLCmbOYA37dJUvr_spellsource",
            "current": "",
            "max": "",
            "id": "-ycmqEQMqExCMqMxaJ0r"
        },
        {
            "name": "repeating_spell-3_-uzNXXLCmbOYA37dJUvr_details-flag",
            "current": "0",
            "max": "",
            "id": "-MLELrWPJQ4JCGrf57aH"
        },
        {
            "name": "repeating_spell-3_-uzNXXLCmbOYA37dJUvr_options-flag",
            "current": "0",
            "max": "",
            "id": "-ED6cW878a86JzqcSOZS"
        },
        {
            "name": "repeating_spell-3_-29RYqdPCIfcuXGghc1U_spellname",
            "current": "ЯСНОВИДЕНИЕ",
            "max": "",
            "id": "-s5CwIbvgmf4WHug5AsW"
        },
        {
            "name": "repeating_spell-3_-29RYqdPCIfcuXGghc1U_spellschool",
            "current": "divination",
            "max": "",
            "id": "-j6FU7udawwx1SuuOL2i"
        },
        {
            "name": "repeating_spell-3_-29RYqdPCIfcuXGghc1U_spellcastingtime",
            "current": "10 минут",
            "max": "",
            "id": "-mMzSGmuGFrPgc3IOMGS"
        },
        {
            "name": "repeating_spell-3_-29RYqdPCIfcuXGghc1U_spellrange",
            "current": "1 миля",
            "max": "",
            "id": "-riL4A3aSaQWjjsYvfv7"
        },
        {
            "name": "repeating_spell-3_-29RYqdPCIfcuXGghc1U_spelltarget",
            "current": "",
            "max": "",
            "id": "-Uq71ynsYA6V6ZZLTfY6"
        },
        {
            "name": "repeating_spell-3_-29RYqdPCIfcuXGghc1U_spellcomp_materials",
            "current": "фокус стоимостью не менее 100 зм, рог украшенный драгоценным камнями для подслушивания или стеклянный глаз для подсматривания",
            "max": "",
            "id": "-bIl6Ak7Hfn7jL0oaFaM"
        },
        {
            "name": "repeating_spell-3_-29RYqdPCIfcuXGghc1U_spelldescription",
            "current": "Вы создаете невидимый сенсор в известном вам месте в пределах дальности заклинания или в очевидном месте, незнакомом вам (например за дверью, за углом или в лесной чаще). Сенсор остается на месте до тех пор, пока действует заклинание. Его нельзя атаковать или иным образом взаимодействовать с ним. Произнося заклинание, выберите подслушивание или же подсматривание. Вы можете использовать выбранное чувство так, словно вы находитесь на месте сенсора. В качестве действия вы можете переключаться между подслушиванием и подсматриванием. Существо, которое способно видеть сенсор (благодаря заклинанию видеть невидимое или истинному зрению), видит сияющую, неосязаемую сферу размером с ваш кулак.",
            "max": "",
            "id": "-dXwu1JnwfsiApKIX9uU"
        },
        {
            "name": "repeating_spell-3_-29RYqdPCIfcuXGghc1U_spellduration",
            "current": "конц-я, до 10 мин",
            "max": "",
            "id": "-huS6vYp1rxJTuR0KEEH"
        },
        {
            "name": "repeating_spell-3_-29RYqdPCIfcuXGghc1U_spellcomp_v",
            "current": "{{v=1}}",
            "max": "",
            "id": "-dv6WDS7gH9ksKl8ZMGO"
        },
        {
            "name": "repeating_spell-3_-29RYqdPCIfcuXGghc1U_spellcomp_s",
            "current": "{{s=1}}",
            "max": "",
            "id": "-3Pmw7p5YILjiiXy6J4q"
        },
        {
            "name": "repeating_spell-3_-29RYqdPCIfcuXGghc1U_spellcomp_m",
            "current": "{{m=1}}",
            "max": "",
            "id": "-yL9WFGLxpHGzlfXqHcV"
        },
        {
            "name": "repeating_spell-3_-29RYqdPCIfcuXGghc1U_spellsource",
            "current": "PHB",
            "max": "",
            "id": "-TWbZbI7vVBPg7bSCmp6"
        },
        {
            "name": "repeating_spell-3_-29RYqdPCIfcuXGghc1U_details-flag",
            "current": "0",
            "max": "",
            "id": "-b9k9gLO3bZdrJ3ZBfBJ"
        },
        {
            "name": "repeating_spell-3_-29RYqdPCIfcuXGghc1U_options-flag",
            "current": "0",
            "max": "",
            "id": "-iQTnhvGw0dquszhrwDj"
        },
        {
            "name": "repeating_spell-4_-14Kvf4GiKw5XkRwkvZF_spellname",
            "current": "ИЗГНАНИЕ",
            "max": "",
            "id": "-MjVcTeCa1W8FqmbIt0y"
        },
        {
            "name": "repeating_spell-4_-14Kvf4GiKw5XkRwkvZF_spellschool",
            "current": "abjuration",
            "max": "",
            "id": "-ANnnqLUIahbQZYQotjo"
        },
        {
            "name": "repeating_spell-4_-14Kvf4GiKw5XkRwkvZF_spellcastingtime",
            "current": "1 действие",
            "max": "",
            "id": "-d7j2hUJy0uBSCEQruei"
        },
        {
            "name": "repeating_spell-4_-14Kvf4GiKw5XkRwkvZF_spellrange",
            "current": "60 футов",
            "max": "",
            "id": "-poUzPdfno3x4NUMV1ya"
        },
        {
            "name": "repeating_spell-4_-14Kvf4GiKw5XkRwkvZF_spelltarget",
            "current": "",
            "max": "",
            "id": "-5iL4Lj9vsUqmen9zBTu"
        },
        {
            "name": "repeating_spell-4_-14Kvf4GiKw5XkRwkvZF_spellcomp_materials",
            "current": "предмет, неприятный для цели",
            "max": "",
            "id": "-iv55gXQeQth2dRRCRgH"
        },
        {
            "name": "repeating_spell-4_-14Kvf4GiKw5XkRwkvZF_spelldescription",
            "current": "Вы пытаетесь отправить одно существо, которое вы можете видеть в пределах дальности заклинания, на другой план существования. Цель должна сделать успешный спасбросок по Харизме или будет изгнано.  Если цель находится на своем родном плане, то вы изгоняете ее в безвредное подпространство. Находясь там, существо небоеспособно. Цель остается там, пока действует заклинание, а затем появляется в том месте, откуда было изгнано или в ближайшем незанятом месте.  Если цель находится на чужом плане, то вы изгоняете её на родной план. При этом изгнание сопровождается слабым хлопком. Если заклинание заканчивается до истечения 1 минуты, то цель возвращается на то место, откуда было изгнано, или в ближайшее незанятое место. В противном случае цель не возвращается. <br>На более высоких кругах. Если вы произносите заклинание, используя ячейку 5 круга или выше, то вы можете выбрать одно дополнительное существо за каждый круг выше четвертого.",
            "max": "",
            "id": "-HLBK2cnbZZf9GhTVsIW"
        },
        {
            "name": "repeating_spell-4_-14Kvf4GiKw5XkRwkvZF_spellduration",
            "current": "конц-я, до 1 мин",
            "max": "",
            "id": "-Gm250YQAkSl14OXl0iu"
        },
        {
            "name": "repeating_spell-4_-14Kvf4GiKw5XkRwkvZF_spellcomp_v",
            "current": "{{v=1}}",
            "max": "",
            "id": "-Vn8IcogBZ0AxBOhhmBT"
        },
        {
            "name": "repeating_spell-4_-14Kvf4GiKw5XkRwkvZF_spellcomp_s",
            "current": "{{s=1}}",
            "max": "",
            "id": "-ka5HJJ95MhrwIE8pTcT"
        },
        {
            "name": "repeating_spell-4_-14Kvf4GiKw5XkRwkvZF_spellcomp_m",
            "current": "{{m=1}}",
            "max": "",
            "id": "-pnqFVuCzdUhlH2lMOXx"
        },
        {
            "name": "repeating_spell-4_-14Kvf4GiKw5XkRwkvZF_spellsource",
            "current": "PHB",
            "max": "",
            "id": "-qsYCt61CwrtkNe7Dzis"
        },
        {
            "name": "repeating_spell-4_-14Kvf4GiKw5XkRwkvZF_details-flag",
            "current": "0",
            "max": "",
            "id": "-89oZDaH78fEKdnvuoKG"
        },
        {
            "name": "repeating_spell-4_-14Kvf4GiKw5XkRwkvZF_options-flag",
            "current": "0",
            "max": "",
            "id": "-KDM7rDZmIYY3q9uVh6H"
        },
        {
            "name": "repeating_spell-4_-ov161g6ONSsGHTEeoov_spellname",
            "current": "СВОБОДА ПЕРЕДВИЖЕНИЯ",
            "max": "",
            "id": "-EBTsYJUqTIcz32FyG1D"
        },
        {
            "name": "repeating_spell-4_-ov161g6ONSsGHTEeoov_spellschool",
            "current": "abjuration",
            "max": "",
            "id": "-cBk0g8v53WkSHCJXKcm"
        },
        {
            "name": "repeating_spell-4_-ov161g6ONSsGHTEeoov_spellcastingtime",
            "current": "1 действие",
            "max": "",
            "id": "-geQATKVXPizH6yXEOlG"
        },
        {
            "name": "repeating_spell-4_-ov161g6ONSsGHTEeoov_spellrange",
            "current": "Касание",
            "max": "",
            "id": "-HdYgqUIFacWyCbjeXoq"
        },
        {
            "name": "repeating_spell-4_-ov161g6ONSsGHTEeoov_spelltarget",
            "current": "",
            "max": "",
            "id": "-Hhvzys02AViY5GmUSfL"
        },
        {
            "name": "repeating_spell-4_-ov161g6ONSsGHTEeoov_spellcomp_materials",
            "current": "полоска кожи, обернутая вокруг руки, или другой похожий аксессуар",
            "max": "",
            "id": "-iijAzuTVGstz0Apabsl"
        },
        {
            "name": "repeating_spell-4_-ov161g6ONSsGHTEeoov_spelldescription",
            "current": "Вы касаетесь согласного существа. Пока это заклинание действует, труднопроходимая местность не замедляет его передвижение, а заклинания и другие магические эффекты не могут снизить его скорость, парализовать или обездвижить. Цель также может потратить 5 футов передвижения, чтобы автоматически освободиться от любых немагических оков (например наручников) или захватов. Наконец, вы не получаете штрафов к передвижению и атакам, находясь под водой.",
            "max": "",
            "id": "-V8HWqWlU39CJn2Mg0dw"
        },
        {
            "name": "repeating_spell-4_-ov161g6ONSsGHTEeoov_spellduration",
            "current": "1 час",
            "max": "",
            "id": "-OKCfcqbiMyI2zMZO2t5"
        },
        {
            "name": "repeating_spell-4_-ov161g6ONSsGHTEeoov_spellcomp_v",
            "current": "{{v=1}}",
            "max": "",
            "id": "-eRt3cozm7PvEqOuoc2h"
        },
        {
            "name": "repeating_spell-4_-ov161g6ONSsGHTEeoov_spellcomp_s",
            "current": "{{s=1}}",
            "max": "",
            "id": "-fa6kucZOSdQDE4iMwWE"
        },
        {
            "name": "repeating_spell-4_-ov161g6ONSsGHTEeoov_spellcomp_m",
            "current": "{{m=1}}",
            "max": "",
            "id": "-F9HbH5EEUaW6dFw2sv7"
        },
        {
            "name": "repeating_spell-4_-ov161g6ONSsGHTEeoov_spellsource",
            "current": "PHB",
            "max": "",
            "id": "-K0fzfu65weOttNP1jze"
        },
        {
            "name": "repeating_spell-4_-ov161g6ONSsGHTEeoov_details-flag",
            "current": "0",
            "max": "",
            "id": "-YZfa3x2WYC6xU52ggZP"
        },
        {
            "name": "repeating_spell-4_-ov161g6ONSsGHTEeoov_options-flag",
            "current": "0",
            "max": "",
            "id": "-RfpCIkAd3GGQllhMpl2"
        },
        {
            "name": "repeating_spell-5_-ZckDNujMcRChI7TIRgb_spellname",
            "current": "УДАР ПЛАМЕНИ",
            "max": "",
            "id": "-3Q7JLqmeLpQXi2RWykp"
        },
        {
            "name": "repeating_spell-5_-ZckDNujMcRChI7TIRgb_spellschool",
            "current": "evocation",
            "max": "",
            "id": "-pg3uq6Cx5oy2sJHRvyM"
        },
        {
            "name": "repeating_spell-5_-ZckDNujMcRChI7TIRgb_spellcastingtime",
            "current": "1 действие",
            "max": "",
            "id": "-GHEfOvWXIzpJNlOyk1J"
        },
        {
            "name": "repeating_spell-5_-ZckDNujMcRChI7TIRgb_spellrange",
            "current": "60 футов",
            "max": "",
            "id": "-l3wUwItDlU1GaFF5nvB"
        },
        {
            "name": "repeating_spell-5_-ZckDNujMcRChI7TIRgb_spelltarget",
            "current": "",
            "max": "",
            "id": "-4MdTESgnywxBLW5xf88"
        },
        {
            "name": "repeating_spell-5_-ZckDNujMcRChI7TIRgb_spellcomp_materials",
            "current": "щепотка серы",
            "max": "",
            "id": "-XnNMfcMHfwGbrufrKDI"
        },
        {
            "name": "repeating_spell-5_-ZckDNujMcRChI7TIRgb_spelldescription",
            "current": "Вертикальная колонна божественного пламени с ревом устремляется с небес в указанную вами точку. Каждое существо в цилиндре радиусом 10 футов и высотой 40 футов вокруг указанной вами точки должно сделать спасбросок по Ловкости. При провале существо получает 4d6 урона огнем и 4d6 урона излучением, а при успехе - половину этого урона. На более высоких кругах. Если вы произносите заклинание, используя ячейку 6 круга или выше, то урон огнем или излучением (на ваш выбор) увеличивается на 1d6 за каждый круг выше пятого.",
            "max": "",
            "id": "-QaWG4nXoozUfJqGJCIE"
        },
        {
            "name": "repeating_spell-5_-ZckDNujMcRChI7TIRgb_spellduration",
            "current": "Мгновенно",
            "max": "",
            "id": "-uIgror3J6iGYUpVCgwf"
        },
        {
            "name": "repeating_spell-5_-ZckDNujMcRChI7TIRgb_spellcomp_v",
            "current": "{{v=1}}",
            "max": "",
            "id": "-0UQa9tRbNXnouYmuxTN"
        },
        {
            "name": "repeating_spell-5_-ZckDNujMcRChI7TIRgb_spellcomp_s",
            "current": "{{s=1}}",
            "max": "",
            "id": "-96S4iYUrfIySLgv3mkT"
        },
        {
            "name": "repeating_spell-5_-ZckDNujMcRChI7TIRgb_spellcomp_m",
            "current": "{{m=1}}",
            "max": "",
            "id": "-3te7ZlpGrhBfwFzYsnp"
        },
        {
            "name": "repeating_spell-5_-ZckDNujMcRChI7TIRgb_spellsource",
            "current": "PHB",
            "max": "",
            "id": "-ynROtdorfLH9ztMRX0s"
        },
        {
            "name": "repeating_spell-5_-ZckDNujMcRChI7TIRgb_details-flag",
            "current": "0",
            "max": "",
            "id": "-TFx4SdhWBvCaN9PMW6b"
        },
        {
            "name": "repeating_spell-5_-ZckDNujMcRChI7TIRgb_options-flag",
            "current": "0",
            "max": "",
            "id": "-DjcZLbyyfx94Bvs2VJN"
        },
        {
            "name": "repeating_spell-5_-FXNUKSZah7GQn9A00BQ_spellname",
            "current": "МИССИЯ",
            "max": "",
            "id": "-ToVB1TLEBfXhHS9zgGs"
        },
        {
            "name": "repeating_spell-5_-FXNUKSZah7GQn9A00BQ_spellschool",
            "current": "enchantment",
            "max": "",
            "id": "-DmrGkeIjXXhSar5jwuh"
        },
        {
            "name": "repeating_spell-5_-FXNUKSZah7GQn9A00BQ_spellcastingtime",
            "current": "1 минута",
            "max": "",
            "id": "-6jtX9pukoofdEIptqcW"
        },
        {
            "name": "repeating_spell-5_-FXNUKSZah7GQn9A00BQ_spellrange",
            "current": "60 футов",
            "max": "",
            "id": "-1OzEFOTqVkGCVcZ8yFc"
        },
        {
            "name": "repeating_spell-5_-FXNUKSZah7GQn9A00BQ_spelltarget",
            "current": "",
            "max": "",
            "id": "-PqMdaOon83J15Ek0ets"
        },
        {
            "name": "repeating_spell-5_-FXNUKSZah7GQn9A00BQ_spellcomp_materials",
            "current": "",
            "max": "",
            "id": "-nU9f4HI4r9ayxjIpBOD"
        },
        {
            "name": "repeating_spell-5_-FXNUKSZah7GQn9A00BQ_spelldescription",
            "current": "Вы отдаете магический приказ существу, которое вы можете видеть в пределах дальности заклинания, заставляя выполнять какое-то действие или воздержаться от определенного образа действий. Существо должно сделать успешный спасбросок по Мудрости. Находясь в этом состоянии, оно получает 5d10 психического урона всякий раз, когда оно действует вразрез с вашими указаниями, но не более одного раза в день. Вы можете отдать любую команду на ваш выбор, кроме той, которая повлечет за собой чью-либо смерть. Приказ сделать самоубийство завершает заклинание. Вы можете досрочно завершить заклинание в качестве действия. Заклинания снятие проклятия, улучшенное восстановление или исполнение желаний также развеивают его.  <br>На более высоких кругах. Если вы произносите заклинание, используя ячейку 7 или 8 круга, то длительность увеличивается до 1 года. Если вы используете ячейку 9 круга, то заклинание действует до тех пор, пока не будет снято одним из вышеупомянутых заклинаний.",
            "max": "",
            "id": "-o40goaVhaPOssZpkSqS"
        },
        {
            "name": "repeating_spell-5_-FXNUKSZah7GQn9A00BQ_spellduration",
            "current": "30 дней",
            "max": "",
            "id": "-SHfOlKG5I1l4adF13h4"
        },
        {
            "name": "repeating_spell-5_-FXNUKSZah7GQn9A00BQ_spellcomp_v",
            "current": "{{v=1}}",
            "max": "",
            "id": "-ym6O8DqL0n4IigAnFnA"
        },
        {
            "name": "repeating_spell-5_-FXNUKSZah7GQn9A00BQ_spellcomp_s",
            "current": "0",
            "max": "",
            "id": "-crDw4C59ik4TVkofzA9"
        },
        {
            "name": "repeating_spell-5_-FXNUKSZah7GQn9A00BQ_spellcomp_m",
            "current": "0",
            "max": "",
            "id": "-BFsl75N3goms2eGe6Je"
        },
        {
            "name": "repeating_spell-5_-FXNUKSZah7GQn9A00BQ_spellsource",
            "current": "PHB",
            "max": "",
            "id": "-5GcvaxZSNFp0l1M4sqF"
        },
        {
            "name": "repeating_spell-5_-FXNUKSZah7GQn9A00BQ_details-flag",
            "current": "0",
            "max": "",
            "id": "-rChpaXKjsdll4l2mUD6"
        },
        {
            "name": "repeating_spell-5_-FXNUKSZah7GQn9A00BQ_options-flag",
            "current": "0",
            "max": "",
            "id": "-obgrQo5LNBaVtWhyHR3"
        },
        {
            "name": "repeating_spell-6_-H7pGDAhzOVJQ3fmb9sd_spellname",
            "current": "ИСТИННОЕ ЗРЕНИЕ",
            "max": "",
            "id": "-6z4kzQlhLXZ2j9BM9b0"
        },
        {
            "name": "repeating_spell-6_-H7pGDAhzOVJQ3fmb9sd_spellschool",
            "current": "divination",
            "max": "",
            "id": "-gWIkTinzwruLLEP10fl"
        },
        {
            "name": "repeating_spell-6_-H7pGDAhzOVJQ3fmb9sd_spellcastingtime",
            "current": "1 действие",
            "max": "",
            "id": "-S9hwmEj49Jm0nrDDQcN"
        },
        {
            "name": "repeating_spell-6_-H7pGDAhzOVJQ3fmb9sd_spellrange",
            "current": "Касание",
            "max": "",
            "id": "-tAPmboq7lEhFuWz0qXa"
        },
        {
            "name": "repeating_spell-6_-H7pGDAhzOVJQ3fmb9sd_spelltarget",
            "current": "",
            "max": "",
            "id": "-UkpErDWbNsMFqkXVHtd"
        },
        {
            "name": "repeating_spell-6_-H7pGDAhzOVJQ3fmb9sd_spellcomp_materials",
            "current": "лекарство для глаз стоимостью не менее 25 зм, оно изготовлено из грибного порошка, шафрана и жира, расходуется при произнесении",
            "max": "",
            "id": "-TBp4pHQSh45tbt1THRq"
        },
        {
            "name": "repeating_spell-6_-H7pGDAhzOVJQ3fmb9sd_spelldescription",
            "current": "Вы касаете согласного существа и даруете ему способность видеть вещи такими, какие они есть. Пока действует заклинание, существо получает истинное зрение, оно видит любые двери и предметы, скрытые магией, и может видеть Эфирный План на расстоянии 120 футов.",
            "max": "",
            "id": "-CDaHAb4ChVyFUUxNI73"
        },
        {
            "name": "repeating_spell-6_-H7pGDAhzOVJQ3fmb9sd_spellduration",
            "current": "1 час",
            "max": "",
            "id": "-9nSGIsXVcc4kVHpzAZ6"
        },
        {
            "name": "repeating_spell-6_-H7pGDAhzOVJQ3fmb9sd_spellcomp_v",
            "current": "{{v=1}}",
            "max": "",
            "id": "-e6ydRwjhxO89eT28FvO"
        },
        {
            "name": "repeating_spell-6_-H7pGDAhzOVJQ3fmb9sd_spellcomp_s",
            "current": "{{s=1}}",
            "max": "",
            "id": "-NqzDRRGSPBNmwnGIjCm"
        },
        {
            "name": "repeating_spell-6_-H7pGDAhzOVJQ3fmb9sd_spellcomp_m",
            "current": "{{m=1}}",
            "max": "",
            "id": "-HQIrjpySIQFId3HdyDw"
        },
        {
            "name": "repeating_spell-6_-H7pGDAhzOVJQ3fmb9sd_spellsource",
            "current": "PHB",
            "max": "",
            "id": "-Sq9jm06SSzPVjUcBESx"
        },
        {
            "name": "repeating_spell-6_-H7pGDAhzOVJQ3fmb9sd_details-flag",
            "current": "0",
            "max": "",
            "id": "-89Y7fHsehcwkaC1jNMH"
        },
        {
            "name": "repeating_spell-6_-H7pGDAhzOVJQ3fmb9sd_options-flag",
            "current": "0",
            "max": "",
            "id": "-5TjAUrH2PS036TnzdCq"
        },
        {
            "name": "repeating_npctrait_-7l2SuoaTF6FoMmBhJVD_description",
            "current": "Нага - заклинатель 11-го уровня. Его магические способности основываются на Мудрости (сложность спасброска 16, +8 к атаке заклинаниями), необходимы только вербальные компоненты. Подготовлены следующие заклинания жреца: \n\n• Заговоры (по желанию):\n mending починка [mending]: \n,\n sacred_flame священное пламя [sacred flame]: \n,\n thaumaturgy волшебство [thaumaturgy]: \n\n\n• 1ый круг (4 слота):\n command приказ [command]: \n,\n cure_wounds исцеление ран [cure wounds]: \n,\n shield_of_faith щит веры [shield of faith]: \n\n\n• 2ой круг (3 слота):\n calm_emotions умиротворение [calm emotions]: \n,\n hold_person удержание персоны [hold person]: \n\n\n• 3ий круг (3 слота):\n bestow_curse проклятие [bestow curse]: \n,\n clairvoyance ясновидение [clairvoyance]: \n\n\n• 4ый круг (3 слота):\n banishment изгнание [banishment]: \n,\n freedom_of_movement свобода передвижения [freedom of movement]: \n\n\n• 5ый круг (2 слота):\n flame_strike удар пламени [flame strike]: \n,\n geas миссия [geas]: \n\n\n• 6ой круг (1 слот):\n true_seeing истинное зрение [true seeing]: \n\n\n",
            "max": "",
            "id": "-kqodjfziWuucP6Ex7fk"
        },
        {
            "name": "npcspellcastingflag",
            "current": "1",
            "max": "",
            "id": "-sdJjX9H0lzH3Hvo8mph"
        }
    ],
    "abilities": []
}