{
    "schema_version": 2,
    "oldId": "-5xDv42DMsk19V8kiQTe",
    "name": "Неоги личинка [Neogi hatchling]",
    "avatar": "https://tentaculus.ru/monsters/img/cute_monsters/NEOGI_HATCHLING.jpg",
    "bio": "",
    "gmnotes": "",
    "defaulttoken": "",
    "tags": "[]",
    "controlledby": "",
    "inplayerjournals": "",
    "attribs": [
        {
            "name": "hitdieroll",
            "current": "4",
            "max": "",
            "id": "-mhLrejhKjgYwtumNLwV"
        },
        {
            "name": "showleveler",
            "current": 0,
            "max": "",
            "id": "-lz6SGV888DLni6mLP6l"
        },
        {
            "name": "invalidXP",
            "current": 0,
            "max": "",
            "id": "-YGphsMh89FYVvcenfD2"
        },
        {
            "name": "version",
            "current": 4.21,
            "max": "",
            "id": "-ecJ72OAB0etGfL26bvA"
        },
        {
            "name": "mancer_confirm_flag",
            "current": "",
            "max": "",
            "id": "-gOK0biqNMatpvh91I5I"
        },
        {
            "name": "mancer_npc",
            "current": "on",
            "max": "",
            "id": "-v6hZTC9oLjgj0YoD1wu"
        },
        {
            "name": "l1mancer_status",
            "current": "completed",
            "max": "",
            "id": "-MC1uKRGzslxLfuji5Nh"
        },
        {
            "name": "rtype",
            "current": "@{advantagetoggle}",
            "max": "",
            "id": "-E9JiAsc86h7DmsbJB7h"
        },
        {
            "name": "dtype",
            "current": "full",
            "max": "",
            "id": "-ibcG7WLHGufikar7cwd"
        },
        {
            "name": "appliedUpdates",
            "current": "upgrade_to_4_2_1",
            "max": "",
            "id": "-inU9NYUFu5xUKYLKzon"
        },
        {
            "name": "npc",
            "current": "1",
            "max": "",
            "id": "-fftbxWFTbHTwr92Nrgj"
        },
        {
            "name": "npc_options-flag",
            "current": "0",
            "max": "",
            "id": "-muCVOaWQNnSfZSja97w"
        },
        {
            "name": "ui_flags",
            "current": "",
            "max": "",
            "id": "-q5KcAUyMzyHJ4rQY9Yo"
        },
        {
            "name": "npc_name",
            "current": "Неоги личинка [Neogi hatchling]",
            "max": "",
            "id": "-VCaxalgiq15Nl14UiEs"
        },
        {
            "name": "npc_type",
            "current": "аберрация законно-злой",
            "max": "",
            "id": "-0DA1TVRh3v8vEEJ2hcm"
        },
        {
            "name": "npc_speed",
            "current": "4 клетки, взбирание 4 клетки",
            "max": "",
            "id": "-jSHudJySpdvBJc97lbf"
        },
        {
            "name": "hp",
            "current": "",
            "max": "7",
            "id": "-HEV3fU4mHrJFi1slco9"
        },
        {
            "name": "npc_ac",
            "current": "11",
            "max": "",
            "id": "-WbGyxfCT6qruvdQ8RCY"
        },
        {
            "name": "ac",
            "current": "11",
            "max": "",
            "id": "-cJecM0RbCfokkaUHXea"
        },
        {
            "name": "npc_languages",
            "current": "",
            "max": "",
            "id": "-7KjVntlKo9JBSyEVvoR"
        },
        {
            "name": "npc_challenge",
            "current": "1/8",
            "max": "",
            "id": "-3HgkJrUDMlYX9DABTji"
        },
        {
            "name": "passive_wisdom",
            "current": "1/8",
            "max": "",
            "id": "-007EMzdItkQMNlULk6K"
        },
        {
            "name": "initiative_bonus",
            "current": 1,
            "max": "",
            "id": "-GRmOt8NcmfRsGSOTzXV"
        },
        {
            "name": "npc_hpformula",
            "current": "3d4",
            "max": "",
            "id": "-szyLPZ7T4UBZvL22dCL"
        },
        {
            "name": "strength_base",
            "current": "3",
            "max": "",
            "id": "-upmwqGnMSGY07q8QMS3"
        },
        {
            "name": "strength_flag",
            "current": "0",
            "max": "",
            "id": "-rBGUJg4RC1gv449Q5IU"
        },
        {
            "name": "strength",
            "current": 3,
            "max": "",
            "id": "-luyZ0iIvJUEuB4QJONR"
        },
        {
            "name": "strength_mod",
            "current": -4,
            "max": "",
            "id": "-IXS6A2rh9T5jR2fdJ5d"
        },
        {
            "name": "npc_str_negative",
            "current": 1,
            "max": "",
            "id": "-oiQn9t5nYT1qoPHPx7U"
        },
        {
            "name": "dexterity_base",
            "current": "13",
            "max": "",
            "id": "-csU8M3467i5R6TylYmj"
        },
        {
            "name": "dexterity_flag",
            "current": "0",
            "max": "",
            "id": "-esqL2vOHfRLg5aqaZTh"
        },
        {
            "name": "dexterity",
            "current": 13,
            "max": "",
            "id": "-DcUqlFobCYq0wep2sGb"
        },
        {
            "name": "dexterity_mod",
            "current": 1,
            "max": "",
            "id": "-5bVQ4b0tl869D3RhUnu"
        },
        {
            "name": "npc_dex_negative",
            "current": 0,
            "max": "",
            "id": "-5xDPHm7Mk8Hq2Efin8Y"
        },
        {
            "name": "constitution_base",
            "current": "10",
            "max": "",
            "id": "-KqMV5E8E1ywmDWfsA8m"
        },
        {
            "name": "constitution_flag",
            "current": "0",
            "max": "",
            "id": "-7okdVmJXsRMbE0WGTFr"
        },
        {
            "name": "constitution",
            "current": 10,
            "max": "",
            "id": "-JiTiIvFtlmelGssZPL6"
        },
        {
            "name": "constitution_mod",
            "current": 0,
            "max": "",
            "id": "-h3281sEE1bM5DaQCP3K"
        },
        {
            "name": "npc_con_negative",
            "current": 0,
            "max": "",
            "id": "-TI3a8mlHNnt9tSK3DRv"
        },
        {
            "name": "intelligence_base",
            "current": "6",
            "max": "",
            "id": "-nM9FbAgZnt4p768SgYJ"
        },
        {
            "name": "intelligence_flag",
            "current": "0",
            "max": "",
            "id": "-FNLmKIhMfIh59BdL2c6"
        },
        {
            "name": "intelligence",
            "current": 6,
            "max": "",
            "id": "-zfMPg6TOjMTzejJ2AeM"
        },
        {
            "name": "intelligence_mod",
            "current": -2,
            "max": "",
            "id": "-6hswLUGsmfKXawwfNe6"
        },
        {
            "name": "npc_int_negative",
            "current": 1,
            "max": "",
            "id": "-9UhdEnGnNQRxXnNYHZ1"
        },
        {
            "name": "wisdom_base",
            "current": "10",
            "max": "",
            "id": "-d57opVJv9LxROvDq3t4"
        },
        {
            "name": "wisdom_flag",
            "current": "0",
            "max": "",
            "id": "-gj7Lv53JjpyMeJmeGZN"
        },
        {
            "name": "wisdom",
            "current": 10,
            "max": "",
            "id": "-WLFpHi0jePPtZyZ6yEo"
        },
        {
            "name": "wisdom_mod",
            "current": 0,
            "max": "",
            "id": "-T6UKke3mERL3kexx5lA"
        },
        {
            "name": "npc_wis_negative",
            "current": 0,
            "max": "",
            "id": "-ljXDBMuObbdSKXSkcFS"
        },
        {
            "name": "charisma_base",
            "current": "9",
            "max": "",
            "id": "-uvKyN22kz8CzIpY7hgl"
        },
        {
            "name": "charisma_flag",
            "current": "0",
            "max": "",
            "id": "-mNsi4YZtOeTJQUJf5TW"
        },
        {
            "name": "charisma",
            "current": 9,
            "max": "",
            "id": "-z9LKZklvahHsZnVoMtn"
        },
        {
            "name": "charisma_mod",
            "current": -1,
            "max": "",
            "id": "-9i219WH2q4rjJuX9ilJ"
        },
        {
            "name": "npc_cha_negative",
            "current": 1,
            "max": "",
            "id": "-4xtAFD0y6JeL0kuoNHx"
        },
        {
            "name": "npc_senses",
            "current": "тёмное зрение 60 фт",
            "max": "",
            "id": "-eNnzkfuY2bqEOmjBysU"
        },
        {
            "name": "repeating_npcaction_-i93NQWCfg1PPChxgy1D_name",
            "current": "Укус",
            "max": "",
            "id": "-xjQnx4WWm8DkfqRPVss"
        },
        {
            "name": "repeating_npcaction_-i93NQWCfg1PPChxgy1D_description",
            "current": "Рукопашная атака оружием: +3 к попаданию, досягаемость 5 фт., одна цель. Попадание: 3 (1к4+ 1) колющего урона плюс 7 (2к6) урона ядом и цель должна успешно пройти спасбросок Телосложения Сл 10 или стать отравленной на 1 минуту. Цель может повторять спасбросок в конце каждого своего хода и окончить этот эффект на себе при успехе.",
            "max": "",
            "id": "-Gj9SjAeL4BNHjjB5gjp"
        },
        {
            "name": "repeating_npcaction_-i93NQWCfg1PPChxgy1D_attack_tohitrange",
            "current": "+0",
            "max": "",
            "id": "-t7uFuaOin1llNwl8m06"
        },
        {
            "name": "repeating_npcaction_-i93NQWCfg1PPChxgy1D_attack_onhit",
            "current": "",
            "max": "",
            "id": "-YKR5lcqhcOFue6d9ERk"
        },
        {
            "name": "repeating_npcaction_-i93NQWCfg1PPChxgy1D_damage_flag",
            "current": "",
            "max": "",
            "id": "-qKCXwSitvtX4rdi9FBD"
        },
        {
            "name": "repeating_npcaction_-i93NQWCfg1PPChxgy1D_attack_crit",
            "current": "",
            "max": "",
            "id": "-fPbaqpUf538mId9ndpf"
        },
        {
            "name": "repeating_npcaction_-i93NQWCfg1PPChxgy1D_attack_crit2",
            "current": "",
            "max": "",
            "id": "-ANnvt4dQAxUX0hlObFc"
        },
        {
            "name": "repeating_npcaction_-i93NQWCfg1PPChxgy1D_rollbase",
            "current": "@{wtype}&{template:npcaction} @{npc_name_flag} {{rname=@{name}}} {{description=@{show_desc}}} @{charname_output}",
            "max": "",
            "id": "-bYxoH23GAodhPSS4IHA"
        },
        {
            "name": "repeating_npctrait_-JZPUIct2r19mFHDUnrE_name",
            "current": "Ментальная Стойкость",
            "max": "",
            "id": "-vj1Aq6AszCIqlxcoCt3"
        },
        {
            "name": "repeating_npctrait_-JZPUIct2r19mFHDUnrE_description",
            "current": "Личинка имеет преимущество на спасброски от очарования и испуга, и личинку нельзя усыпить магически.",
            "max": "",
            "id": "-BO3Quk8gMJZBN20T8uD"
        },
        {
            "name": "repeating_npctrait_-8p0Cei1wWkSlGvHPjTZ_name",
            "current": "Паучья Ходьба",
            "max": "",
            "id": "-9zjYNAMg4iDhYgHCb7V"
        },
        {
            "name": "repeating_npctrait_-8p0Cei1wWkSlGvHPjTZ_description",
            "current": "Личинка может взбираться по сложным поверхностям, включая вверх ногами по потолку, без необходимости проходить проверки.",
            "max": "",
            "id": "-MEFHxffGdnQt0N0OEaW"
        },
        {
            "name": "npcspellcastingflag",
            "current": "0",
            "max": "",
            "id": "-72NPinKcPlh7eWqWh8q"
        }
    ],
    "abilities": []
}