{
    "schema_version": 2,
    "oldId": "-Vil8BRgMwkY6JAY1eqz",
    "name": "Молодой Зеленый Дракон (Young Green Dragon)",
    "avatar": "https://tentaculus.ru/monsters/img/cute_monsters/YOUNG_GREEN_DRAGON.jpg",
    "bio": "",
    "gmnotes": "",
    "defaulttoken": "",
    "tags": "[]",
    "controlledby": "",
    "inplayerjournals": "",
    "attribs": [
        {
            "name": "hitdieroll",
            "current": "4",
            "max": "",
            "id": "-fXzEIizQduNPFjVrJhF"
        },
        {
            "name": "showleveler",
            "current": 0,
            "max": "",
            "id": "-AB6nBEJL9viyVfyPiiW"
        },
        {
            "name": "invalidXP",
            "current": 0,
            "max": "",
            "id": "-zzt579S82pF57T72dQN"
        },
        {
            "name": "version",
            "current": 4.21,
            "max": "",
            "id": "-GCOmfUBoyNfRjk626vt"
        },
        {
            "name": "mancer_confirm_flag",
            "current": "",
            "max": "",
            "id": "-CaSWDytyXbhJXduXAWk"
        },
        {
            "name": "mancer_npc",
            "current": "on",
            "max": "",
            "id": "-hkvGRYG3ZvWektaMdGO"
        },
        {
            "name": "l1mancer_status",
            "current": "completed",
            "max": "",
            "id": "-P1HYP8scJj7xST8Iixc"
        },
        {
            "name": "rtype",
            "current": "@{advantagetoggle}",
            "max": "",
            "id": "-z0FL6bsDRnQFqZ8EV5b"
        },
        {
            "name": "dtype",
            "current": "full",
            "max": "",
            "id": "-huxKXzxgsZhA8r2wcye"
        },
        {
            "name": "appliedUpdates",
            "current": "upgrade_to_4_2_1",
            "max": "",
            "id": "-O8lp3fr1mkdoemxKocG"
        },
        {
            "name": "npc",
            "current": "1",
            "max": "",
            "id": "-AIieXyHLUnFpdgBbQex"
        },
        {
            "name": "npc_options-flag",
            "current": "0",
            "max": "",
            "id": "-RCEtQ2Y6vKiUR23gwXf"
        },
        {
            "name": "ui_flags",
            "current": "",
            "max": "",
            "id": "-HBgaPvVPuJkFRqist8A"
        },
        {
            "name": "npc_name",
            "current": "Молодой Зеленый Дракон (Young Green Dragon)",
            "max": "",
            "id": "-ybJr6nt3aO70KcW7DmL"
        },
        {
            "name": "npc_type",
            "current": "дракон законно-злое",
            "max": "",
            "id": "-z0p4uQ3y8wUgHK0b6dG"
        },
        {
            "name": "npc_speed",
            "current": "8 клеток, полет 16 клеток, плавание 8 клеток",
            "max": "",
            "id": "-HLV6YMlXpfRcsgDAkW6"
        },
        {
            "name": "hp",
            "current": "",
            "max": "136",
            "id": "-Far3oQdwwSzgf4Y89sA"
        },
        {
            "name": "npc_ac",
            "current": "18 (естественная броня)",
            "max": "",
            "id": "-PfR25usJfcB5q2ZHUPl"
        },
        {
            "name": "ac",
            "current": "18 (естественная броня)",
            "max": "",
            "id": "-6pD4eTqmEUvpMJHSqjW"
        },
        {
            "name": "npc_languages",
            "current": "Общий, Драконий",
            "max": "",
            "id": "-rrxZYuyqiAYYXYhRsuC"
        },
        {
            "name": "npc_challenge",
            "current": "8",
            "max": "",
            "id": "-OR5NZXBu9QAXRwFbuFU"
        },
        {
            "name": "passive_wisdom",
            "current": "8",
            "max": "",
            "id": "-KnXN1BQl1urXwBfDj3K"
        },
        {
            "name": "initiative_bonus",
            "current": 1,
            "max": "",
            "id": "-dkVrMVUdn41Jx93gSfb"
        },
        {
            "name": "npc_hpformula",
            "current": "16d10 + 48",
            "max": "",
            "id": "-PSIPgZsFcrBJ8uBDwtj"
        },
        {
            "name": "strength_base",
            "current": "19",
            "max": "",
            "id": "-poCbWSXGnRHEWmBgkZ4"
        },
        {
            "name": "strength_flag",
            "current": "0",
            "max": "",
            "id": "-j3RRVeE7RACrSYIO0WV"
        },
        {
            "name": "strength",
            "current": 19,
            "max": "",
            "id": "-GiHsEPTLUDJuVYbcAJ6"
        },
        {
            "name": "strength_mod",
            "current": 4,
            "max": "",
            "id": "-VDfeltcySbgLRpyQ49K"
        },
        {
            "name": "npc_str_negative",
            "current": 0,
            "max": "",
            "id": "-wIAYWAQiZNmcURt6M7m"
        },
        {
            "name": "dexterity_base",
            "current": "12",
            "max": "",
            "id": "-rvsX8aYWQxpLnOrlV8T"
        },
        {
            "name": "dexterity_flag",
            "current": "0",
            "max": "",
            "id": "-FAwGdCgGo11wz0iE7Ge"
        },
        {
            "name": "dexterity",
            "current": 12,
            "max": "",
            "id": "-b6jdHiEKv2JfqPRAt1v"
        },
        {
            "name": "dexterity_mod",
            "current": 1,
            "max": "",
            "id": "-2diDXUYWZQReqgecyfT"
        },
        {
            "name": "npc_dex_negative",
            "current": 0,
            "max": "",
            "id": "-qXo4xdXnFCzbEUYf6pA"
        },
        {
            "name": "constitution_base",
            "current": "17",
            "max": "",
            "id": "-TF1WSMTdAaDWvRnfJjq"
        },
        {
            "name": "constitution_flag",
            "current": "0",
            "max": "",
            "id": "-xovMIf6uopKplq1YhIv"
        },
        {
            "name": "constitution",
            "current": 17,
            "max": "",
            "id": "-cm4RDz0iE8XsdaN2o4X"
        },
        {
            "name": "constitution_mod",
            "current": 3,
            "max": "",
            "id": "-MAxwX6eKcs0tssIFsol"
        },
        {
            "name": "npc_con_negative",
            "current": 0,
            "max": "",
            "id": "-4qe7UFCCZq281f9D9xR"
        },
        {
            "name": "intelligence_base",
            "current": "16",
            "max": "",
            "id": "-FhOQg522n0fdcNRPbJB"
        },
        {
            "name": "intelligence_flag",
            "current": "0",
            "max": "",
            "id": "-OezZsIjmnDlklli6jTn"
        },
        {
            "name": "intelligence",
            "current": 16,
            "max": "",
            "id": "-4MKOlRP0OvgJv52WxZi"
        },
        {
            "name": "intelligence_mod",
            "current": 3,
            "max": "",
            "id": "-TA62gctcDuSteTLQTYC"
        },
        {
            "name": "npc_int_negative",
            "current": 0,
            "max": "",
            "id": "-mqZWR4k0ib9oLgzuDwB"
        },
        {
            "name": "wisdom_base",
            "current": "13",
            "max": "",
            "id": "-1aa1pCHkSfTV7oyJql3"
        },
        {
            "name": "wisdom_flag",
            "current": "0",
            "max": "",
            "id": "-XhQ0Sa1au9nH4no66xr"
        },
        {
            "name": "wisdom",
            "current": 13,
            "max": "",
            "id": "-j1gPO4nXMTNXbsWZavw"
        },
        {
            "name": "wisdom_mod",
            "current": 1,
            "max": "",
            "id": "-kmZkKdqMHzCuK3C8uCF"
        },
        {
            "name": "npc_wis_negative",
            "current": 0,
            "max": "",
            "id": "-6pSTJuvUt0avXy9kS4l"
        },
        {
            "name": "charisma_base",
            "current": "15",
            "max": "",
            "id": "-Ykthj0bRAWZj7vAWmCC"
        },
        {
            "name": "charisma_flag",
            "current": "0",
            "max": "",
            "id": "-GgEtFkenaz3VNUkHIaM"
        },
        {
            "name": "charisma",
            "current": 15,
            "max": "",
            "id": "-cU2MrJU4dzCsUE32tYw"
        },
        {
            "name": "charisma_mod",
            "current": 2,
            "max": "",
            "id": "-1QhkVmiAY1Ux4kc3vc8"
        },
        {
            "name": "npc_cha_negative",
            "current": 0,
            "max": "",
            "id": "-4yjBBVjabze0wGeM9IM"
        },
        {
            "name": "npc_skills_flag",
            "current": 3,
            "max": "",
            "id": "-SLIahOGLj6zRKkIZqgg"
        },
        {
            "name": "npc_deception_base",
            "current": "5",
            "max": "",
            "id": "-yVWLkdg9j7Umnvmrhgp"
        },
        {
            "name": "npc_deception_flag",
            "current": "1",
            "max": "",
            "id": "-1CM9eurWhpEHTb4lwEU"
        },
        {
            "name": "npc_deception",
            "current": 5,
            "max": "",
            "id": "-uYdGQupjsAyAAxfYCOs"
        },
        {
            "name": "npc_perception_base",
            "current": "7",
            "max": "",
            "id": "-n1h01p3e3DQwPm88WSo"
        },
        {
            "name": "npc_perception_flag",
            "current": "1",
            "max": "",
            "id": "-Em0HJDTGLbZma29FInL"
        },
        {
            "name": "npc_perception",
            "current": 7,
            "max": "",
            "id": "-8Zu9TVi9xiZH9Yb7pTy"
        },
        {
            "name": "npc_stealth_base",
            "current": "4",
            "max": "",
            "id": "-ZjZWnLGY355g1Xa4vaa"
        },
        {
            "name": "npc_stealth_flag",
            "current": "1",
            "max": "",
            "id": "-6wpQSxbRa4ps0iTJY3f"
        },
        {
            "name": "npc_stealth",
            "current": 4,
            "max": "",
            "id": "-bjDTynrbp53hMTxnRuU"
        },
        {
            "name": "npc_saving_flag",
            "current": 7,
            "max": "",
            "id": "-Yv3XyOWK1OIW2dGMnYn"
        },
        {
            "name": "npc_dex_save_base",
            "current": "4",
            "max": "",
            "id": "-EtIafgVhsZSENpWUKRd"
        },
        {
            "name": "npc_dex_save_flag",
            "current": 1,
            "max": "",
            "id": "-oQAVMjhc5TZwdGPrYKj"
        },
        {
            "name": "npc_dex_save",
            "current": 4,
            "max": "",
            "id": "-YfzjCoxllnxRirHp9e5"
        },
        {
            "name": "npc_con_save_base",
            "current": "6",
            "max": "",
            "id": "-y9CPFbmCyiFQ9JLad7k"
        },
        {
            "name": "npc_con_save_flag",
            "current": 1,
            "max": "",
            "id": "-9WcKoiDjltHJQkqjSH8"
        },
        {
            "name": "npc_con_save",
            "current": 6,
            "max": "",
            "id": "-rySZlfeSwWWXaSrFfhu"
        },
        {
            "name": "npc_wis_save_base",
            "current": "4",
            "max": "",
            "id": "-cqUS3LBAPxi0pt0cEqD"
        },
        {
            "name": "npc_wis_save_flag",
            "current": 1,
            "max": "",
            "id": "-CUxJZ9WVzFbwaJtUO0k"
        },
        {
            "name": "npc_wis_save",
            "current": 4,
            "max": "",
            "id": "-9ECs6nFlguyUiWQKnIA"
        },
        {
            "name": "npc_cha_save_base",
            "current": "5",
            "max": "",
            "id": "-OlKUoBvKr7xrglD2sxi"
        },
        {
            "name": "npc_cha_save_flag",
            "current": 1,
            "max": "",
            "id": "-Oyqyw1JJMf8rZmiNjIl"
        },
        {
            "name": "npc_cha_save",
            "current": 5,
            "max": "",
            "id": "-XIAOqEfwEUzGESYNhJL"
        },
        {
            "name": "npc_immunities",
            "current": "яд",
            "max": "",
            "id": "-jyFJITbsXv7vuV1s0RG"
        },
        {
            "name": "npc_condition_immunities",
            "current": "отравление",
            "max": "",
            "id": "-mOz0oYqpoUr3FXJhCmt"
        },
        {
            "name": "npc_senses",
            "current": "слепозрение 6 клеток, темнозрение 24 клетки",
            "max": "",
            "id": "-quQ4sDVrwZfcV1vcQwB"
        },
        {
            "name": "repeating_npcaction_-bGv1RYhnuU8TAVwFZ0v_name",
            "current": "Мультиатака",
            "max": "",
            "id": "-Ugii9fKXBD0MHJ7FyCZ"
        },
        {
            "name": "repeating_npcaction_-bGv1RYhnuU8TAVwFZ0v_description",
            "current": "Дракон проводит три атаки: одну Укусом и две Когтями.",
            "max": "",
            "id": "-cNoimRl1pIQGSBHDOct"
        },
        {
            "name": "repeating_npcaction_-bGv1RYhnuU8TAVwFZ0v_attack_tohitrange",
            "current": "+0",
            "max": "",
            "id": "-asggxlLv4DTBLlrDzj1"
        },
        {
            "name": "repeating_npcaction_-bGv1RYhnuU8TAVwFZ0v_attack_onhit",
            "current": "",
            "max": "",
            "id": "-mpYPum53bw6ilXPATGO"
        },
        {
            "name": "repeating_npcaction_-bGv1RYhnuU8TAVwFZ0v_damage_flag",
            "current": "",
            "max": "",
            "id": "-33m03WuTFZWhhYoCNaG"
        },
        {
            "name": "repeating_npcaction_-bGv1RYhnuU8TAVwFZ0v_attack_crit",
            "current": "",
            "max": "",
            "id": "-YbVJiboJsic4Pul47YI"
        },
        {
            "name": "repeating_npcaction_-bGv1RYhnuU8TAVwFZ0v_attack_crit2",
            "current": "",
            "max": "",
            "id": "-zGxwpk0Q8sazKYOrO8v"
        },
        {
            "name": "repeating_npcaction_-bGv1RYhnuU8TAVwFZ0v_rollbase",
            "current": "@{wtype}&{template:npcaction} @{npc_name_flag} {{rname=@{name}}} {{description=@{show_desc}}} @{charname_output}",
            "max": "",
            "id": "-wBjJIKRGCaErNpEEYuS"
        },
        {
            "name": "repeating_npcaction_-Khs22NMfl52qLeqTeyI_name",
            "current": "Укус",
            "max": "",
            "id": "-Ula2zcpxX0ZOYWBHA8v"
        },
        {
            "name": "repeating_npcaction_-Khs22NMfl52qLeqTeyI_description",
            "current": "Рукопашное Оружие: +7 к атаке, досягаемость: 2 клетки, одна цель. Попадание: 15 (2d10 + 4) колющего урона плюс 7 (2d6) урона ядом.",
            "max": "",
            "id": "-yO1pmlCwoNOJutLJ88n"
        },
        {
            "name": "repeating_npcaction_-Khs22NMfl52qLeqTeyI_attack_flag",
            "current": "on",
            "max": "",
            "id": "-n2nyXxpuyuDZYQmXJEL"
        },
        {
            "name": "repeating_npcaction_-Khs22NMfl52qLeqTeyI_attack_tohitrange",
            "current": "+7",
            "max": "",
            "id": "-bYOcXWYAv9RmLav9q5s"
        },
        {
            "name": "repeating_npcaction_-Khs22NMfl52qLeqTeyI_attack_onhit",
            "current": "",
            "max": "",
            "id": "-5hcQ1ojt9UZmLxMVDWj"
        },
        {
            "name": "repeating_npcaction_-Khs22NMfl52qLeqTeyI_attack_tohit",
            "current": "7",
            "max": "",
            "id": "-jCQnhzmAylRsfOXtYzx"
        },
        {
            "name": "repeating_npcaction_-Khs22NMfl52qLeqTeyI_attack_damage",
            "current": "2d10+4+2d6",
            "max": "",
            "id": "-K45h2XjGjOoGtSWPxbT"
        },
        {
            "name": "repeating_npcaction_-Khs22NMfl52qLeqTeyI_damage_flag",
            "current": "{{damage=1}} {{dmg1flag=1}}",
            "max": "",
            "id": "-Xn9W7JaAbelPBTceqYW"
        },
        {
            "name": "repeating_npcaction_-Khs22NMfl52qLeqTeyI_rollbase",
            "current": "@{wtype}&{template:npcaction} {{attack=1}} @{damage_flag} @{npc_name_flag} {{rname=@{name}}} {{r1=[[@{d20}+(@{attack_tohit})]]}} @{rtype}+(@{attack_tohit})]]}} {{dmg1=[[@{attack_damage}]]}} {{dmg1type=@{attack_damagetype}}} {{dmg2=[[@{attack_damage2}+0]]}} {{dmg2type=@{attack_damagetype2}}} {{crit1=[[@{attack_crit}+0]]}} {{crit2=[[@{attack_crit2}+0]]}} {{description=@{show_desc}}} @{charname_output}",
            "max": "",
            "id": "-iZ1aDdOKWble8sCjeKT"
        },
        {
            "name": "repeating_npcaction_-Khs22NMfl52qLeqTeyI_attack_crit",
            "current": "2d10+4+2d6",
            "max": "",
            "id": "-IDulUTd8uQZ9QhOJ6bn"
        },
        {
            "name": "repeating_npcaction_-Khs22NMfl52qLeqTeyI_attack_crit2",
            "current": "",
            "max": "",
            "id": "-lBBirNUPEIaGmyPuZoC"
        },
        {
            "name": "repeating_npcaction_-a2akHaoTYkRufu42iqI_name",
            "current": "Когти",
            "max": "",
            "id": "-oBadEXW56Tf6y46n3l5"
        },
        {
            "name": "repeating_npcaction_-a2akHaoTYkRufu42iqI_description",
            "current": "Рукопашное Оружие: +7 к атаке, досягаемость: 1 клетка, одна цель. Попадание: 11 (2d6 + 4) рубящего урона.",
            "max": "",
            "id": "-1dC5whGYO3xOtj6kgZ5"
        },
        {
            "name": "repeating_npcaction_-a2akHaoTYkRufu42iqI_attack_flag",
            "current": "on",
            "max": "",
            "id": "-ajAorsHyhgLD9k4U0yZ"
        },
        {
            "name": "repeating_npcaction_-a2akHaoTYkRufu42iqI_attack_tohitrange",
            "current": "+7",
            "max": "",
            "id": "-DtJh2bJ3yybV4KEUTig"
        },
        {
            "name": "repeating_npcaction_-a2akHaoTYkRufu42iqI_attack_onhit",
            "current": "",
            "max": "",
            "id": "-twatTe24u3CdZxfs7bC"
        },
        {
            "name": "repeating_npcaction_-a2akHaoTYkRufu42iqI_attack_tohit",
            "current": "7",
            "max": "",
            "id": "-ug2oMhRwEnA47GIwc6c"
        },
        {
            "name": "repeating_npcaction_-a2akHaoTYkRufu42iqI_attack_damage",
            "current": "2d6+4",
            "max": "",
            "id": "-qXvWjutdC9IrYEEWXFu"
        },
        {
            "name": "repeating_npcaction_-a2akHaoTYkRufu42iqI_damage_flag",
            "current": "{{damage=1}} {{dmg1flag=1}}",
            "max": "",
            "id": "-AIvpTS0mnFmaSW0Ms3x"
        },
        {
            "name": "repeating_npcaction_-a2akHaoTYkRufu42iqI_rollbase",
            "current": "@{wtype}&{template:npcaction} {{attack=1}} @{damage_flag} @{npc_name_flag} {{rname=@{name}}} {{r1=[[@{d20}+(@{attack_tohit})]]}} @{rtype}+(@{attack_tohit})]]}} {{dmg1=[[@{attack_damage}]]}} {{dmg1type=@{attack_damagetype}}} {{dmg2=[[@{attack_damage2}+0]]}} {{dmg2type=@{attack_damagetype2}}} {{crit1=[[@{attack_crit}+0]]}} {{crit2=[[@{attack_crit2}+0]]}} {{description=@{show_desc}}} @{charname_output}",
            "max": "",
            "id": "-hLFw3RYWZ061vkG7yeq"
        },
        {
            "name": "repeating_npcaction_-a2akHaoTYkRufu42iqI_attack_crit",
            "current": "2d6+4",
            "max": "",
            "id": "-1gI3YMnJd3UhSsMSqyu"
        },
        {
            "name": "repeating_npcaction_-a2akHaoTYkRufu42iqI_attack_crit2",
            "current": "",
            "max": "",
            "id": "-VRYb5fN97O7dTH0UQeh"
        },
        {
            "name": "repeating_npcaction_-wzjtLbg6yDNiHPKwhMO_name",
            "current": "Ядовитое Дыхание (Перезарядка 5-6)",
            "max": "",
            "id": "-9LqNGGwn2zX46DRFBvT"
        },
        {
            "name": "repeating_npcaction_-wzjtLbg6yDNiHPKwhMO_description",
            "current": "Дракон выдыхает ядовитый газ конусом размером 6 клеток. Каждое существо в этой области должно бросить спасбросок со сложностью 14 по Телосложению. В случае неудачи существо получает 42 (12d6) урона ядом, и половину урона в случае успеха.",
            "max": "",
            "id": "-U8E8HKKYBTZ0viheW76"
        },
        {
            "name": "repeating_npcaction_-wzjtLbg6yDNiHPKwhMO_attack_flag",
            "current": "on",
            "max": "",
            "id": "-XQf3Ao4d7TUMXzoK7EN"
        },
        {
            "name": "repeating_npcaction_-wzjtLbg6yDNiHPKwhMO_attack_tohitrange",
            "current": "+",
            "max": "",
            "id": "-MtpTbDMMeOA2F8H4AA9"
        },
        {
            "name": "repeating_npcaction_-wzjtLbg6yDNiHPKwhMO_attack_onhit",
            "current": "",
            "max": "",
            "id": "-P6L7BBjU3D71azH6vmZ"
        },
        {
            "name": "repeating_npcaction_-wzjtLbg6yDNiHPKwhMO_attack_tohit",
            "current": "",
            "max": "",
            "id": "-TngEyBAFgJTsdMRS6a5"
        },
        {
            "name": "repeating_npcaction_-wzjtLbg6yDNiHPKwhMO_attack_damage",
            "current": "12d6",
            "max": "",
            "id": "-NV10TLl81SXdU5m1loo"
        },
        {
            "name": "repeating_npcaction_-wzjtLbg6yDNiHPKwhMO_damage_flag",
            "current": "{{damage=1}} {{dmg1flag=1}}",
            "max": "",
            "id": "-6mbShsRwLdG2kuRykQN"
        },
        {
            "name": "repeating_npcaction_-wzjtLbg6yDNiHPKwhMO_rollbase",
            "current": "@{wtype}&{template:npcaction} {{attack=1}} @{damage_flag} @{npc_name_flag} {{rname=@{name}}} {{r1=[[@{d20}+(@{attack_tohit})]]}} @{rtype}+(@{attack_tohit})]]}} {{dmg1=[[@{attack_damage}]]}} {{dmg1type=@{attack_damagetype}}} {{dmg2=[[@{attack_damage2}+0]]}} {{dmg2type=@{attack_damagetype2}}} {{crit1=[[@{attack_crit}+0]]}} {{crit2=[[@{attack_crit2}+0]]}} {{description=@{show_desc}}} @{charname_output}",
            "max": "",
            "id": "-gJIOe0eLVobPgIkP7sl"
        },
        {
            "name": "repeating_npcaction_-wzjtLbg6yDNiHPKwhMO_attack_crit",
            "current": "12d6",
            "max": "",
            "id": "-6amIeGXOxzCkGeLdIPB"
        },
        {
            "name": "repeating_npcaction_-wzjtLbg6yDNiHPKwhMO_attack_crit2",
            "current": "",
            "max": "",
            "id": "-PJBnPxKMYKSkiZ6qLaJ"
        },
        {
            "name": "repeating_npctrait_-0j5AN40J7Ep0rZZvZ2x_name",
            "current": "Амфибия",
            "max": "",
            "id": "-Hvpwv3ZTY6HymnwpxlL"
        },
        {
            "name": "repeating_npctrait_-0j5AN40J7Ep0rZZvZ2x_description",
            "current": "Дракон может дышать и воздухом и под водой.",
            "max": "",
            "id": "-MbCJ0TBAMxYweCf4294"
        },
        {
            "name": "npcspellcastingflag",
            "current": "0",
            "max": "",
            "id": "-WZFOlqRST7Aq8T3nZYb"
        }
    ],
    "abilities": []
}