{
    "schema_version": 2,
    "oldId": "-0FuXSfPqMjNFG866xPE",
    "name": "Морозный великан (Frost Giant)",
    "avatar": "https://tentaculus.ru/monsters/img/cute_monsters/FROST_GIANT.jpg",
    "bio": "",
    "gmnotes": "",
    "defaulttoken": "",
    "tags": "[]",
    "controlledby": "",
    "inplayerjournals": "",
    "attribs": [
        {
            "name": "hitdieroll",
            "current": "4",
            "max": "",
            "id": "-mFhbJj9MfCRo9i0NI0H"
        },
        {
            "name": "showleveler",
            "current": 0,
            "max": "",
            "id": "-tDDbaRCyiF8RZzqIUMJ"
        },
        {
            "name": "invalidXP",
            "current": 0,
            "max": "",
            "id": "-7OJTM6AXxsaXzmUm8Ha"
        },
        {
            "name": "version",
            "current": 4.21,
            "max": "",
            "id": "-LYKFdXwsaTwYCT0WgK6"
        },
        {
            "name": "mancer_confirm_flag",
            "current": "",
            "max": "",
            "id": "-NkxqCQGK77uVsqzTIgJ"
        },
        {
            "name": "mancer_npc",
            "current": "on",
            "max": "",
            "id": "-6nQHqBvKopLpk0tVPK5"
        },
        {
            "name": "l1mancer_status",
            "current": "completed",
            "max": "",
            "id": "-q3B2M2Mhsl6PZLGYroy"
        },
        {
            "name": "rtype",
            "current": "@{advantagetoggle}",
            "max": "",
            "id": "-cuQMgHPq0Av2WtOq4bM"
        },
        {
            "name": "dtype",
            "current": "full",
            "max": "",
            "id": "-6ebL9acoWiR5MTCESvw"
        },
        {
            "name": "appliedUpdates",
            "current": "upgrade_to_4_2_1",
            "max": "",
            "id": "-8f1VnsVdcu5eE6CwKl6"
        },
        {
            "name": "npc",
            "current": "1",
            "max": "",
            "id": "-dSPVwIlRFqa0tgGxYWn"
        },
        {
            "name": "npc_options-flag",
            "current": "0",
            "max": "",
            "id": "-nUNHr1fNbnmTTJFq7yM"
        },
        {
            "name": "ui_flags",
            "current": "",
            "max": "",
            "id": "-tI8OdRTJbbBO49MQc5p"
        },
        {
            "name": "npc_name",
            "current": "Морозный великан (Frost Giant)",
            "max": "",
            "id": "-U8FvKyK8nbMqV1BIFXf"
        },
        {
            "name": "npc_type",
            "current": "великан нейтрально-злое",
            "max": "",
            "id": "-M3lFpm1H76TGXneFIp2"
        },
        {
            "name": "npc_speed",
            "current": "8 клеток",
            "max": "",
            "id": "-M9InECaNQgwLVLziHX9"
        },
        {
            "name": "hp",
            "current": "",
            "max": "138",
            "id": "-XOrv9KSEjhsaOtIdq3d"
        },
        {
            "name": "npc_ac",
            "current": "15 (броня из лоскутов)",
            "max": "",
            "id": "-f1tI9ke2Dnl2e4Xfrfw"
        },
        {
            "name": "ac",
            "current": "15 (броня из лоскутов)",
            "max": "",
            "id": "-ZjfyeQB3mCBsmHAS5Kz"
        },
        {
            "name": "npc_languages",
            "current": "Великаний",
            "max": "",
            "id": "-KxeXsruWBKe2NWoMPdz"
        },
        {
            "name": "npc_challenge",
            "current": "8",
            "max": "",
            "id": "-OZiA7Ephi2poJmv92GZ"
        },
        {
            "name": "passive_wisdom",
            "current": "8",
            "max": "",
            "id": "-OUF7RqmSHfttKFpSJI9"
        },
        {
            "name": "initiative_bonus",
            "current": -1,
            "max": "",
            "id": "-rZHai3kgx90gKNK2DVJ"
        },
        {
            "name": "npc_hpformula",
            "current": "12d12 + 60",
            "max": "",
            "id": "-AF5LDtxSCOy1eVHmo5h"
        },
        {
            "name": "strength_base",
            "current": "23",
            "max": "",
            "id": "-8MCl4G0msveyTTdhZ8X"
        },
        {
            "name": "strength_flag",
            "current": "0",
            "max": "",
            "id": "-c9NlWTtNRACj4NqLzrE"
        },
        {
            "name": "strength",
            "current": 23,
            "max": "",
            "id": "-GqnH7KxB9XHR6h1QMGF"
        },
        {
            "name": "strength_mod",
            "current": 6,
            "max": "",
            "id": "-xSLvmxVzCJl6ZA7oiNT"
        },
        {
            "name": "npc_str_negative",
            "current": 0,
            "max": "",
            "id": "-EAZH7T2C1383o36DCFQ"
        },
        {
            "name": "dexterity_base",
            "current": "9",
            "max": "",
            "id": "-yJrsMMmNvNkqHm1XoEl"
        },
        {
            "name": "dexterity_flag",
            "current": "0",
            "max": "",
            "id": "-Nw1SOXN6yOu4E8oxgs1"
        },
        {
            "name": "dexterity",
            "current": 9,
            "max": "",
            "id": "-CElTYqVcvjUi99lBogd"
        },
        {
            "name": "dexterity_mod",
            "current": -1,
            "max": "",
            "id": "-bQdbxjUYZMj4m9oHNw2"
        },
        {
            "name": "npc_dex_negative",
            "current": 1,
            "max": "",
            "id": "-lr6PpLBngUuWhIZ4Gpu"
        },
        {
            "name": "constitution_base",
            "current": "21",
            "max": "",
            "id": "-0LTXh0KgTdTFgAxseGw"
        },
        {
            "name": "constitution_flag",
            "current": "0",
            "max": "",
            "id": "-KXEp0eishpmM3tf02u7"
        },
        {
            "name": "constitution",
            "current": 21,
            "max": "",
            "id": "-NVfbSxNFirzY6CShh3A"
        },
        {
            "name": "constitution_mod",
            "current": 5,
            "max": "",
            "id": "-kho5HotskaLr9ziqMsR"
        },
        {
            "name": "npc_con_negative",
            "current": 0,
            "max": "",
            "id": "-BDo4ly4dUYMGH1ils1q"
        },
        {
            "name": "intelligence_base",
            "current": "9",
            "max": "",
            "id": "-wON5SsNgNheTKcOEJlF"
        },
        {
            "name": "intelligence_flag",
            "current": "0",
            "max": "",
            "id": "-G8qCdb9q2EwEr6cwBF7"
        },
        {
            "name": "intelligence",
            "current": 9,
            "max": "",
            "id": "-8GnyJ80RXTbXXJ1MGte"
        },
        {
            "name": "intelligence_mod",
            "current": -1,
            "max": "",
            "id": "-7OxaMvvr9ZNSSTaoBHi"
        },
        {
            "name": "npc_int_negative",
            "current": 1,
            "max": "",
            "id": "-aZ5R4qYVSkdNDqTkF5D"
        },
        {
            "name": "wisdom_base",
            "current": "10",
            "max": "",
            "id": "-5FFtpY8GG5JjSoVJWzT"
        },
        {
            "name": "wisdom_flag",
            "current": "0",
            "max": "",
            "id": "-fKOstlJusbgghEreTfS"
        },
        {
            "name": "wisdom",
            "current": 10,
            "max": "",
            "id": "-X86wINK4UMdoEsx0Fj1"
        },
        {
            "name": "wisdom_mod",
            "current": 0,
            "max": "",
            "id": "-MC2z5z1h585aj6fQuCQ"
        },
        {
            "name": "npc_wis_negative",
            "current": 0,
            "max": "",
            "id": "-pjNxvpXCwNEzlZE07L7"
        },
        {
            "name": "charisma_base",
            "current": "12",
            "max": "",
            "id": "-HdzVmpsOfv09fwDcCCw"
        },
        {
            "name": "charisma_flag",
            "current": "0",
            "max": "",
            "id": "-QmbBghxHdppDPijbcfI"
        },
        {
            "name": "charisma",
            "current": 12,
            "max": "",
            "id": "-wKCSdrDAogoqRdam1MH"
        },
        {
            "name": "charisma_mod",
            "current": 1,
            "max": "",
            "id": "-k7HbyTWjovwUgrZ2fjI"
        },
        {
            "name": "npc_cha_negative",
            "current": 0,
            "max": "",
            "id": "-8TcLaSuUO8m5gtn0pQI"
        },
        {
            "name": "npc_skills_flag",
            "current": 3,
            "max": "",
            "id": "-fyfaVKoQAYxpoh4xcPk"
        },
        {
            "name": "npc_athletics_base",
            "current": "9",
            "max": "",
            "id": "-1ErYFOTeZjGdG1rkcpd"
        },
        {
            "name": "npc_athletics_flag",
            "current": "1",
            "max": "",
            "id": "-WjKAcwyvgQ4IYGRaBcm"
        },
        {
            "name": "npc_athletics",
            "current": 9,
            "max": "",
            "id": "-EzeP8Qh2Vdzy7l5rQHy"
        },
        {
            "name": "npc_perception_base",
            "current": "3",
            "max": "",
            "id": "-b57WpWmyyxvgmnDVe3X"
        },
        {
            "name": "npc_perception_flag",
            "current": "1",
            "max": "",
            "id": "-ZgHMHM0DYqBAfNc0q65"
        },
        {
            "name": "npc_perception",
            "current": 3,
            "max": "",
            "id": "-psKnOcJw18ytbbDvis8"
        },
        {
            "name": "npc_saving_flag",
            "current": 7,
            "max": "",
            "id": "-6p31Rga1kH7jcBhMGk8"
        },
        {
            "name": "npc_con_save_base",
            "current": "8",
            "max": "",
            "id": "-Ja8S0Uo32Am86LTDkgN"
        },
        {
            "name": "npc_con_save_flag",
            "current": 1,
            "max": "",
            "id": "-c4qQOorKbbXv07C8x1O"
        },
        {
            "name": "npc_con_save",
            "current": 8,
            "max": "",
            "id": "-RnrHUrfljCPiOsSoPuG"
        },
        {
            "name": "npc_wis_save_base",
            "current": "3",
            "max": "",
            "id": "-S9vIaZoA4TjsgpLA0sP"
        },
        {
            "name": "npc_wis_save_flag",
            "current": 1,
            "max": "",
            "id": "-tujbdAeedkIRmi9HjY2"
        },
        {
            "name": "npc_wis_save",
            "current": 3,
            "max": "",
            "id": "-Xx408R1SdQEAS4i82nM"
        },
        {
            "name": "npc_cha_save_base",
            "current": "4",
            "max": "",
            "id": "-rRLcBgsGjyaZLwNTgmj"
        },
        {
            "name": "npc_cha_save_flag",
            "current": 1,
            "max": "",
            "id": "-3jRbOCjFNKCP7hvDiJg"
        },
        {
            "name": "npc_cha_save",
            "current": 4,
            "max": "",
            "id": "-X3wJAyVzYTzSmlPsX5A"
        },
        {
            "name": "npc_immunities",
            "current": "холод",
            "max": "",
            "id": "-uB9JYnouc1sl14J0Rhi"
        },
        {
            "name": "repeating_npcaction_-wqfnrhYWbQUm6HdNEtG_name",
            "current": "Мультиатака",
            "max": "",
            "id": "-xP21BgwdpRCpg5Z9qkf"
        },
        {
            "name": "repeating_npcaction_-wqfnrhYWbQUm6HdNEtG_description",
            "current": "Великан проводит 2 атаки секирой.",
            "max": "",
            "id": "-wVq2sNUzIoHDaXJ2p1U"
        },
        {
            "name": "repeating_npcaction_-wqfnrhYWbQUm6HdNEtG_attack_tohitrange",
            "current": "+0",
            "max": "",
            "id": "-t9ssIzunLqc3N52xgli"
        },
        {
            "name": "repeating_npcaction_-wqfnrhYWbQUm6HdNEtG_attack_onhit",
            "current": "",
            "max": "",
            "id": "-KZlidH3iI0woj7ta3XC"
        },
        {
            "name": "repeating_npcaction_-wqfnrhYWbQUm6HdNEtG_damage_flag",
            "current": "",
            "max": "",
            "id": "-gCup4KPePafiMHpfkzx"
        },
        {
            "name": "repeating_npcaction_-wqfnrhYWbQUm6HdNEtG_attack_crit",
            "current": "",
            "max": "",
            "id": "-X5ezq6TVSpSqN0K5mmD"
        },
        {
            "name": "repeating_npcaction_-wqfnrhYWbQUm6HdNEtG_attack_crit2",
            "current": "",
            "max": "",
            "id": "-b2Xhea1ETu8iSO35KXE"
        },
        {
            "name": "repeating_npcaction_-wqfnrhYWbQUm6HdNEtG_rollbase",
            "current": "@{wtype}&{template:npcaction} @{npc_name_flag} {{rname=@{name}}} {{description=@{show_desc}}} @{charname_output}",
            "max": "",
            "id": "-ugc0fc6FVbLw6s22uYj"
        },
        {
            "name": "repeating_npcaction_-1wvum9TVwpq67EfG0ho_name",
            "current": "Секира",
            "max": "",
            "id": "-Dp1H28QtTuuxcDOWBhx"
        },
        {
            "name": "repeating_npcaction_-1wvum9TVwpq67EfG0ho_description",
            "current": "Рукопашное Оружие: +9 к атаке, досягаемость: 2 клетки, одна цель. Попадание: 25 (3d12 + 6) рубящего урона.",
            "max": "",
            "id": "-QK3JZ5wHNQJSvFzF8uB"
        },
        {
            "name": "repeating_npcaction_-1wvum9TVwpq67EfG0ho_attack_flag",
            "current": "on",
            "max": "",
            "id": "-iFcpRP7aPsImOV7hD2n"
        },
        {
            "name": "repeating_npcaction_-1wvum9TVwpq67EfG0ho_attack_tohitrange",
            "current": "+9",
            "max": "",
            "id": "-wotIO4W6idNQbfqpQ6C"
        },
        {
            "name": "repeating_npcaction_-1wvum9TVwpq67EfG0ho_attack_onhit",
            "current": "",
            "max": "",
            "id": "-yRKK2jfnASE6wJBGnui"
        },
        {
            "name": "repeating_npcaction_-1wvum9TVwpq67EfG0ho_attack_tohit",
            "current": "9",
            "max": "",
            "id": "-DmFfamluPjwJgPe70QA"
        },
        {
            "name": "repeating_npcaction_-1wvum9TVwpq67EfG0ho_attack_damage",
            "current": "3d12+6",
            "max": "",
            "id": "-j9byNavxxKMrj7NJlnR"
        },
        {
            "name": "repeating_npcaction_-1wvum9TVwpq67EfG0ho_damage_flag",
            "current": "{{damage=1}} {{dmg1flag=1}}",
            "max": "",
            "id": "-yf8vj2vLYVE9r6DnBKA"
        },
        {
            "name": "repeating_npcaction_-1wvum9TVwpq67EfG0ho_rollbase",
            "current": "@{wtype}&{template:npcaction} {{attack=1}} @{damage_flag} @{npc_name_flag} {{rname=@{name}}} {{r1=[[@{d20}+(@{attack_tohit})]]}} @{rtype}+(@{attack_tohit})]]}} {{dmg1=[[@{attack_damage}]]}} {{dmg1type=@{attack_damagetype}}} {{dmg2=[[@{attack_damage2}+0]]}} {{dmg2type=@{attack_damagetype2}}} {{crit1=[[@{attack_crit}+0]]}} {{crit2=[[@{attack_crit2}+0]]}} {{description=@{show_desc}}} @{charname_output}",
            "max": "",
            "id": "-keCoMhJui9lJ6BSj6CB"
        },
        {
            "name": "repeating_npcaction_-1wvum9TVwpq67EfG0ho_attack_crit",
            "current": "3d12+6",
            "max": "",
            "id": "-mcuKaik4NJ6ZxYn9ABo"
        },
        {
            "name": "repeating_npcaction_-1wvum9TVwpq67EfG0ho_attack_crit2",
            "current": "",
            "max": "",
            "id": "-SaW9nlaTWOpVKZCZsx5"
        },
        {
            "name": "repeating_npcaction_-TOa1IpUNq5pFQSuWsS5_name",
            "current": "Камень",
            "max": "",
            "id": "-N0wSRUzXqkTFBEsebre"
        },
        {
            "name": "repeating_npcaction_-TOa1IpUNq5pFQSuWsS5_description",
            "current": "Дальнобойное оружие: +9 к атаке, досягаемость 12/48 клеток, одна цель. Попадание: 28 (4d10 + 6) дробящего урона.",
            "max": "",
            "id": "-zIkpvutmID6ZVVLid2b"
        },
        {
            "name": "repeating_npcaction_-TOa1IpUNq5pFQSuWsS5_attack_flag",
            "current": "on",
            "max": "",
            "id": "-j3QAleNIpLo2wvCFXAU"
        },
        {
            "name": "repeating_npcaction_-TOa1IpUNq5pFQSuWsS5_attack_tohitrange",
            "current": "+9",
            "max": "",
            "id": "-35kaTicRXkE6N0xzbd2"
        },
        {
            "name": "repeating_npcaction_-TOa1IpUNq5pFQSuWsS5_attack_onhit",
            "current": "",
            "max": "",
            "id": "-R8CEWj5fBPGkAvgKsFj"
        },
        {
            "name": "repeating_npcaction_-TOa1IpUNq5pFQSuWsS5_attack_tohit",
            "current": "9",
            "max": "",
            "id": "-uBL2pOnXM9ypnjBBIq4"
        },
        {
            "name": "repeating_npcaction_-TOa1IpUNq5pFQSuWsS5_attack_damage",
            "current": "4d10+6",
            "max": "",
            "id": "-lLHbly2yVkfjdVYFM9V"
        },
        {
            "name": "repeating_npcaction_-TOa1IpUNq5pFQSuWsS5_damage_flag",
            "current": "{{damage=1}} {{dmg1flag=1}}",
            "max": "",
            "id": "-W5IwTO4eFtrr4SVQQeG"
        },
        {
            "name": "repeating_npcaction_-TOa1IpUNq5pFQSuWsS5_rollbase",
            "current": "@{wtype}&{template:npcaction} {{attack=1}} @{damage_flag} @{npc_name_flag} {{rname=@{name}}} {{r1=[[@{d20}+(@{attack_tohit})]]}} @{rtype}+(@{attack_tohit})]]}} {{dmg1=[[@{attack_damage}]]}} {{dmg1type=@{attack_damagetype}}} {{dmg2=[[@{attack_damage2}+0]]}} {{dmg2type=@{attack_damagetype2}}} {{crit1=[[@{attack_crit}+0]]}} {{crit2=[[@{attack_crit2}+0]]}} {{description=@{show_desc}}} @{charname_output}",
            "max": "",
            "id": "-QeTiiirDAhqEk3o893J"
        },
        {
            "name": "repeating_npcaction_-TOa1IpUNq5pFQSuWsS5_attack_crit",
            "current": "4d10+6",
            "max": "",
            "id": "-W7dVd9msmoLzUHIIRbN"
        },
        {
            "name": "repeating_npcaction_-TOa1IpUNq5pFQSuWsS5_attack_crit2",
            "current": "",
            "max": "",
            "id": "-cajSQPhvBbT7V1lntvR"
        }
    ],
    "abilities": []
}