{
    "schema_version": 2,
    "oldId": "-fD4NiRE0ESqRIPFUtsO",
    "name": "Марилит (Marilith)",
    "avatar": "https://tentaculus.ru/monsters/img/cute_monsters/MARILITH.jpg",
    "bio": "",
    "gmnotes": "",
    "defaulttoken": "",
    "tags": "[]",
    "controlledby": "",
    "inplayerjournals": "",
    "attribs": [
        {
            "name": "hitdieroll",
            "current": "4",
            "max": "",
            "id": "-fcTRPj7CZp7j5cnb0W3"
        },
        {
            "name": "showleveler",
            "current": 0,
            "max": "",
            "id": "-vrupkZkM4tPsl4y37j8"
        },
        {
            "name": "invalidXP",
            "current": 0,
            "max": "",
            "id": "-hx6pbBGUAesK1ob2Asl"
        },
        {
            "name": "version",
            "current": 4.21,
            "max": "",
            "id": "-3NTE8VbgithlZGIzORX"
        },
        {
            "name": "mancer_confirm_flag",
            "current": "",
            "max": "",
            "id": "-DrEp4u65S3S54oKoDE3"
        },
        {
            "name": "mancer_npc",
            "current": "on",
            "max": "",
            "id": "-WjDei5kMGZPASU0G4ON"
        },
        {
            "name": "l1mancer_status",
            "current": "completed",
            "max": "",
            "id": "-x8F45syvtOmOL5uT8r8"
        },
        {
            "name": "rtype",
            "current": "@{advantagetoggle}",
            "max": "",
            "id": "-lyzIuvEe933XiBSXa1Z"
        },
        {
            "name": "dtype",
            "current": "full",
            "max": "",
            "id": "-qCu1Vi7weYKVnzmDNyb"
        },
        {
            "name": "appliedUpdates",
            "current": "upgrade_to_4_2_1",
            "max": "",
            "id": "-buE6N73tvB0sFjRbMTy"
        },
        {
            "name": "npc",
            "current": "1",
            "max": "",
            "id": "-5awDKEmQ6OwTYUoLm3u"
        },
        {
            "name": "npc_options-flag",
            "current": "0",
            "max": "",
            "id": "-0gt5Y9nv2Lr6OagoRLq"
        },
        {
            "name": "ui_flags",
            "current": "",
            "max": "",
            "id": "-iJO2eJfZFwIouqhYHZT"
        },
        {
            "name": "npc_name",
            "current": "Марилит (Marilith)",
            "max": "",
            "id": "-ZKzbSfduajImUWgfZMK"
        },
        {
            "name": "npc_type",
            "current": "исчадие (демон) хаотично-злое",
            "max": "",
            "id": "-3qLPOdPeSjIcnmAjalc"
        },
        {
            "name": "npc_speed",
            "current": "8 клеток",
            "max": "",
            "id": "-0F1EJlk0gqcDNzZ7Aq2"
        },
        {
            "name": "hp",
            "current": "",
            "max": "189",
            "id": "-Ww8OWq7bfnWP8KjhoNH"
        },
        {
            "name": "npc_ac",
            "current": "18 (естественная броня)",
            "max": "",
            "id": "-h5j3w14hbocvYyju0Ul"
        },
        {
            "name": "ac",
            "current": "18 (естественная броня)",
            "max": "",
            "id": "-CUFZDFQRoevbJ90LKGW"
        },
        {
            "name": "npc_languages",
            "current": "Бездны, телепатия 24 клетки",
            "max": "",
            "id": "-tZcueiXOcX87IF3RRgM"
        },
        {
            "name": "npc_challenge",
            "current": "16",
            "max": "",
            "id": "-ZLNa30S3IBSxXxrkKfW"
        },
        {
            "name": "passive_wisdom",
            "current": "16",
            "max": "",
            "id": "-4JzLjDsDxeQ5w2xgdtY"
        },
        {
            "name": "initiative_bonus",
            "current": 5,
            "max": "",
            "id": "-WGhLviNKec9ko5iVKt7"
        },
        {
            "name": "npc_hpformula",
            "current": "18d10 + 90",
            "max": "",
            "id": "-5RohZLzYV7PWd6yiwWP"
        },
        {
            "name": "strength_base",
            "current": "18",
            "max": "",
            "id": "-iuZYIjM8JFODIJgUm3S"
        },
        {
            "name": "strength_flag",
            "current": "0",
            "max": "",
            "id": "-4DCUk6T7Z2ES7jGEBA5"
        },
        {
            "name": "strength",
            "current": 18,
            "max": "",
            "id": "-bLpNLUzMZZNbPCpbH4C"
        },
        {
            "name": "strength_mod",
            "current": 4,
            "max": "",
            "id": "-bwoYB9Wd7JGf6VHyKc3"
        },
        {
            "name": "npc_str_negative",
            "current": 0,
            "max": "",
            "id": "-WCPngkX2WqXP4toKH4M"
        },
        {
            "name": "dexterity_base",
            "current": "20",
            "max": "",
            "id": "-mwhmQbXBS3kBXvLyyqD"
        },
        {
            "name": "dexterity_flag",
            "current": "0",
            "max": "",
            "id": "-OmRBp072oZ2EGCrlu5Q"
        },
        {
            "name": "dexterity",
            "current": 20,
            "max": "",
            "id": "-Hm6hqpbO42S9dBqUv6R"
        },
        {
            "name": "dexterity_mod",
            "current": 5,
            "max": "",
            "id": "-LDA7npx8yZGg8UWErYN"
        },
        {
            "name": "npc_dex_negative",
            "current": 0,
            "max": "",
            "id": "-4GRNQfJlGVIvAtefUuf"
        },
        {
            "name": "constitution_base",
            "current": "20",
            "max": "",
            "id": "-PneWGnpuOfbINNRSYFU"
        },
        {
            "name": "constitution_flag",
            "current": "0",
            "max": "",
            "id": "-D9byK3DWFcjrvjeIvcr"
        },
        {
            "name": "constitution",
            "current": 20,
            "max": "",
            "id": "-vSm9pjYoSVWXRnhceHE"
        },
        {
            "name": "constitution_mod",
            "current": 5,
            "max": "",
            "id": "-W8mlTO81Uj7d3oFRiT0"
        },
        {
            "name": "npc_con_negative",
            "current": 0,
            "max": "",
            "id": "-MVkGOIIoeSH3yRsOOmY"
        },
        {
            "name": "intelligence_base",
            "current": "18",
            "max": "",
            "id": "-cUaBwQF7AQD5Vx4ibAr"
        },
        {
            "name": "intelligence_flag",
            "current": "0",
            "max": "",
            "id": "-uAEgE1kJqXnVVWHPEUV"
        },
        {
            "name": "intelligence",
            "current": 18,
            "max": "",
            "id": "-YVN6tNzPErLXrZy5Gfe"
        },
        {
            "name": "intelligence_mod",
            "current": 4,
            "max": "",
            "id": "-7hH0shzP8hDELv6VJ88"
        },
        {
            "name": "npc_int_negative",
            "current": 0,
            "max": "",
            "id": "-4wRgizLiZsxstJAhT9Q"
        },
        {
            "name": "wisdom_base",
            "current": "16",
            "max": "",
            "id": "-EnvlbzqhTJ49ZetyjkO"
        },
        {
            "name": "wisdom_flag",
            "current": "0",
            "max": "",
            "id": "-r8BcAF6C4XvqJrDwITK"
        },
        {
            "name": "wisdom",
            "current": 16,
            "max": "",
            "id": "-RwhqvmBJPjyx8ukmbX8"
        },
        {
            "name": "wisdom_mod",
            "current": 3,
            "max": "",
            "id": "-KzUkQT4co7AzwyDoN1I"
        },
        {
            "name": "npc_wis_negative",
            "current": 0,
            "max": "",
            "id": "-EXAXRErZjVsTQH6IQVf"
        },
        {
            "name": "charisma_base",
            "current": "20",
            "max": "",
            "id": "-cxIjiSFkFpnbW74IZIv"
        },
        {
            "name": "charisma_flag",
            "current": "0",
            "max": "",
            "id": "-3ooDReq99pNd8sLvhyI"
        },
        {
            "name": "charisma",
            "current": 20,
            "max": "",
            "id": "-UWmpxusv6bmGMNDomtu"
        },
        {
            "name": "charisma_mod",
            "current": 5,
            "max": "",
            "id": "-Aa0eUlAgwTyEtOM9R1n"
        },
        {
            "name": "npc_cha_negative",
            "current": 0,
            "max": "",
            "id": "-HnfP7gtMsASVayjJlW5"
        },
        {
            "name": "npc_saving_flag",
            "current": 7,
            "max": "",
            "id": "-YszBv6OhxlbfY8jg0ZP"
        },
        {
            "name": "npc_str_save_base",
            "current": "9",
            "max": "",
            "id": "-4D5JL8XGzDx2nVsyGXq"
        },
        {
            "name": "npc_str_save_flag",
            "current": 1,
            "max": "",
            "id": "-B4twOZglnq1ufG5SO1z"
        },
        {
            "name": "npc_str_save",
            "current": 9,
            "max": "",
            "id": "-0aB362FQHV2aYhcK4S5"
        },
        {
            "name": "npc_con_save_base",
            "current": "10",
            "max": "",
            "id": "-ky9apFkurIg0JWX8Gcv"
        },
        {
            "name": "npc_con_save_flag",
            "current": 1,
            "max": "",
            "id": "-IqiGxQbgbe0voWLLQLu"
        },
        {
            "name": "npc_con_save",
            "current": 10,
            "max": "",
            "id": "-8OCFyGtjdvAyIHWCYNG"
        },
        {
            "name": "npc_wis_save_base",
            "current": "8",
            "max": "",
            "id": "-sPJI4Ar9ZmgCyw6IIrh"
        },
        {
            "name": "npc_wis_save_flag",
            "current": 1,
            "max": "",
            "id": "-EpCWagxzNsros0EUoYx"
        },
        {
            "name": "npc_wis_save",
            "current": 8,
            "max": "",
            "id": "-YqibU5W42rL8bAi0C7b"
        },
        {
            "name": "npc_cha_save_base",
            "current": "10",
            "max": "",
            "id": "-hprEzpwbPIwlKnfFoUA"
        },
        {
            "name": "npc_cha_save_flag",
            "current": 1,
            "max": "",
            "id": "-EnoEdQY5nbV2MK6G5DK"
        },
        {
            "name": "npc_cha_save",
            "current": 10,
            "max": "",
            "id": "-2aHvKVRecZMEDPJIqwo"
        },
        {
            "name": "npc_resistances",
            "current": "холод, огонь, молния; дробящий, колющий, и рубящий от немагического оружия",
            "max": "",
            "id": "-h1Y8dg1x5QGSwpA7oZL"
        },
        {
            "name": "npc_immunities",
            "current": "яд",
            "max": "",
            "id": "-tVjt1b5bmW9KUqAl1AN"
        },
        {
            "name": "npc_condition_immunities",
            "current": "отравление",
            "max": "",
            "id": "-RtJPGNhfEp3snckXfc0"
        },
        {
            "name": "npc_senses",
            "current": "истинное зрение 24 клетки",
            "max": "",
            "id": "-mWFUNgI8xl4vgIRd7TD"
        },
        {
            "name": "repeating_npcaction_-CuKf6JpieHF3KZrJJeF_name",
            "current": "Мультиатака",
            "max": "",
            "id": "-5PlSE7nyDfpwgaJ1jr8"
        },
        {
            "name": "repeating_npcaction_-CuKf6JpieHF3KZrJJeF_description",
            "current": "Марилит может использовать 7 атак: 6 мечом и 1 хвостом.",
            "max": "",
            "id": "-hmBY3FSh3H681uqn2eh"
        },
        {
            "name": "repeating_npcaction_-CuKf6JpieHF3KZrJJeF_attack_tohitrange",
            "current": "+0",
            "max": "",
            "id": "-ADqzSuzdOxdLICYKpyV"
        },
        {
            "name": "repeating_npcaction_-CuKf6JpieHF3KZrJJeF_attack_onhit",
            "current": "",
            "max": "",
            "id": "-czCRM5bTIYANwv67c2Q"
        },
        {
            "name": "repeating_npcaction_-CuKf6JpieHF3KZrJJeF_damage_flag",
            "current": "",
            "max": "",
            "id": "-MfQmCWFbbiAKHFpzthQ"
        },
        {
            "name": "repeating_npcaction_-CuKf6JpieHF3KZrJJeF_attack_crit",
            "current": "",
            "max": "",
            "id": "-Y5IMH2QchpYZ9KFJthj"
        },
        {
            "name": "repeating_npcaction_-CuKf6JpieHF3KZrJJeF_attack_crit2",
            "current": "",
            "max": "",
            "id": "-mfuei0mMvFhpfCctDmZ"
        },
        {
            "name": "repeating_npcaction_-CuKf6JpieHF3KZrJJeF_rollbase",
            "current": "@{wtype}&{template:npcaction} @{npc_name_flag} {{rname=@{name}}} {{description=@{show_desc}}} @{charname_output}",
            "max": "",
            "id": "-4H36FUPHYMtVoQVrew4"
        },
        {
            "name": "repeating_npcaction_-dFlVhnWJaOn87CoII6n_name",
            "current": "Длинный меч",
            "max": "",
            "id": "-ioh0wkL2RhpTXPW7eRz"
        },
        {
            "name": "repeating_npcaction_-dFlVhnWJaOn87CoII6n_description",
            "current": "Рукопашное Оружие: +9 к атаке, досягаемость: 1 клетка, одна цель. Попадание: 13 (2d8 + 4) рубящего урона.",
            "max": "",
            "id": "-23k2Kv5Gt7lTYf9V9L7"
        },
        {
            "name": "repeating_npcaction_-dFlVhnWJaOn87CoII6n_attack_flag",
            "current": "on",
            "max": "",
            "id": "-yt5IlN9iX3MZnrB4sXb"
        },
        {
            "name": "repeating_npcaction_-dFlVhnWJaOn87CoII6n_attack_tohitrange",
            "current": "+9",
            "max": "",
            "id": "-HGs383s5omsYVm0bb63"
        },
        {
            "name": "repeating_npcaction_-dFlVhnWJaOn87CoII6n_attack_onhit",
            "current": "",
            "max": "",
            "id": "-sPXvkLnfsMBFQ0QpqDT"
        },
        {
            "name": "repeating_npcaction_-dFlVhnWJaOn87CoII6n_attack_tohit",
            "current": "9",
            "max": "",
            "id": "-q98lflofhpzKjPqC07n"
        },
        {
            "name": "repeating_npcaction_-dFlVhnWJaOn87CoII6n_attack_damage",
            "current": "2d8+4",
            "max": "",
            "id": "-XarD2lzSWkNTXAWCiOg"
        },
        {
            "name": "repeating_npcaction_-dFlVhnWJaOn87CoII6n_damage_flag",
            "current": "{{damage=1}} {{dmg1flag=1}}",
            "max": "",
            "id": "-u3AMtj1PLaDAgQOMjxY"
        },
        {
            "name": "repeating_npcaction_-dFlVhnWJaOn87CoII6n_rollbase",
            "current": "@{wtype}&{template:npcaction} {{attack=1}} @{damage_flag} @{npc_name_flag} {{rname=@{name}}} {{r1=[[@{d20}+(@{attack_tohit})]]}} @{rtype}+(@{attack_tohit})]]}} {{dmg1=[[@{attack_damage}]]}} {{dmg1type=@{attack_damagetype}}} {{dmg2=[[@{attack_damage2}+0]]}} {{dmg2type=@{attack_damagetype2}}} {{crit1=[[@{attack_crit}+0]]}} {{crit2=[[@{attack_crit2}+0]]}} {{description=@{show_desc}}} @{charname_output}",
            "max": "",
            "id": "-EInPIOdYP6xpOpKEWP3"
        },
        {
            "name": "repeating_npcaction_-dFlVhnWJaOn87CoII6n_attack_crit",
            "current": "2d8+4",
            "max": "",
            "id": "-lEIVoshU0lzg1rdlotX"
        },
        {
            "name": "repeating_npcaction_-dFlVhnWJaOn87CoII6n_attack_crit2",
            "current": "",
            "max": "",
            "id": "-14Ov70wRZp67neDNfXw"
        },
        {
            "name": "repeating_npcaction_-JPlYPrGsGkMOjXSAGS9_name",
            "current": "Хвост",
            "max": "",
            "id": "-kTCTvclY2qMRL8PzL70"
        },
        {
            "name": "repeating_npcaction_-JPlYPrGsGkMOjXSAGS9_description",
            "current": "Рукопашное Оружие: +9 к атаке, досягаемость: 2 клетки, одно существо. Попадание: 15 (2d10 + 4) дробящего урона. Если цель Среднего размера или меньше, она захвачена (сложность освобождения 19). Пока длится захват, цель удерживается, марилит может автоматически попадать по цели хвостом, но не может атаковать хвостом другую цель.",
            "max": "",
            "id": "-sbhLgVJl8SXotDfYday"
        },
        {
            "name": "repeating_npcaction_-JPlYPrGsGkMOjXSAGS9_attack_flag",
            "current": "on",
            "max": "",
            "id": "-xLLqEWnayAhrL2MThss"
        },
        {
            "name": "repeating_npcaction_-JPlYPrGsGkMOjXSAGS9_attack_tohitrange",
            "current": "+9",
            "max": "",
            "id": "-JiGmSuiV3uqEfJvgxJv"
        },
        {
            "name": "repeating_npcaction_-JPlYPrGsGkMOjXSAGS9_attack_onhit",
            "current": "",
            "max": "",
            "id": "-bREY4hCT7uivPK29Amo"
        },
        {
            "name": "repeating_npcaction_-JPlYPrGsGkMOjXSAGS9_attack_tohit",
            "current": "9",
            "max": "",
            "id": "-ILz6m32spKwRodoGXbE"
        },
        {
            "name": "repeating_npcaction_-JPlYPrGsGkMOjXSAGS9_attack_damage",
            "current": "2d10+4",
            "max": "",
            "id": "-2GXYjq3xpevPWAht0cw"
        },
        {
            "name": "repeating_npcaction_-JPlYPrGsGkMOjXSAGS9_damage_flag",
            "current": "{{damage=1}} {{dmg1flag=1}}",
            "max": "",
            "id": "-2tJg89U325c1jDkjxK1"
        },
        {
            "name": "repeating_npcaction_-JPlYPrGsGkMOjXSAGS9_rollbase",
            "current": "@{wtype}&{template:npcaction} {{attack=1}} @{damage_flag} @{npc_name_flag} {{rname=@{name}}} {{r1=[[@{d20}+(@{attack_tohit})]]}} @{rtype}+(@{attack_tohit})]]}} {{dmg1=[[@{attack_damage}]]}} {{dmg1type=@{attack_damagetype}}} {{dmg2=[[@{attack_damage2}+0]]}} {{dmg2type=@{attack_damagetype2}}} {{crit1=[[@{attack_crit}+0]]}} {{crit2=[[@{attack_crit2}+0]]}} {{description=@{show_desc}}} @{charname_output}",
            "max": "",
            "id": "-N3FNjHql9zHItq6GGi3"
        },
        {
            "name": "repeating_npcaction_-JPlYPrGsGkMOjXSAGS9_attack_crit",
            "current": "2d10+4",
            "max": "",
            "id": "-R18oorDJ8qlU1P5cSlt"
        },
        {
            "name": "repeating_npcaction_-JPlYPrGsGkMOjXSAGS9_attack_crit2",
            "current": "",
            "max": "",
            "id": "-nvA87dHJ1OxCwrThQ8v"
        },
        {
            "name": "repeating_npcaction_-MHouw9DeFZEegpPE1oj_name",
            "current": "Телепорт",
            "max": "",
            "id": "-FFnKjHEBvCspCSBKYr7"
        },
        {
            "name": "repeating_npcaction_-MHouw9DeFZEegpPE1oj_description",
            "current": "Марилит магически телепортируется, со всеми своими вещами, на расстояние до 24 клетки в незанятое пространство, которое он может видеть.",
            "max": "",
            "id": "-9nw5FfwdUgV9dtUMPY4"
        },
        {
            "name": "repeating_npcaction_-MHouw9DeFZEegpPE1oj_attack_tohitrange",
            "current": "+0",
            "max": "",
            "id": "-nW5b3Jiu4z9VYPRjhCO"
        },
        {
            "name": "repeating_npcaction_-MHouw9DeFZEegpPE1oj_attack_onhit",
            "current": "",
            "max": "",
            "id": "-N00rNb4dBRcXUlvgIk5"
        },
        {
            "name": "repeating_npcaction_-MHouw9DeFZEegpPE1oj_damage_flag",
            "current": "",
            "max": "",
            "id": "-yX5aR4DcofWJeJiRzQj"
        },
        {
            "name": "repeating_npcaction_-MHouw9DeFZEegpPE1oj_attack_crit",
            "current": "",
            "max": "",
            "id": "-DBUaQC67V7aY3fbXa88"
        },
        {
            "name": "repeating_npcaction_-MHouw9DeFZEegpPE1oj_attack_crit2",
            "current": "",
            "max": "",
            "id": "-oyv3T3TEjlQNkpE5YGv"
        },
        {
            "name": "repeating_npcaction_-MHouw9DeFZEegpPE1oj_rollbase",
            "current": "@{wtype}&{template:npcaction} @{npc_name_flag} {{rname=@{name}}} {{description=@{show_desc}}} @{charname_output}",
            "max": "",
            "id": "-mfGohjZdZWWlulrmnIK"
        },
        {
            "name": "repeating_npcaction_-lBA9vlzKIMKErzZeBOA_name",
            "current": "Опционально: Призвать демона (раз в день)",
            "max": "",
            "id": "-P5Gl42Htc4jgLjkdCH8"
        },
        {
            "name": "repeating_npcaction_-lBA9vlzKIMKErzZeBOA_description",
            "current": [
                "Демон выбирает существо из списка доступных и пытается его магически призвать.",
                "Марилит с вероятностью 50 процентов призывает 1d6 вроков, 1d4 хезров, 1d3 глаберзов, 1d2 налфешииз, или одного марилита.",
                "Призыванный демон появляется в незанятом пространстве в пределах 12 клеток от призывающего, действует как союзник призывающего, и не может призывать других демонов. Призванный существует 1 минуту, до своей смерти, или смерти призывающего, либо пока призывающий не отпустит его использовав для этого основное действие."
            ],
            "max": "",
            "id": "-5eKJOL67sLcb6xc0kRe"
        },
        {
            "name": "repeating_npcaction_-lBA9vlzKIMKErzZeBOA_attack_tohitrange",
            "current": "+0",
            "max": "",
            "id": "-HKMqM97eM70rx9svRck"
        },
        {
            "name": "repeating_npcaction_-lBA9vlzKIMKErzZeBOA_attack_onhit",
            "current": "",
            "max": "",
            "id": "-vwWM7J2nGH9lXvN7qVr"
        },
        {
            "name": "repeating_npcaction_-lBA9vlzKIMKErzZeBOA_damage_flag",
            "current": "",
            "max": "",
            "id": "-O819CMfwaPKUiVQlbwp"
        },
        {
            "name": "repeating_npcaction_-lBA9vlzKIMKErzZeBOA_attack_crit",
            "current": "",
            "max": "",
            "id": "-G3Pv0VR0Uwqe4V2tNZj"
        },
        {
            "name": "repeating_npcaction_-lBA9vlzKIMKErzZeBOA_attack_crit2",
            "current": "",
            "max": "",
            "id": "-TClhkROsr9flRUGOlG2"
        },
        {
            "name": "repeating_npcaction_-lBA9vlzKIMKErzZeBOA_rollbase",
            "current": "@{wtype}&{template:npcaction} @{npc_name_flag} {{rname=@{name}}} {{description=@{show_desc}}} @{charname_output}",
            "max": "",
            "id": "-bk9VdWjZFCwzw4WnQic"
        },
        {
            "name": "repeating_npctrait_-gtU4wLl4QWDhu6wkAij_name",
            "current": "Сопротивление Магии",
            "max": "",
            "id": "-UqcXIiznX1jrZGUdocD"
        },
        {
            "name": "repeating_npctrait_-gtU4wLl4QWDhu6wkAij_description",
            "current": "Марилит имеет преимущество в спасбросках против заклинаний и других магических эффектов.",
            "max": "",
            "id": "-RFZBzlgUiUaxn6IubWb"
        },
        {
            "name": "repeating_npctrait_-IxsPL6imrLpaKNFdVPH_name",
            "current": "Магические Оружия",
            "max": "",
            "id": "-luoyWdfc7XJVTNAVuzm"
        },
        {
            "name": "repeating_npctrait_-IxsPL6imrLpaKNFdVPH_description",
            "current": "Атаки любым оружием считаются атаками магическим оружием.",
            "max": "",
            "id": "-W5boClgXl9fD9a2hLSZ"
        },
        {
            "name": "repeating_npctrait_-i08LlV56K0GDmKpmTkO_name",
            "current": "Реактивный",
            "max": "",
            "id": "-uZczSvdarMU3ShyW7Ca"
        },
        {
            "name": "repeating_npctrait_-i08LlV56K0GDmKpmTkO_description",
            "current": "Марилит может использовать действие реакции каждый ход.",
            "max": "",
            "id": "-Qf1BA2XN7Fg3GWCxaRB"
        },
        {
            "name": "npcspellcastingflag",
            "current": "0",
            "max": "",
            "id": "-K2s6fID4pbP4ZFcEJuF"
        }
    ],
    "abilities": []
}