{
    "schema_version": 2,
    "oldId": "-Dg8xOx2DKykoDsnnhoV",
    "name": "Манз (Manes)",
    "avatar": "https://tentaculus.ru/monsters/img/cute_monsters/MANES.jpg",
    "bio": "",
    "gmnotes": "",
    "defaulttoken": "",
    "tags": "[]",
    "controlledby": "",
    "inplayerjournals": "",
    "attribs": [
        {
            "name": "hitdieroll",
            "current": "4",
            "max": "",
            "id": "-CIGqFbEjgegSzo0PfQk"
        },
        {
            "name": "showleveler",
            "current": 0,
            "max": "",
            "id": "-8iCjDiS1cQQUfSUGYtZ"
        },
        {
            "name": "invalidXP",
            "current": 0,
            "max": "",
            "id": "-IItl8Ap6MLzbBOUHGTD"
        },
        {
            "name": "version",
            "current": 4.21,
            "max": "",
            "id": "-AdCFFtJsXks6fC47yQk"
        },
        {
            "name": "mancer_confirm_flag",
            "current": "",
            "max": "",
            "id": "-cL3nw1sL6wpDaxp9vgY"
        },
        {
            "name": "mancer_npc",
            "current": "on",
            "max": "",
            "id": "-RixmvTUWeDhJOvorgd8"
        },
        {
            "name": "l1mancer_status",
            "current": "completed",
            "max": "",
            "id": "-YvNe1rQixEHbo5ADtsy"
        },
        {
            "name": "rtype",
            "current": "@{advantagetoggle}",
            "max": "",
            "id": "-bG0Vnq4kRVmeOTnvuV2"
        },
        {
            "name": "dtype",
            "current": "full",
            "max": "",
            "id": "-Qld56QtV7Yq602BSjVW"
        },
        {
            "name": "appliedUpdates",
            "current": "upgrade_to_4_2_1",
            "max": "",
            "id": "-Tc1rgIlNgwdsSTH9Yej"
        },
        {
            "name": "npc",
            "current": "1",
            "max": "",
            "id": "-zJlzEl8s52Q27Ezv8du"
        },
        {
            "name": "npc_options-flag",
            "current": "0",
            "max": "",
            "id": "-6Iyj9gTZp38ZUEEF00a"
        },
        {
            "name": "ui_flags",
            "current": "",
            "max": "",
            "id": "-Wz4Jy937JBcrPQMQBlx"
        },
        {
            "name": "npc_name",
            "current": "Манз (Manes)",
            "max": "",
            "id": "-20Rh0SfNI1b2yZQ4Xg8"
        },
        {
            "name": "npc_type",
            "current": "исчадие (демон) хаотично-злое",
            "max": "",
            "id": "-H8t2J0qrDT73kaLlVsV"
        },
        {
            "name": "npc_speed",
            "current": "4 клетки",
            "max": "",
            "id": "-gmCxqtU2vb1L2T8M6cw"
        },
        {
            "name": "hp",
            "current": "",
            "max": "9",
            "id": "-7799pP1lIlCzy12HO8B"
        },
        {
            "name": "npc_ac",
            "current": "9 (естественная броня)",
            "max": "",
            "id": "-gV9WLsQKt8FT9YnqYb4"
        },
        {
            "name": "ac",
            "current": "9 (естественная броня)",
            "max": "",
            "id": "-UPymV8rrcHoqeXvKSsR"
        },
        {
            "name": "npc_languages",
            "current": "понимает Бездны но не может разговаривать",
            "max": "",
            "id": "-pLCTOVWQ2iZD3ahassi"
        },
        {
            "name": "npc_challenge",
            "current": "1/8",
            "max": "",
            "id": "-Iht56pbHix2FPHY9qNc"
        },
        {
            "name": "passive_wisdom",
            "current": "1/8",
            "max": "",
            "id": "-tTeFyk59GhiWTr9MYHb"
        },
        {
            "name": "initiative_bonus",
            "current": -1,
            "max": "",
            "id": "-UMRhkzJ4UvxWOSzike6"
        },
        {
            "name": "npc_hpformula",
            "current": "2d6 + 2",
            "max": "",
            "id": "-WmPdh2mKhb25jEwk4i3"
        },
        {
            "name": "strength_base",
            "current": "10",
            "max": "",
            "id": "-6IoCPELv3boj6oQZwao"
        },
        {
            "name": "strength_flag",
            "current": "0",
            "max": "",
            "id": "-1cYur66vzHP3zOYRTj2"
        },
        {
            "name": "strength",
            "current": 10,
            "max": "",
            "id": "-TdrZy59fHg6y3sfhaRx"
        },
        {
            "name": "strength_mod",
            "current": 0,
            "max": "",
            "id": "-aTR5QHQ3Lc5iznG8OJy"
        },
        {
            "name": "npc_str_negative",
            "current": 0,
            "max": "",
            "id": "-UBhYPtD5Hfg0nDeg7yu"
        },
        {
            "name": "dexterity_base",
            "current": "9",
            "max": "",
            "id": "-DKNGAu6aS5sdAteGrsu"
        },
        {
            "name": "dexterity_flag",
            "current": "0",
            "max": "",
            "id": "-Ygd2x1lO1oUCWTR9ThB"
        },
        {
            "name": "dexterity",
            "current": 9,
            "max": "",
            "id": "-uuh7G9gMeMl7g6iHGss"
        },
        {
            "name": "dexterity_mod",
            "current": -1,
            "max": "",
            "id": "-58TJYjzeq0mz93BpcfA"
        },
        {
            "name": "npc_dex_negative",
            "current": 1,
            "max": "",
            "id": "-wak9YalSpSEyPFDY2QN"
        },
        {
            "name": "constitution_base",
            "current": "13",
            "max": "",
            "id": "-OtjXOzuaSdUsLauDVFv"
        },
        {
            "name": "constitution_flag",
            "current": "0",
            "max": "",
            "id": "-IWAipEvmytxJGQDO5Qr"
        },
        {
            "name": "constitution",
            "current": 13,
            "max": "",
            "id": "-EsMQDHNvD3DPVawH6om"
        },
        {
            "name": "constitution_mod",
            "current": 1,
            "max": "",
            "id": "-xd9ZdJTuV7znK5HpLMP"
        },
        {
            "name": "npc_con_negative",
            "current": 0,
            "max": "",
            "id": "-yX6v2MljNWVKojDLTWm"
        },
        {
            "name": "intelligence_base",
            "current": "3",
            "max": "",
            "id": "-ho0Dh51UXtebTxz40bj"
        },
        {
            "name": "intelligence_flag",
            "current": "0",
            "max": "",
            "id": "-fQEy7pSfnMjQPFe4nAN"
        },
        {
            "name": "intelligence",
            "current": 3,
            "max": "",
            "id": "-eN2XTEbFO4J3V4Uj3an"
        },
        {
            "name": "intelligence_mod",
            "current": -4,
            "max": "",
            "id": "-bG4jHfhy9rTVtlcul8O"
        },
        {
            "name": "npc_int_negative",
            "current": 1,
            "max": "",
            "id": "-sY2f6y5Vs9HYbGK1eVY"
        },
        {
            "name": "wisdom_base",
            "current": "8",
            "max": "",
            "id": "-IojK0cfXPbQN4FP7Cug"
        },
        {
            "name": "wisdom_flag",
            "current": "0",
            "max": "",
            "id": "-4KeNEDUvtEfEreMv275"
        },
        {
            "name": "wisdom",
            "current": 8,
            "max": "",
            "id": "-hlnBJ69nwYUVaLkSyhx"
        },
        {
            "name": "wisdom_mod",
            "current": -1,
            "max": "",
            "id": "-Dn80T7qcfBQvbxxZAqQ"
        },
        {
            "name": "npc_wis_negative",
            "current": 1,
            "max": "",
            "id": "-hCmZZnxWen7O2bj1nZz"
        },
        {
            "name": "charisma_base",
            "current": "4",
            "max": "",
            "id": "-W2aTFo5oBw2FaQHtTuw"
        },
        {
            "name": "charisma_flag",
            "current": "0",
            "max": "",
            "id": "-sskCPQCfCC1fgURAG7G"
        },
        {
            "name": "charisma",
            "current": 4,
            "max": "",
            "id": "-A8fdeJSo8wLXlExQL2p"
        },
        {
            "name": "charisma_mod",
            "current": -3,
            "max": "",
            "id": "-NaKipbioeXV5yojvAMm"
        },
        {
            "name": "npc_cha_negative",
            "current": 1,
            "max": "",
            "id": "-l1V53yU6uHHTUE2iKeO"
        },
        {
            "name": "npc_resistances",
            "current": "холод, огонь, молния",
            "max": "",
            "id": "-OVO2oUuUDqNeQ2Ax9dv"
        },
        {
            "name": "npc_immunities",
            "current": "яд",
            "max": "",
            "id": "-1epJRzHG9tGZerk8Qh3"
        },
        {
            "name": "npc_condition_immunities",
            "current": "очарование, испуг, отравление",
            "max": "",
            "id": "-prW7w4KG1YnjHfGHba0"
        },
        {
            "name": "npc_senses",
            "current": "темнозрение 12 клетки",
            "max": "",
            "id": "-za3gRzDmjMK9ng2Ypex"
        },
        {
            "name": "repeating_npcaction_-t8W1ip5aC0tQb52Kj0c_name",
            "current": "Когти",
            "max": "",
            "id": "-5Oas7ooOLz9Y8WuWXaq"
        },
        {
            "name": "repeating_npcaction_-t8W1ip5aC0tQb52Kj0c_description",
            "current": "Рукопашное Оружие: +2 к атаке, досягаемость: 1 клетка, одна цель. Попадание: 5 (2d4) рубящего урона.",
            "max": "",
            "id": "-u4QjcmHH9dQaUTXO2hs"
        },
        {
            "name": "repeating_npcaction_-t8W1ip5aC0tQb52Kj0c_attack_flag",
            "current": "on",
            "max": "",
            "id": "-YLEmgTEFKhRXEOQynp5"
        },
        {
            "name": "repeating_npcaction_-t8W1ip5aC0tQb52Kj0c_attack_tohitrange",
            "current": "+2",
            "max": "",
            "id": "-lRn31WAcfH3HGlTOkFr"
        },
        {
            "name": "repeating_npcaction_-t8W1ip5aC0tQb52Kj0c_attack_onhit",
            "current": "",
            "max": "",
            "id": "-1E5Ni35M4x3yxJTbvNH"
        },
        {
            "name": "repeating_npcaction_-t8W1ip5aC0tQb52Kj0c_attack_tohit",
            "current": "2",
            "max": "",
            "id": "-MC1B04ilpayMEV4Kqc3"
        },
        {
            "name": "repeating_npcaction_-t8W1ip5aC0tQb52Kj0c_attack_damage",
            "current": "2d4",
            "max": "",
            "id": "-3yqfVlOejoWs3VICUjw"
        },
        {
            "name": "repeating_npcaction_-t8W1ip5aC0tQb52Kj0c_damage_flag",
            "current": "{{damage=1}} {{dmg1flag=1}}",
            "max": "",
            "id": "-Ts23O3B0xTkX5CoAtEr"
        },
        {
            "name": "repeating_npcaction_-t8W1ip5aC0tQb52Kj0c_rollbase",
            "current": "@{wtype}&{template:npcaction} {{attack=1}} @{damage_flag} @{npc_name_flag} {{rname=@{name}}} {{r1=[[@{d20}+(@{attack_tohit})]]}} @{rtype}+(@{attack_tohit})]]}} {{dmg1=[[@{attack_damage}]]}} {{dmg1type=@{attack_damagetype}}} {{dmg2=[[@{attack_damage2}+0]]}} {{dmg2type=@{attack_damagetype2}}} {{crit1=[[@{attack_crit}+0]]}} {{crit2=[[@{attack_crit2}+0]]}} {{description=@{show_desc}}} @{charname_output}",
            "max": "",
            "id": "-xC1Mf3UuBzQZhNOaWz6"
        },
        {
            "name": "repeating_npcaction_-t8W1ip5aC0tQb52Kj0c_attack_crit",
            "current": "2d4",
            "max": "",
            "id": "-UBleIL60KbYcATaV4JP"
        },
        {
            "name": "repeating_npcaction_-t8W1ip5aC0tQb52Kj0c_attack_crit2",
            "current": "",
            "max": "",
            "id": "-W9GETBKZhgRCyodESDb"
        }
    ],
    "abilities": []
}