{
    "schema_version": 2,
    "oldId": "-Vl4T1yunH9DjkcOEZv8",
    "name": "Ламия (Lamia)",
    "avatar": "https://tentaculus.ru/monsters/img/cute_monsters/LAMIA.jpg",
    "bio": "",
    "gmnotes": "",
    "defaulttoken": "",
    "tags": "[]",
    "controlledby": "",
    "inplayerjournals": "",
    "attribs": [
        {
            "name": "hitdieroll",
            "current": "4",
            "max": "",
            "id": "-oapbrFqA4qTpxSp9TbE"
        },
        {
            "name": "showleveler",
            "current": 0,
            "max": "",
            "id": "-U4B95KDqDPLWQQXFRUq"
        },
        {
            "name": "invalidXP",
            "current": 0,
            "max": "",
            "id": "-y4JMyxIap0rKBt92sCz"
        },
        {
            "name": "version",
            "current": 4.21,
            "max": "",
            "id": "-Mj7p923x965GOTUKRtp"
        },
        {
            "name": "mancer_confirm_flag",
            "current": "",
            "max": "",
            "id": "-m1SeN0wo4NRXaTUYNGd"
        },
        {
            "name": "mancer_npc",
            "current": "on",
            "max": "",
            "id": "-d37F0nJETZgwyDKd2L3"
        },
        {
            "name": "l1mancer_status",
            "current": "completed",
            "max": "",
            "id": "-eiJstaGR8kgGivcaNNu"
        },
        {
            "name": "rtype",
            "current": "@{advantagetoggle}",
            "max": "",
            "id": "-dG0MT7n3TR6MgTCAh7P"
        },
        {
            "name": "dtype",
            "current": "full",
            "max": "",
            "id": "-6ntO8qYyQ8BRlbtDdKu"
        },
        {
            "name": "appliedUpdates",
            "current": "upgrade_to_4_2_1",
            "max": "",
            "id": "-W4B3rMms00WNnrn4Aiq"
        },
        {
            "name": "npc",
            "current": "1",
            "max": "",
            "id": "-Sf1ueljOWYQOJ9OqO5h"
        },
        {
            "name": "npc_options-flag",
            "current": "0",
            "max": "",
            "id": "-XiXkt44LApBDn50cUkT"
        },
        {
            "name": "ui_flags",
            "current": "",
            "max": "",
            "id": "-x7gkzPeXhBp0v4H6xXE"
        },
        {
            "name": "npc_name",
            "current": "Ламия (Lamia)",
            "max": "",
            "id": "-ZGoIVX6oMTwo8n7oVoN"
        },
        {
            "name": "npc_type",
            "current": "монстр хаотично-злое",
            "max": "",
            "id": "-1vpReCoYXk21HpBDKo3"
        },
        {
            "name": "npc_speed",
            "current": "6 клеток",
            "max": "",
            "id": "-MQz0I5WYN6sNigmtYcS"
        },
        {
            "name": "hp",
            "current": "",
            "max": "97",
            "id": "-l9EFoFMIcsgikmvjB97"
        },
        {
            "name": "npc_ac",
            "current": "13 (естественная броня)",
            "max": "",
            "id": "-rzZWddhdFSSrt4hHpfM"
        },
        {
            "name": "ac",
            "current": "13 (естественная броня)",
            "max": "",
            "id": "-XpWqWlYH4S1n7Ol954n"
        },
        {
            "name": "npc_languages",
            "current": "Бездны, Общий",
            "max": "",
            "id": "-SGI2bnlnwJzRZ9uv8hj"
        },
        {
            "name": "npc_challenge",
            "current": "4",
            "max": "",
            "id": "-7ZbOzNA1J0nxJYmjDbS"
        },
        {
            "name": "passive_wisdom",
            "current": "4",
            "max": "",
            "id": "-O6dJU364uEvaFYQkuPX"
        },
        {
            "name": "initiative_bonus",
            "current": 1,
            "max": "",
            "id": "-obrXAkXfKu22LL75OLX"
        },
        {
            "name": "npc_hpformula",
            "current": "13d10 + 26",
            "max": "",
            "id": "-StPsaJVxlp3fCkhndr2"
        },
        {
            "name": "strength_base",
            "current": "16",
            "max": "",
            "id": "-AjvzWFIQHU1esXdfxQx"
        },
        {
            "name": "strength_flag",
            "current": "0",
            "max": "",
            "id": "-q3YG0SYKZom6HMNeRyh"
        },
        {
            "name": "strength",
            "current": 16,
            "max": "",
            "id": "-WObIKi054qPkdJtx5aZ"
        },
        {
            "name": "strength_mod",
            "current": 3,
            "max": "",
            "id": "-jRf0Nf6urEixboaYrgi"
        },
        {
            "name": "npc_str_negative",
            "current": 0,
            "max": "",
            "id": "-KMCtMPtcEEMszqQcn0f"
        },
        {
            "name": "dexterity_base",
            "current": "13",
            "max": "",
            "id": "-BtFpcksoODVPqxqHizO"
        },
        {
            "name": "dexterity_flag",
            "current": "0",
            "max": "",
            "id": "-DMCNBJlDltL1W4NwLbG"
        },
        {
            "name": "dexterity",
            "current": 13,
            "max": "",
            "id": "-tZ8OAJpgAJZXJdxysWk"
        },
        {
            "name": "dexterity_mod",
            "current": 1,
            "max": "",
            "id": "-P0rv1YxgIvqAD4rWU19"
        },
        {
            "name": "npc_dex_negative",
            "current": 0,
            "max": "",
            "id": "-SWCABi4JD2vjYte5TLD"
        },
        {
            "name": "constitution_base",
            "current": "15",
            "max": "",
            "id": "-YTjUiWk1eVslHKNKViZ"
        },
        {
            "name": "constitution_flag",
            "current": "0",
            "max": "",
            "id": "-LOLtYx6m80x3BWkIMCE"
        },
        {
            "name": "constitution",
            "current": 15,
            "max": "",
            "id": "-8PamyuU4GO9THgL76jJ"
        },
        {
            "name": "constitution_mod",
            "current": 2,
            "max": "",
            "id": "-EbbrQpLCT7xUEaRj9zy"
        },
        {
            "name": "npc_con_negative",
            "current": 0,
            "max": "",
            "id": "-Y4nMQrTKSvVWg6UWzhQ"
        },
        {
            "name": "intelligence_base",
            "current": "14",
            "max": "",
            "id": "-pU5YApSrjdHIvfDrdsa"
        },
        {
            "name": "intelligence_flag",
            "current": "0",
            "max": "",
            "id": "-ZCxbgIUAe8vWwsWQwO1"
        },
        {
            "name": "intelligence",
            "current": 14,
            "max": "",
            "id": "-HMnTVHT2LWFSvSpEKP7"
        },
        {
            "name": "intelligence_mod",
            "current": 2,
            "max": "",
            "id": "-XPtCpxy1Mws6x7D2GjY"
        },
        {
            "name": "npc_int_negative",
            "current": 0,
            "max": "",
            "id": "-H7fSjyWf0xFdskkPERt"
        },
        {
            "name": "wisdom_base",
            "current": "15",
            "max": "",
            "id": "-Ive1ZsghEC73ybVImq4"
        },
        {
            "name": "wisdom_flag",
            "current": "0",
            "max": "",
            "id": "-SUXbeMIDFYLscODD0hx"
        },
        {
            "name": "wisdom",
            "current": 15,
            "max": "",
            "id": "-v8Zxfmotkd8kN3WKRsS"
        },
        {
            "name": "wisdom_mod",
            "current": 2,
            "max": "",
            "id": "-svdjISZtFnmWluc8mUm"
        },
        {
            "name": "npc_wis_negative",
            "current": 0,
            "max": "",
            "id": "-lpiAB3Sl5qYkmuD1kHc"
        },
        {
            "name": "charisma_base",
            "current": "16",
            "max": "",
            "id": "-nl1KfCdHa98art7kaae"
        },
        {
            "name": "charisma_flag",
            "current": "0",
            "max": "",
            "id": "-y21hZugQU5m5zoq0atZ"
        },
        {
            "name": "charisma",
            "current": 16,
            "max": "",
            "id": "-niIuI9YUH3gzmd1y7y0"
        },
        {
            "name": "charisma_mod",
            "current": 3,
            "max": "",
            "id": "-Y4XyXvoXdjVQkhdls9C"
        },
        {
            "name": "npc_cha_negative",
            "current": 0,
            "max": "",
            "id": "-BCUcRR7BM91Jp39oxHa"
        },
        {
            "name": "npc_skills_flag",
            "current": 3,
            "max": "",
            "id": "-gOWrd4n2C5C2fHJtw1l"
        },
        {
            "name": "npc_deception_base",
            "current": "7",
            "max": "",
            "id": "-ipVLBqnU4pN5cevj2O0"
        },
        {
            "name": "npc_deception_flag",
            "current": "1",
            "max": "",
            "id": "-4JmQS8hT3veSILL3RCA"
        },
        {
            "name": "npc_deception",
            "current": 7,
            "max": "",
            "id": "-Gup3rChpxgyHPUAUfvt"
        },
        {
            "name": "npc_insight_base",
            "current": "4",
            "max": "",
            "id": "-zTzCfqKDJ3Tc55kaQBD"
        },
        {
            "name": "npc_insight_flag",
            "current": "1",
            "max": "",
            "id": "-66sVWoHU6I7kzQ47mbS"
        },
        {
            "name": "npc_insight",
            "current": 4,
            "max": "",
            "id": "-roxAYoOOVeA8fOxYgRw"
        },
        {
            "name": "npc_stealth_base",
            "current": "3",
            "max": "",
            "id": "-Jep097LtHNZOJpTKlxK"
        },
        {
            "name": "npc_stealth_flag",
            "current": "1",
            "max": "",
            "id": "-KPhBchhkLxlMRBVbaes"
        },
        {
            "name": "npc_stealth",
            "current": 3,
            "max": "",
            "id": "-i65XKlMTaOLIG4v7LWz"
        },
        {
            "name": "npc_senses",
            "current": "темнозрение 12 клеток",
            "max": "",
            "id": "-Y1cFd21DyduG8UVRkut"
        },
        {
            "name": "repeating_npcaction_-vH56lEbWixbBOecGQiF_name",
            "current": "Мультиатака",
            "max": "",
            "id": "-Uj9rgEtHrgkGVuwEhbN"
        },
        {
            "name": "repeating_npcaction_-vH56lEbWixbBOecGQiF_description",
            "current": "Ламия проводит две атаки: одну когтями, одну кинжалом или Отравляющим прикосновение.",
            "max": "",
            "id": "-dKVu9266bwES55bFMWX"
        },
        {
            "name": "repeating_npcaction_-vH56lEbWixbBOecGQiF_attack_tohitrange",
            "current": "+0",
            "max": "",
            "id": "-LYMpINcDEo3nmwhRN63"
        },
        {
            "name": "repeating_npcaction_-vH56lEbWixbBOecGQiF_attack_onhit",
            "current": "",
            "max": "",
            "id": "-TGnl488Ml5i3qv4wr7o"
        },
        {
            "name": "repeating_npcaction_-vH56lEbWixbBOecGQiF_damage_flag",
            "current": "",
            "max": "",
            "id": "-CwWSz6NhOvwuw7ctYzX"
        },
        {
            "name": "repeating_npcaction_-vH56lEbWixbBOecGQiF_attack_crit",
            "current": "",
            "max": "",
            "id": "-EUDwA45tuL5A2erpygc"
        },
        {
            "name": "repeating_npcaction_-vH56lEbWixbBOecGQiF_attack_crit2",
            "current": "",
            "max": "",
            "id": "-4orgQKZYnqfb3LYTGCk"
        },
        {
            "name": "repeating_npcaction_-vH56lEbWixbBOecGQiF_rollbase",
            "current": "@{wtype}&{template:npcaction} @{npc_name_flag} {{rname=@{name}}} {{description=@{show_desc}}} @{charname_output}",
            "max": "",
            "id": "-gu9MiOtA980vPywtOps"
        },
        {
            "name": "repeating_npcaction_-ZJo904Z25s5JqeomUSO_name",
            "current": "Когти",
            "max": "",
            "id": "-KlQYmpa0Cu8zdFTVfRT"
        },
        {
            "name": "repeating_npcaction_-ZJo904Z25s5JqeomUSO_description",
            "current": "Рукопашное Оружие: +5 к атаке, досягаемость: 1 клетка, одна цель. Попадание: 14 (2d10 + 3) рубящего урона.",
            "max": "",
            "id": "-wDAixotujErU1MIfxDw"
        },
        {
            "name": "repeating_npcaction_-ZJo904Z25s5JqeomUSO_attack_flag",
            "current": "on",
            "max": "",
            "id": "-ON0U2HuvCWAmKuNai0Z"
        },
        {
            "name": "repeating_npcaction_-ZJo904Z25s5JqeomUSO_attack_tohitrange",
            "current": "+5",
            "max": "",
            "id": "-n6owNsuSLv0PMNUCKO9"
        },
        {
            "name": "repeating_npcaction_-ZJo904Z25s5JqeomUSO_attack_onhit",
            "current": "",
            "max": "",
            "id": "-M3YOkIBOrWak3PzWj2P"
        },
        {
            "name": "repeating_npcaction_-ZJo904Z25s5JqeomUSO_attack_tohit",
            "current": "5",
            "max": "",
            "id": "-20NjyGG14chwr1coRW4"
        },
        {
            "name": "repeating_npcaction_-ZJo904Z25s5JqeomUSO_attack_damage",
            "current": "2d10+3",
            "max": "",
            "id": "-gAHnm0GFGIwCrY4qi6G"
        },
        {
            "name": "repeating_npcaction_-ZJo904Z25s5JqeomUSO_damage_flag",
            "current": "{{damage=1}} {{dmg1flag=1}}",
            "max": "",
            "id": "-4Vhi5NfQSgiCp6u0C4x"
        },
        {
            "name": "repeating_npcaction_-ZJo904Z25s5JqeomUSO_rollbase",
            "current": "@{wtype}&{template:npcaction} {{attack=1}} @{damage_flag} @{npc_name_flag} {{rname=@{name}}} {{r1=[[@{d20}+(@{attack_tohit})]]}} @{rtype}+(@{attack_tohit})]]}} {{dmg1=[[@{attack_damage}]]}} {{dmg1type=@{attack_damagetype}}} {{dmg2=[[@{attack_damage2}+0]]}} {{dmg2type=@{attack_damagetype2}}} {{crit1=[[@{attack_crit}+0]]}} {{crit2=[[@{attack_crit2}+0]]}} {{description=@{show_desc}}} @{charname_output}",
            "max": "",
            "id": "-PNuErqSJUHVzJtIUATJ"
        },
        {
            "name": "repeating_npcaction_-ZJo904Z25s5JqeomUSO_attack_crit",
            "current": "2d10+3",
            "max": "",
            "id": "-I1drE3rmIx6I9iq1Vco"
        },
        {
            "name": "repeating_npcaction_-ZJo904Z25s5JqeomUSO_attack_crit2",
            "current": "",
            "max": "",
            "id": "-xCkUcU6T6tee2hnS7PD"
        },
        {
            "name": "repeating_npcaction_-vBeKUovYIcM5PGY8nIs_name",
            "current": "Кинжал",
            "max": "",
            "id": "-807ANvC34BemoH0ZdAO"
        },
        {
            "name": "repeating_npcaction_-vBeKUovYIcM5PGY8nIs_description",
            "current": "Рукопашное Оружие: +5 к атаке, досягаемость: 1 клетка, одна цель. Попадание: 5 (1d4 + 3) колющего урона.",
            "max": "",
            "id": "-eHm7iub2BeTtBAW1PTn"
        },
        {
            "name": "repeating_npcaction_-vBeKUovYIcM5PGY8nIs_attack_flag",
            "current": "on",
            "max": "",
            "id": "-Ymx2iL6VcqpafDWTgNr"
        },
        {
            "name": "repeating_npcaction_-vBeKUovYIcM5PGY8nIs_attack_tohitrange",
            "current": "+5",
            "max": "",
            "id": "-gyT55XrjTG5T4ZfYhqJ"
        },
        {
            "name": "repeating_npcaction_-vBeKUovYIcM5PGY8nIs_attack_onhit",
            "current": "",
            "max": "",
            "id": "-djbHVjaJdYmhoyUqsF3"
        },
        {
            "name": "repeating_npcaction_-vBeKUovYIcM5PGY8nIs_attack_tohit",
            "current": "5",
            "max": "",
            "id": "-g2HndUvoo4vDOFNOROb"
        },
        {
            "name": "repeating_npcaction_-vBeKUovYIcM5PGY8nIs_attack_damage",
            "current": "1d4+3",
            "max": "",
            "id": "-iUjBNxc2uVBU5yaZRbL"
        },
        {
            "name": "repeating_npcaction_-vBeKUovYIcM5PGY8nIs_damage_flag",
            "current": "{{damage=1}} {{dmg1flag=1}}",
            "max": "",
            "id": "-5jgX9QK16Gr6LfYC22T"
        },
        {
            "name": "repeating_npcaction_-vBeKUovYIcM5PGY8nIs_rollbase",
            "current": "@{wtype}&{template:npcaction} {{attack=1}} @{damage_flag} @{npc_name_flag} {{rname=@{name}}} {{r1=[[@{d20}+(@{attack_tohit})]]}} @{rtype}+(@{attack_tohit})]]}} {{dmg1=[[@{attack_damage}]]}} {{dmg1type=@{attack_damagetype}}} {{dmg2=[[@{attack_damage2}+0]]}} {{dmg2type=@{attack_damagetype2}}} {{crit1=[[@{attack_crit}+0]]}} {{crit2=[[@{attack_crit2}+0]]}} {{description=@{show_desc}}} @{charname_output}",
            "max": "",
            "id": "-bWfyQHEBGeMGZOOHSG7"
        },
        {
            "name": "repeating_npcaction_-vBeKUovYIcM5PGY8nIs_attack_crit",
            "current": "1d4+3",
            "max": "",
            "id": "-OHzhpWZis0DxHgAlf9W"
        },
        {
            "name": "repeating_npcaction_-vBeKUovYIcM5PGY8nIs_attack_crit2",
            "current": "",
            "max": "",
            "id": "-wKdA4wBdaxkcHuVNAXp"
        },
        {
            "name": "repeating_npcaction_-8yCFqNaWdfoNP9v9qI3_name",
            "current": "Отравляющее прикосновение",
            "max": "",
            "id": "-RBDghYVP6S7T0TuRE1z"
        },
        {
            "name": "repeating_npcaction_-8yCFqNaWdfoNP9v9qI3_description",
            "current": "Рукопашная атака заклинанием: +5 к атаке, досягаемость: 1 клетка, одно существо. Попадание: Цель становится магически проклятой на 1 час. Пока проклятье действует, цель имеет помеху на спасброски по Мудростиs и все проверки навыков.",
            "max": "",
            "id": "-qLliETMFBtNDIJ5eL2S"
        },
        {
            "name": "repeating_npcaction_-8yCFqNaWdfoNP9v9qI3_attack_tohitrange",
            "current": "+0",
            "max": "",
            "id": "-yEQFxCXrT8ZSMkbkkSN"
        },
        {
            "name": "repeating_npcaction_-8yCFqNaWdfoNP9v9qI3_attack_onhit",
            "current": "",
            "max": "",
            "id": "-lX7ItvvUYPGoWU6vq45"
        },
        {
            "name": "repeating_npcaction_-8yCFqNaWdfoNP9v9qI3_damage_flag",
            "current": "",
            "max": "",
            "id": "-K7Sv9fABCwJw3spYIcS"
        },
        {
            "name": "repeating_npcaction_-8yCFqNaWdfoNP9v9qI3_attack_crit",
            "current": "",
            "max": "",
            "id": "-ZLq3UrnV7wcQWmne3dB"
        },
        {
            "name": "repeating_npcaction_-8yCFqNaWdfoNP9v9qI3_attack_crit2",
            "current": "",
            "max": "",
            "id": "-6yql3i0uxQaPlT1CiyV"
        },
        {
            "name": "repeating_npcaction_-8yCFqNaWdfoNP9v9qI3_rollbase",
            "current": "@{wtype}&{template:npcaction} @{npc_name_flag} {{rname=@{name}}} {{description=@{show_desc}}} @{charname_output}",
            "max": "",
            "id": "-XZn9LJg05g6lvuhz1uQ"
        },
        {
            "name": "repeating_npctrait_-VGQG2ZFSmY1tMFjNI7R_name",
            "current": "Прирожденный Заклинатель",
            "max": "",
            "id": "-ZxERxqqPZlte2gAGY0b"
        },
        {
            "name": "repeating_spell-1_-8phwvcWXMhjkGzCvEbF_spellname",
            "current": "МАСКИРОВКА",
            "max": "",
            "id": "-J3XxWKS8VVAfBWDyCLM"
        },
        {
            "name": "repeating_spell-1_-8phwvcWXMhjkGzCvEbF_spellschool",
            "current": "illusion",
            "max": "",
            "id": "-U7gl222HWFPMjnGGChn"
        },
        {
            "name": "repeating_spell-1_-8phwvcWXMhjkGzCvEbF_spellcastingtime",
            "current": "1 действие",
            "max": "",
            "id": "-5MO6V3czphC3cnho1yw"
        },
        {
            "name": "repeating_spell-1_-8phwvcWXMhjkGzCvEbF_spellrange",
            "current": "Вы",
            "max": "",
            "id": "-YGQRqYuLKoQc1DAC1KA"
        },
        {
            "name": "repeating_spell-1_-8phwvcWXMhjkGzCvEbF_spelltarget",
            "current": "",
            "max": "",
            "id": "-yff8oGD167291dZjTF8"
        },
        {
            "name": "repeating_spell-1_-8phwvcWXMhjkGzCvEbF_spellcomp_materials",
            "current": "",
            "max": "",
            "id": "-xEtEdzQvDSARTqu2i2T"
        },
        {
            "name": "repeating_spell-1_-8phwvcWXMhjkGzCvEbF_spelldescription",
            "current": "Благодаря этому заклинанию ваша одежда, доспехи, оружие и другое одетое снаряжение выглядят иначе, пока оно действует. Вы можете казаться на 1 фут выше или ниже, или быть толще или стройнее. Вы не можете изменить тип своего тела, поэтому должны выбрать форму, которая имеет такое же расположение конечностей. В остальном вид иллюзии зависит от вас. изменения, созданные этим заклинанием, легко заметны при физическом обследовании. Например, если вы используете его, чтобы создать шляпу у себя на голове, то объекты будут проходить через неё: любой кто прикоснется к ней почувствует только вашу голову и волосы. Если вы используете его, чтобы казаться стройнее, чем вы на самом деле, то любой, кто близко подойдет к вам, столкнется с вашей невидимой частью.   Чтобы раскрыть маскировку, существо может обследовать вашу внешность в качестве действия и совершить успешную проверку интеллекта (Анализ) против вашего КС заклинаний.",
            "max": "",
            "id": "-GGAzKZjzb9FkW9RsrSs"
        },
        {
            "name": "repeating_spell-1_-8phwvcWXMhjkGzCvEbF_spellduration",
            "current": "1 час",
            "max": "",
            "id": "-4I4VsQ083iihU6CR6hN"
        },
        {
            "name": "repeating_spell-1_-8phwvcWXMhjkGzCvEbF_spellcomp_v",
            "current": "{{v=1}}",
            "max": "",
            "id": "-RbM9nizoikYDzR8ezZJ"
        },
        {
            "name": "repeating_spell-1_-8phwvcWXMhjkGzCvEbF_spellcomp_s",
            "current": "{{s=1}}",
            "max": "",
            "id": "-yaQ4JvUQD18sQ6OR3jD"
        },
        {
            "name": "repeating_spell-1_-8phwvcWXMhjkGzCvEbF_spellcomp_m",
            "current": "0",
            "max": "",
            "id": "-JXzIRlaDx1pR3BdymUb"
        },
        {
            "name": "repeating_spell-1_-8phwvcWXMhjkGzCvEbF_spellsource",
            "current": "PHB",
            "max": "",
            "id": "-jwHpaXIqvjFskXS0Zp9"
        },
        {
            "name": "repeating_spell-1_-8phwvcWXMhjkGzCvEbF_details-flag",
            "current": "0",
            "max": "",
            "id": "-tZh0ymHjePxsCqrut6e"
        },
        {
            "name": "repeating_spell-1_-8phwvcWXMhjkGzCvEbF_options-flag",
            "current": "0",
            "max": "",
            "id": "-FQofGjqv2a9edCgy48Z"
        },
        {
            "name": "repeating_spell-3_-gYpd9PKqE7mk76ea30s_spellname",
            "current": "ОБРАЗ",
            "max": "",
            "id": "-RTyZIlShtJeLaItizEh"
        },
        {
            "name": "repeating_spell-3_-gYpd9PKqE7mk76ea30s_spellschool",
            "current": "illusion",
            "max": "",
            "id": "-uF44BAXph9vVa0SyZsb"
        },
        {
            "name": "repeating_spell-3_-gYpd9PKqE7mk76ea30s_spellcastingtime",
            "current": "1 действие",
            "max": "",
            "id": "-nOEVBhwTyHCo6z4VCiO"
        },
        {
            "name": "repeating_spell-3_-gYpd9PKqE7mk76ea30s_spellrange",
            "current": "120 футов",
            "max": "",
            "id": "-TmHws83UOyH9VCEF81I"
        },
        {
            "name": "repeating_spell-3_-gYpd9PKqE7mk76ea30s_spelltarget",
            "current": "",
            "max": "",
            "id": "-8nFCCjvakjCjsScK6BQ"
        },
        {
            "name": "repeating_spell-3_-gYpd9PKqE7mk76ea30s_spellcomp_materials",
            "current": "кусочек овечьей шерсти",
            "max": "",
            "id": "-tvRZKRbk6uOuoJJvB73"
        },
        {
            "name": "repeating_spell-3_-gYpd9PKqE7mk76ea30s_spelldescription",
            "current": "Вы создаете образ объекта, существа или другого видимого явления, которое помещается в куб со стороной 20 футов. Образ выглядит абсолютно реальным, включая звуки, запахи и температуру. До тех пор, пока вы находитесь в пределах дальности иллюзии, вы можете перемещать ее в качестве действия в любое другое место. Когда иллюзия перемещается, вы можете изменять ее внешний вид так, чтобы ее передвижение казалось естественным. В качестве действия существо может обследовать образ и определить, что это иллюзия, сделав успешную проверку интеллекта (Анализ) против вашего КС заклинаний. Если существо узнает, что это иллюзия, то оно может видеть сквозь нее, а другие сенсорные качества иллюзии становятся слабее. <br>На более высоких кругах. Если вы произносите заклинание, используя ячейку 6 круга или выше, то заклинание существует до тех пор, пока его не развеют, не требуя концентрации.",
            "max": "",
            "id": "-s5lUG36iUugBdgjNjFb"
        },
        {
            "name": "repeating_spell-3_-gYpd9PKqE7mk76ea30s_spellduration",
            "current": "конц-я, до 10 мин",
            "max": "",
            "id": "-JMpgDfrxRVzEk7dKEde"
        },
        {
            "name": "repeating_spell-3_-gYpd9PKqE7mk76ea30s_spellcomp_v",
            "current": "{{v=1}}",
            "max": "",
            "id": "-GaZnC22epFwKQs2ifm4"
        },
        {
            "name": "repeating_spell-3_-gYpd9PKqE7mk76ea30s_spellcomp_s",
            "current": "{{s=1}}",
            "max": "",
            "id": "-Rr7eG3yOVCPsVP1VcGr"
        },
        {
            "name": "repeating_spell-3_-gYpd9PKqE7mk76ea30s_spellcomp_m",
            "current": "{{m=1}}",
            "max": "",
            "id": "-ILbV5UZyGyK6CLgv34l"
        },
        {
            "name": "repeating_spell-3_-gYpd9PKqE7mk76ea30s_spellsource",
            "current": "PHB",
            "max": "",
            "id": "-2slnvqYAkQ3j1mRvg8M"
        },
        {
            "name": "repeating_spell-3_-gYpd9PKqE7mk76ea30s_details-flag",
            "current": "0",
            "max": "",
            "id": "-X3R6xOoRIIlg6EuRJdh"
        },
        {
            "name": "repeating_spell-3_-gYpd9PKqE7mk76ea30s_options-flag",
            "current": "0",
            "max": "",
            "id": "-4Zn1ejvIjQLMQjqfNGd"
        },
        {
            "name": "repeating_spell-1_-GohjGoFF4Z1Rawy7C50_spellname",
            "current": "ОЧАРОВАТЬ ПЕРСОНУ",
            "max": "",
            "id": "-5TVJYexsBDPyMmKuOl2"
        },
        {
            "name": "repeating_spell-1_-GohjGoFF4Z1Rawy7C50_spellschool",
            "current": "enchantment",
            "max": "",
            "id": "-KD7wEyo2sfuIy5nr9V6"
        },
        {
            "name": "repeating_spell-1_-GohjGoFF4Z1Rawy7C50_spellcastingtime",
            "current": "1 действие",
            "max": "",
            "id": "-WFEMV3Qoih5BvnWp3bv"
        },
        {
            "name": "repeating_spell-1_-GohjGoFF4Z1Rawy7C50_spellrange",
            "current": "30 футов",
            "max": "",
            "id": "-wMWDrETF7736SHx6ovi"
        },
        {
            "name": "repeating_spell-1_-GohjGoFF4Z1Rawy7C50_spelltarget",
            "current": "",
            "max": "",
            "id": "-QZcdTYuotQsLd55qPFv"
        },
        {
            "name": "repeating_spell-1_-GohjGoFF4Z1Rawy7C50_spellcomp_materials",
            "current": "",
            "max": "",
            "id": "-n4fojVLeGtuzzVeuBcx"
        },
        {
            "name": "repeating_spell-1_-GohjGoFF4Z1Rawy7C50_spelldescription",
            "current": "Вы пытаетесь очаровать гуманоида, которого видите в пределах дальности заклинания. Он должен совершить спасбросок по Мудрости. Если вы или ваши компаньоны сражаетесь с ним, то он получает преимущество на этот бросок.  В случае провала, он очарован вами до тех пор, пока заклинание закончится, или вы или ваши компаньоны нанесете ему любой вред. Очарованное существо считает вас дружеским знакомым. Когда заклинание заканчивается, существо осознает, что оно было очаровано вами.  <br>На более высоких кругах. Если вы произносите заклинание, используя ячейку 2 круга или выше, то можете использовать это заклинание на одну дополнительную цель за каждый круг выше первого. Существа должны находиться в пределах 30 футов друг от друга, когда вы применяете на них заклинание.",
            "max": "",
            "id": "-P6OFikv3nA8yKm0oM7l"
        },
        {
            "name": "repeating_spell-1_-GohjGoFF4Z1Rawy7C50_spellduration",
            "current": "1 час",
            "max": "",
            "id": "-P6lGsDDVftYfbyOJqnT"
        },
        {
            "name": "repeating_spell-1_-GohjGoFF4Z1Rawy7C50_spellcomp_v",
            "current": "{{v=1}}",
            "max": "",
            "id": "-3nErJCTyiPy6sbpQur9"
        },
        {
            "name": "repeating_spell-1_-GohjGoFF4Z1Rawy7C50_spellcomp_s",
            "current": "{{s=1}}",
            "max": "",
            "id": "-It2fiq0Bp64HSPerGDf"
        },
        {
            "name": "repeating_spell-1_-GohjGoFF4Z1Rawy7C50_spellcomp_m",
            "current": "0",
            "max": "",
            "id": "-gfytEV7U5wPTFrLMxVU"
        },
        {
            "name": "repeating_spell-1_-GohjGoFF4Z1Rawy7C50_spellsource",
            "current": "PHB",
            "max": "",
            "id": "-bxzQVwCxVFcOeoGk5yY"
        },
        {
            "name": "repeating_spell-1_-GohjGoFF4Z1Rawy7C50_details-flag",
            "current": "0",
            "max": "",
            "id": "-BwjyZbe8DQzC4tC38pT"
        },
        {
            "name": "repeating_spell-1_-GohjGoFF4Z1Rawy7C50_options-flag",
            "current": "0",
            "max": "",
            "id": "-6R5rcvqFj9c8dtqApZp"
        },
        {
            "name": "repeating_spell-2_-XmkNwengnLY6rLwL3kZ_spellname",
            "current": "ЗЕРКАЛЬНОЕ ОТРАЖЕНИЕ",
            "max": "",
            "id": "-bWbFe0xuDfzohbHNOF0"
        },
        {
            "name": "repeating_spell-2_-XmkNwengnLY6rLwL3kZ_spellschool",
            "current": "illusion",
            "max": "",
            "id": "-PbrMFMwyfkW8YC4Hnxu"
        },
        {
            "name": "repeating_spell-2_-XmkNwengnLY6rLwL3kZ_spellcastingtime",
            "current": "1 действие",
            "max": "",
            "id": "-M9SVZ6XMCZZwKC7Ht5c"
        },
        {
            "name": "repeating_spell-2_-XmkNwengnLY6rLwL3kZ_spellrange",
            "current": "Вы",
            "max": "",
            "id": "-jUu4BgoMYWAD2UeLAaR"
        },
        {
            "name": "repeating_spell-2_-XmkNwengnLY6rLwL3kZ_spelltarget",
            "current": "",
            "max": "",
            "id": "-cRHv8gnWOeo4M3CKXqx"
        },
        {
            "name": "repeating_spell-2_-XmkNwengnLY6rLwL3kZ_spellcomp_materials",
            "current": "",
            "max": "",
            "id": "-XKBBvurOVX5PD0x2CLe"
        },
        {
            "name": "repeating_spell-2_-XmkNwengnLY6rLwL3kZ_spelldescription",
            "current": "Рядом с вами появляются три ваших иллюзорных двойника. В качестве действия вы можете отозвать двойников. Каждый раз, когда существо атакует вас во время действия заклинания, бросьте d20, чтобы определить попала ли атака по вам или по одному из двойников. Если у вас три двойника, то результат 6 или выше означает, что атака попала по двойнику. При двух иллюзиях этот результат равен 8 или выше. При одной - 11 или выше. КБ двойника равен 10 + ваш модификатор Ловкости. Если атака попадает по нему, то двойник уничтожается. Двойника можно уничтожить только попав по нему атакой. Любой другой урон или эффекты игнорируются. Заклинание заканчивается, если все три двойника уничтожены. Заклинание не действует на существ, которые не могут видеть,полагаются на другие чувства, например слеповидение, или могут различать иллюзии, например благодаря истинному зрению.",
            "max": "",
            "id": "-2kHyL84V3WjGPTJ8DqV"
        },
        {
            "name": "repeating_spell-2_-XmkNwengnLY6rLwL3kZ_spellduration",
            "current": "1 минута",
            "max": "",
            "id": "-Ainw91G84k9KcyjRV11"
        },
        {
            "name": "repeating_spell-2_-XmkNwengnLY6rLwL3kZ_spellcomp_v",
            "current": "{{v=1}}",
            "max": "",
            "id": "-6pEe1t7VkMxCEAhK6YM"
        },
        {
            "name": "repeating_spell-2_-XmkNwengnLY6rLwL3kZ_spellcomp_s",
            "current": "{{s=1}}",
            "max": "",
            "id": "-qrfYuKPKBZRmIGCZdT9"
        },
        {
            "name": "repeating_spell-2_-XmkNwengnLY6rLwL3kZ_spellcomp_m",
            "current": "0",
            "max": "",
            "id": "-ZTrWgJQoqzyMddO7Hsg"
        },
        {
            "name": "repeating_spell-2_-XmkNwengnLY6rLwL3kZ_spellsource",
            "current": "PHB",
            "max": "",
            "id": "-8arBxq2lnji0hJDeJzx"
        },
        {
            "name": "repeating_spell-2_-XmkNwengnLY6rLwL3kZ_details-flag",
            "current": "0",
            "max": "",
            "id": "-SXjxnOEmlaozq04puSt"
        },
        {
            "name": "repeating_spell-2_-XmkNwengnLY6rLwL3kZ_options-flag",
            "current": "0",
            "max": "",
            "id": "-rGTeRUICJ6ysG6FVcAF"
        },
        {
            "name": "repeating_spell-5_-82622QUiy9O4t81vp4q_spellname",
            "current": "НАБЛЮДЕНИЕ",
            "max": "",
            "id": "-E7Pl70H0H8FxN8PNkIK"
        },
        {
            "name": "repeating_spell-5_-82622QUiy9O4t81vp4q_spellschool",
            "current": "divination",
            "max": "",
            "id": "-5Y5P5aia0iszjw70Ts0"
        },
        {
            "name": "repeating_spell-5_-82622QUiy9O4t81vp4q_spellcastingtime",
            "current": "10 минут",
            "max": "",
            "id": "-Pdrund9xBoBhk4zYmrw"
        },
        {
            "name": "repeating_spell-5_-82622QUiy9O4t81vp4q_spellrange",
            "current": "Вы",
            "max": "",
            "id": "-me614k9YfDGBMftRYPA"
        },
        {
            "name": "repeating_spell-5_-82622QUiy9O4t81vp4q_spelltarget",
            "current": "",
            "max": "",
            "id": "-QLcM0RBZOcjYZM6KIlX"
        },
        {
            "name": "repeating_spell-5_-82622QUiy9O4t81vp4q_spellcomp_materials",
            "current": "фокус стоимостью не менее 1000 зм, например хрустальный шар, серебряное зеркало или купель, наполненная святой водой",
            "max": "",
            "id": "-cSRA6RvjTNlRPQFKwqT"
        },
        {
            "name": "repeating_spell-5_-82622QUiy9O4t81vp4q_spelldescription",
            "current": "Вы можете видеть и слышать определенное существо на ваш выбор, которое находится на одном плане с вами. Выбранная вами цель должна сделать спасбросок по Мудрости. Если цель знает о том, что вы произносите заклинание, она может добровольно провалить спасбросок, если хочет, чтобы за ней наблюдали. При успешном спасброске, заклинание не срабатывает, и вы не можете использовать его на эту цель повторно в течение 24 часов. При провале, заклинание создает невидимый сенсор в пределах 10 футов от цели. Вы можете видеть и слышать через него, словно вы сами находитесь там. Сенсор двигается вместе с целью, оставаясь в пределах 10 футов от нее. Существо, которое может видеть невидимые объекты, видит сенсор, который выглядит как светящийся шар размером с кулак. Вместо наблюдения за существом, вы можете выбрать место, которое видели прежде, в качестве цели заклинания.",
            "max": "",
            "id": "-bswOPrNPqQZNa5stkBS"
        },
        {
            "name": "repeating_spell-5_-82622QUiy9O4t81vp4q_spellduration",
            "current": "конц-я, до 10 мин",
            "max": "",
            "id": "-ZIRJACjeyjWrQCwYfG6"
        },
        {
            "name": "repeating_spell-5_-82622QUiy9O4t81vp4q_spellcomp_v",
            "current": "{{v=1}}",
            "max": "",
            "id": "-vhvtRoILwyMn5F2LmZe"
        },
        {
            "name": "repeating_spell-5_-82622QUiy9O4t81vp4q_spellcomp_s",
            "current": "{{s=1}}",
            "max": "",
            "id": "-r3u690oAbzVL2nh8QbZ"
        },
        {
            "name": "repeating_spell-5_-82622QUiy9O4t81vp4q_spellcomp_m",
            "current": "{{m=1}}",
            "max": "",
            "id": "-IgC4Zu8a3ltFGUuihTT"
        },
        {
            "name": "repeating_spell-5_-82622QUiy9O4t81vp4q_spellsource",
            "current": "PHB",
            "max": "",
            "id": "-zCSMy9e9ibOfaU0GUUy"
        },
        {
            "name": "repeating_spell-5_-82622QUiy9O4t81vp4q_details-flag",
            "current": "0",
            "max": "",
            "id": "-0aE4EJTyiIpc8hbrBDI"
        },
        {
            "name": "repeating_spell-5_-82622QUiy9O4t81vp4q_options-flag",
            "current": "0",
            "max": "",
            "id": "-TbLY839ydIdknEX6l2G"
        },
        {
            "name": "repeating_spell-2_-peKSb6gZoAD7ZwfD32f_spellname",
            "current": "ВНУШЕНИЕ",
            "max": "",
            "id": "-i9bgvPojjXpSn7TuJgv"
        },
        {
            "name": "repeating_spell-2_-peKSb6gZoAD7ZwfD32f_spellschool",
            "current": "enchantment",
            "max": "",
            "id": "-GYe9bPEoE8t6ZqdlMVy"
        },
        {
            "name": "repeating_spell-2_-peKSb6gZoAD7ZwfD32f_spellcastingtime",
            "current": "1 действие",
            "max": "",
            "id": "-Uu4MKVeAwoem4GJi8oV"
        },
        {
            "name": "repeating_spell-2_-peKSb6gZoAD7ZwfD32f_spellrange",
            "current": "30 футов",
            "max": "",
            "id": "-V0iURTM8kUXMeZGc28p"
        },
        {
            "name": "repeating_spell-2_-peKSb6gZoAD7ZwfD32f_spelltarget",
            "current": "",
            "max": "",
            "id": "-8qUtkVy4sGQhwpC6v3i"
        },
        {
            "name": "repeating_spell-2_-peKSb6gZoAD7ZwfD32f_spellcomp_materials",
            "current": "язык змеи и кусочек медовых сот или капелька сладкого масла",
            "max": "",
            "id": "-xgaIs1bf1ed5cJPrKjH"
        },
        {
            "name": "repeating_spell-2_-peKSb6gZoAD7ZwfD32f_spelldescription",
            "current": "Вы внушаете образ действий (ограниченный одним-двумя предложениями) и магически влияете на существо, которое вы можете видеть в пределах дальности заклинания. Существо должно слышать и понимать вас. Существа, которых нельзя очаровать, имунны к воздействию этого заклинания. Внушение должно казаться существу рациональным.  Существо должно сделать спасбросок по Мудрости. При неудаче оно следует указанному вами образу действий по мере своих возможностей. Этот образ действий может длиться на всем протяжении заклинания. Если его можно закончить раньше, то заклинание заканчивается, когда существо выполняет то, о чем вы его попросили. Вы можете указывать конкретные условия, в которых существо будет действовать определенным образом. Если вы или любой из ваших компаньонов наносит урон цели, то заклинание заканчивается.",
            "max": "",
            "id": "-1RiwhpgEHFJSfw7Bqbu"
        },
        {
            "name": "repeating_spell-2_-peKSb6gZoAD7ZwfD32f_spellduration",
            "current": "конц-я, до 8 часов",
            "max": "",
            "id": "-Y33txaecKsCtIN0FenJ"
        },
        {
            "name": "repeating_spell-2_-peKSb6gZoAD7ZwfD32f_spellcomp_v",
            "current": "{{v=1}}",
            "max": "",
            "id": "-IbdxjqiTaqHyBtMoJIr"
        },
        {
            "name": "repeating_spell-2_-peKSb6gZoAD7ZwfD32f_spellcomp_s",
            "current": "0",
            "max": "",
            "id": "-y3PL8KsEswVbdB15ylZ"
        },
        {
            "name": "repeating_spell-2_-peKSb6gZoAD7ZwfD32f_spellcomp_m",
            "current": "0",
            "max": "",
            "id": "-6miOeVbkUvCWGlf5ViM"
        },
        {
            "name": "repeating_spell-2_-peKSb6gZoAD7ZwfD32f_spellsource",
            "current": "PHB",
            "max": "",
            "id": "-FmRU8Hqxs28CVRvfq9m"
        },
        {
            "name": "repeating_spell-2_-peKSb6gZoAD7ZwfD32f_details-flag",
            "current": "0",
            "max": "",
            "id": "-DXuNy09QB5xPDVdoiog"
        },
        {
            "name": "repeating_spell-2_-peKSb6gZoAD7ZwfD32f_options-flag",
            "current": "0",
            "max": "",
            "id": "-s7J7eoNavzNNNYxpUwC"
        },
        {
            "name": "repeating_spell-5_-FXNUKSZah7GQn9A00BQ_spellname",
            "current": "МИССИЯ",
            "max": "",
            "id": "-ToVB1TLEBfXhHS9zgGs"
        },
        {
            "name": "repeating_spell-5_-FXNUKSZah7GQn9A00BQ_spellschool",
            "current": "enchantment",
            "max": "",
            "id": "-DmrGkeIjXXhSar5jwuh"
        },
        {
            "name": "repeating_spell-5_-FXNUKSZah7GQn9A00BQ_spellcastingtime",
            "current": "1 минута",
            "max": "",
            "id": "-6jtX9pukoofdEIptqcW"
        },
        {
            "name": "repeating_spell-5_-FXNUKSZah7GQn9A00BQ_spellrange",
            "current": "60 футов",
            "max": "",
            "id": "-1OzEFOTqVkGCVcZ8yFc"
        },
        {
            "name": "repeating_spell-5_-FXNUKSZah7GQn9A00BQ_spelltarget",
            "current": "",
            "max": "",
            "id": "-PqMdaOon83J15Ek0ets"
        },
        {
            "name": "repeating_spell-5_-FXNUKSZah7GQn9A00BQ_spellcomp_materials",
            "current": "",
            "max": "",
            "id": "-nU9f4HI4r9ayxjIpBOD"
        },
        {
            "name": "repeating_spell-5_-FXNUKSZah7GQn9A00BQ_spelldescription",
            "current": "Вы отдаете магический приказ существу, которое вы можете видеть в пределах дальности заклинания, заставляя выполнять какое-то действие или воздержаться от определенного образа действий. Существо должно сделать успешный спасбросок по Мудрости. Находясь в этом состоянии, оно получает 5d10 психического урона всякий раз, когда оно действует вразрез с вашими указаниями, но не более одного раза в день. Вы можете отдать любую команду на ваш выбор, кроме той, которая повлечет за собой чью-либо смерть. Приказ сделать самоубийство завершает заклинание. Вы можете досрочно завершить заклинание в качестве действия. Заклинания снятие проклятия, улучшенное восстановление или исполнение желаний также развеивают его.  <br>На более высоких кругах. Если вы произносите заклинание, используя ячейку 7 или 8 круга, то длительность увеличивается до 1 года. Если вы используете ячейку 9 круга, то заклинание действует до тех пор, пока не будет снято одним из вышеупомянутых заклинаний.",
            "max": "",
            "id": "-o40goaVhaPOssZpkSqS"
        },
        {
            "name": "repeating_spell-5_-FXNUKSZah7GQn9A00BQ_spellduration",
            "current": "30 дней",
            "max": "",
            "id": "-SHfOlKG5I1l4adF13h4"
        },
        {
            "name": "repeating_spell-5_-FXNUKSZah7GQn9A00BQ_spellcomp_v",
            "current": "{{v=1}}",
            "max": "",
            "id": "-ym6O8DqL0n4IigAnFnA"
        },
        {
            "name": "repeating_spell-5_-FXNUKSZah7GQn9A00BQ_spellcomp_s",
            "current": "0",
            "max": "",
            "id": "-crDw4C59ik4TVkofzA9"
        },
        {
            "name": "repeating_spell-5_-FXNUKSZah7GQn9A00BQ_spellcomp_m",
            "current": "0",
            "max": "",
            "id": "-BFsl75N3goms2eGe6Je"
        },
        {
            "name": "repeating_spell-5_-FXNUKSZah7GQn9A00BQ_spellsource",
            "current": "PHB",
            "max": "",
            "id": "-5GcvaxZSNFp0l1M4sqF"
        },
        {
            "name": "repeating_spell-5_-FXNUKSZah7GQn9A00BQ_details-flag",
            "current": "0",
            "max": "",
            "id": "-rChpaXKjsdll4l2mUD6"
        },
        {
            "name": "repeating_spell-5_-FXNUKSZah7GQn9A00BQ_options-flag",
            "current": "0",
            "max": "",
            "id": "-obgrQo5LNBaVtWhyHR3"
        },
        {
            "name": "repeating_npctrait_-VGQG2ZFSmY1tMFjNI7R_description",
            "current": "Врожденная характеристика для заклнинаний - Харизма (сложность спасброска 13). Она может врожденно колдовать следующие заклинания, без использования материальных компонентов.\n\nПо желанию:\n > маскировка [disguise self] (в любого гуманоида),\n > образ [major image] 3 раза в день каждое:\n > очаровать персону [charm person],\n > зеркальное отражение [mirror image],\n > наблюдение [scrying],\n > внушение [suggestion] 1 раз в день:\n > миссия [geas]",
            "max": "",
            "id": "-0LEsU1oKPpt8qmmTiS3"
        },
        {
            "name": "npcspellcastingflag",
            "current": "1",
            "max": "",
            "id": "-G9em9c6g1Upigp5u8UJ"
        }
    ],
    "abilities": []
}