{
    "schema_version": 2,
    "oldId": "-3s3J0kxowKK84U8VT7q",
    "name": "Летающий меч (Flying Sword)",
    "avatar": "https://tentaculus.ru/monsters/img/cute_monsters/FLYING_SWORD.jpg",
    "bio": "",
    "gmnotes": "",
    "defaulttoken": "",
    "tags": "[]",
    "controlledby": "",
    "inplayerjournals": "",
    "attribs": [
        {
            "name": "hitdieroll",
            "current": "4",
            "max": "",
            "id": "-cqKzeyYBV6hGzayXT2a"
        },
        {
            "name": "showleveler",
            "current": 0,
            "max": "",
            "id": "-iaophiEXK7JKT4UORuV"
        },
        {
            "name": "invalidXP",
            "current": 0,
            "max": "",
            "id": "-A1DqWzPWCZlezX4kM5l"
        },
        {
            "name": "version",
            "current": 4.21,
            "max": "",
            "id": "-Lk82FNCR5Yo22qI890p"
        },
        {
            "name": "mancer_confirm_flag",
            "current": "",
            "max": "",
            "id": "-T63vsBb2AneLFmlG9Aj"
        },
        {
            "name": "mancer_npc",
            "current": "on",
            "max": "",
            "id": "-bqDxJlZAnHkAedP6Tuc"
        },
        {
            "name": "l1mancer_status",
            "current": "completed",
            "max": "",
            "id": "-SB6P4aaPRqSrb2MDsXC"
        },
        {
            "name": "rtype",
            "current": "@{advantagetoggle}",
            "max": "",
            "id": "-gwNGRWxWTE9fRmFC9rG"
        },
        {
            "name": "dtype",
            "current": "full",
            "max": "",
            "id": "-chCgnxLAbzbQpXHlBuj"
        },
        {
            "name": "appliedUpdates",
            "current": "upgrade_to_4_2_1",
            "max": "",
            "id": "-7OlbzwgZ60otbNNPNmb"
        },
        {
            "name": "npc",
            "current": "1",
            "max": "",
            "id": "-C9jNtZhIyD3r6MCFjmQ"
        },
        {
            "name": "npc_options-flag",
            "current": "0",
            "max": "",
            "id": "-DO7AoEbjZKbXrpuF62K"
        },
        {
            "name": "ui_flags",
            "current": "",
            "max": "",
            "id": "-ouEslXIgMgIWQKodumo"
        },
        {
            "name": "npc_name",
            "current": "Летающий меч (Flying Sword)",
            "max": "",
            "id": "-xo2c5GnbdnVX80AtMKw"
        },
        {
            "name": "npc_type",
            "current": "конструкт без мировоззрения",
            "max": "",
            "id": "-L8kMrGZXKDG9hu3t4gC"
        },
        {
            "name": "npc_speed",
            "current": "0 клеток, полет 50 клеток",
            "max": "",
            "id": "-0jrShauE9VQKb1OO00m"
        },
        {
            "name": "hp",
            "current": "",
            "max": "17",
            "id": "-VizLoSJLDG2Mq8ohZM2"
        },
        {
            "name": "npc_ac",
            "current": "17 (естественная броня)",
            "max": "",
            "id": "-euQOhoegoNqhMN6qXHB"
        },
        {
            "name": "ac",
            "current": "17 (естественная броня)",
            "max": "",
            "id": "-TuFT6uiJMon00rx6NOU"
        },
        {
            "name": "npc_languages",
            "current": "",
            "max": "",
            "id": "-z9hbJfoK1KeCHWA0Tw7"
        },
        {
            "name": "npc_challenge",
            "current": "1/4",
            "max": "",
            "id": "-8QYyjMAInEv6A89zVdN"
        },
        {
            "name": "passive_wisdom",
            "current": "1/4",
            "max": "",
            "id": "-hz8UNiqwh7TAh7dHBYV"
        },
        {
            "name": "initiative_bonus",
            "current": 2,
            "max": "",
            "id": "-KZ11MBF5lV6DitL6a7u"
        },
        {
            "name": "npc_hpformula",
            "current": "5d6",
            "max": "",
            "id": "-W14MKxqIChSrg2WzAkq"
        },
        {
            "name": "strength_base",
            "current": "12",
            "max": "",
            "id": "-MxdlQdHwUIQ69bJUp6t"
        },
        {
            "name": "strength_flag",
            "current": "0",
            "max": "",
            "id": "-M3Giuv8WZmH77ScP0tL"
        },
        {
            "name": "strength",
            "current": 12,
            "max": "",
            "id": "-xrOLOQEGHbAIR83FXAe"
        },
        {
            "name": "strength_mod",
            "current": 1,
            "max": "",
            "id": "-mb5wxW3DB493yf1CXsB"
        },
        {
            "name": "npc_str_negative",
            "current": 0,
            "max": "",
            "id": "-BPGSoj9qTKIAFBXMbvX"
        },
        {
            "name": "dexterity_base",
            "current": "15",
            "max": "",
            "id": "-ptgW8DvlPdVVhEwm319"
        },
        {
            "name": "dexterity_flag",
            "current": "0",
            "max": "",
            "id": "-YHWGxxbBN44o7hv5cJf"
        },
        {
            "name": "dexterity",
            "current": 15,
            "max": "",
            "id": "-V1tYz6vZPGsPewSE1IQ"
        },
        {
            "name": "dexterity_mod",
            "current": 2,
            "max": "",
            "id": "-mjbQxg9zXu0FYafcqlY"
        },
        {
            "name": "npc_dex_negative",
            "current": 0,
            "max": "",
            "id": "-QWGaoc51WHubj5MwK6j"
        },
        {
            "name": "constitution_base",
            "current": "11",
            "max": "",
            "id": "-e9MsevW6TcI1U4U5zJK"
        },
        {
            "name": "constitution_flag",
            "current": "0",
            "max": "",
            "id": "-JZUX02Xm8NLj6jhB8wW"
        },
        {
            "name": "constitution",
            "current": 11,
            "max": "",
            "id": "-wHLSBOcGD39xIJ3FeUr"
        },
        {
            "name": "constitution_mod",
            "current": 0,
            "max": "",
            "id": "-Wz1WxoN2JKRfm8ZzQwP"
        },
        {
            "name": "npc_con_negative",
            "current": 0,
            "max": "",
            "id": "-2GYHH1chIJcqZQfF3Us"
        },
        {
            "name": "intelligence_base",
            "current": "1",
            "max": "",
            "id": "-zyKCJRYw5p8CVCuxrx5"
        },
        {
            "name": "intelligence_flag",
            "current": "0",
            "max": "",
            "id": "-xOz4pEVz0wkiwWIzuJG"
        },
        {
            "name": "intelligence",
            "current": 1,
            "max": "",
            "id": "-TFWEYCcZbnJ7lPcXYvI"
        },
        {
            "name": "intelligence_mod",
            "current": -5,
            "max": "",
            "id": "-p9oLKyAEuBDh7hBGys3"
        },
        {
            "name": "npc_int_negative",
            "current": 1,
            "max": "",
            "id": "-zdcJbg4ygDiBgNxR3ox"
        },
        {
            "name": "wisdom_base",
            "current": "5",
            "max": "",
            "id": "-qxzPyOdshmjBSgFrne6"
        },
        {
            "name": "wisdom_flag",
            "current": "0",
            "max": "",
            "id": "-vkLxwEIyTNh7DbKz2t6"
        },
        {
            "name": "wisdom",
            "current": 5,
            "max": "",
            "id": "-SMO7OEhqIsAco9GFzzD"
        },
        {
            "name": "wisdom_mod",
            "current": -3,
            "max": "",
            "id": "-P2BEut2bB010SYJoZ7w"
        },
        {
            "name": "npc_wis_negative",
            "current": 1,
            "max": "",
            "id": "-DuJO4CPDBpdtHGyijTY"
        },
        {
            "name": "charisma_base",
            "current": "1",
            "max": "",
            "id": "-36iYioq4retsXzXG3PH"
        },
        {
            "name": "charisma_flag",
            "current": "0",
            "max": "",
            "id": "-PhBHyhsGCcHGh6qaIP9"
        },
        {
            "name": "charisma",
            "current": 1,
            "max": "",
            "id": "-tn3tbPEgtr4t8gv8R7y"
        },
        {
            "name": "charisma_mod",
            "current": -5,
            "max": "",
            "id": "-jPrEWbalCIjXE4fBPcx"
        },
        {
            "name": "npc_cha_negative",
            "current": 1,
            "max": "",
            "id": "-nOx4MKgc5ORhOkiHdLY"
        },
        {
            "name": "npc_saving_flag",
            "current": 7,
            "max": "",
            "id": "-cvbP30s1af2SOPgWFGY"
        },
        {
            "name": "npc_dex_save_base",
            "current": "4",
            "max": "",
            "id": "-wsoLyOC9w8zdFNGWroo"
        },
        {
            "name": "npc_dex_save_flag",
            "current": 1,
            "max": "",
            "id": "-DeFB8Pk74WhtlDQFUQX"
        },
        {
            "name": "npc_dex_save",
            "current": 4,
            "max": "",
            "id": "-Ri2O4uq529GYDiWevIx"
        },
        {
            "name": "npc_immunities",
            "current": "яд, психика",
            "max": "",
            "id": "-CgEbo5le4XpO9Up1Lh9"
        },
        {
            "name": "npc_condition_immunities",
            "current": "ослепление, очарование, оглушение, испуг, паралич, окаменение, отравление",
            "max": "",
            "id": "-SFhIImdpZYUUHiPS1W4"
        },
        {
            "name": "npc_senses",
            "current": "слепозрение 12 клеток (вне этого радиуса полностью слепой)",
            "max": "",
            "id": "-8yDdoQa4g4PSKewv0NT"
        },
        {
            "name": "repeating_npcaction_-sWaDM5G9fhSuGqu8LiY_name",
            "current": "Длинный меч",
            "max": "",
            "id": "-LYF4Lu51smNYXoaI9Bp"
        },
        {
            "name": "repeating_npcaction_-sWaDM5G9fhSuGqu8LiY_description",
            "current": "Рукопашное Оружие: +3 к атаке, досягаемость: 1 клетка, одна цель. Попадание: 5 (1d8 + 1) рубящего урона.",
            "max": "",
            "id": "-gv9nsn6GGbduKipEDqS"
        },
        {
            "name": "repeating_npcaction_-sWaDM5G9fhSuGqu8LiY_attack_flag",
            "current": "on",
            "max": "",
            "id": "-ereRxmpbhE8o9TZaqQR"
        },
        {
            "name": "repeating_npcaction_-sWaDM5G9fhSuGqu8LiY_attack_tohitrange",
            "current": "+3",
            "max": "",
            "id": "-RdBGDeWKLmJR1sPaObL"
        },
        {
            "name": "repeating_npcaction_-sWaDM5G9fhSuGqu8LiY_attack_onhit",
            "current": "",
            "max": "",
            "id": "-MxXVmPpVQezfCGrvx46"
        },
        {
            "name": "repeating_npcaction_-sWaDM5G9fhSuGqu8LiY_attack_tohit",
            "current": "3",
            "max": "",
            "id": "-lObptiqeHDJzqM4axgG"
        },
        {
            "name": "repeating_npcaction_-sWaDM5G9fhSuGqu8LiY_attack_damage",
            "current": "1d8+1",
            "max": "",
            "id": "-Dc7dSdZc7vMJwPX5l43"
        },
        {
            "name": "repeating_npcaction_-sWaDM5G9fhSuGqu8LiY_damage_flag",
            "current": "{{damage=1}} {{dmg1flag=1}}",
            "max": "",
            "id": "-WkapBX6Xv0JgjD9ado8"
        },
        {
            "name": "repeating_npcaction_-sWaDM5G9fhSuGqu8LiY_rollbase",
            "current": "@{wtype}&{template:npcaction} {{attack=1}} @{damage_flag} @{npc_name_flag} {{rname=@{name}}} {{r1=[[@{d20}+(@{attack_tohit})]]}} @{rtype}+(@{attack_tohit})]]}} {{dmg1=[[@{attack_damage}]]}} {{dmg1type=@{attack_damagetype}}} {{dmg2=[[@{attack_damage2}+0]]}} {{dmg2type=@{attack_damagetype2}}} {{crit1=[[@{attack_crit}+0]]}} {{crit2=[[@{attack_crit2}+0]]}} {{description=@{show_desc}}} @{charname_output}",
            "max": "",
            "id": "-xBnhFXryktIoznqQgJh"
        },
        {
            "name": "repeating_npcaction_-sWaDM5G9fhSuGqu8LiY_attack_crit",
            "current": "1d8+1",
            "max": "",
            "id": "-zM9MD51SkF4G5upz0PE"
        },
        {
            "name": "repeating_npcaction_-sWaDM5G9fhSuGqu8LiY_attack_crit2",
            "current": "",
            "max": "",
            "id": "-if27SxwUXAfKufXbcPO"
        },
        {
            "name": "repeating_npctrait_-lfGXXhGLXWXQycNpW7E_name",
            "current": "Восприимчивость к антимагии",
            "max": "",
            "id": "-7WaOM4LhxG6rI616Ndf"
        },
        {
            "name": "repeating_npctrait_-lfGXXhGLXWXQycNpW7E_description",
            "current": "Меч небоеспособен в поле антимагии. Если к мечу применяют заклинание развеять магию, он должен сделать спасбросок по Телосложению против сложности спасброска колдующего или теряет сознание на 1 минуту.",
            "max": "",
            "id": "-HLAes42ZDBHnI98o1rW"
        },
        {
            "name": "repeating_npctrait_-oUJACppg1mr9yjm2tkb_name",
            "current": "Ложная Внешность",
            "max": "",
            "id": "-9G2RbUeQIC22P4r4Sqa"
        },
        {
            "name": "repeating_npctrait_-oUJACppg1mr9yjm2tkb_description",
            "current": "Пока меч остается неподвижным и не летает, он неотличим от обычного меча.",
            "max": "",
            "id": "-Awg7Y9AF2wTUl0TN0un"
        },
        {
            "name": "npcspellcastingflag",
            "current": "0",
            "max": "",
            "id": "-lMsZuAfiQUQHTLQdtgw"
        }
    ],
    "abilities": []
}