{
    "schema_version": 2,
    "oldId": "-jVqsSdhE6Wmli3gzLmz",
    "name": "Лемур (Lemure)",
    "avatar": "https://tentaculus.ru/monsters/img/cute_monsters/LEMURE.jpg",
    "bio": "",
    "gmnotes": "",
    "defaulttoken": "",
    "tags": "[]",
    "controlledby": "",
    "inplayerjournals": "",
    "attribs": [
        {
            "name": "hitdieroll",
            "current": "4",
            "max": "",
            "id": "-8HIUJs6qbsZvQgibZMr"
        },
        {
            "name": "showleveler",
            "current": 0,
            "max": "",
            "id": "-qFvWHhhkWQALxGjr5cY"
        },
        {
            "name": "invalidXP",
            "current": 0,
            "max": "",
            "id": "-NMhTcGYtHPKW5Vyu7N6"
        },
        {
            "name": "version",
            "current": 4.21,
            "max": "",
            "id": "-8m1Qi71t89wtuEOZE4Y"
        },
        {
            "name": "mancer_confirm_flag",
            "current": "",
            "max": "",
            "id": "-gnAHDbxtOyQEAkb1jef"
        },
        {
            "name": "mancer_npc",
            "current": "on",
            "max": "",
            "id": "-ldRvAad0xobvVguEjaV"
        },
        {
            "name": "l1mancer_status",
            "current": "completed",
            "max": "",
            "id": "-fLdAL7pFmzMEErBz0Ht"
        },
        {
            "name": "rtype",
            "current": "@{advantagetoggle}",
            "max": "",
            "id": "-VrYM8xwj1iqXWh83dba"
        },
        {
            "name": "dtype",
            "current": "full",
            "max": "",
            "id": "-82LKinnT9wAauj48tGA"
        },
        {
            "name": "appliedUpdates",
            "current": "upgrade_to_4_2_1",
            "max": "",
            "id": "-fH4dphJEPAZdvAfPkqM"
        },
        {
            "name": "npc",
            "current": "1",
            "max": "",
            "id": "-KeETWfp7Mq4y5eYz03K"
        },
        {
            "name": "npc_options-flag",
            "current": "0",
            "max": "",
            "id": "-SuryOhfseuOjh8v6hNw"
        },
        {
            "name": "ui_flags",
            "current": "",
            "max": "",
            "id": "-IwIRBYy4BQhJIORwaKF"
        },
        {
            "name": "npc_name",
            "current": "Лемур (Lemure)",
            "max": "",
            "id": "-I8A4Fj14EwMKxae2cty"
        },
        {
            "name": "npc_type",
            "current": "исчадие (дьявол) законно-злое",
            "max": "",
            "id": "-B1N2Mv7hbVGVb1iuJVb"
        },
        {
            "name": "npc_speed",
            "current": "3 клетки",
            "max": "",
            "id": "-ytqxIIlaQQEWpJ5iFzQ"
        },
        {
            "name": "hp",
            "current": "",
            "max": "13",
            "id": "-5kdLlZjYH5x4vZIVN1y"
        },
        {
            "name": "npc_ac",
            "current": "7",
            "max": "",
            "id": "-2kCzPxXYWZBVkB6yKZO"
        },
        {
            "name": "ac",
            "current": "7",
            "max": "",
            "id": "-VcMl1L18VWycpDM7ZdL"
        },
        {
            "name": "npc_languages",
            "current": "понимает адский но не может разговаривать",
            "max": "",
            "id": "-K2ds0KStfcZI3fTP4oB"
        },
        {
            "name": "npc_challenge",
            "current": "0",
            "max": "",
            "id": "-nperSt0ECckCDKNbTX6"
        },
        {
            "name": "passive_wisdom",
            "current": "0",
            "max": "",
            "id": "-samlbLizKjPRBitn4M6"
        },
        {
            "name": "initiative_bonus",
            "current": -3,
            "max": "",
            "id": "-RsPX5kwyR85xWCeLXyN"
        },
        {
            "name": "npc_hpformula",
            "current": "3d8",
            "max": "",
            "id": "-VN0STjsopafUds0FWoR"
        },
        {
            "name": "strength_base",
            "current": "10",
            "max": "",
            "id": "-2Ll17q4hbHIhPIFMzXu"
        },
        {
            "name": "strength_flag",
            "current": "0",
            "max": "",
            "id": "-e60SzXkKl5XTrgeRJL8"
        },
        {
            "name": "strength",
            "current": 10,
            "max": "",
            "id": "-CxAHRMaDexVhY2YtWcr"
        },
        {
            "name": "strength_mod",
            "current": 0,
            "max": "",
            "id": "-zPF8AC60b9zxhKur3P6"
        },
        {
            "name": "npc_str_negative",
            "current": 0,
            "max": "",
            "id": "-LEkItSmdC4B3rfZEt06"
        },
        {
            "name": "dexterity_base",
            "current": "5",
            "max": "",
            "id": "-DaUpUrpiFjQ9YBvadvJ"
        },
        {
            "name": "dexterity_flag",
            "current": "0",
            "max": "",
            "id": "-RKR9aetC8wCVQETjcpO"
        },
        {
            "name": "dexterity",
            "current": 5,
            "max": "",
            "id": "-kvIjjvNYAyD20ernHqy"
        },
        {
            "name": "dexterity_mod",
            "current": -3,
            "max": "",
            "id": "-e3k9GrNXVRtoc7Mb3x3"
        },
        {
            "name": "npc_dex_negative",
            "current": 1,
            "max": "",
            "id": "-ZieW0BzCUXBrs4Nwe9w"
        },
        {
            "name": "constitution_base",
            "current": "11",
            "max": "",
            "id": "-ZzikcMpx38j6cTOSeJg"
        },
        {
            "name": "constitution_flag",
            "current": "0",
            "max": "",
            "id": "-Dn255ixYuUmkDoCP6xU"
        },
        {
            "name": "constitution",
            "current": 11,
            "max": "",
            "id": "-Od9KzSdTdZIulteotxf"
        },
        {
            "name": "constitution_mod",
            "current": 0,
            "max": "",
            "id": "-OuxZtzIDMWnBToI0kFt"
        },
        {
            "name": "npc_con_negative",
            "current": 0,
            "max": "",
            "id": "-Zxmt2xw9F4FDSyd8a2D"
        },
        {
            "name": "intelligence_base",
            "current": "1",
            "max": "",
            "id": "-GDPmVCI4Qn4p229vEY2"
        },
        {
            "name": "intelligence_flag",
            "current": "0",
            "max": "",
            "id": "-wjA7QkJFSun2s7uKCJA"
        },
        {
            "name": "intelligence",
            "current": 1,
            "max": "",
            "id": "-0LvVaXpODhDZswWEwU1"
        },
        {
            "name": "intelligence_mod",
            "current": -5,
            "max": "",
            "id": "-pMI7GgWthKxIbrcqrIE"
        },
        {
            "name": "npc_int_negative",
            "current": 1,
            "max": "",
            "id": "-12PW5eGZFCsaBNJDoDW"
        },
        {
            "name": "wisdom_base",
            "current": "11",
            "max": "",
            "id": "-iZB6umSaCy5bxgbTSbB"
        },
        {
            "name": "wisdom_flag",
            "current": "0",
            "max": "",
            "id": "-UEkL80rTJ4jXKPEz8Is"
        },
        {
            "name": "wisdom",
            "current": 11,
            "max": "",
            "id": "-LvzGWGZWr2VtPNVhfXJ"
        },
        {
            "name": "wisdom_mod",
            "current": 0,
            "max": "",
            "id": "-RX60w7zsWeGuOdEeA4S"
        },
        {
            "name": "npc_wis_negative",
            "current": 0,
            "max": "",
            "id": "-Csdfdm1BaIMNmCgUXTC"
        },
        {
            "name": "charisma_base",
            "current": "3",
            "max": "",
            "id": "-4OP88DTPfEd2dvDumOJ"
        },
        {
            "name": "charisma_flag",
            "current": "0",
            "max": "",
            "id": "-g6yMieYYLBzRwL71ek3"
        },
        {
            "name": "charisma",
            "current": 3,
            "max": "",
            "id": "-K5tKJ85aA3sSSUw5VGc"
        },
        {
            "name": "charisma_mod",
            "current": -4,
            "max": "",
            "id": "-jqVQQ8bXDr4dFBXkYpe"
        },
        {
            "name": "npc_cha_negative",
            "current": 1,
            "max": "",
            "id": "-To9f2DoE84EmavS2lV5"
        },
        {
            "name": "npc_resistances",
            "current": "холод",
            "max": "",
            "id": "-UPMjszQE4fnxVbbReDN"
        },
        {
            "name": "npc_immunities",
            "current": "огонь, яд",
            "max": "",
            "id": "-YA8H30S6R62HRDzn3dK"
        },
        {
            "name": "npc_condition_immunities",
            "current": "очарование, испуг, отравление",
            "max": "",
            "id": "-3x8SV2JauGQBb7Xa69Y"
        },
        {
            "name": "npc_senses",
            "current": "темнозрение 24 клетки",
            "max": "",
            "id": "-g7wurhyNKCsYv579eZS"
        },
        {
            "name": "repeating_npctrait_-xVDQhBlVJTCa9JrCa4V_name",
            "current": "Дьявольское зрение",
            "max": "",
            "id": "-HtqrvLuVmzAwHMFj65G"
        },
        {
            "name": "repeating_npctrait_-xVDQhBlVJTCa9JrCa4V_description",
            "current": "Магическая темнота не мешает темнозрению лемура.",
            "max": "",
            "id": "-vlSvVwaHblev2uLjZAk"
        },
        {
            "name": "repeating_npctrait_-EZCVNSXyVa3QgmrCMl4_name",
            "current": "Адское Восстановление",
            "max": "",
            "id": "-id9WLbJbAkIcJaaNNHM"
        },
        {
            "name": "repeating_npctrait_-EZCVNSXyVa3QgmrCMl4_description",
            "current": "Лемур, убитый в 9 кругах ада восстанавливает все свои очки здоровья за 1d10 дней, если только он не был убит добрым существом с наложенным заклятием благословение или его останки не сбрызнуты святой водой.",
            "max": "",
            "id": "-aeWzzHzDjnBjRHBx20J"
        },
        {
            "name": "npcspellcastingflag",
            "current": "0",
            "max": "",
            "id": "-yl7lc2YOo60H7lRi2fL"
        }
    ],
    "abilities": []
}