{
    "schema_version": 2,
    "oldId": "-QLBcRQGaHozZLHqXgmt",
    "name": "Летучая мышь (Bat)",
    "avatar": "https://tentaculus.ru/monsters/img/cute_monsters/BAT.jpg",
    "bio": "",
    "gmnotes": "",
    "defaulttoken": "",
    "tags": "[]",
    "controlledby": "",
    "inplayerjournals": "",
    "attribs": [
        {
            "name": "hitdieroll",
            "current": "4",
            "max": "",
            "id": "-t7VjysdwkI0VocbuWa7"
        },
        {
            "name": "showleveler",
            "current": 0,
            "max": "",
            "id": "-IW7NBsu5lJPcfhoIDid"
        },
        {
            "name": "invalidXP",
            "current": 0,
            "max": "",
            "id": "-u97BluYo8QEXKdo2ZMs"
        },
        {
            "name": "version",
            "current": 4.21,
            "max": "",
            "id": "-YCiEvM4pz9rX260vgiH"
        },
        {
            "name": "mancer_confirm_flag",
            "current": "",
            "max": "",
            "id": "-vRL2Kugzf0baOEITmW6"
        },
        {
            "name": "mancer_npc",
            "current": "on",
            "max": "",
            "id": "-ZcNcOpnrwrJbeQR2itS"
        },
        {
            "name": "l1mancer_status",
            "current": "completed",
            "max": "",
            "id": "-kX1PWEv1vqLWfBri0AT"
        },
        {
            "name": "rtype",
            "current": "@{advantagetoggle}",
            "max": "",
            "id": "-53a7bhHklIFYAC7pw2l"
        },
        {
            "name": "dtype",
            "current": "full",
            "max": "",
            "id": "-AQcWx4uZObm1wH6CqL8"
        },
        {
            "name": "appliedUpdates",
            "current": "upgrade_to_4_2_1",
            "max": "",
            "id": "-Tg0N1KiU3ohHIrRJJL3"
        },
        {
            "name": "npc",
            "current": "1",
            "max": "",
            "id": "-2po5n4oLUYsOTECBztX"
        },
        {
            "name": "npc_options-flag",
            "current": "0",
            "max": "",
            "id": "-jEe5kwiQj2QvcJRm9MU"
        },
        {
            "name": "ui_flags",
            "current": "",
            "max": "",
            "id": "-qak60hApZbN9aDxGMlM"
        },
        {
            "name": "npc_name",
            "current": "Летучая мышь (Bat)",
            "max": "",
            "id": "-e8BgnevYcWSexqEGZAx"
        },
        {
            "name": "npc_type",
            "current": "зверь без мировоззрения",
            "max": "",
            "id": "-C3eBCEQxkhfbiL4xKOt"
        },
        {
            "name": "npc_speed",
            "current": "1 клеток, полет 6 клеток",
            "max": "",
            "id": "-HdjiUviyV66ydwjrYCE"
        },
        {
            "name": "hp",
            "current": "",
            "max": "1",
            "id": "-nhTavCmVf8uPBDzkBYo"
        },
        {
            "name": "npc_ac",
            "current": "12",
            "max": "",
            "id": "-fFLYc0RcQdxf8v3dPBf"
        },
        {
            "name": "ac",
            "current": "12",
            "max": "",
            "id": "-Berq46o7EFxy3RovUqf"
        },
        {
            "name": "npc_languages",
            "current": "",
            "max": "",
            "id": "-gaYdOQfUXHQSggMK6TI"
        },
        {
            "name": "npc_challenge",
            "current": "0",
            "max": "",
            "id": "-9T9WRywEwa8276FbgE6"
        },
        {
            "name": "passive_wisdom",
            "current": "0",
            "max": "",
            "id": "-QXbo8A9Wtmol9auo6Zf"
        },
        {
            "name": "initiative_bonus",
            "current": 2,
            "max": "",
            "id": "-tZZrGwwk8H5abhIG4P3"
        },
        {
            "name": "npc_hpformula",
            "current": "1d4-1",
            "max": "",
            "id": "-S0SQ0pzp3LQCoA2GRXl"
        },
        {
            "name": "strength_base",
            "current": "2",
            "max": "",
            "id": "-NQAm3sJaUGTA7udGgap"
        },
        {
            "name": "strength_flag",
            "current": "0",
            "max": "",
            "id": "-Z58yfSD2DsYByXlbZdd"
        },
        {
            "name": "strength",
            "current": 2,
            "max": "",
            "id": "-uTqFD94kQJ6WJjizUpq"
        },
        {
            "name": "strength_mod",
            "current": -4,
            "max": "",
            "id": "-2Z28fko4bcH5x1nsRTf"
        },
        {
            "name": "npc_str_negative",
            "current": 1,
            "max": "",
            "id": "-IOR4kgZF8NzsGarVF7V"
        },
        {
            "name": "dexterity_base",
            "current": "15",
            "max": "",
            "id": "-FdjrjKtyYFUC8AtQMAG"
        },
        {
            "name": "dexterity_flag",
            "current": "0",
            "max": "",
            "id": "-NF1a0jbOYpHvG3pr2U4"
        },
        {
            "name": "dexterity",
            "current": 15,
            "max": "",
            "id": "-eay7XZb329PoiWwMTUt"
        },
        {
            "name": "dexterity_mod",
            "current": 2,
            "max": "",
            "id": "-P8Ivd0FJibvWp9yslUv"
        },
        {
            "name": "npc_dex_negative",
            "current": 0,
            "max": "",
            "id": "-RH6g9HNcx3Figu5mBSK"
        },
        {
            "name": "constitution_base",
            "current": "8",
            "max": "",
            "id": "-59f5wyT26EWg3VKbGSk"
        },
        {
            "name": "constitution_flag",
            "current": "0",
            "max": "",
            "id": "-LJE6v4E1lz4Et6cd5Pw"
        },
        {
            "name": "constitution",
            "current": 8,
            "max": "",
            "id": "-zWIRemJ22t0kVbnYDii"
        },
        {
            "name": "constitution_mod",
            "current": -1,
            "max": "",
            "id": "-uyV9jMZo1UoKatZGIuC"
        },
        {
            "name": "npc_con_negative",
            "current": 1,
            "max": "",
            "id": "-64EvbIClIyeixEIqMft"
        },
        {
            "name": "intelligence_base",
            "current": "2",
            "max": "",
            "id": "-CLvsVZPwb8ODKi6yJBr"
        },
        {
            "name": "intelligence_flag",
            "current": "0",
            "max": "",
            "id": "-LOuGJg4HtkBBUYZ2pMh"
        },
        {
            "name": "intelligence",
            "current": 2,
            "max": "",
            "id": "-pNNoIyN3Nx8H54nFvpw"
        },
        {
            "name": "intelligence_mod",
            "current": -4,
            "max": "",
            "id": "-4P3u9kGTqShRS75rysW"
        },
        {
            "name": "npc_int_negative",
            "current": 1,
            "max": "",
            "id": "-SDd6EKOkiCObJz4ZVaT"
        },
        {
            "name": "wisdom_base",
            "current": "12",
            "max": "",
            "id": "-Wwc79rGfOA9nf8II3gE"
        },
        {
            "name": "wisdom_flag",
            "current": "0",
            "max": "",
            "id": "-iyBtouk8GQkZZibFMRf"
        },
        {
            "name": "wisdom",
            "current": 12,
            "max": "",
            "id": "-xHi47WXzqQNSKtS3qgh"
        },
        {
            "name": "wisdom_mod",
            "current": 1,
            "max": "",
            "id": "-OSLH9VQWAWrPneKnH80"
        },
        {
            "name": "npc_wis_negative",
            "current": 0,
            "max": "",
            "id": "-2A3MQfSwDSo96HihHRi"
        },
        {
            "name": "charisma_base",
            "current": "4",
            "max": "",
            "id": "-Fgj3HZEvENVp4lRMzhY"
        },
        {
            "name": "charisma_flag",
            "current": "0",
            "max": "",
            "id": "-i4L9VaBPOqsS26TdQze"
        },
        {
            "name": "charisma",
            "current": 4,
            "max": "",
            "id": "-ajBW1t7cCRLWlv2mZmm"
        },
        {
            "name": "charisma_mod",
            "current": -3,
            "max": "",
            "id": "-JzpmKsBSbmdAuSJQbp9"
        },
        {
            "name": "npc_cha_negative",
            "current": 1,
            "max": "",
            "id": "-Vw9pZpC6RVrmn7Xy2uY"
        },
        {
            "name": "npc_senses",
            "current": "слепозрение 12 клеток",
            "max": "",
            "id": "-M3Dm49W6uAQAcd4qjVt"
        },
        {
            "name": "repeating_npcaction_-SZ8yxWR8rwFk99TQB6F_name",
            "current": "Укус",
            "max": "",
            "id": "-lZpVOqSLq0cCP0LgJ5V"
        },
        {
            "name": "repeating_npcaction_-SZ8yxWR8rwFk99TQB6F_description",
            "current": "Рукопашное Оружие: +0 к атаке, досягаемость: 1 клетка, одно существо. Попадание: 1 колющего урона.",
            "max": "",
            "id": "-z1ra1kwVYgNyZx8EVAw"
        },
        {
            "name": "repeating_npcaction_-SZ8yxWR8rwFk99TQB6F_attack_flag",
            "current": "on",
            "max": "",
            "id": "-YeL5QzcXSPaY4SfYWEN"
        },
        {
            "name": "repeating_npcaction_-SZ8yxWR8rwFk99TQB6F_attack_tohitrange",
            "current": "+",
            "max": "",
            "id": "-83jXGJv8KML8QCZqLdg"
        },
        {
            "name": "repeating_npcaction_-SZ8yxWR8rwFk99TQB6F_attack_onhit",
            "current": "",
            "max": "",
            "id": "-2lTXMxbDg8vDChn8pj5"
        },
        {
            "name": "repeating_npcaction_-SZ8yxWR8rwFk99TQB6F_attack_tohit",
            "current": "",
            "max": "",
            "id": "-u8j6Ug8PdS25GOCYhLf"
        },
        {
            "name": "repeating_npcaction_-SZ8yxWR8rwFk99TQB6F_attack_damage",
            "current": "1",
            "max": "",
            "id": "-ooSQbc88Vzsoj6tWOTW"
        },
        {
            "name": "repeating_npcaction_-SZ8yxWR8rwFk99TQB6F_damage_flag",
            "current": "{{damage=1}} {{dmg1flag=1}}",
            "max": "",
            "id": "-FTlvCifRZ8t6LFiUije"
        },
        {
            "name": "repeating_npcaction_-SZ8yxWR8rwFk99TQB6F_rollbase",
            "current": "@{wtype}&{template:npcaction} {{attack=1}} @{damage_flag} @{npc_name_flag} {{rname=@{name}}} {{r1=[[@{d20}+(@{attack_tohit})]]}} @{rtype}+(@{attack_tohit})]]}} {{dmg1=[[@{attack_damage}]]}} {{dmg1type=@{attack_damagetype}}} {{dmg2=[[@{attack_damage2}+0]]}} {{dmg2type=@{attack_damagetype2}}} {{crit1=[[@{attack_crit}+0]]}} {{crit2=[[@{attack_crit2}+0]]}} {{description=@{show_desc}}} @{charname_output}",
            "max": "",
            "id": "-7D3XFzTdS5x7YGtGKUI"
        },
        {
            "name": "repeating_npcaction_-SZ8yxWR8rwFk99TQB6F_attack_crit",
            "current": "1",
            "max": "",
            "id": "-UzBC47fYTVoAPpdxdbf"
        },
        {
            "name": "repeating_npcaction_-SZ8yxWR8rwFk99TQB6F_attack_crit2",
            "current": "",
            "max": "",
            "id": "-ZRFTjcrDPk2EhNO3xoY"
        },
        {
            "name": "repeating_npctrait_-5XNbKxVP6X2WZVzLfHV_name",
            "current": "Эхолокация",
            "max": "",
            "id": "-VBlfIxVYV5ZCHI93Lq5"
        },
        {
            "name": "repeating_npctrait_-5XNbKxVP6X2WZVzLfHV_description",
            "current": "Летучая мышь не может использовать свое слепозрение если она оглушена.",
            "max": "",
            "id": "-34bwEZ0J6dqjEh56MbG"
        },
        {
            "name": "repeating_npctrait_-PPEoZd9bUgyX1wGdFn1_name",
            "current": "Чуткий слух",
            "max": "",
            "id": "-w5voTN4LqPF7Ki5SwaC"
        },
        {
            "name": "repeating_npctrait_-PPEoZd9bUgyX1wGdFn1_description",
            "current": "Летучая мышь имеет преимущество на проверки Мудрости (Внимательность), которые полагаются на слух.",
            "max": "",
            "id": "-7EIU2z22AjJWE4APsjF"
        },
        {
            "name": "npcspellcastingflag",
            "current": "0",
            "max": "",
            "id": "-xwWJohZFkTsEbd7btu7"
        }
    ],
    "abilities": []
}