{
    "schema_version": 2,
    "oldId": "-NAE0PPn0orP1RPZCj5m",
    "name": "Бормочущий ротовик (Gibbering Mouther)",
    "avatar": "https://tentaculus.ru/monsters/img/cute_monsters/GIBBERING_MOUTHER.jpg",
    "bio": "<p>Из всех ужасов, созданных отвратительным колдовством, бормочущие ротовики — одни из самых ужасных и порочных порождений. Это существо состоит из глаз, ртов и сжиженных тел его прежних жертв. Впавшие в безумие из-за разрушения их тел и поглощения ротовиком, эти жертвы бессвязно бормочут, пожирая всё, до чего смогут добраться. </p><p><b><i>Бесформенное тело. </b></i> Тело бормочущего ротовика представляет собой аморфную массу из ртов и глаз, передвигающуюся, цепляясь за поверхность несколькими ртами, и подтаскивая остальное тело. И хотя они медленно передвигаются, они легко могут плавать в воде, грязи и зыбучих песках. </p><p><b><i>Безумное бормотание. </b></i> Когда бормочущий ротовик чует добычу, его рты начинают бормотать и шептать на разные голоса: басовитыми и высокими, плачущими и воющими, орущими в агонии и экстазе одновременно. Эта какофония голосов заполняет собой всё, что может услышать существо, и большинство бежит от неё в ужасе. Остальные же, подавленные страхом и безумием, стоят парализованными, глядя, как ужасающее существо подползает всё ближе, чтобы поглотить их. </p><p><b><i>Всепоглощающие. </b></i> Ведомый жаждой поглощать всех, до кого он доберётся, бормочущий ротовик подползает к парализованным его безумными голосами жертвам и хор на время замолкает, пока пасти обгладывают и поглощают плоть. Это чудовище разжижает камень, к которому прикасается, затрудняя бегство существ, которым удалось справиться с воздействием его бормотания. </p><p>Бормочущий ротовик не оставляет от своих жертв даже следа. Однако, когда останки тела жертвы будут поглощены, её глаза и рот всплывают на поверхность чудовища, готовые присоединиться к хору мучительного бормотания, который услышит следующая жертва твари.</p>",
    "gmnotes": "",
    "defaulttoken": "",
    "tags": "[]",
    "controlledby": "",
    "inplayerjournals": "",
    "attribs": [
        {
            "name": "hitdieroll",
            "current": "4",
            "max": "",
            "id": "-5UVAZBiWjYWb1OrGnf4"
        },
        {
            "name": "showleveler",
            "current": 0,
            "max": "",
            "id": "-0C3WYFRl7Ab3czlm7sl"
        },
        {
            "name": "invalidXP",
            "current": 0,
            "max": "",
            "id": "-NktbsFq3IRfKRNBbPCS"
        },
        {
            "name": "version",
            "current": 4.21,
            "max": "",
            "id": "-vnz3tB6k2lGM0H27rcj"
        },
        {
            "name": "mancer_confirm_flag",
            "current": "",
            "max": "",
            "id": "-qXMcKO4n0Smv8C4rZkf"
        },
        {
            "name": "mancer_npc",
            "current": "on",
            "max": "",
            "id": "-m1NUPzqWqmwXgRJb7ev"
        },
        {
            "name": "l1mancer_status",
            "current": "completed",
            "max": "",
            "id": "-vkEDBbVPcAsDTDIRfqS"
        },
        {
            "name": "rtype",
            "current": "@{advantagetoggle}",
            "max": "",
            "id": "-z26tMc0klhl1hIfPPns"
        },
        {
            "name": "dtype",
            "current": "full",
            "max": "",
            "id": "-o4Q07T6jzgmWyLLIQMh"
        },
        {
            "name": "appliedUpdates",
            "current": "upgrade_to_4_2_1",
            "max": "",
            "id": "-EXHDCS87M6laCG0CrGb"
        },
        {
            "name": "npc",
            "current": "1",
            "max": "",
            "id": "-7CwgIhMXeKqhzgtiyyp"
        },
        {
            "name": "npc_options-flag",
            "current": "0",
            "max": "",
            "id": "-VWI70aBsD7qxDLxgfs2"
        },
        {
            "name": "ui_flags",
            "current": "",
            "max": "",
            "id": "-mqvHaDNPxHXG81IRj35"
        },
        {
            "name": "npc_name",
            "current": "Бормочущий ротовик (Gibbering Mouther)",
            "max": "",
            "id": "-OdWyju4kklcB1ALR8eQ"
        },
        {
            "name": "npc_type",
            "current": "аберрация нейтральное",
            "max": "",
            "id": "-ALNWDZwIosgbNk93w0L"
        },
        {
            "name": "npc_speed",
            "current": "2 клетки, плавая 2 клетки",
            "max": "",
            "id": "-DXbSJ0fDlZxgGK6h15y"
        },
        {
            "name": "hp",
            "current": "",
            "max": "67",
            "id": "-g343LokREMUQKtWi6Ow"
        },
        {
            "name": "npc_ac",
            "current": "9",
            "max": "",
            "id": "-ZuSvEYsp4fJAijNIkyi"
        },
        {
            "name": "ac",
            "current": "9",
            "max": "",
            "id": "-daAcAwB5iTlXdICBwbA"
        },
        {
            "name": "npc_languages",
            "current": "",
            "max": "",
            "id": "-vzqjoHl6GYMmHsMiMv7"
        },
        {
            "name": "npc_challenge",
            "current": "2",
            "max": "",
            "id": "-NTkwfNbWcYJ0Y8v4T11"
        },
        {
            "name": "passive_wisdom",
            "current": "2",
            "max": "",
            "id": "-sx5UBy5jhmjDXhjpjZA"
        },
        {
            "name": "initiative_bonus",
            "current": -1,
            "max": "",
            "id": "-BOd9Jnq7ZdC5vbj6gWK"
        },
        {
            "name": "npc_hpformula",
            "current": "9d8+27",
            "max": "",
            "id": "-FkRiUuzU6a2egqNihNy"
        },
        {
            "name": "strength_base",
            "current": "10",
            "max": "",
            "id": "-8wuxGHFqPbXtPU5cgnH"
        },
        {
            "name": "strength_flag",
            "current": "0",
            "max": "",
            "id": "-A08zu3DxDI6x6OMBkwx"
        },
        {
            "name": "strength",
            "current": 10,
            "max": "",
            "id": "-9xKvTky5fp6an9LP9tj"
        },
        {
            "name": "strength_mod",
            "current": 0,
            "max": "",
            "id": "-K4FmMz0s8n9EfCX9q5K"
        },
        {
            "name": "npc_str_negative",
            "current": 0,
            "max": "",
            "id": "-MrsJLV3o6XfixBaDCsa"
        },
        {
            "name": "dexterity_base",
            "current": "8",
            "max": "",
            "id": "-8eFYoDpCZBr0N2pOROE"
        },
        {
            "name": "dexterity_flag",
            "current": "0",
            "max": "",
            "id": "-NyqK3YqGtOSnz8bdCri"
        },
        {
            "name": "dexterity",
            "current": 8,
            "max": "",
            "id": "-Dcb3yVDfPKj0j8glau3"
        },
        {
            "name": "dexterity_mod",
            "current": -1,
            "max": "",
            "id": "-ppnh5kXiqkP47O4e6i5"
        },
        {
            "name": "npc_dex_negative",
            "current": 1,
            "max": "",
            "id": "-vHENgydVSIHcwcgVRhX"
        },
        {
            "name": "constitution_base",
            "current": "16",
            "max": "",
            "id": "-qDnxvlzJTcHSdOkponk"
        },
        {
            "name": "constitution_flag",
            "current": "0",
            "max": "",
            "id": "-wQXLBdpWZldBIo41wvi"
        },
        {
            "name": "constitution",
            "current": 16,
            "max": "",
            "id": "-rAoumf32dTqzec1lBJP"
        },
        {
            "name": "constitution_mod",
            "current": 3,
            "max": "",
            "id": "-WOLHw92Ga7wuiRnrOVn"
        },
        {
            "name": "npc_con_negative",
            "current": 0,
            "max": "",
            "id": "-hGLTWpzFWqNOVEykruX"
        },
        {
            "name": "intelligence_base",
            "current": "3",
            "max": "",
            "id": "-B2ase07ffHraH2cb6Iz"
        },
        {
            "name": "intelligence_flag",
            "current": "0",
            "max": "",
            "id": "-oMfFjxsdvrQjwnrNwSY"
        },
        {
            "name": "intelligence",
            "current": 3,
            "max": "",
            "id": "-2lYugkXIAkgtBVzRSmS"
        },
        {
            "name": "intelligence_mod",
            "current": -4,
            "max": "",
            "id": "-2vVp9qATzSUtpdMwhlL"
        },
        {
            "name": "npc_int_negative",
            "current": 1,
            "max": "",
            "id": "-RFHTE5rCVrcFD8tHdRI"
        },
        {
            "name": "wisdom_base",
            "current": "10",
            "max": "",
            "id": "-i0zjJilA8YhmSAx327D"
        },
        {
            "name": "wisdom_flag",
            "current": "0",
            "max": "",
            "id": "-F0Y15qssKKMdxJlEF1j"
        },
        {
            "name": "wisdom",
            "current": 10,
            "max": "",
            "id": "-iYSS3ZA3QBM0rooThMH"
        },
        {
            "name": "wisdom_mod",
            "current": 0,
            "max": "",
            "id": "-CjaHcSzSqIP0VAg4BcA"
        },
        {
            "name": "npc_wis_negative",
            "current": 0,
            "max": "",
            "id": "-e5fI4C8TzBvxGXrwa79"
        },
        {
            "name": "charisma_base",
            "current": "6",
            "max": "",
            "id": "-XB2QKqzyVQBzkkwhbUk"
        },
        {
            "name": "charisma_flag",
            "current": "0",
            "max": "",
            "id": "-0mjsM0nbGyRG2mDbB67"
        },
        {
            "name": "charisma",
            "current": 6,
            "max": "",
            "id": "-8XJHiVAEBTAxxPNPfGn"
        },
        {
            "name": "charisma_mod",
            "current": -2,
            "max": "",
            "id": "-cW8HRk7cZzxcWoI24Nv"
        },
        {
            "name": "npc_cha_negative",
            "current": 1,
            "max": "",
            "id": "-ImhWJClzMCHMHcz3ujQ"
        },
        {
            "name": "npc_condition_immunities",
            "current": "сбивание с ног",
            "max": "",
            "id": "-AZ2E1jqhtFd3EkJD9TT"
        },
        {
            "name": "npc_senses",
            "current": "темнозрение 12 клеток",
            "max": "",
            "id": "-arEdQGw0lc2LEHK3zrX"
        },
        {
            "name": "repeating_npcaction_-izaHTEKbF1tBFEQevow_name",
            "current": "Мультиатака",
            "max": "",
            "id": "-VrtRA0474zOalwVl5Ek"
        },
        {
            "name": "repeating_npcaction_-izaHTEKbF1tBFEQevow_description",
            "current": "Бормочущий ротовик совершает одну атаку укусом и, если может, использует Ослепляющий плевок.",
            "max": "",
            "id": "-xc4LbzLqX1maNiAg3bP"
        },
        {
            "name": "repeating_npcaction_-izaHTEKbF1tBFEQevow_attack_tohitrange",
            "current": "+0",
            "max": "",
            "id": "-R2IP9u4r4xt6akpNlpV"
        },
        {
            "name": "repeating_npcaction_-izaHTEKbF1tBFEQevow_attack_onhit",
            "current": "",
            "max": "",
            "id": "-dcEG64bdchtNUfuDavV"
        },
        {
            "name": "repeating_npcaction_-izaHTEKbF1tBFEQevow_damage_flag",
            "current": "",
            "max": "",
            "id": "-ksSuoJ7AG8qZ2ebPVQz"
        },
        {
            "name": "repeating_npcaction_-izaHTEKbF1tBFEQevow_attack_crit",
            "current": "",
            "max": "",
            "id": "-JesED7svWiUYjpAptWC"
        },
        {
            "name": "repeating_npcaction_-izaHTEKbF1tBFEQevow_attack_crit2",
            "current": "",
            "max": "",
            "id": "-Eev0OgeKmaZqnOm6kXA"
        },
        {
            "name": "repeating_npcaction_-izaHTEKbF1tBFEQevow_rollbase",
            "current": "@{wtype}&{template:npcaction} @{npc_name_flag} {{rname=@{name}}} {{description=@{show_desc}}} @{charname_output}",
            "max": "",
            "id": "-FWNBPdpWl3pznKAJJsb"
        },
        {
            "name": "repeating_npcaction_-7D4qPGSwLaxDEAG1dli_name",
            "current": "Укусы",
            "max": "",
            "id": "-LW9XdeZdLm16GB7kDJ0"
        },
        {
            "name": "repeating_npcaction_-7D4qPGSwLaxDEAG1dli_description",
            "current": "\nРукопашное Оружие:\n +2 к атаке, досягаемость: 1 клетка, одно существо. \nПопадание:\n 17 (5d6) колющего урона. Если цель Среднего размера или меньше, она должно бросить спасбросок со сложностью 10 по Силе или будет сбито с ног. Если цель убита этой атакой, она поглощается ротовиком.",
            "max": "",
            "id": "-hJlksFCD0OdGY6A3TAr"
        },
        {
            "name": "repeating_npcaction_-7D4qPGSwLaxDEAG1dli_attack_flag",
            "current": "on",
            "max": "",
            "id": "-TytQZNmeydTxKs0l8wn"
        },
        {
            "name": "repeating_npcaction_-7D4qPGSwLaxDEAG1dli_attack_tohitrange",
            "current": "+2",
            "max": "",
            "id": "-wMzFkjhGVFWwjVxBu7v"
        },
        {
            "name": "repeating_npcaction_-7D4qPGSwLaxDEAG1dli_attack_onhit",
            "current": "",
            "max": "",
            "id": "-38K3wRMUJ09j43FONyO"
        },
        {
            "name": "repeating_npcaction_-7D4qPGSwLaxDEAG1dli_attack_tohit",
            "current": "2",
            "max": "",
            "id": "-yyShNQNg8JwSDz81GsW"
        },
        {
            "name": "repeating_npcaction_-7D4qPGSwLaxDEAG1dli_attack_damage",
            "current": "5d6",
            "max": "",
            "id": "-IE3tsBRoRuybpjFfxPM"
        },
        {
            "name": "repeating_npcaction_-7D4qPGSwLaxDEAG1dli_damage_flag",
            "current": "{{damage=1}} {{dmg1flag=1}}",
            "max": "",
            "id": "-gZTc7ln72fNQWFEhw9T"
        },
        {
            "name": "repeating_npcaction_-7D4qPGSwLaxDEAG1dli_rollbase",
            "current": "@{wtype}&{template:npcaction} {{attack=1}} @{damage_flag} @{npc_name_flag} {{rname=@{name}}} {{r1=[[@{d20}+(@{attack_tohit})]]}} @{rtype}+(@{attack_tohit})]]}} {{dmg1=[[@{attack_damage}]]}} {{dmg1type=@{attack_damagetype}}} {{dmg2=[[@{attack_damage2}+0]]}} {{dmg2type=@{attack_damagetype2}}} {{crit1=[[@{attack_crit}+0]]}} {{crit2=[[@{attack_crit2}+0]]}} {{description=@{show_desc}}} @{charname_output}",
            "max": "",
            "id": "-6SAoNIRGJj8DexI0MJu"
        },
        {
            "name": "repeating_npcaction_-7D4qPGSwLaxDEAG1dli_attack_crit",
            "current": "5d6",
            "max": "",
            "id": "-51JIEIe4zLjQFU5YzBs"
        },
        {
            "name": "repeating_npcaction_-7D4qPGSwLaxDEAG1dli_attack_crit2",
            "current": "",
            "max": "",
            "id": "-C1Qjk8kciLJt92eHOft"
        },
        {
            "name": "repeating_npcaction_-guCuGTUTpu0CLh5B3Op_name",
            "current": "Ослепляющий плевок (Перезарядка 5-6)",
            "max": "",
            "id": "-P9Eps4ReHApnycOfRdJ"
        },
        {
            "name": "repeating_npcaction_-guCuGTUTpu0CLh5B3Op_description",
            "current": "Ротовик выплевывают шар слизи в точку, которую он видит в пределах 3 клеток от себя. Шар при столкновении взрывается ослепительной вспышкой. Все существа в пределах 1 клетки от вспышки должны преуспеть в спасброске со сложностью 13 по Ловкости, иначе станут ослепленными до конца следующего хода ротовика.",
            "max": "",
            "id": "-ZIfWZyxBdCwj4ntlx2O"
        },
        {
            "name": "repeating_npcaction_-guCuGTUTpu0CLh5B3Op_attack_tohitrange",
            "current": "+0",
            "max": "",
            "id": "-OUOULOuMwEdbWHCqffy"
        },
        {
            "name": "repeating_npcaction_-guCuGTUTpu0CLh5B3Op_attack_onhit",
            "current": "",
            "max": "",
            "id": "-i5vMY52D5FIpr12Emf0"
        },
        {
            "name": "repeating_npcaction_-guCuGTUTpu0CLh5B3Op_damage_flag",
            "current": "",
            "max": "",
            "id": "-zpCtj6FZkgzmHxqbnSv"
        },
        {
            "name": "repeating_npcaction_-guCuGTUTpu0CLh5B3Op_attack_crit",
            "current": "",
            "max": "",
            "id": "-Psy3ksHZZ1IU5AaHoIu"
        },
        {
            "name": "repeating_npcaction_-guCuGTUTpu0CLh5B3Op_attack_crit2",
            "current": "",
            "max": "",
            "id": "-xtCkHZh0hwUZU4MUf26"
        },
        {
            "name": "repeating_npcaction_-guCuGTUTpu0CLh5B3Op_rollbase",
            "current": "@{wtype}&{template:npcaction} @{npc_name_flag} {{rname=@{name}}} {{description=@{show_desc}}} @{charname_output}",
            "max": "",
            "id": "-BP4J1y6sJOJn7MWRB7r"
        },
        {
            "name": "repeating_npctrait_-1yf9oUCRal35XPQOEpT_name",
            "current": "Искаженная земля",
            "max": "",
            "id": "-pClcs7U8ABKBYp0xAuh"
        },
        {
            "name": "repeating_npctrait_-1yf9oUCRal35XPQOEpT_description",
            "current": "Земля на 2 клетки вокруг ротовика считается труднопроходимой местностью. Каждое существо которое начинает свой ход в этой области должно выполнить успешный спасбросок со сложностью 10 по Силе или его скорость падает до 0 до начала его следующего хода.",
            "max": "",
            "id": "-GpwxEhYAqFyz5GdEESO"
        },
        {
            "name": "repeating_npctrait_-ONSnw5h9zxFf9cUcxYJ_name",
            "current": "Бормотание",
            "max": "",
            "id": "-JpE85GJO1Q5n0J9W148"
        },
        {
            "name": "repeating_npctrait_-ONSnw5h9zxFf9cUcxYJ_description",
            "current": "Ротовик постоянно неразборчиво бормочет, пока видит другое существо и сам дееспособен. Каждое существо, которое начинает свой ход в пределах 4 клеток от ротовика, и слышащее это бормотание должно выполнить успешный спасбросок со сложностью 10 по Мудрости. В случае неудачи существо не может совершать действий реакции до начала его следующего хода и каждый раз кидает кубик d8, чтобы определить, что оно будет делать во время своего хода. Если выпало от 1 до 4 - существо ничего не делает. При результате 5 или 6 - существо не может совершать ни основных ни бонусных действий, а все действие движения оно должно потратить, чтобы передвинуться в случайным образом выбранном направлении. При результате 7 или 8 - существо атакует рукопашной атакой случайно выбранное существо в пределах досягаемости или не делает ничего, если не может совершить такой атаки",
            "max": "",
            "id": "-uwsJD5tbK4uJvQ6l92L"
        },
        {
            "name": "npcspellcastingflag",
            "current": "0",
            "max": "",
            "id": "-mpLIBcwCAro7ZqfEDGW"
        }
    ],
    "abilities": []
}