{
    "schema_version": 2,
    "oldId": "-RhWGKHEzI0EBJ2xevPG",
    "name": "Больная гигантская крыса (Giant Rat Diseased)",
    "avatar": "https://tentaculus.ru/monsters/img/cute_monsters/GIANT_RAT_DISEASED.jpg",
    "bio": "",
    "gmnotes": "",
    "defaulttoken": "",
    "tags": "[]",
    "controlledby": "",
    "inplayerjournals": "",
    "attribs": [
        {
            "name": "hitdieroll",
            "current": "4",
            "max": "",
            "id": "-XYDW6fgywAiMezsFnki"
        },
        {
            "name": "showleveler",
            "current": 0,
            "max": "",
            "id": "-RiFWIao4toDEWFbadVQ"
        },
        {
            "name": "invalidXP",
            "current": 0,
            "max": "",
            "id": "-GJs34oBVFXrx7bRrKlR"
        },
        {
            "name": "version",
            "current": 4.21,
            "max": "",
            "id": "-Ey3tLtVwbRx696TiwDP"
        },
        {
            "name": "mancer_confirm_flag",
            "current": "",
            "max": "",
            "id": "-DLwhgPckzZIhQ7VyBQu"
        },
        {
            "name": "mancer_npc",
            "current": "on",
            "max": "",
            "id": "-Zw553Bw7PjR9QOmQXz3"
        },
        {
            "name": "l1mancer_status",
            "current": "completed",
            "max": "",
            "id": "-djrhOZLcg7OvBFumBPG"
        },
        {
            "name": "rtype",
            "current": "@{advantagetoggle}",
            "max": "",
            "id": "-W9jXcuDBb7wTpgi0CpJ"
        },
        {
            "name": "dtype",
            "current": "full",
            "max": "",
            "id": "-snup6lLv2cCcKfwPfkq"
        },
        {
            "name": "appliedUpdates",
            "current": "upgrade_to_4_2_1",
            "max": "",
            "id": "-4FFMXcGJBD29sChwNpv"
        },
        {
            "name": "npc",
            "current": "1",
            "max": "",
            "id": "-HCBDpQEsZ2UB8iY2l3C"
        },
        {
            "name": "npc_options-flag",
            "current": "0",
            "max": "",
            "id": "-SgbCZcJPuADHgCLKaHf"
        },
        {
            "name": "ui_flags",
            "current": "",
            "max": "",
            "id": "-s3D3F7GngSs8L93JP8f"
        },
        {
            "name": "npc_name",
            "current": "Больная гигантская крыса (Giant Rat Diseased)",
            "max": "",
            "id": "-rwC3HvXIafkWpvffJUp"
        },
        {
            "name": "npc_type",
            "current": "зверь без мировоззрения",
            "max": "",
            "id": "-u1SBrvGgjwbQooLF74b"
        },
        {
            "name": "npc_speed",
            "current": "6 клеток",
            "max": "",
            "id": "-tokVV132E0Wyc1MVJOE"
        },
        {
            "name": "hp",
            "current": "",
            "max": "7",
            "id": "-tQhQcCrdwEOam2ZGC34"
        },
        {
            "name": "npc_ac",
            "current": "12",
            "max": "",
            "id": "-8kKlTvmO0NnJLQ617h8"
        },
        {
            "name": "ac",
            "current": "12",
            "max": "",
            "id": "-4D9cePmSsX5IWTZOylC"
        },
        {
            "name": "npc_languages",
            "current": "",
            "max": "",
            "id": "-t5w7jJzJWL7wiwzqYI8"
        },
        {
            "name": "npc_challenge",
            "current": "1/8",
            "max": "",
            "id": "-e6tjLBfPFLyjK5WLxzv"
        },
        {
            "name": "passive_wisdom",
            "current": "1/8",
            "max": "",
            "id": "-oT9wEsLQ9YJYSuiSWBl"
        },
        {
            "name": "initiative_bonus",
            "current": 2,
            "max": "",
            "id": "-wxZNW6RdeBDgZKoJxHB"
        },
        {
            "name": "npc_hpformula",
            "current": "2d6",
            "max": "",
            "id": "-RQpM2btbGynD7sjLSPn"
        },
        {
            "name": "strength_base",
            "current": "7",
            "max": "",
            "id": "-vuT9j0qR12GBit58sEo"
        },
        {
            "name": "strength_flag",
            "current": "0",
            "max": "",
            "id": "-TNNpbFOMOJpMrQWhg3P"
        },
        {
            "name": "strength",
            "current": 7,
            "max": "",
            "id": "-PcLcphvnAPBPyejigPY"
        },
        {
            "name": "strength_mod",
            "current": -2,
            "max": "",
            "id": "-JjCmlUqdGckTyT7U8aY"
        },
        {
            "name": "npc_str_negative",
            "current": 1,
            "max": "",
            "id": "-EzcDk3nxe862SdMOHg7"
        },
        {
            "name": "dexterity_base",
            "current": "15",
            "max": "",
            "id": "-am91u2WUb6sdCkfND9b"
        },
        {
            "name": "dexterity_flag",
            "current": "0",
            "max": "",
            "id": "-qB7YZ5l9DRkzrNDSsjS"
        },
        {
            "name": "dexterity",
            "current": 15,
            "max": "",
            "id": "-5NsyMhPTpTbWl3NG2RM"
        },
        {
            "name": "dexterity_mod",
            "current": 2,
            "max": "",
            "id": "-bsLhoR0IDLWCVZIA9DP"
        },
        {
            "name": "npc_dex_negative",
            "current": 0,
            "max": "",
            "id": "-yHJNBRYfBDpOa3eFG66"
        },
        {
            "name": "constitution_base",
            "current": "11",
            "max": "",
            "id": "-zDhm5fkOXbHjKFDXi8u"
        },
        {
            "name": "constitution_flag",
            "current": "0",
            "max": "",
            "id": "-xDdVQB6dPyR8KjGRkhP"
        },
        {
            "name": "constitution",
            "current": 11,
            "max": "",
            "id": "-ppSetQRn8rcdv9uYV0q"
        },
        {
            "name": "constitution_mod",
            "current": 0,
            "max": "",
            "id": "-ufSQqKCvRMTKbqlE8S4"
        },
        {
            "name": "npc_con_negative",
            "current": 0,
            "max": "",
            "id": "-71yKJd2RQu43DkiJVx8"
        },
        {
            "name": "intelligence_base",
            "current": "2",
            "max": "",
            "id": "-pw7RTYJB8Zr2TbRGq1A"
        },
        {
            "name": "intelligence_flag",
            "current": "0",
            "max": "",
            "id": "-lk0LHpAoQMvMBeg07Ea"
        },
        {
            "name": "intelligence",
            "current": 2,
            "max": "",
            "id": "-69kTQUJu95E34i4Tsc3"
        },
        {
            "name": "intelligence_mod",
            "current": -4,
            "max": "",
            "id": "-IdHZ57kJWDgVhGJDuCF"
        },
        {
            "name": "npc_int_negative",
            "current": 1,
            "max": "",
            "id": "-GnEZRFYvOQywMJnIqkj"
        },
        {
            "name": "wisdom_base",
            "current": "10",
            "max": "",
            "id": "-qacfe9BXPENYNWEyMom"
        },
        {
            "name": "wisdom_flag",
            "current": "0",
            "max": "",
            "id": "-6qMQwbkVmuPqIfoJpZZ"
        },
        {
            "name": "wisdom",
            "current": 10,
            "max": "",
            "id": "-7A9RBpPfW3ertVu78R4"
        },
        {
            "name": "wisdom_mod",
            "current": 0,
            "max": "",
            "id": "-FhqUXVaXtBwTPoXyd5g"
        },
        {
            "name": "npc_wis_negative",
            "current": 0,
            "max": "",
            "id": "-ZjwtUFDeskWWrg6mhhl"
        },
        {
            "name": "charisma_base",
            "current": "4",
            "max": "",
            "id": "-gpGeHtvraqaglMm9OeN"
        },
        {
            "name": "charisma_flag",
            "current": "0",
            "max": "",
            "id": "-F3FLcsoAuaE8SbvJ7e6"
        },
        {
            "name": "charisma",
            "current": 4,
            "max": "",
            "id": "-V4lqQevC65J18iMAlzn"
        },
        {
            "name": "charisma_mod",
            "current": -3,
            "max": "",
            "id": "-wHbTkfJ1gxPLnpNGay3"
        },
        {
            "name": "npc_cha_negative",
            "current": 1,
            "max": "",
            "id": "-nU4KgHMStzgDdsdgGS6"
        },
        {
            "name": "npc_senses",
            "current": "темнозрение 12 клетки",
            "max": "",
            "id": "-s25WOYoDZRrJg0qal3J"
        },
        {
            "name": "repeating_npcaction_-2dMWvXXIm4647Xn8rZw_name",
            "current": "Укус",
            "max": "",
            "id": "-7Zs2qtScWA7577xjXw5"
        },
        {
            "name": "repeating_npcaction_-2dMWvXXIm4647Xn8rZw_description",
            "current": "Рукопашное Оружие: +3 к атаке, досягаемость: 1 клетка, одна цель. Попадание: 3 (1d4 + 1) колющего урона. Если цель - существо, оно должно бросить спасбросок сложностью 10 по Телосложению или заразится болезнью. Пока болезнь не излечена, цель не может восстанавливать очки здоровья кроме как магическим образом, а максимальное значение очков здоровья цели уменьшается на 3 (1d6) каждые 24 часа. Если максимум очков здоровья уменьшается до 0 - цель умирает.",
            "max": "",
            "id": "-eJW0QbURrPlMM2VhunY"
        },
        {
            "name": "repeating_npcaction_-2dMWvXXIm4647Xn8rZw_attack_flag",
            "current": "on",
            "max": "",
            "id": "-nU4ZTHfYcoXeguzBejg"
        },
        {
            "name": "repeating_npcaction_-2dMWvXXIm4647Xn8rZw_attack_tohitrange",
            "current": "+3",
            "max": "",
            "id": "-bZtsfAC3EwAVEgiSNYq"
        },
        {
            "name": "repeating_npcaction_-2dMWvXXIm4647Xn8rZw_attack_onhit",
            "current": "",
            "max": "",
            "id": "-OWRfenXwFPrDf2Ra9hM"
        },
        {
            "name": "repeating_npcaction_-2dMWvXXIm4647Xn8rZw_attack_tohit",
            "current": "3",
            "max": "",
            "id": "-DvkYGwolQiyvqO0q7VJ"
        },
        {
            "name": "repeating_npcaction_-2dMWvXXIm4647Xn8rZw_attack_damage",
            "current": "1d4+1",
            "max": "",
            "id": "-ctzFsKGGylS47LH5Zmm"
        },
        {
            "name": "repeating_npcaction_-2dMWvXXIm4647Xn8rZw_damage_flag",
            "current": "{{damage=1}} {{dmg1flag=1}}",
            "max": "",
            "id": "-lp5TVe0WHh9qUN6c0dw"
        },
        {
            "name": "repeating_npcaction_-2dMWvXXIm4647Xn8rZw_rollbase",
            "current": "@{wtype}&{template:npcaction} {{attack=1}} @{damage_flag} @{npc_name_flag} {{rname=@{name}}} {{r1=[[@{d20}+(@{attack_tohit})]]}} @{rtype}+(@{attack_tohit})]]}} {{dmg1=[[@{attack_damage}]]}} {{dmg1type=@{attack_damagetype}}} {{dmg2=[[@{attack_damage2}+0]]}} {{dmg2type=@{attack_damagetype2}}} {{crit1=[[@{attack_crit}+0]]}} {{crit2=[[@{attack_crit2}+0]]}} {{description=@{show_desc}}} @{charname_output}",
            "max": "",
            "id": "-tWEbuXp4ik2cxg5MGlK"
        },
        {
            "name": "repeating_npcaction_-2dMWvXXIm4647Xn8rZw_attack_crit",
            "current": "1d4+1",
            "max": "",
            "id": "-RlXlZDdpO12Bx9bUbbV"
        },
        {
            "name": "repeating_npcaction_-2dMWvXXIm4647Xn8rZw_attack_crit2",
            "current": "",
            "max": "",
            "id": "-pwdIs9yjS5uBr4GDSzh"
        }
    ],
    "abilities": []
}