{
    "schema_version": 2,
    "oldId": "-iUoCcAv4FqiRgRUAVQP",
    "name": "Блуждающий огонек (Will-o'-Wisp)",
    "avatar": "https://tentaculus.ru/monsters/img/cute_monsters/WILL-O'-WISP.jpg",
    "bio": "<p>Блуждающие огоньки являются злобными, похожими на дымку, шарами света, которые обитают в уединённых местах и на полях сражений, связанных с мрачной судьбой или тёмной магией, и питаются страхом и отчаянием.</p><p><b><i>Надежда и обречение. </b> </i> Издали блуждающие огоньки выглядят как свет раскачивающегося фонаря, хотя они могут менять свой цвет и уменьшать яркость до минимума. Активируя свой свет, блуждающие огоньки внушают надежду, намекая на безопасность существам, которые следуют за ними. </p><p>Блуждающие огоньки заманивают опрометчивых созданий в ямы с зыбучим песком, убежища чудовищ и другие опасные места, чтобы кормиться страданиями своей жертвы и наслаждаться её предсмертными криками. Злое существо, которое стало жертвой блуждающего огонька, тоже может стать огоньком, и его несчастный дух материализуется над его бездыханным трупом подобно мерцающему пламени. </p><p> <b><i>Поглощённые отчаянием. </b></i> Блуждающие огоньки являются душами злых существ, которые погибли в мучениях или страданиях, поскольку они блуждали по покинутым местам, пропитанным могущественной магией. Они появляются в болотистых трясинах и полях сражений, усыпанных костями, где угнетающее настроение насыщеннее и тяжелее, чем густой туман и мгла. Заточенные в этих заброшенных местах потерянных надежд и воспоминаний, блуждающие огоньки приманивают других созданий и питаются страданиями путников. </p> <p><b><i>На службе зла.</b></i> Блуждающие огоньки редко разговаривают, однако если говорят, то их голос звучит как далёкий шёпот. В скверных местах, в которых они обитают, блуждающие огоньки иногда образуют симбиотические отношения с опасными соседями. Карги, они, чёрные драконы и злобные культисты используют блуждающих огоньков для заманивания существ в засаду. И пока злобные союзники истребляют созданий, которых они окружили, огоньки, паря над ними, питаются агонией умирающих тел. </p><p><b><i>Натура нежити.</b></i> Блуждающему огоньку не ну-жен воздух, еда, питьё и сон. </p>",
    "gmnotes": "",
    "defaulttoken": "",
    "tags": "[]",
    "controlledby": "",
    "inplayerjournals": "",
    "attribs": [
        {
            "name": "hitdieroll",
            "current": "4",
            "max": "",
            "id": "-c77oBTDccWnEzTelSn1"
        },
        {
            "name": "showleveler",
            "current": 0,
            "max": "",
            "id": "-Up6kIJZMsXvSZaON86x"
        },
        {
            "name": "invalidXP",
            "current": 0,
            "max": "",
            "id": "-7BdYdQnD4VxFOIW7mN4"
        },
        {
            "name": "version",
            "current": 4.21,
            "max": "",
            "id": "-c38OOzdOR8IUkn3kFcR"
        },
        {
            "name": "mancer_confirm_flag",
            "current": "",
            "max": "",
            "id": "-2T1IbFspcpiYkTDEKWu"
        },
        {
            "name": "mancer_npc",
            "current": "on",
            "max": "",
            "id": "-5wUrHKjeok4Z6qJiptp"
        },
        {
            "name": "l1mancer_status",
            "current": "completed",
            "max": "",
            "id": "-I5k9v2ExP0x7fgpH36k"
        },
        {
            "name": "rtype",
            "current": "@{advantagetoggle}",
            "max": "",
            "id": "-TkYmlRJvEVDXgGfMZEh"
        },
        {
            "name": "dtype",
            "current": "full",
            "max": "",
            "id": "-p4ctNgWYPrwmOoQogTj"
        },
        {
            "name": "appliedUpdates",
            "current": "upgrade_to_4_2_1",
            "max": "",
            "id": "-WNNAKnrhxkOAlwQHsCi"
        },
        {
            "name": "npc",
            "current": "1",
            "max": "",
            "id": "-oVn8ykGwI0p87bFmfDh"
        },
        {
            "name": "npc_options-flag",
            "current": "0",
            "max": "",
            "id": "-XueQy6vbMbhXeKDESKf"
        },
        {
            "name": "ui_flags",
            "current": "",
            "max": "",
            "id": "-Flv7eE1MMT12YjFR1b3"
        },
        {
            "name": "npc_name",
            "current": "Блуждающий огонек (Will-o'-Wisp)",
            "max": "",
            "id": "-7i2oJVitpSGQXeDHftG"
        },
        {
            "name": "npc_type",
            "current": "нежить хаотично-злая",
            "max": "",
            "id": "-7T8TpDNewi9O2emCiGi"
        },
        {
            "name": "npc_speed",
            "current": "0 клеток, полет 10 клеток (парение)",
            "max": "",
            "id": "-Shboubyqi5jWCZGdZb7"
        },
        {
            "name": "hp",
            "current": "",
            "max": "22",
            "id": "-TFUSK3FHLFbuWJLa1kV"
        },
        {
            "name": "npc_ac",
            "current": "19",
            "max": "",
            "id": "-ViUrQ656u37aSZmcz0T"
        },
        {
            "name": "ac",
            "current": "19",
            "max": "",
            "id": "-l43XsC6cLRlr4RIYFN3"
        },
        {
            "name": "npc_languages",
            "current": "языки, которые он знал при жизни",
            "max": "",
            "id": "-1CkubczaExhh6QPmc1y"
        },
        {
            "name": "npc_challenge",
            "current": "2",
            "max": "",
            "id": "-bo40YAldKitfovPGmAu"
        },
        {
            "name": "passive_wisdom",
            "current": "2",
            "max": "",
            "id": "-ZDJbG1MsTP1vaktYhUM"
        },
        {
            "name": "initiative_bonus",
            "current": 9,
            "max": "",
            "id": "-bJuS5Qi2V5c9d0QEOcR"
        },
        {
            "name": "npc_hpformula",
            "current": "9d4",
            "max": "",
            "id": "-XlAiWPK231Ut8Jm3BEU"
        },
        {
            "name": "strength_base",
            "current": "1",
            "max": "",
            "id": "-29XdMQu9LiWydEeVsyi"
        },
        {
            "name": "strength_flag",
            "current": "0",
            "max": "",
            "id": "-L2SIBFmxz22nAtKniKo"
        },
        {
            "name": "strength",
            "current": 1,
            "max": "",
            "id": "-Y3ja4lUSUAQ63hbh9So"
        },
        {
            "name": "strength_mod",
            "current": -5,
            "max": "",
            "id": "-TW7ybbmCAz9TbY8xwvl"
        },
        {
            "name": "npc_str_negative",
            "current": 1,
            "max": "",
            "id": "-FQi10Cb5KKuQtEGSmxO"
        },
        {
            "name": "dexterity_base",
            "current": "28",
            "max": "",
            "id": "-f3gXlvGaPXFotU2QFnC"
        },
        {
            "name": "dexterity_flag",
            "current": "0",
            "max": "",
            "id": "-dEPnBtBa0UhRxZ9BhMl"
        },
        {
            "name": "dexterity",
            "current": 28,
            "max": "",
            "id": "-8wc3erwxZ6Vi6Mq0VVh"
        },
        {
            "name": "dexterity_mod",
            "current": 9,
            "max": "",
            "id": "-MTrEUOQghvFBC32XfCS"
        },
        {
            "name": "npc_dex_negative",
            "current": 0,
            "max": "",
            "id": "-Znv7OQPjRpQ0QQduVO8"
        },
        {
            "name": "constitution_base",
            "current": "10",
            "max": "",
            "id": "-ociIicxIfAEcDA5zYLc"
        },
        {
            "name": "constitution_flag",
            "current": "0",
            "max": "",
            "id": "-Ybv7N2yUiOUJ8X78vU1"
        },
        {
            "name": "constitution",
            "current": 10,
            "max": "",
            "id": "-dExXAnPpfGGGgLuainP"
        },
        {
            "name": "constitution_mod",
            "current": 0,
            "max": "",
            "id": "-aejsPJsLM1NOXyL3KQo"
        },
        {
            "name": "npc_con_negative",
            "current": 0,
            "max": "",
            "id": "-TtNQtLj66QRWLeEhxex"
        },
        {
            "name": "intelligence_base",
            "current": "13",
            "max": "",
            "id": "-uu0jMWyLod9d6sZRT5L"
        },
        {
            "name": "intelligence_flag",
            "current": "0",
            "max": "",
            "id": "-ph5Pg6h2CU0XVz1YJro"
        },
        {
            "name": "intelligence",
            "current": 13,
            "max": "",
            "id": "-xI0NCV4LTpi0mGX5M00"
        },
        {
            "name": "intelligence_mod",
            "current": 1,
            "max": "",
            "id": "-Wz7LEmA8wxYFd8jN1X3"
        },
        {
            "name": "npc_int_negative",
            "current": 0,
            "max": "",
            "id": "-rynODwZcJpEleoTP7iv"
        },
        {
            "name": "wisdom_base",
            "current": "14",
            "max": "",
            "id": "-HIP6ocrIsGPCqwLeH96"
        },
        {
            "name": "wisdom_flag",
            "current": "0",
            "max": "",
            "id": "-Fq5P3ja5h1mkID3Mjht"
        },
        {
            "name": "wisdom",
            "current": 14,
            "max": "",
            "id": "-a8UgDLh5zkN0LUqf8NZ"
        },
        {
            "name": "wisdom_mod",
            "current": 2,
            "max": "",
            "id": "-x7IJ6eoYOFzWQHiRL4S"
        },
        {
            "name": "npc_wis_negative",
            "current": 0,
            "max": "",
            "id": "-5UaETsc0yb4DI2Mo2vB"
        },
        {
            "name": "charisma_base",
            "current": "11",
            "max": "",
            "id": "-ODZegryCcDCaTpvex4w"
        },
        {
            "name": "charisma_flag",
            "current": "0",
            "max": "",
            "id": "-qhpEXL9SCN86CPdUaxH"
        },
        {
            "name": "charisma",
            "current": 11,
            "max": "",
            "id": "-t0FmRtNEtb11ugSjQrd"
        },
        {
            "name": "charisma_mod",
            "current": 0,
            "max": "",
            "id": "-F5x3NrD5raJmmTjIrih"
        },
        {
            "name": "npc_cha_negative",
            "current": 0,
            "max": "",
            "id": "-5wfxXobop0jMvqBNcCi"
        },
        {
            "name": "npc_resistances",
            "current": "кислота, холод, огонь, некротика, гром; дробящий, колющий, и рубящий от немагического оружия",
            "max": "",
            "id": "-xoUNhUYceZ03mKTR7T7"
        },
        {
            "name": "npc_immunities",
            "current": "молния, яд",
            "max": "",
            "id": "-L0oxTPTHShBdNRrbzFT"
        },
        {
            "name": "npc_condition_immunities",
            "current": "истощение, захват, паралич, отравление, сбивание с ног, удерживание, лишение сознания",
            "max": "",
            "id": "-G0Yc2v2bXFq96x6Mqyv"
        },
        {
            "name": "npc_senses",
            "current": "темнозрение 24 клетки",
            "max": "",
            "id": "-o8THBeDEJYkOUIp3FRg"
        },
        {
            "name": "repeating_npcaction_-PW2C2p8a1USoVk7gXA4_name",
            "current": "Шок",
            "max": "",
            "id": "-110a3xwPORb1IMUXlyt"
        },
        {
            "name": "repeating_npcaction_-PW2C2p8a1USoVk7gXA4_description",
            "current": "\nРукопашная атака заклинанием:\n +4 к атаке, досягаемость: 1 клетка, одно существо. \nПопадание:\n 9 (2d8) урона молнией.",
            "max": "",
            "id": "-1S6Uj91ckvsPUMfPupp"
        },
        {
            "name": "repeating_npcaction_-PW2C2p8a1USoVk7gXA4_attack_flag",
            "current": "on",
            "max": "",
            "id": "-pTTSK0QMQK9950KtQJK"
        },
        {
            "name": "repeating_npcaction_-PW2C2p8a1USoVk7gXA4_attack_tohitrange",
            "current": "+4",
            "max": "",
            "id": "-nQSm52zfnphiRpHGby5"
        },
        {
            "name": "repeating_npcaction_-PW2C2p8a1USoVk7gXA4_attack_onhit",
            "current": "",
            "max": "",
            "id": "-VXYPz7zgj4IHnHokQqX"
        },
        {
            "name": "repeating_npcaction_-PW2C2p8a1USoVk7gXA4_attack_tohit",
            "current": "4",
            "max": "",
            "id": "-cZsJLsJLyLojB612yEJ"
        },
        {
            "name": "repeating_npcaction_-PW2C2p8a1USoVk7gXA4_attack_damage",
            "current": "2d8",
            "max": "",
            "id": "-L4PzfyimCfBHZBp1XRZ"
        },
        {
            "name": "repeating_npcaction_-PW2C2p8a1USoVk7gXA4_damage_flag",
            "current": "{{damage=1}} {{dmg1flag=1}}",
            "max": "",
            "id": "-IiWJgIZsOfnDbRNT6mN"
        },
        {
            "name": "repeating_npcaction_-PW2C2p8a1USoVk7gXA4_rollbase",
            "current": "@{wtype}&{template:npcaction} {{attack=1}} @{damage_flag} @{npc_name_flag} {{rname=@{name}}} {{r1=[[@{d20}+(@{attack_tohit})]]}} @{rtype}+(@{attack_tohit})]]}} {{dmg1=[[@{attack_damage}]]}} {{dmg1type=@{attack_damagetype}}} {{dmg2=[[@{attack_damage2}+0]]}} {{dmg2type=@{attack_damagetype2}}} {{crit1=[[@{attack_crit}+0]]}} {{crit2=[[@{attack_crit2}+0]]}} {{description=@{show_desc}}} @{charname_output}",
            "max": "",
            "id": "-EGTmVT5lsK68LbcsqTi"
        },
        {
            "name": "repeating_npcaction_-PW2C2p8a1USoVk7gXA4_attack_crit",
            "current": "2d8",
            "max": "",
            "id": "-muLQbGYh2ynKFyoxVbY"
        },
        {
            "name": "repeating_npcaction_-PW2C2p8a1USoVk7gXA4_attack_crit2",
            "current": "",
            "max": "",
            "id": "-1JyrMZBCgJaUJCwT4Tj"
        },
        {
            "name": "repeating_npcaction_-oZzOQBNE8p30qOmaH3J_name",
            "current": "Невидимость",
            "max": "",
            "id": "-YZ5n8dFDOnTAomzZ9Hr"
        },
        {
            "name": "repeating_npcaction_-oZzOQBNE8p30qOmaH3J_description",
            "current": "Огонек и его свет магически становятся невидимыми, пока он не атакует, не использует Истребление жизни или пока не прервется его концентрация (как при концентрации на заклинании).",
            "max": "",
            "id": "-YdvC2FLZfGGrUhRWRlN"
        },
        {
            "name": "repeating_npcaction_-oZzOQBNE8p30qOmaH3J_attack_tohitrange",
            "current": "+0",
            "max": "",
            "id": "-X0kLylBQVuD7tcyVXeT"
        },
        {
            "name": "repeating_npcaction_-oZzOQBNE8p30qOmaH3J_attack_onhit",
            "current": "",
            "max": "",
            "id": "-yH4ta2oHy3t7QpkKbpE"
        },
        {
            "name": "repeating_npcaction_-oZzOQBNE8p30qOmaH3J_damage_flag",
            "current": "",
            "max": "",
            "id": "-zf81SFIIeLdi0aqHNEZ"
        },
        {
            "name": "repeating_npcaction_-oZzOQBNE8p30qOmaH3J_attack_crit",
            "current": "",
            "max": "",
            "id": "-F5qpYEUiryqbH5sGduO"
        },
        {
            "name": "repeating_npcaction_-oZzOQBNE8p30qOmaH3J_attack_crit2",
            "current": "",
            "max": "",
            "id": "-0PMa1g9XWq0Aydxbkc7"
        },
        {
            "name": "repeating_npcaction_-oZzOQBNE8p30qOmaH3J_rollbase",
            "current": "@{wtype}&{template:npcaction} @{npc_name_flag} {{rname=@{name}}} {{description=@{show_desc}}} @{charname_output}",
            "max": "",
            "id": "-udWJtIcM4S8ww7yaXOx"
        },
        {
            "name": "repeating_npctrait_-oOtaNdhcKL0jCfoeuOx_name",
            "current": "Истребление жизни",
            "max": "",
            "id": "-90NMJdLgQ0nrwqeOYNS"
        },
        {
            "name": "repeating_npctrait_-oOtaNdhcKL0jCfoeuOx_description",
            "current": "В качестве бонусного действия огонек может выбрать одно существо в пределах 1 клетки от себя у которого 0 очков здоровья, но которое все еще живо. Цель должна выполнить успешный спасбросок со сложностью 10 по Телосложению против этой магии, иначе она умрет. Если цель умирает, огонек восстанавливает 10 (3d6) очков здоровья.",
            "max": "",
            "id": "-ur9zFLooDlNBLlWYkFw"
        },
        {
            "name": "repeating_npctrait_-Omruk17SIvi8VADO4rC_name",
            "current": "Эфемерность",
            "max": "",
            "id": "-BMhlU4Nw4zeAvT3W8hI"
        },
        {
            "name": "repeating_npctrait_-Omruk17SIvi8VADO4rC_description",
            "current": "Огонек не может ничего надевать на себя или нести.",
            "max": "",
            "id": "-DGD3eT4iuFNsgOYlGVR"
        },
        {
            "name": "repeating_npctrait_-uKpGYnLgeu5E3qoEuOl_name",
            "current": "Бестелесное Перемещение",
            "max": "",
            "id": "-rQcIeRkpXrHuy2jCW2F"
        },
        {
            "name": "repeating_npctrait_-uKpGYnLgeu5E3qoEuOl_description",
            "current": "Огонек может проходить сквозь других существ и сквозь предметы как по труднопроходимой местности. Он получает 5 (1d10) урона силовым полем, если заканчивает свой ход внутри объекта.",
            "max": "",
            "id": "-fsujC85utwqDf2WAVKO"
        },
        {
            "name": "repeating_npctrait_-gzJdsnJxSC684jZkQrR_name",
            "current": "Изменчивое свечение",
            "max": "",
            "id": "-Snv1IJPrM6MUt7gjGfA"
        },
        {
            "name": "repeating_npctrait_-gzJdsnJxSC684jZkQrR_description",
            "current": "Огонек светит ярким светом в радиусе от 1 до 4 клеток и тусклым светом еще на столько же клеток. Огонек может изменять радиус бонусным действием.",
            "max": "",
            "id": "-CmvmWumrMMXRwnxkWJN"
        },
        {
            "name": "npcspellcastingflag",
            "current": "0",
            "max": "",
            "id": "-xViVx7YGqMMBydOCLZq"
        }
    ],
    "abilities": []
}