{
    "schema_version": 2,
    "oldId": "-4Ah2PMyhmppodZPjZhy",
    "name": "Бандит (Bandit)",
    "avatar": "https://tentaculus.ru/monsters/img/cute_monsters/BANDIT.jpg",
    "bio": "Разбойники рыщут бандами, возглавляемыми головорезами, ветеранами или заклинателями. Не все разбойники злы. Угнетения, засуха, болезни или голод могут подтолкнуть самых честных жителей на путь разбоя.",
    "gmnotes": "",
    "defaulttoken": "",
    "tags": "[]",
    "controlledby": "",
    "inplayerjournals": "",
    "attribs": [
        {
            "name": "hitdieroll",
            "current": "4",
            "max": "",
            "id": "-IuwcgIgBfBTdcaYAkMW"
        },
        {
            "name": "showleveler",
            "current": 0,
            "max": "",
            "id": "-cDc06GpIvzGDIFdlvtr"
        },
        {
            "name": "invalidXP",
            "current": 0,
            "max": "",
            "id": "-oiknXsKNGARUJms7hia"
        },
        {
            "name": "version",
            "current": 4.21,
            "max": "",
            "id": "-At4eWM9MHVx1Qo4Z6pJ"
        },
        {
            "name": "mancer_confirm_flag",
            "current": "",
            "max": "",
            "id": "-TiNuOxUT3P6BQln06fx"
        },
        {
            "name": "mancer_npc",
            "current": "on",
            "max": "",
            "id": "-4gv1yXjy9wzgZyAxxVG"
        },
        {
            "name": "l1mancer_status",
            "current": "completed",
            "max": "",
            "id": "-3O3XwWpb1VaZSExbzBn"
        },
        {
            "name": "rtype",
            "current": "@{advantagetoggle}",
            "max": "",
            "id": "-njNj7iU5XzeqAR5dCyr"
        },
        {
            "name": "dtype",
            "current": "full",
            "max": "",
            "id": "-PjuciwWEfvxJhGB4ffJ"
        },
        {
            "name": "appliedUpdates",
            "current": "upgrade_to_4_2_1",
            "max": "",
            "id": "-Gi48UO2Ent7qCxIVwVS"
        },
        {
            "name": "npc",
            "current": "1",
            "max": "",
            "id": "-rCSgWWH4tHBDfEXgElC"
        },
        {
            "name": "npc_options-flag",
            "current": "0",
            "max": "",
            "id": "-nVrMxQnFkQIXiUQkCSj"
        },
        {
            "name": "ui_flags",
            "current": "",
            "max": "",
            "id": "-M6dxYd7WzKELOIUivt8"
        },
        {
            "name": "npc_name",
            "current": "Бандит (Bandit)",
            "max": "",
            "id": "-RUbLcBwnfVw7C0g0C5M"
        },
        {
            "name": "npc_type",
            "current": "гуманоид (любая раса) любое не законное",
            "max": "",
            "id": "-NnqECpQPulQlrkKxaF8"
        },
        {
            "name": "npc_speed",
            "current": "6 клеток",
            "max": "",
            "id": "-S4SJJDbIpRoKDgbLd7T"
        },
        {
            "name": "hp",
            "current": "",
            "max": "11",
            "id": "-MKP1C3dsXbEnxa9I3kd"
        },
        {
            "name": "npc_ac",
            "current": "12 (кожаная броня)",
            "max": "",
            "id": "-YieSOW9dSLigKP9hEYo"
        },
        {
            "name": "ac",
            "current": "12 (кожаная броня)",
            "max": "",
            "id": "-2G0h5FYSgkJsHcTMpi6"
        },
        {
            "name": "npc_languages",
            "current": "один любой язык (обычно Общий)",
            "max": "",
            "id": "-nBWHqtgQFeTjGSYkQB7"
        },
        {
            "name": "npc_challenge",
            "current": "1/8",
            "max": "",
            "id": "-fqKSCdTk1sZR5zDrAoq"
        },
        {
            "name": "passive_wisdom",
            "current": "1/8",
            "max": "",
            "id": "-LKTGUhHVYVgIvIq7g6j"
        },
        {
            "name": "initiative_bonus",
            "current": 1,
            "max": "",
            "id": "-as2n5eGs7TG1zwJBTYm"
        },
        {
            "name": "npc_hpformula",
            "current": "2d8 + 2",
            "max": "",
            "id": "-9YX4AWqdXaHqNDt1YbP"
        },
        {
            "name": "strength_base",
            "current": "11",
            "max": "",
            "id": "-9mTNoM8kaYu1hqRmPvR"
        },
        {
            "name": "strength_flag",
            "current": "0",
            "max": "",
            "id": "-9lGAr2ANyau5MCHPlqE"
        },
        {
            "name": "strength",
            "current": 11,
            "max": "",
            "id": "-GlsW5MT5ZMDl2augoFH"
        },
        {
            "name": "strength_mod",
            "current": 0,
            "max": "",
            "id": "-lsQYJdF3dk7i8trRxG9"
        },
        {
            "name": "npc_str_negative",
            "current": 0,
            "max": "",
            "id": "-t9COcUwMlq8YutlDNVH"
        },
        {
            "name": "dexterity_base",
            "current": "12",
            "max": "",
            "id": "-Eyv6i5XX7Qwv8g4jW8O"
        },
        {
            "name": "dexterity_flag",
            "current": "0",
            "max": "",
            "id": "-YSnAlWtnKfvMZ0cQ3Qs"
        },
        {
            "name": "dexterity",
            "current": 12,
            "max": "",
            "id": "-rkFbJXMYi82ZVv68Z8C"
        },
        {
            "name": "dexterity_mod",
            "current": 1,
            "max": "",
            "id": "-IJyCz78vANH0BCqgzdE"
        },
        {
            "name": "npc_dex_negative",
            "current": 0,
            "max": "",
            "id": "-wDN9SXJ2p3yCAoyoVc0"
        },
        {
            "name": "constitution_base",
            "current": "12",
            "max": "",
            "id": "-jMF0y6KAPQpDF7pP53L"
        },
        {
            "name": "constitution_flag",
            "current": "0",
            "max": "",
            "id": "-tQRrplNMWnpDDdYYBeV"
        },
        {
            "name": "constitution",
            "current": 12,
            "max": "",
            "id": "-ldO9UbUbp4FzKYzkbX6"
        },
        {
            "name": "constitution_mod",
            "current": 1,
            "max": "",
            "id": "-pEpCH2juJMVD0Ch3dRY"
        },
        {
            "name": "npc_con_negative",
            "current": 0,
            "max": "",
            "id": "-njO6iegV9jPlmUiTx9h"
        },
        {
            "name": "intelligence_base",
            "current": "10",
            "max": "",
            "id": "-e1k38wFSb4Bi01pNRJb"
        },
        {
            "name": "intelligence_flag",
            "current": "0",
            "max": "",
            "id": "-OEYbpkvwPqnodPvcU84"
        },
        {
            "name": "intelligence",
            "current": 10,
            "max": "",
            "id": "-Ri3N0weKVaBPp9vXsUb"
        },
        {
            "name": "intelligence_mod",
            "current": 0,
            "max": "",
            "id": "-i8424ykRolgQzhaR9JT"
        },
        {
            "name": "npc_int_negative",
            "current": 0,
            "max": "",
            "id": "-bOx34EDVNmWbS5168nC"
        },
        {
            "name": "wisdom_base",
            "current": "10",
            "max": "",
            "id": "-cEYf70t7M14WCEMvxoM"
        },
        {
            "name": "wisdom_flag",
            "current": "0",
            "max": "",
            "id": "-CZjGmuGrRJGQPfVW73u"
        },
        {
            "name": "wisdom",
            "current": 10,
            "max": "",
            "id": "-0eMuceSllJliKeYAiKm"
        },
        {
            "name": "wisdom_mod",
            "current": 0,
            "max": "",
            "id": "-owAPpDrnkxjNI7cZJs3"
        },
        {
            "name": "npc_wis_negative",
            "current": 0,
            "max": "",
            "id": "-IHGgLwqrRvTiL16bjKo"
        },
        {
            "name": "charisma_base",
            "current": "10",
            "max": "",
            "id": "-ve8nXIqTdgz6vKEKUt3"
        },
        {
            "name": "charisma_flag",
            "current": "0",
            "max": "",
            "id": "-d7SpQTtdVS9wzudQKhL"
        },
        {
            "name": "charisma",
            "current": 10,
            "max": "",
            "id": "-rxEkZtqLkjp04R20xez"
        },
        {
            "name": "charisma_mod",
            "current": 0,
            "max": "",
            "id": "-9IWu0fy8HG5NmdJhFN7"
        },
        {
            "name": "npc_cha_negative",
            "current": 0,
            "max": "",
            "id": "-jS6QjADwoc3z3Dq0mPZ"
        },
        {
            "name": "repeating_npcaction_-ahdlPEm4js9HMbQqcas_name",
            "current": "Скимитар",
            "max": "",
            "id": "-K2ydT6sgtTtqgQkbe2x"
        },
        {
            "name": "repeating_npcaction_-ahdlPEm4js9HMbQqcas_description",
            "current": "Рукопашное Оружие: +3 к атаке, досягаемость: 1 клетка, одна цель. Попадание: 4 (1d6 + 1) рубящего урона.",
            "max": "",
            "id": "-24sQo4wqVI6H4w7T8MG"
        },
        {
            "name": "repeating_npcaction_-ahdlPEm4js9HMbQqcas_attack_flag",
            "current": "on",
            "max": "",
            "id": "-Q063SC95YXTQR6lzUqX"
        },
        {
            "name": "repeating_npcaction_-ahdlPEm4js9HMbQqcas_attack_tohitrange",
            "current": "+3",
            "max": "",
            "id": "-f3SNMfIBz4GOzCTS29P"
        },
        {
            "name": "repeating_npcaction_-ahdlPEm4js9HMbQqcas_attack_onhit",
            "current": "",
            "max": "",
            "id": "-xs2kjT9fum57j4fwIu6"
        },
        {
            "name": "repeating_npcaction_-ahdlPEm4js9HMbQqcas_attack_tohit",
            "current": "3",
            "max": "",
            "id": "-k2KSBmkv5zW8ooiNn0Z"
        },
        {
            "name": "repeating_npcaction_-ahdlPEm4js9HMbQqcas_attack_damage",
            "current": "1d6+1",
            "max": "",
            "id": "-rek5pOmnlJwlIfB4Esl"
        },
        {
            "name": "repeating_npcaction_-ahdlPEm4js9HMbQqcas_damage_flag",
            "current": "{{damage=1}} {{dmg1flag=1}}",
            "max": "",
            "id": "-UFZlWP6H3ZAKB421r0R"
        },
        {
            "name": "repeating_npcaction_-ahdlPEm4js9HMbQqcas_rollbase",
            "current": "@{wtype}&{template:npcaction} {{attack=1}} @{damage_flag} @{npc_name_flag} {{rname=@{name}}} {{r1=[[@{d20}+(@{attack_tohit})]]}} @{rtype}+(@{attack_tohit})]]}} {{dmg1=[[@{attack_damage}]]}} {{dmg1type=@{attack_damagetype}}} {{dmg2=[[@{attack_damage2}+0]]}} {{dmg2type=@{attack_damagetype2}}} {{crit1=[[@{attack_crit}+0]]}} {{crit2=[[@{attack_crit2}+0]]}} {{description=@{show_desc}}} @{charname_output}",
            "max": "",
            "id": "-Gb9WK3ACh8TOA6gyPz3"
        },
        {
            "name": "repeating_npcaction_-ahdlPEm4js9HMbQqcas_attack_crit",
            "current": "1d6+1",
            "max": "",
            "id": "-G3XZLP8spMVPCFI01wT"
        },
        {
            "name": "repeating_npcaction_-ahdlPEm4js9HMbQqcas_attack_crit2",
            "current": "",
            "max": "",
            "id": "-3xjZBdM3HYjvmDEBGVx"
        },
        {
            "name": "repeating_npcaction_-gPqs1plcP8PPggLj9Sx_name",
            "current": "Легкий Арбалет",
            "max": "",
            "id": "-pqd2qovYg4W6RmOlKD2"
        },
        {
            "name": "repeating_npcaction_-gPqs1plcP8PPggLj9Sx_description",
            "current": "Дальнобойное оружие: +3 к атаке, досягаемость 16 клеток/64 клеток, одна цель. Попадание: 5 (1d8 + 1) колющего урона.",
            "max": "",
            "id": "-Edfz0wAlbbR8BCV2gA0"
        },
        {
            "name": "repeating_npcaction_-gPqs1plcP8PPggLj9Sx_attack_flag",
            "current": "on",
            "max": "",
            "id": "-P6LMaRjKjzC6h6DCeYz"
        },
        {
            "name": "repeating_npcaction_-gPqs1plcP8PPggLj9Sx_attack_tohitrange",
            "current": "+3",
            "max": "",
            "id": "-Lvw6y3oQhYny6auw2O4"
        },
        {
            "name": "repeating_npcaction_-gPqs1plcP8PPggLj9Sx_attack_onhit",
            "current": "",
            "max": "",
            "id": "-ErVRMHS6634PltzO9uL"
        },
        {
            "name": "repeating_npcaction_-gPqs1plcP8PPggLj9Sx_attack_tohit",
            "current": "3",
            "max": "",
            "id": "-E9gFMSQsXC6HrjfNHNx"
        },
        {
            "name": "repeating_npcaction_-gPqs1plcP8PPggLj9Sx_attack_damage",
            "current": "1d8+1",
            "max": "",
            "id": "-aLHxEb6g8Ri8VdLvu5y"
        },
        {
            "name": "repeating_npcaction_-gPqs1plcP8PPggLj9Sx_damage_flag",
            "current": "{{damage=1}} {{dmg1flag=1}}",
            "max": "",
            "id": "-kZR9fDGbgCQAjZ32QE2"
        },
        {
            "name": "repeating_npcaction_-gPqs1plcP8PPggLj9Sx_rollbase",
            "current": "@{wtype}&{template:npcaction} {{attack=1}} @{damage_flag} @{npc_name_flag} {{rname=@{name}}} {{r1=[[@{d20}+(@{attack_tohit})]]}} @{rtype}+(@{attack_tohit})]]}} {{dmg1=[[@{attack_damage}]]}} {{dmg1type=@{attack_damagetype}}} {{dmg2=[[@{attack_damage2}+0]]}} {{dmg2type=@{attack_damagetype2}}} {{crit1=[[@{attack_crit}+0]]}} {{crit2=[[@{attack_crit2}+0]]}} {{description=@{show_desc}}} @{charname_output}",
            "max": "",
            "id": "-4wdVxqQORkF7ptkS8e8"
        },
        {
            "name": "repeating_npcaction_-gPqs1plcP8PPggLj9Sx_attack_crit",
            "current": "1d8+1",
            "max": "",
            "id": "-MRm67wGyfIjIL6whtiO"
        },
        {
            "name": "repeating_npcaction_-gPqs1plcP8PPggLj9Sx_attack_crit2",
            "current": "",
            "max": "",
            "id": "-IFWYZQR6FwJuCprZ5ON"
        }
    ],
    "abilities": []
}