{
    "schema_version": 2,
    "oldId": "-FBdmY7mioIdvTKWAbNP",
    "name": "Барлгура (Barlgura)",
    "avatar": "https://tentaculus.ru/monsters/img/cute_monsters/BARLGURA.jpg",
    "bio": "<p>Барлгура представляет дикость и жестокость Бездны. Барлгуры сбиваются в стаи, чтобы одолеть противника, который сильнее их, захватить ужасные трофеи и развесить их на своей территории.</p> <p>Барлгура выглядит как огромный орангутанг с ужасной, набрякшей мордой и клыками, торчащими из пасти. Ростом барлгура чуть менее 8 футов, у него широкие плечи и весит он 650 фунтов. Передвигается по земле как обезьяна, ловко и быстро лазает.</p>",
    "gmnotes": "",
    "defaulttoken": "",
    "tags": "[]",
    "controlledby": "",
    "inplayerjournals": "",
    "attribs": [
        {
            "name": "hitdieroll",
            "current": "4",
            "max": "",
            "id": "-pei7mKXaig8ZgOMRP0y"
        },
        {
            "name": "showleveler",
            "current": 0,
            "max": "",
            "id": "-l5S3DR2bWycN3BmH6fF"
        },
        {
            "name": "invalidXP",
            "current": 0,
            "max": "",
            "id": "-THikxPKNFUvehheFWYe"
        },
        {
            "name": "version",
            "current": 4.21,
            "max": "",
            "id": "-fjGWEgIWvRxnOE9pGwr"
        },
        {
            "name": "mancer_confirm_flag",
            "current": "",
            "max": "",
            "id": "-M5ggDetdo09DZ0E1VBw"
        },
        {
            "name": "mancer_npc",
            "current": "on",
            "max": "",
            "id": "-VWiBLhfXBAw9FfOFCAv"
        },
        {
            "name": "l1mancer_status",
            "current": "completed",
            "max": "",
            "id": "-2l1V7LGUZ7yU5SXdXZz"
        },
        {
            "name": "rtype",
            "current": "@{advantagetoggle}",
            "max": "",
            "id": "-X2nCiAxcSIGRmQsayXq"
        },
        {
            "name": "dtype",
            "current": "full",
            "max": "",
            "id": "-PjfPZ6KptzBYRgbShtm"
        },
        {
            "name": "appliedUpdates",
            "current": "upgrade_to_4_2_1",
            "max": "",
            "id": "-kIUqN3d9aS3Ewy3M985"
        },
        {
            "name": "npc",
            "current": "1",
            "max": "",
            "id": "-pwtPBJtizv2JTDKNQYe"
        },
        {
            "name": "npc_options-flag",
            "current": "0",
            "max": "",
            "id": "-yTEuvRFfqESPixt1i1s"
        },
        {
            "name": "ui_flags",
            "current": "",
            "max": "",
            "id": "-JAizK6kiLkFUBHcIVXz"
        },
        {
            "name": "npc_name",
            "current": "Барлгура (Barlgura)",
            "max": "",
            "id": "-RmPITB7ngIzW7h6AYY5"
        },
        {
            "name": "npc_type",
            "current": "исчадие (демон) хаотично-злое",
            "max": "",
            "id": "-ojfAqPEKGE5FMNjWZfi"
        },
        {
            "name": "npc_speed",
            "current": "6 клеток, лазание 6 клеток",
            "max": "",
            "id": "-DssSvYXB3pklik1ctKx"
        },
        {
            "name": "hp",
            "current": "",
            "max": "68",
            "id": "-w6btURrvIo5SO8cRWd6"
        },
        {
            "name": "npc_ac",
            "current": "15 (естественная броня)",
            "max": "",
            "id": "-cUWrpI2BidA4OrTcBNE"
        },
        {
            "name": "ac",
            "current": "15 (естественная броня)",
            "max": "",
            "id": "-MVv3SyM4wmBWgauiZ8R"
        },
        {
            "name": "npc_languages",
            "current": "Бездны, телепатия 24 клеток",
            "max": "",
            "id": "-FWY6002WTfCN6gdurwd"
        },
        {
            "name": "npc_challenge",
            "current": "5",
            "max": "",
            "id": "-8KkFkkE0S35ls3YkeEv"
        },
        {
            "name": "passive_wisdom",
            "current": "5",
            "max": "",
            "id": "-aOBtnUGn9Xhmv2Yc4D2"
        },
        {
            "name": "initiative_bonus",
            "current": 2,
            "max": "",
            "id": "-J5TeFar8pOSrneMC4SD"
        },
        {
            "name": "npc_hpformula",
            "current": "8d10 + 24",
            "max": "",
            "id": "-6hUGRugp2ZpmpJVZ89r"
        },
        {
            "name": "strength_base",
            "current": "18",
            "max": "",
            "id": "-n1jEfjck2LeRcuHCzIU"
        },
        {
            "name": "strength_flag",
            "current": "0",
            "max": "",
            "id": "-5d9g23U4tN3P39oowWN"
        },
        {
            "name": "strength",
            "current": 18,
            "max": "",
            "id": "-LoSSZJCkQNEZ9h9NM5G"
        },
        {
            "name": "strength_mod",
            "current": 4,
            "max": "",
            "id": "-afRbqqNPFAdVvx2bo3e"
        },
        {
            "name": "npc_str_negative",
            "current": 0,
            "max": "",
            "id": "-5sAIqu0MACieqp0Rlkc"
        },
        {
            "name": "dexterity_base",
            "current": "15",
            "max": "",
            "id": "-ejtBvscjFlpnnrKqC88"
        },
        {
            "name": "dexterity_flag",
            "current": "0",
            "max": "",
            "id": "-PVXAqZ2jZmAxw226qHg"
        },
        {
            "name": "dexterity",
            "current": 15,
            "max": "",
            "id": "-JqYIfSYLv3OodQxr4sG"
        },
        {
            "name": "dexterity_mod",
            "current": 2,
            "max": "",
            "id": "-iSIAhB09AG8X33VIpaS"
        },
        {
            "name": "npc_dex_negative",
            "current": 0,
            "max": "",
            "id": "-unXq30zmSLYoKLXahAy"
        },
        {
            "name": "constitution_base",
            "current": "16",
            "max": "",
            "id": "-4MlvST02iZvLGiOdDFk"
        },
        {
            "name": "constitution_flag",
            "current": "0",
            "max": "",
            "id": "-aGCjgGp0N0geJ3RyxWW"
        },
        {
            "name": "constitution",
            "current": 16,
            "max": "",
            "id": "-XhyMzvCINzAlmRznIJ4"
        },
        {
            "name": "constitution_mod",
            "current": 3,
            "max": "",
            "id": "-RUr09w1O0iVbJKLh1xY"
        },
        {
            "name": "npc_con_negative",
            "current": 0,
            "max": "",
            "id": "-JucWDyeXMrbw3L1PjfW"
        },
        {
            "name": "intelligence_base",
            "current": "7",
            "max": "",
            "id": "-E67qWufqvfYHwxhL0p2"
        },
        {
            "name": "intelligence_flag",
            "current": "0",
            "max": "",
            "id": "-EgxVcLeAF6Zr9jNTei4"
        },
        {
            "name": "intelligence",
            "current": 7,
            "max": "",
            "id": "-9UWUrBQJaXk420wcm64"
        },
        {
            "name": "intelligence_mod",
            "current": -2,
            "max": "",
            "id": "-MPpQHotnqExChF8F7hg"
        },
        {
            "name": "npc_int_negative",
            "current": 1,
            "max": "",
            "id": "-4GUBUoTOHWOgxzbqy9A"
        },
        {
            "name": "wisdom_base",
            "current": "14",
            "max": "",
            "id": "-9HKxlUHiSYGB1yqLu1g"
        },
        {
            "name": "wisdom_flag",
            "current": "0",
            "max": "",
            "id": "-PMAjIldtXtCmIRy0WRr"
        },
        {
            "name": "wisdom",
            "current": 14,
            "max": "",
            "id": "-TbxU3fA9tBZ43K2bKzb"
        },
        {
            "name": "wisdom_mod",
            "current": 2,
            "max": "",
            "id": "-guiYLhfSPon4WvK3tve"
        },
        {
            "name": "npc_wis_negative",
            "current": 0,
            "max": "",
            "id": "-ohqJjFkbpr7RbOM5d20"
        },
        {
            "name": "charisma_base",
            "current": "9",
            "max": "",
            "id": "-pmR8znuc21abmIS9ptz"
        },
        {
            "name": "charisma_flag",
            "current": "0",
            "max": "",
            "id": "-BslP7SG6HtGjbM4Qg4m"
        },
        {
            "name": "charisma",
            "current": 9,
            "max": "",
            "id": "-tQsSQoClJDcZILT6buv"
        },
        {
            "name": "charisma_mod",
            "current": -1,
            "max": "",
            "id": "-BCcTvp0uLda2EGpgwIs"
        },
        {
            "name": "npc_cha_negative",
            "current": 1,
            "max": "",
            "id": "-coOtdiRzRj8nJAZ98YW"
        },
        {
            "name": "npc_skills_flag",
            "current": 3,
            "max": "",
            "id": "-rsUDSYJKYIeibdoCRsj"
        },
        {
            "name": "npc_perception_base",
            "current": "5",
            "max": "",
            "id": "-B9XH13MbwVCrn5uPMAN"
        },
        {
            "name": "npc_perception_flag",
            "current": "1",
            "max": "",
            "id": "-pPcdYVryT3u1aWiIu2m"
        },
        {
            "name": "npc_perception",
            "current": 5,
            "max": "",
            "id": "-K9WLTlEcToNLHiqq7Fx"
        },
        {
            "name": "npc_stealth_base",
            "current": "5",
            "max": "",
            "id": "-UXPro6YoOxkOWUzuJ0m"
        },
        {
            "name": "npc_stealth_flag",
            "current": "1",
            "max": "",
            "id": "-X0SQVR4I0m2wvME68wy"
        },
        {
            "name": "npc_stealth",
            "current": 5,
            "max": "",
            "id": "-IH5GT4MnnPSLePwNF5a"
        },
        {
            "name": "npc_saving_flag",
            "current": 7,
            "max": "",
            "id": "-c3NpP7fJDq18hwkZIQm"
        },
        {
            "name": "npc_dex_save_base",
            "current": "5",
            "max": "",
            "id": "-uN5C47bxZQWPfFMzbZl"
        },
        {
            "name": "npc_dex_save_flag",
            "current": 1,
            "max": "",
            "id": "-I2kywupfWcGSWOZxQTK"
        },
        {
            "name": "npc_dex_save",
            "current": 5,
            "max": "",
            "id": "-6PCcj9UEjltiUsfvbSx"
        },
        {
            "name": "npc_con_save_base",
            "current": "6",
            "max": "",
            "id": "-U8eylJIhaaBMaIMFTs5"
        },
        {
            "name": "npc_con_save_flag",
            "current": 1,
            "max": "",
            "id": "-9H2CeP15pqfdryr3PQX"
        },
        {
            "name": "npc_con_save",
            "current": 6,
            "max": "",
            "id": "-Y0yb8FC9bHXwhJzgcbH"
        },
        {
            "name": "npc_resistances",
            "current": "холод, огонь, молния",
            "max": "",
            "id": "-Zoe0HvheLx8FX7xDcFU"
        },
        {
            "name": "npc_immunities",
            "current": "яд",
            "max": "",
            "id": "-MomBxtAot2zOY7AtvPd"
        },
        {
            "name": "npc_condition_immunities",
            "current": "отравление",
            "max": "",
            "id": "-6eDLDDvMICaRCdspoSF"
        },
        {
            "name": "npc_senses",
            "current": "слепозрение 6 клеток, темнозрение 24 клеток",
            "max": "",
            "id": "-COKH1hdCLywLBUmdju8"
        },
        {
            "name": "repeating_npcaction_-SyBlqmT4uCy9VWZflyI_name",
            "current": "Мультиатака",
            "max": "",
            "id": "-1vKnQP3mjiMh39cHXQL"
        },
        {
            "name": "repeating_npcaction_-SyBlqmT4uCy9VWZflyI_description",
            "current": "Барлгура проводит три атаки: одну Укусом и 2 Кулаками.",
            "max": "",
            "id": "-ey0zfQV82Rd2J1H31v9"
        },
        {
            "name": "repeating_npcaction_-SyBlqmT4uCy9VWZflyI_attack_tohitrange",
            "current": "+0",
            "max": "",
            "id": "-TPqkfVi4asoZhBMarDa"
        },
        {
            "name": "repeating_npcaction_-SyBlqmT4uCy9VWZflyI_attack_onhit",
            "current": "",
            "max": "",
            "id": "-OzxiKVxXQPQkvlrppQY"
        },
        {
            "name": "repeating_npcaction_-SyBlqmT4uCy9VWZflyI_damage_flag",
            "current": "",
            "max": "",
            "id": "-taEMzMAaPEwNPn7i6O6"
        },
        {
            "name": "repeating_npcaction_-SyBlqmT4uCy9VWZflyI_attack_crit",
            "current": "",
            "max": "",
            "id": "-QMiaTG9SHFWOoC9t6ny"
        },
        {
            "name": "repeating_npcaction_-SyBlqmT4uCy9VWZflyI_attack_crit2",
            "current": "",
            "max": "",
            "id": "-66zewvEMtk77KP9miXd"
        },
        {
            "name": "repeating_npcaction_-SyBlqmT4uCy9VWZflyI_rollbase",
            "current": "@{wtype}&{template:npcaction} @{npc_name_flag} {{rname=@{name}}} {{description=@{show_desc}}} @{charname_output}",
            "max": "",
            "id": "-PPaxBAn2JPgYOV8I8xx"
        },
        {
            "name": "repeating_npcaction_-FlyQlF7ocaleea819mZ_name",
            "current": "Укус",
            "max": "",
            "id": "-ZIng9sLW6iJ7b5SK5aP"
        },
        {
            "name": "repeating_npcaction_-FlyQlF7ocaleea819mZ_description",
            "current": "Рукопашное Оружие: +7 к атаке, досягаемость: 1 клетка, одна цель. Попадание: 11 (2d6 + 4) колющего урона.",
            "max": "",
            "id": "-4iaAbtCVjU6EKVotREO"
        },
        {
            "name": "repeating_npcaction_-FlyQlF7ocaleea819mZ_attack_flag",
            "current": "on",
            "max": "",
            "id": "-3a6Nxm1DV24KnAcJQh1"
        },
        {
            "name": "repeating_npcaction_-FlyQlF7ocaleea819mZ_attack_tohitrange",
            "current": "+7",
            "max": "",
            "id": "-61ECutWMrNPppmFNfbX"
        },
        {
            "name": "repeating_npcaction_-FlyQlF7ocaleea819mZ_attack_onhit",
            "current": "",
            "max": "",
            "id": "-C5lqpipDagsSHOHMlQ3"
        },
        {
            "name": "repeating_npcaction_-FlyQlF7ocaleea819mZ_attack_tohit",
            "current": "7",
            "max": "",
            "id": "-pHGXyt6UEj47v9zkzim"
        },
        {
            "name": "repeating_npcaction_-FlyQlF7ocaleea819mZ_attack_damage",
            "current": "2d6+4",
            "max": "",
            "id": "-MqxuAK6mXrUPD2chA0R"
        },
        {
            "name": "repeating_npcaction_-FlyQlF7ocaleea819mZ_damage_flag",
            "current": "{{damage=1}} {{dmg1flag=1}}",
            "max": "",
            "id": "-hqWMuiEOw7z29eCeTn3"
        },
        {
            "name": "repeating_npcaction_-FlyQlF7ocaleea819mZ_rollbase",
            "current": "@{wtype}&{template:npcaction} {{attack=1}} @{damage_flag} @{npc_name_flag} {{rname=@{name}}} {{r1=[[@{d20}+(@{attack_tohit})]]}} @{rtype}+(@{attack_tohit})]]}} {{dmg1=[[@{attack_damage}]]}} {{dmg1type=@{attack_damagetype}}} {{dmg2=[[@{attack_damage2}+0]]}} {{dmg2type=@{attack_damagetype2}}} {{crit1=[[@{attack_crit}+0]]}} {{crit2=[[@{attack_crit2}+0]]}} {{description=@{show_desc}}} @{charname_output}",
            "max": "",
            "id": "-Q7ZguqyS4q9HRlosDFI"
        },
        {
            "name": "repeating_npcaction_-FlyQlF7ocaleea819mZ_attack_crit",
            "current": "2d6+4",
            "max": "",
            "id": "-IQXalKCAfyFhDS0kP7v"
        },
        {
            "name": "repeating_npcaction_-FlyQlF7ocaleea819mZ_attack_crit2",
            "current": "",
            "max": "",
            "id": "-rYH0Ia5mHdzBMNj5uwG"
        },
        {
            "name": "repeating_npcaction_-ndApgEN2y75C1U3AksV_name",
            "current": "Кулак",
            "max": "",
            "id": "-vEYzR4GpaGHoQfmhTPa"
        },
        {
            "name": "repeating_npcaction_-ndApgEN2y75C1U3AksV_description",
            "current": "Рукопашное Оружие: +7 к атаке, досягаемость: 1 клетка, одна цель. Попадание: 9 (1d10 + 4) дробящего урона.",
            "max": "",
            "id": "-1tqg3J3BIEHBYgohiOM"
        },
        {
            "name": "repeating_npcaction_-ndApgEN2y75C1U3AksV_attack_flag",
            "current": "on",
            "max": "",
            "id": "-57mEPT7BaQIpjWK9Uij"
        },
        {
            "name": "repeating_npcaction_-ndApgEN2y75C1U3AksV_attack_tohitrange",
            "current": "+7",
            "max": "",
            "id": "-03xjDx06r6JsiAakgJH"
        },
        {
            "name": "repeating_npcaction_-ndApgEN2y75C1U3AksV_attack_onhit",
            "current": "",
            "max": "",
            "id": "-ugtRFSn1HD7rh7SmFsC"
        },
        {
            "name": "repeating_npcaction_-ndApgEN2y75C1U3AksV_attack_tohit",
            "current": "7",
            "max": "",
            "id": "-azv6GNu4sRiPQzELARE"
        },
        {
            "name": "repeating_npcaction_-ndApgEN2y75C1U3AksV_attack_damage",
            "current": "1d10+4",
            "max": "",
            "id": "-5htrxjhCammYBON8oEn"
        },
        {
            "name": "repeating_npcaction_-ndApgEN2y75C1U3AksV_damage_flag",
            "current": "{{damage=1}} {{dmg1flag=1}}",
            "max": "",
            "id": "-TtQ2vUQrLVENha00PkQ"
        },
        {
            "name": "repeating_npcaction_-ndApgEN2y75C1U3AksV_rollbase",
            "current": "@{wtype}&{template:npcaction} {{attack=1}} @{damage_flag} @{npc_name_flag} {{rname=@{name}}} {{r1=[[@{d20}+(@{attack_tohit})]]}} @{rtype}+(@{attack_tohit})]]}} {{dmg1=[[@{attack_damage}]]}} {{dmg1type=@{attack_damagetype}}} {{dmg2=[[@{attack_damage2}+0]]}} {{dmg2type=@{attack_damagetype2}}} {{crit1=[[@{attack_crit}+0]]}} {{crit2=[[@{attack_crit2}+0]]}} {{description=@{show_desc}}} @{charname_output}",
            "max": "",
            "id": "-sQ0pW9lxEenyQKqOCsC"
        },
        {
            "name": "repeating_npcaction_-ndApgEN2y75C1U3AksV_attack_crit",
            "current": "1d10+4",
            "max": "",
            "id": "-amuZHE9A2BQ42URltzr"
        },
        {
            "name": "repeating_npcaction_-ndApgEN2y75C1U3AksV_attack_crit2",
            "current": "",
            "max": "",
            "id": "-ek98yHCuSlXdOyluWBw"
        },
        {
            "name": "repeating_npcaction_-I5BMMzrQ5iUQJ8qd17B_name",
            "current": "Опционально: Призвать демона (раз в день)",
            "max": "",
            "id": "-ZmcpUPy9cBTnF4yuzzH"
        },
        {
            "name": "repeating_npcaction_-I5BMMzrQ5iUQJ8qd17B_description",
            "current": [
                "Демон выбирает существо из списка доступных и пытается его магически призвать.",
                "Барлгура с вероятностью 30 процентов может призвать еще одного Балгура.",
                "Призыванный демон появляется в незанятом пространстве в пределах 12 клеток от призывающего, действует как союзник призывающего, и не может призывать других демонов. Призванный существует 1 минуту, до своей смерти, или смерти призывающего, либо пока призывающий не отпустит его использовав для этого основное действие."
            ],
            "max": "",
            "id": "-0T78TDmGu66EqfiDOix"
        },
        {
            "name": "repeating_npcaction_-I5BMMzrQ5iUQJ8qd17B_attack_tohitrange",
            "current": "+0",
            "max": "",
            "id": "-sFunOuakMrHxPpdeZnM"
        },
        {
            "name": "repeating_npcaction_-I5BMMzrQ5iUQJ8qd17B_attack_onhit",
            "current": "",
            "max": "",
            "id": "-guM2ZHrrz2bMDUDYZvg"
        },
        {
            "name": "repeating_npcaction_-I5BMMzrQ5iUQJ8qd17B_damage_flag",
            "current": "",
            "max": "",
            "id": "-qUcXBkfMV95aXhPkx3B"
        },
        {
            "name": "repeating_npcaction_-I5BMMzrQ5iUQJ8qd17B_attack_crit",
            "current": "",
            "max": "",
            "id": "-4quzJbGCJpN7dAJVWxC"
        },
        {
            "name": "repeating_npcaction_-I5BMMzrQ5iUQJ8qd17B_attack_crit2",
            "current": "",
            "max": "",
            "id": "-pOC8MdZHWAixet7nFQZ"
        },
        {
            "name": "repeating_npcaction_-I5BMMzrQ5iUQJ8qd17B_rollbase",
            "current": "@{wtype}&{template:npcaction} @{npc_name_flag} {{rname=@{name}}} {{description=@{show_desc}}} @{charname_output}",
            "max": "",
            "id": "-M5FJ5HtxMXbsQYZRHMa"
        },
        {
            "name": "repeating_npctrait_-SKoVBuRwkaSLlDGBmle_name",
            "current": "Прирожденный Заклинатель",
            "max": "",
            "id": "-mBIRnedca6wxKynp1Lc"
        },
        {
            "name": "repeating_spell-1_-TSDhfk8QkMiBTPI1z75_spellname",
            "current": "ОПУТЫВАНИЕ",
            "max": "",
            "id": "-JeISUoAnbLK4O2HqEIa"
        },
        {
            "name": "repeating_spell-1_-TSDhfk8QkMiBTPI1z75_spellschool",
            "current": "conjuration",
            "max": "",
            "id": "-kvj4sQvPSWyY7QQUbeL"
        },
        {
            "name": "repeating_spell-1_-TSDhfk8QkMiBTPI1z75_spellcastingtime",
            "current": "1 действие",
            "max": "",
            "id": "-Vn7BDN2uU7q8DLLKfny"
        },
        {
            "name": "repeating_spell-1_-TSDhfk8QkMiBTPI1z75_spellrange",
            "current": "90 футов",
            "max": "",
            "id": "-gq0KFVOT9eEdMMVHaQ4"
        },
        {
            "name": "repeating_spell-1_-TSDhfk8QkMiBTPI1z75_spelltarget",
            "current": "",
            "max": "",
            "id": "-5HwAMujtuqgVDfBRj0C"
        },
        {
            "name": "repeating_spell-1_-TSDhfk8QkMiBTPI1z75_spellcomp_materials",
            "current": "",
            "max": "",
            "id": "-jkExayHDTNvvzuoNHjX"
        },
        {
            "name": "repeating_spell-1_-TSDhfk8QkMiBTPI1z75_spelldescription",
            "current": "Цепкие лозы и сорняки вырастают из земли в квадрате со стороной 20 футов вокруг указанной вами точки в пределах дальности заклинания. Пока оно действует, эти растения делают область труднопроходимой.   Существо в области действия заклинания должно сделать успешный спасбросок по Силе или будет обездвижено обвившими его растениями до конца заклинания. Опутанное существо может попытаться высвободиться, совершив в качестве действия проверку по Силе против вашего КС заклинаний. При успехе оно совобождается.   Когда заклинание заканчивается, призванные растения вянут.",
            "max": "",
            "id": "-iGBqkMmEfmoMiaivMRD"
        },
        {
            "name": "repeating_spell-1_-TSDhfk8QkMiBTPI1z75_spellduration",
            "current": "Конц-я, до 1 мин",
            "max": "",
            "id": "-AH0QYl3SF75Aenuh9WC"
        },
        {
            "name": "repeating_spell-1_-TSDhfk8QkMiBTPI1z75_spellcomp_v",
            "current": "{{v=1}}",
            "max": "",
            "id": "-oxX3AZID759KQaudugK"
        },
        {
            "name": "repeating_spell-1_-TSDhfk8QkMiBTPI1z75_spellcomp_s",
            "current": "{{s=1}}",
            "max": "",
            "id": "-N0iIQaVWdYP5x9PWcAY"
        },
        {
            "name": "repeating_spell-1_-TSDhfk8QkMiBTPI1z75_spellcomp_m",
            "current": "0",
            "max": "",
            "id": "-ilU8jJnArKfDOE0n6Nb"
        },
        {
            "name": "repeating_spell-1_-TSDhfk8QkMiBTPI1z75_spellsource",
            "current": "PHB",
            "max": "",
            "id": "-bBmMrRDV8rBrfRl9m3i"
        },
        {
            "name": "repeating_spell-1_-TSDhfk8QkMiBTPI1z75_details-flag",
            "current": "0",
            "max": "",
            "id": "-YAEzFwvoHAdSyveup2X"
        },
        {
            "name": "repeating_spell-1_-TSDhfk8QkMiBTPI1z75_options-flag",
            "current": "0",
            "max": "",
            "id": "-ng3RkuFaxxTDauQZ5yy"
        },
        {
            "name": "repeating_spell-2_-IbASTFHlA8Kaedr3fRY_spellname",
            "current": "ПРИЗРАЧНЫЙ ОБРАЗ",
            "max": "",
            "id": "-WUaN3obkL3SBD3s3uOd"
        },
        {
            "name": "repeating_spell-2_-IbASTFHlA8Kaedr3fRY_spellschool",
            "current": "illusion",
            "max": "",
            "id": "-xExAviJxqWFStPD37IW"
        },
        {
            "name": "repeating_spell-2_-IbASTFHlA8Kaedr3fRY_spellcastingtime",
            "current": "1 действие",
            "max": "",
            "id": "-AnsKpc8O5G1BHKohoHT"
        },
        {
            "name": "repeating_spell-2_-IbASTFHlA8Kaedr3fRY_spellrange",
            "current": "60 футов",
            "max": "",
            "id": "-XST9dCjAcOPhJenZ47k"
        },
        {
            "name": "repeating_spell-2_-IbASTFHlA8Kaedr3fRY_spelltarget",
            "current": "",
            "max": "",
            "id": "-sAgbPvw4bzmO2QErTDo"
        },
        {
            "name": "repeating_spell-2_-IbASTFHlA8Kaedr3fRY_spellcomp_materials",
            "current": "кусочек овечьей шерсти",
            "max": "",
            "id": "-X7iJUeUJJ1fNjZuAjIN"
        },
        {
            "name": "repeating_spell-2_-IbASTFHlA8Kaedr3fRY_spelldescription",
            "current": "Вы создаете иллюзию в разуме существа. Цель должна сделать спасбросок по интеллекту. В случае провала вы создаете призрачный объект, существо или другое видимое явление на ваш выбор, размером не превышающее куб со стороной 10 футов. Образ виден только цели и существует до тех пор, пока действует заклинание. Образ включает в себя звук, температуру и другие эффекты, которые воспринимает только цель. Цель может изучить образ, совершив в качестве действия проверку интеллекта (Анализ) против вашего КС заклинаний. Цель расценивает образ реальным. Она находит рациональное объяснение любым нелогичным событиям, которые происходят при взаимодействии с образом. Цель настолько убеждена в реальности образа, что может даже получить урон от него. Каждый раунд в ваш ход, образ может наносить 1d6 психического урона цели, если она находится в пределах 5 футов от него, и если иллюзия представляет собой существо или объект, который может наносить урон. Цель воспринимает урон в виде того типа, который подходит иллюзии.",
            "max": "",
            "id": "-kgZ9KolWAnBlkiX9wxs"
        },
        {
            "name": "repeating_spell-2_-IbASTFHlA8Kaedr3fRY_spellduration",
            "current": "конц-я, до 1 мин",
            "max": "",
            "id": "-hpGhWvNVErnCeYeHza4"
        },
        {
            "name": "repeating_spell-2_-IbASTFHlA8Kaedr3fRY_spellcomp_v",
            "current": "{{v=1}}",
            "max": "",
            "id": "-tLewSwLsvpmg0d1GIDt"
        },
        {
            "name": "repeating_spell-2_-IbASTFHlA8Kaedr3fRY_spellcomp_s",
            "current": "{{s=1}}",
            "max": "",
            "id": "-nC35Qog2CLjNy0ZlrPn"
        },
        {
            "name": "repeating_spell-2_-IbASTFHlA8Kaedr3fRY_spellcomp_m",
            "current": "0",
            "max": "",
            "id": "-UnBNQQYbbnKwAKa62Yy"
        },
        {
            "name": "repeating_spell-2_-IbASTFHlA8Kaedr3fRY_spellsource",
            "current": "PHB",
            "max": "",
            "id": "-oVotYBCUO9qybtAddOt"
        },
        {
            "name": "repeating_spell-2_-IbASTFHlA8Kaedr3fRY_details-flag",
            "current": "0",
            "max": "",
            "id": "-dmDdj2ZAxRcrJJ1XSLt"
        },
        {
            "name": "repeating_spell-2_-IbASTFHlA8Kaedr3fRY_options-flag",
            "current": "0",
            "max": "",
            "id": "-xLTEkp03OXQDu5cZXBa"
        },
        {
            "name": "repeating_spell-1_-8phwvcWXMhjkGzCvEbF_spellname",
            "current": "МАСКИРОВКА",
            "max": "",
            "id": "-J3XxWKS8VVAfBWDyCLM"
        },
        {
            "name": "repeating_spell-1_-8phwvcWXMhjkGzCvEbF_spellschool",
            "current": "illusion",
            "max": "",
            "id": "-U7gl222HWFPMjnGGChn"
        },
        {
            "name": "repeating_spell-1_-8phwvcWXMhjkGzCvEbF_spellcastingtime",
            "current": "1 действие",
            "max": "",
            "id": "-5MO6V3czphC3cnho1yw"
        },
        {
            "name": "repeating_spell-1_-8phwvcWXMhjkGzCvEbF_spellrange",
            "current": "Вы",
            "max": "",
            "id": "-YGQRqYuLKoQc1DAC1KA"
        },
        {
            "name": "repeating_spell-1_-8phwvcWXMhjkGzCvEbF_spelltarget",
            "current": "",
            "max": "",
            "id": "-yff8oGD167291dZjTF8"
        },
        {
            "name": "repeating_spell-1_-8phwvcWXMhjkGzCvEbF_spellcomp_materials",
            "current": "",
            "max": "",
            "id": "-xEtEdzQvDSARTqu2i2T"
        },
        {
            "name": "repeating_spell-1_-8phwvcWXMhjkGzCvEbF_spelldescription",
            "current": "Благодаря этому заклинанию ваша одежда, доспехи, оружие и другое одетое снаряжение выглядят иначе, пока оно действует. Вы можете казаться на 1 фут выше или ниже, или быть толще или стройнее. Вы не можете изменить тип своего тела, поэтому должны выбрать форму, которая имеет такое же расположение конечностей. В остальном вид иллюзии зависит от вас. изменения, созданные этим заклинанием, легко заметны при физическом обследовании. Например, если вы используете его, чтобы создать шляпу у себя на голове, то объекты будут проходить через неё: любой кто прикоснется к ней почувствует только вашу голову и волосы. Если вы используете его, чтобы казаться стройнее, чем вы на самом деле, то любой, кто близко подойдет к вам, столкнется с вашей невидимой частью.   Чтобы раскрыть маскировку, существо может обследовать вашу внешность в качестве действия и совершить успешную проверку интеллекта (Анализ) против вашего КС заклинаний.",
            "max": "",
            "id": "-GGAzKZjzb9FkW9RsrSs"
        },
        {
            "name": "repeating_spell-1_-8phwvcWXMhjkGzCvEbF_spellduration",
            "current": "1 час",
            "max": "",
            "id": "-4I4VsQ083iihU6CR6hN"
        },
        {
            "name": "repeating_spell-1_-8phwvcWXMhjkGzCvEbF_spellcomp_v",
            "current": "{{v=1}}",
            "max": "",
            "id": "-RbM9nizoikYDzR8ezZJ"
        },
        {
            "name": "repeating_spell-1_-8phwvcWXMhjkGzCvEbF_spellcomp_s",
            "current": "{{s=1}}",
            "max": "",
            "id": "-yaQ4JvUQD18sQ6OR3jD"
        },
        {
            "name": "repeating_spell-1_-8phwvcWXMhjkGzCvEbF_spellcomp_m",
            "current": "0",
            "max": "",
            "id": "-JXzIRlaDx1pR3BdymUb"
        },
        {
            "name": "repeating_spell-1_-8phwvcWXMhjkGzCvEbF_spellsource",
            "current": "PHB",
            "max": "",
            "id": "-jwHpaXIqvjFskXS0Zp9"
        },
        {
            "name": "repeating_spell-1_-8phwvcWXMhjkGzCvEbF_details-flag",
            "current": "0",
            "max": "",
            "id": "-tZh0ymHjePxsCqrut6e"
        },
        {
            "name": "repeating_spell-1_-8phwvcWXMhjkGzCvEbF_options-flag",
            "current": "0",
            "max": "",
            "id": "-FQofGjqv2a9edCgy48Z"
        },
        {
            "name": "repeating_spell-2_-5JTifPT5wTxIUtPK2td_spellname",
            "current": "НЕВИДИМОСТЬ",
            "max": "",
            "id": "-dtIgbz5OJwNB5FzQHGb"
        },
        {
            "name": "repeating_spell-2_-5JTifPT5wTxIUtPK2td_spellschool",
            "current": "illusion",
            "max": "",
            "id": "-yCKujZxQpKVGpursYXt"
        },
        {
            "name": "repeating_spell-2_-5JTifPT5wTxIUtPK2td_spellcastingtime",
            "current": "1 действие",
            "max": "",
            "id": "-S8oyQh9gsj1W511R6yx"
        },
        {
            "name": "repeating_spell-2_-5JTifPT5wTxIUtPK2td_spellrange",
            "current": "Касание",
            "max": "",
            "id": "-EBxru3CBghkNyHfx3Ym"
        },
        {
            "name": "repeating_spell-2_-5JTifPT5wTxIUtPK2td_spelltarget",
            "current": "",
            "max": "",
            "id": "-eN8REepSz6FKmKsfVjg"
        },
        {
            "name": "repeating_spell-2_-5JTifPT5wTxIUtPK2td_spellcomp_materials",
            "current": "ресница, покрытая гуммиарабиком",
            "max": "",
            "id": "-D5nVgOdqcnE1BgDJ7l6"
        },
        {
            "name": "repeating_spell-2_-5JTifPT5wTxIUtPK2td_spelldescription",
            "current": "Существо, которого вы коснулись, становится невидимым на время действия заклинания. Все снаряжение персонажа также становится невидимым до тех пор, пока оно на нем. Заклинание заканчивается, если цель атакует или произносит заклинание.   На более высоких уровнях. Если вы произносите заклинание, используя ячейку 3 круга или выше, вы можете использовать его на одну дополнительную цель за каждый круг выше второго.",
            "max": "",
            "id": "-mbIAqLPm1Hh8oNTU3Xq"
        },
        {
            "name": "repeating_spell-2_-5JTifPT5wTxIUtPK2td_spellduration",
            "current": "конц-я, до 1 часа",
            "max": "",
            "id": "-ZsKjA0QnDmKQqVTPhLA"
        },
        {
            "name": "repeating_spell-2_-5JTifPT5wTxIUtPK2td_spellcomp_v",
            "current": "{{v=1}}",
            "max": "",
            "id": "-tHSD4S2vp4WJtFTXO1t"
        },
        {
            "name": "repeating_spell-2_-5JTifPT5wTxIUtPK2td_spellcomp_s",
            "current": "{{s=1}}",
            "max": "",
            "id": "-GwRbuuZ7ryBgPGD1N43"
        },
        {
            "name": "repeating_spell-2_-5JTifPT5wTxIUtPK2td_spellcomp_m",
            "current": "{{m=1}}",
            "max": "",
            "id": "-Wx9RamWGfyTb9gpyVjY"
        },
        {
            "name": "repeating_spell-2_-5JTifPT5wTxIUtPK2td_spellsource",
            "current": "PHB",
            "max": "",
            "id": "-xFDU2ixkYL735J4kSFy"
        },
        {
            "name": "repeating_spell-2_-5JTifPT5wTxIUtPK2td_details-flag",
            "current": "0",
            "max": "",
            "id": "-k3XkdN8CuNmWDuhSOzR"
        },
        {
            "name": "repeating_spell-2_-5JTifPT5wTxIUtPK2td_options-flag",
            "current": "0",
            "max": "",
            "id": "-RlS8qZcBoApjoSjxjkY"
        },
        {
            "name": "repeating_npctrait_-SKoVBuRwkaSLlDGBmle_description",
            "current": "Магическая характеристика Барлгура - Мудрость (сложность спасброска 13). Барлгура может врожденно колдовать следующие заклинания, без использования материальных компонентов: \n\n1 раз в день каждое:\n entangle опутывание [entangle]: \n,\n phantasmal_force призрачный образ [phantasmal force]: \n\n\n2 раза в день каждое:\n disguise_self маскировка [disguise self]: \n,\n invisibility) \ninvisibilityневидимость [invisibility]: \n (только на себя): \n\n\n",
            "max": "",
            "id": "-ykaZu7VNFQLSlwXDkld"
        },
        {
            "name": "repeating_npctrait_-oGXo4PjjNEQJNVXfPnF_name",
            "current": "Безрассудство",
            "max": "",
            "id": "-kA63jYstQAZ7lzxLhlh"
        },
        {
            "name": "repeating_npctrait_-oGXo4PjjNEQJNVXfPnF_description",
            "current": "В начале своего хода Барлгура может получить Преимущество на все броски атаки рукопашным оружием, но при этом броски атаки против него также имеют Преимущество до начала его следующего хода.",
            "max": "",
            "id": "-6oBWn5cKS3nnDyOQEqv"
        },
        {
            "name": "repeating_npctrait_-FdnbfIxOWnJF0iYmCCx_name",
            "current": "Бег прыжками",
            "max": "",
            "id": "-3xZls1dUidKdVFodDL7"
        },
        {
            "name": "repeating_npctrait_-FdnbfIxOWnJF0iYmCCx_description",
            "current": "Барлгура прыгает в длину до 8 клеток и в высоту до 4 клеток когда начинает бежать",
            "max": "",
            "id": "-Kq0kzqvnKsloUN5z5WF"
        },
        {
            "name": "npcspellcastingflag",
            "current": "1",
            "max": "",
            "id": "-cdFTH726OWlQxueXUHK"
        }
    ],
    "abilities": []
}