{
    "schema_version": 2,
    "oldId": "-erPCL8n3ykWGCX3ncgP",
    "name": "Бурый Медведь (Brown Bear)",
    "avatar": "https://tentaculus.ru/monsters/img/cute_monsters/BROWN_BEAR.jpg",
    "bio": "",
    "gmnotes": "",
    "defaulttoken": "",
    "tags": "[]",
    "controlledby": "",
    "inplayerjournals": "",
    "attribs": [
        {
            "name": "hitdieroll",
            "current": "4",
            "max": "",
            "id": "-W6lXx7NyPYNx4xSCGXN"
        },
        {
            "name": "showleveler",
            "current": 0,
            "max": "",
            "id": "-f3dQtMjPoVyl567z8aS"
        },
        {
            "name": "invalidXP",
            "current": 0,
            "max": "",
            "id": "-kDFPCHNxUfA5bGjCfk5"
        },
        {
            "name": "version",
            "current": 4.21,
            "max": "",
            "id": "-Q7uglGOxbtGCPy6mCRT"
        },
        {
            "name": "mancer_confirm_flag",
            "current": "",
            "max": "",
            "id": "-Ici0edBpMh4ilnKoEUz"
        },
        {
            "name": "mancer_npc",
            "current": "on",
            "max": "",
            "id": "-pt1M1SaeGRKp3bFSPKZ"
        },
        {
            "name": "l1mancer_status",
            "current": "completed",
            "max": "",
            "id": "-PTl3Wue4OJPyo4EgG6S"
        },
        {
            "name": "rtype",
            "current": "@{advantagetoggle}",
            "max": "",
            "id": "-3LT2N7OVc1uLP8W4cMk"
        },
        {
            "name": "dtype",
            "current": "full",
            "max": "",
            "id": "-g5SMC2uMWKhM4bfIMbh"
        },
        {
            "name": "appliedUpdates",
            "current": "upgrade_to_4_2_1",
            "max": "",
            "id": "-OHvxD6knvX5jPLWaT7f"
        },
        {
            "name": "npc",
            "current": "1",
            "max": "",
            "id": "-x0QlFqRKmr389g4frgN"
        },
        {
            "name": "npc_options-flag",
            "current": "0",
            "max": "",
            "id": "-3LTS5sGGYkdi5wyepB0"
        },
        {
            "name": "ui_flags",
            "current": "",
            "max": "",
            "id": "-PtckHY1zh3EGFfgUdNX"
        },
        {
            "name": "npc_name",
            "current": "Бурый Медведь (Brown Bear)",
            "max": "",
            "id": "-28293UW2Xwa1kRRyOr3"
        },
        {
            "name": "npc_type",
            "current": "зверь без мировоззрения",
            "max": "",
            "id": "-SMsiKOUM5Ml2rKpJcWF"
        },
        {
            "name": "npc_speed",
            "current": "40 футов, карабкаясь 30 футов",
            "max": "",
            "id": "-Bc6Qruc4rhOHJGDEPnG"
        },
        {
            "name": "hp",
            "current": "",
            "max": "34",
            "id": "-2amTeoPYxDBPEsUz92Q"
        },
        {
            "name": "npc_ac",
            "current": "11 (естественная броня)",
            "max": "",
            "id": "-loBoCdJBSm38lhY9Uod"
        },
        {
            "name": "ac",
            "current": "11 (естественная броня)",
            "max": "",
            "id": "-tO5VVEvxuZkGTSaUc1x"
        },
        {
            "name": "npc_languages",
            "current": "",
            "max": "",
            "id": "-qvh7sOyrzisBBWxFLhX"
        },
        {
            "name": "npc_challenge",
            "current": "1",
            "max": "",
            "id": "-OGSq1E3tMG3dFhEBHvh"
        },
        {
            "name": "passive_wisdom",
            "current": "1",
            "max": "",
            "id": "-XroVVqFLJmj9PGegJgo"
        },
        {
            "name": "initiative_bonus",
            "current": 0,
            "max": "",
            "id": "-w7rELiJiTciww5lRadx"
        },
        {
            "name": "npc_hpformula",
            "current": "4d10 + 12",
            "max": "",
            "id": "-jOe37UlF6GzSerEnb09"
        },
        {
            "name": "strength_base",
            "current": "19",
            "max": "",
            "id": "-PwtZ6WZZq2mXVMcmxwC"
        },
        {
            "name": "strength_flag",
            "current": "0",
            "max": "",
            "id": "-Ud6GVd2zxhnKCQ5Cdi1"
        },
        {
            "name": "strength",
            "current": 19,
            "max": "",
            "id": "-gjuOxur0s7rQG3mDZoU"
        },
        {
            "name": "strength_mod",
            "current": 4,
            "max": "",
            "id": "-mCPr0tviamncTTOt2v2"
        },
        {
            "name": "npc_str_negative",
            "current": 0,
            "max": "",
            "id": "-rNOMvcVOMW42qtrNTjp"
        },
        {
            "name": "dexterity_base",
            "current": "10",
            "max": "",
            "id": "-3sWIj8J1n5ScyuKuRDG"
        },
        {
            "name": "dexterity_flag",
            "current": "0",
            "max": "",
            "id": "-4YsDPhEKE81D5Bmfldj"
        },
        {
            "name": "dexterity",
            "current": 10,
            "max": "",
            "id": "-po6OEScChZsFbS4jQhn"
        },
        {
            "name": "dexterity_mod",
            "current": 0,
            "max": "",
            "id": "-opsmrvEu2lFgWoL1SWR"
        },
        {
            "name": "npc_dex_negative",
            "current": 0,
            "max": "",
            "id": "-cEpQO8qcNcww3mW5hxq"
        },
        {
            "name": "constitution_base",
            "current": "16",
            "max": "",
            "id": "-NZD57W44uMoEI0dfTl8"
        },
        {
            "name": "constitution_flag",
            "current": "0",
            "max": "",
            "id": "-p5538pLZYEnLOPf5I2r"
        },
        {
            "name": "constitution",
            "current": 16,
            "max": "",
            "id": "-mIVQd3HDMiAjwO3KtfY"
        },
        {
            "name": "constitution_mod",
            "current": 3,
            "max": "",
            "id": "-Bm9qsTJmxlH3ZSZgtqC"
        },
        {
            "name": "npc_con_negative",
            "current": 0,
            "max": "",
            "id": "-EhrrKnP7I0SCt5i3jAh"
        },
        {
            "name": "intelligence_base",
            "current": "2",
            "max": "",
            "id": "-0pHqMXRbClmuN5gEbr6"
        },
        {
            "name": "intelligence_flag",
            "current": "0",
            "max": "",
            "id": "-ehDh3QGPDhHItdLG7vl"
        },
        {
            "name": "intelligence",
            "current": 2,
            "max": "",
            "id": "-rHwhABySkbD3fSkhAVp"
        },
        {
            "name": "intelligence_mod",
            "current": -4,
            "max": "",
            "id": "-5K36KFhXMXOueW1S7Ua"
        },
        {
            "name": "npc_int_negative",
            "current": 1,
            "max": "",
            "id": "-nFklLaCJxW4ouWQMrOo"
        },
        {
            "name": "wisdom_base",
            "current": "13",
            "max": "",
            "id": "-W3yThePy09kWOUteBD8"
        },
        {
            "name": "wisdom_flag",
            "current": "0",
            "max": "",
            "id": "-iNtBi0Slpsq90ifO9i9"
        },
        {
            "name": "wisdom",
            "current": 13,
            "max": "",
            "id": "-RbltDqzpGWW4pFWpKKM"
        },
        {
            "name": "wisdom_mod",
            "current": 1,
            "max": "",
            "id": "-ll3fStGNpwR7PZUZGlu"
        },
        {
            "name": "npc_wis_negative",
            "current": 0,
            "max": "",
            "id": "-EsKTR8rvF0EgNMvFHJT"
        },
        {
            "name": "charisma_base",
            "current": "7",
            "max": "",
            "id": "-SIxbK0oQf83xzwbTTYI"
        },
        {
            "name": "charisma_flag",
            "current": "0",
            "max": "",
            "id": "-cMkzgYZeccVSI6iUMyQ"
        },
        {
            "name": "charisma",
            "current": 7,
            "max": "",
            "id": "-qsonzxyyVQTfLtb6nxl"
        },
        {
            "name": "charisma_mod",
            "current": -2,
            "max": "",
            "id": "-gUOarJcxOlGbNbr3xv2"
        },
        {
            "name": "npc_cha_negative",
            "current": 1,
            "max": "",
            "id": "-eVqR2lCy41avz4rDFj8"
        },
        {
            "name": "npc_skills_flag",
            "current": 3,
            "max": "",
            "id": "-w0r55zO5EBbk3pShdNg"
        },
        {
            "name": "npc_perception_base",
            "current": "3",
            "max": "",
            "id": "-dd6BMNy3Mof1QA3DW7a"
        },
        {
            "name": "npc_perception_flag",
            "current": "1",
            "max": "",
            "id": "-zJQoZYJ3LmOdtpPrzcp"
        },
        {
            "name": "npc_perception",
            "current": 3,
            "max": "",
            "id": "-l0Pt1prvQ6nqGpOmbjl"
        },
        {
            "name": "repeating_npcaction_-6gFhfJO1urUOYRMXpvn_name",
            "current": "Мультиатака",
            "max": "",
            "id": "-jC6fgmpkuCWdRnoYURd"
        },
        {
            "name": "repeating_npcaction_-6gFhfJO1urUOYRMXpvn_description",
            "current": "Медведь делает две атаки: один укус и одну при помощи когтей.",
            "max": "",
            "id": "-FDz7QPW6MMZ3Lwxij1x"
        },
        {
            "name": "repeating_npcaction_-6gFhfJO1urUOYRMXpvn_attack_tohitrange",
            "current": "+0",
            "max": "",
            "id": "-rQBnUJvPKnnZ410qhyw"
        },
        {
            "name": "repeating_npcaction_-6gFhfJO1urUOYRMXpvn_attack_onhit",
            "current": "",
            "max": "",
            "id": "-C7bBbKxJOrF5KP12iZi"
        },
        {
            "name": "repeating_npcaction_-6gFhfJO1urUOYRMXpvn_damage_flag",
            "current": "",
            "max": "",
            "id": "-jYZPjXAFaXsTp7q7M5Y"
        },
        {
            "name": "repeating_npcaction_-6gFhfJO1urUOYRMXpvn_attack_crit",
            "current": "",
            "max": "",
            "id": "-yveWfL9RLmaPqqrwRN4"
        },
        {
            "name": "repeating_npcaction_-6gFhfJO1urUOYRMXpvn_attack_crit2",
            "current": "",
            "max": "",
            "id": "-W1bQ6qEI16ESe3Evc5Z"
        },
        {
            "name": "repeating_npcaction_-6gFhfJO1urUOYRMXpvn_rollbase",
            "current": "@{wtype}&{template:npcaction} @{npc_name_flag} {{rname=@{name}}} {{description=@{show_desc}}} @{charname_output}",
            "max": "",
            "id": "-UXhzkDy0d619HYanZbm"
        },
        {
            "name": "repeating_npcaction_-jPCpJGKcaS2F4TDSjRZ_name",
            "current": "Укус",
            "max": "",
            "id": "-ynrvGZ9YC80hy8ekhD6"
        },
        {
            "name": "repeating_npcaction_-jPCpJGKcaS2F4TDSjRZ_description",
            "current": "Атака ближнего боя: +5 на попадание, дальность 5 футов, одна цель. Попадание: 8 (1d8 + 4) проникающего урона.",
            "max": "",
            "id": "-Cob6MgP10tTYd7KVJoO"
        },
        {
            "name": "repeating_npcaction_-jPCpJGKcaS2F4TDSjRZ_attack_flag",
            "current": "on",
            "max": "",
            "id": "-K2GXHAybFBv5tmcH3cV"
        },
        {
            "name": "repeating_npcaction_-jPCpJGKcaS2F4TDSjRZ_attack_tohitrange",
            "current": "+5",
            "max": "",
            "id": "-umrLRyXQmpCx9owkkBY"
        },
        {
            "name": "repeating_npcaction_-jPCpJGKcaS2F4TDSjRZ_attack_onhit",
            "current": "",
            "max": "",
            "id": "-wdDfjolSWkwW1Kj7b8A"
        },
        {
            "name": "repeating_npcaction_-jPCpJGKcaS2F4TDSjRZ_attack_tohit",
            "current": "5",
            "max": "",
            "id": "-cpoRBhZRligPDj2rlhS"
        },
        {
            "name": "repeating_npcaction_-jPCpJGKcaS2F4TDSjRZ_attack_damage",
            "current": "1d8+4",
            "max": "",
            "id": "-jYHXecUsILbcTLsrT87"
        },
        {
            "name": "repeating_npcaction_-jPCpJGKcaS2F4TDSjRZ_damage_flag",
            "current": "{{damage=1}} {{dmg1flag=1}}",
            "max": "",
            "id": "-b3dox5ajAkmMNJYS6PI"
        },
        {
            "name": "repeating_npcaction_-jPCpJGKcaS2F4TDSjRZ_rollbase",
            "current": "@{wtype}&{template:npcaction} {{attack=1}} @{damage_flag} @{npc_name_flag} {{rname=@{name}}} {{r1=[[@{d20}+(@{attack_tohit})]]}} @{rtype}+(@{attack_tohit})]]}} {{dmg1=[[@{attack_damage}]]}} {{dmg1type=@{attack_damagetype}}} {{dmg2=[[@{attack_damage2}+0]]}} {{dmg2type=@{attack_damagetype2}}} {{crit1=[[@{attack_crit}+0]]}} {{crit2=[[@{attack_crit2}+0]]}} {{description=@{show_desc}}} @{charname_output}",
            "max": "",
            "id": "-TuCJ8g67nCtNU6Uuc1Q"
        },
        {
            "name": "repeating_npcaction_-jPCpJGKcaS2F4TDSjRZ_attack_crit",
            "current": "1d8+4",
            "max": "",
            "id": "-FW0f5RzlNsoWmffVvpM"
        },
        {
            "name": "repeating_npcaction_-jPCpJGKcaS2F4TDSjRZ_attack_crit2",
            "current": "",
            "max": "",
            "id": "-w3Z6bviBHYgP8XEgbbp"
        },
        {
            "name": "repeating_npcaction_-gIVL9sem4ft6zVRYl6u_name",
            "current": "Когти",
            "max": "",
            "id": "-7l6rpmevbpaRTeSCosk"
        },
        {
            "name": "repeating_npcaction_-gIVL9sem4ft6zVRYl6u_description",
            "current": "Атака ближнего боя: +5 на попадание, дальность 5 футов, одна цель. Попадание: 11 (2d6 + 4) рубящего урона.",
            "max": "",
            "id": "-1rHgtOhagtbYE64GbrL"
        },
        {
            "name": "repeating_npcaction_-gIVL9sem4ft6zVRYl6u_attack_flag",
            "current": "on",
            "max": "",
            "id": "-O2TTxjHTp6HAVmUSMhq"
        },
        {
            "name": "repeating_npcaction_-gIVL9sem4ft6zVRYl6u_attack_tohitrange",
            "current": "+5",
            "max": "",
            "id": "-xMkLy13EpPZswQcfWl8"
        },
        {
            "name": "repeating_npcaction_-gIVL9sem4ft6zVRYl6u_attack_onhit",
            "current": "",
            "max": "",
            "id": "-KopRTsZqFyp0SrehGWz"
        },
        {
            "name": "repeating_npcaction_-gIVL9sem4ft6zVRYl6u_attack_tohit",
            "current": "5",
            "max": "",
            "id": "-cWjOKw3CQoVUDOXVPdk"
        },
        {
            "name": "repeating_npcaction_-gIVL9sem4ft6zVRYl6u_attack_damage",
            "current": "2d6+4",
            "max": "",
            "id": "-tu1m3UE0NXj3Ispp6vU"
        },
        {
            "name": "repeating_npcaction_-gIVL9sem4ft6zVRYl6u_damage_flag",
            "current": "{{damage=1}} {{dmg1flag=1}}",
            "max": "",
            "id": "-jXUu5n6mzSN0Efo6KNc"
        },
        {
            "name": "repeating_npcaction_-gIVL9sem4ft6zVRYl6u_rollbase",
            "current": "@{wtype}&{template:npcaction} {{attack=1}} @{damage_flag} @{npc_name_flag} {{rname=@{name}}} {{r1=[[@{d20}+(@{attack_tohit})]]}} @{rtype}+(@{attack_tohit})]]}} {{dmg1=[[@{attack_damage}]]}} {{dmg1type=@{attack_damagetype}}} {{dmg2=[[@{attack_damage2}+0]]}} {{dmg2type=@{attack_damagetype2}}} {{crit1=[[@{attack_crit}+0]]}} {{crit2=[[@{attack_crit2}+0]]}} {{description=@{show_desc}}} @{charname_output}",
            "max": "",
            "id": "-B4xSsOuqKWgG7V1gQij"
        },
        {
            "name": "repeating_npcaction_-gIVL9sem4ft6zVRYl6u_attack_crit",
            "current": "2d6+4",
            "max": "",
            "id": "-PeCkGKwtgG8aWMwgbH1"
        },
        {
            "name": "repeating_npcaction_-gIVL9sem4ft6zVRYl6u_attack_crit2",
            "current": "",
            "max": "",
            "id": "-m823F1xuQKN7iwx8jve"
        },
        {
            "name": "repeating_npctrait_-Pg0VFkhvmWRXEyqrRy3_name",
            "current": "Острый нюх",
            "max": "",
            "id": "-ni7tnq5RLrF2SVzfK91"
        },
        {
            "name": "repeating_npctrait_-Pg0VFkhvmWRXEyqrRy3_description",
            "current": "Медведь имеет преимущество на проверках Мудрости (Внимательность) когда полагается на нюх.",
            "max": "",
            "id": "-wRMQbSWdpTWrs47GFWi"
        },
        {
            "name": "npcspellcastingflag",
            "current": "0",
            "max": "",
            "id": "-WmrnkNCiXI4zamq0gWp"
        }
    ],
    "abilities": []
}